seqnames	start	end	width	num_sites	cov	delta_beta	delta_beta_abs	intended_delta_beta	intended_delta_beta_abs	direction	case_group	genome	background_corr_target	expected_correlation	corr_target	corr_sd_used	corr_metric_estimate	neighbor_window
chr21	28976397	28980664	4268	92	23.4548913043478	-0.249062159358511	0.249062159358511	-0.258527520797288	0.258527520797288	hypo	case		0.241981954600202	0.66	0.66	1.2	0.660966753580126	5
chr20	50921470	50924358	2889	74	23.2560810810811	0.174697658786878	0.174697658786878	0.171393826671858	0.171393826671858	hyper	case		0.565577152475695	0.66	0.66	1.2	0.660966753580126	5
chr21	30466330	30469728	3399	50	19.337	-0.176031086615595	0.176031086615595	-0.208543666173464	0.208543666173464	hypo	case		0.341382940274765	0.66	0.66	1.2	0.660966753580126	5
chr21	15410852	15414793	3942	52	22.3394230769231	-0.193754151103828	0.193754151103828	-0.226374327879207	0.226374327879207	hypo	case		0.428787311656133	0.66	0.66	1.2	0.660966753580126	5
chr20	7131131	7133380	2250	50	21.421	0.14582210273213	0.14582210273213	0.172152399193575	0.172152399193575	hyper	case		0.155222877308383	0.66	0.66	1.2	0.660966753580126	5
chr20	12356771	12361043	4273	62	22.2790322580645	-0.173565871207079	0.173565871207079	-0.171177632792043	0.171177632792043	hypo	case		0.378905769989697	0.66	0.66	1.2	0.660966753580126	5
chr20	7847486	7851380	3895	70	22.9914285714286	-0.164602953633059	0.164602953633059	-0.188236042313829	0.188236042313829	hypo	case		0.203736377534655	0.66	0.66	1.2	0.660966753580126	5
chr20	23230667	23234961	4295	119	22.3302521008403	0.113958346936825	0.113958346936825	0.127871451120456	0.127871451120456	hyper	case		0.342836664255068	0.66	0.66	1.2	0.660966753580126	5
chr21	25697627	25699718	2092	74	24.4695945945946	-0.209828904561756	0.209828904561756	-0.207197150244135	0.207197150244135	hypo	case		0.146252075087618	0.66	0.66	1.2	0.660966753580126	5
chr21	39984010	39988344	4335	107	22.5327102803738	0.105193339387607	0.105193339387607	0.114791583911843	0.114791583911843	hyper	case		0.496910874521525	0.66	0.66	1.2	0.660966753580126	5
chr21	36622094	36625615	3522	70	21.7507142857143	-0.163469628612785	0.163469628612785	-0.16213472431265	0.16213472431265	hypo	case		0.206805130344511	0.66	0.66	1.2	0.660966753580126	5
chr21	34488892	34493562	4671	76	16.7605263157895	-0.195515549406248	0.195515549406248	-0.196235267308243	0.196235267308243	hypo	case		0.356278370216616	0.66	0.66	1.2	0.660966753580126	5
chr21	37471313	37474771	3459	66	21.8310606060606	0.163589835025547	0.163589835025547	0.135471321509141	0.135471321509141	hyper	case		0.4916348608462	0.66	0.66	1.2	0.660966753580126	5
chr20	11753295	11757735	4441	84	20.5059523809524	0.104086381649498	0.104086381649498	0.123970847165966	0.123970847165966	hyper	case		0.308636156642753	0.66	0.66	1.2	0.660966753580126	5
chr21	18856956	18859929	2974	76	23.1973684210526	-0.277600699729225	0.277600699729225	-0.271320785073362	0.271320785073362	hypo	case		0.390748613494502	0.66	0.66	1.2	0.660966753580126	5
chr20	17451148	17453141	1994	50	22.575	-0.197267196526062	0.197267196526062	-0.21348122338286	0.21348122338286	hypo	case		0.592649485449726	0.66	0.66	1.2	0.660966753580126	5
chr20	227737	231246	3510	52	20.3980769230769	0.123291499275149	0.123291499275149	0.139214666120825	0.139214666120825	hyper	case		0.159808452374067	0.66	0.66	1.2	0.660966753580126	5
chr21	27725745	27729462	3718	60	23.51	0.140280454074461	0.140280454074461	0.146692156766186	0.146692156766186	hyper	case		0.625414468008534	0.66	0.66	1.2	0.660966753580126	5
chr20	16280518	16285480	4963	126	20.5238095238095	-0.188519858587305	0.188519858587305	-0.177028915853868	0.177028915853868	hypo	case		0.105231572168942	0.66	0.66	1.2	0.660966753580126	5
chr20	43865927	43870035	4109	82	19.5371951219512	-0.206624508622986	0.206624508622986	-0.216437033917359	0.216437033917359	hypo	case		0.273314570372577	0.66	0.66	1.2	0.660966753580126	5
chr20	31247300	31249447	2148	78	23.1102564102564	0.147325970732598	0.147325970732598	0.162275022649581	0.162275022649581	hyper	case		0.199603423100706	0.66	0.66	1.2	0.660966753580126	5
chr20	15550506	15554291	3786	58	21.8568965517241	-0.269955891198843	0.269955891198843	-0.296970388171643	0.296970388171643	hypo	case		0.99	0.66	0.99	2.8	0.682213840132396	5
chr21	21672500	21676723	4224	66	24.9	0.120172745629911	0.120172745629911	0.113389439647673	0.113389439647673	hyper	case		0.625804422653883	0.66	0.66	1.2	0.660966753580126	5
chr20	25340768	25345523	4756	88	23.7471590909091	0.124293443375715	0.124293443375715	0.133266329946542	0.133266329946542	hyper	case		0.378270257064134	0.66	0.66	1.2	0.660966753580126	5
chr20	6746410	6750368	3959	60	20.4875	-0.254689176493698	0.254689176493698	-0.246699515868316	0.246699515868316	hypo	case		0.244402843428472	0.66	0.66	1.2	0.660966753580126	5
chr20	3873402	3876559	3158	72	22.2576388888889	-0.190451039483226	0.190451039483226	-0.185032949350252	0.185032949350252	hypo	case		0.0874846651638837	0.66	0.66	1.2	0.660966753580126	5
chr20	781320	782945	1626	58	20.2	-0.227388839098924	0.227388839098924	-0.204373046529242	0.204373046529242	hypo	case		0.0978542635837411	0.66	0.66	1.2	0.660966753580126	5
chr20	13593183	13595488	2306	56	20.6616071428571	-0.220548792760043	0.220548792760043	-0.204000769330281	0.204000769330281	hypo	case		0.240814906915001	0.66	0.66	1.2	0.660966753580126	5
chr21	27197734	27200423	2690	66	19.719696969697	-0.189061700234974	0.189061700234974	-0.19473566109561	0.19473566109561	hypo	case		0.278970099070528	0.66	0.66	1.2	0.660966753580126	5
chr21	31663959	31667525	3567	89	23.9443820224719	-0.160227926161241	0.160227926161241	-0.164400073668937	0.164400073668937	hypo	case		0.243095835957037	0.66	0.66	1.2	0.660966753580126	5
chr21	5695612	5699345	3734	182	17.6263736263736	-0.129738505887897	0.129738505887897	-0.133959687141033	0.135184735647469	hypo	case		0.775386456442426	0.66	0.775386456442426	2.8	0.682213840132396	5
chr20	17804838	17807558	2721	51	10.4480392156863	-0.150675030131977	0.150675030131977	-0.161984768009698	0.161984768009698	hypo	case		0.274667448382459	0.66	0.66	1.2	0.660966753580126	5
chr20	6560662	6563870	3209	54	21.0425925925926	0.0245536922190501	0.0245536922190501	0.055354249745468	0.0858064858982394	hyper	case		0.79251919678404	0.66	0.79251919678404	2.8	0.682213840132396	5
chr21	28089682	28093047	3366	64	22.62109375	-0.208290554937016	0.208290554937016	-0.207463873351839	0.207463873351839	hypo	case		0.192314934640723	0.66	0.66	1.2	0.660966753580126	5
chr20	44898569	44903281	4713	124	21.8274193548387	-0.17362833208879	0.17362833208879	-0.17824954438732	0.17824954438732	hypo	case		0.49196841418081	0.66	0.66	1.2	0.660966753580126	5
chr20	11201057	11206004	4948	55	19.6363636363636	-0.220741063948578	0.220741063948578	-0.234377126611404	0.234377126611404	hypo	case		0.785944764866185	0.66	0.785944764866185	2.8	0.682213840132396	5
chr21	17657100	17661927	4828	78	11.05	0.129483197052131	0.129483197052131	0.154888490611481	0.154888490611481	hyper	case		0.140451274520153	0.66	0.66	1.2	0.660966753580126	5
chr21	19860085	19862679	2595	54	20.8546296296296	-0.221005982147766	0.221005982147766	-0.237906274018806	0.237906274018806	hypo	case		0.267357519794825	0.66	0.66	1.2	0.660966753580126	5
chr20	29414634	29417204	2571	50	29.754	-0.193166746069305	0.193166746069305	-0.195745730374631	0.195745730374631	hypo	case		0.439618545755043	0.66	0.66	1.2	0.660966753580126	5
chr20	16584520	16588586	4067	84	20.8904761904762	-0.195360174265923	0.195360174265923	-0.200871785744702	0.200871785744702	hypo	case		0.430867474909172	0.66	0.66	1.2	0.660966753580126	5
chr21	37946182	37949640	3459	62	24.1741935483871	-0.200295867536615	0.200295867536615	-0.193034984284599	0.193034984284599	hypo	case		0.329492361561318	0.66	0.66	1.2	0.660966753580126	5
chr21	23199239	23202600	3362	58	21.0956896551724	-0.177577028428673	0.177577028428673	-0.182749253309564	0.182749253309564	hypo	case		0.325369403594805	0.66	0.66	1.2	0.660966753580126	5
chr21	20052720	20056471	3752	54	20.6046296296296	-0.204269507431692	0.204269507431692	-0.215471646193607	0.215471646193607	hypo	case		0.187707562250285	0.66	0.66	1.2	0.660966753580126	5
chr20	6488441	6491509	3069	70	21.68	0.190945688803591	0.190945688803591	0.211344562739845	0.211344562739845	hyper	case		0.471122159325287	0.66	0.66	1.2	0.660966753580126	5
chr21	37978514	37982698	4185	114	21.9157894736842	-0.231780322636746	0.231780322636746	-0.240557549981434	0.240557549981434	hypo	case		0.416555450820089	0.66	0.66	1.2	0.660966753580126	5
chr20	28509457	28514089	4633	101	43.9455445544554	0.139251383287047	0.139251383287047	0.151417357943213	0.151417357943213	hyper	case		0.544773594300456	0.66	0.66	1.2	0.660966753580126	5
chr20	60176131	60179237	3107	66	22.7242424242424	-0.181170897488737	0.181170897488737	-0.184923876283212	0.184923876283212	hypo	case		0.165354099131916	0.66	0.66	1.2	0.660966753580126	5
chr20	29433407	29436512	3106	50	17.139	0.14896031352043	0.14896031352043	0.166266463310945	0.166266463310945	hyper	case		0.344442432961949	0.66	0.66	1.2	0.660966753580126	5
chr20	11551953	11555220	3268	50	22.412	0.137268201602776	0.137268201602776	0.151727901959915	0.151727901959915	hyper	case		0.161641909817605	0.66	0.66	1.2	0.660966753580126	5
chr20	10567418	10572270	4853	106	21.9688679245283	-0.244587880651458	0.244587880651458	-0.23838111433601	0.23838111433601	hypo	case		0.540562185565399	0.66	0.66	1.2	0.660966753580126	5
chr20	3437610	3438946	1337	66	20.9833333333333	-0.196526483322107	0.196526483322107	-0.196461711481529	0.196461711481529	hypo	case		0.193863182004308	0.66	0.66	1.2	0.660966753580126	5
chr21	40620738	40623186	2449	50	21.699	0.163293772910251	0.163293772910251	0.16168145587392	0.16168145587392	hyper	case		0.136179595319954	0.66	0.66	1.2	0.660966753580126	5
chr20	30298399	30302647	4249	136	21.7264705882353	-0.143290607993393	0.143290607993393	-0.146215176583032	0.146215176583032	hypo	case		0.316059863930789	0.66	0.66	1.2	0.660966753580126	5
chr21	26944712	26948905	4194	80	19.88625	-0.166422782473416	0.166422782473416	-0.17215299347774	0.17215299347774	hypo	case		0.82590684059484	0.66	0.82590684059484	2.8	0.682213840132396	5
chr20	28637262	28640278	3017	55	52.6563636363636	0.191941436247075	0.191941436247075	0.203249886320389	0.203249886320389	hyper	case		0.439223851538527	0.66	0.66	1.2	0.660966753580126	5
chr21	37605828	37607576	1749	58	23.0172413793103	-0.214142162953389	0.214142162953389	-0.211156684608685	0.211156684608685	hypo	case		0.621352408045415	0.66	0.66	1.2	0.660966753580126	5
chr20	41075102	41078310	3209	76	22.9480263157895	0.0827342416570358	0.0827342416570358	0.0769963411763115	0.104251422071935	hyper	case		0.803107988376169	0.66	0.803107988376169	2.8	0.682213840132396	5
chr20	30498744	30502154	3411	163	22.2110429447853	-0.121919337633356	0.121919337633356	-0.12092947068255	0.128773417287619	hypo	case		0.98044300089203	0.66	0.98044300089203	2.8	0.682213840132396	5
chr21	28152668	28156912	4245	59	22.214406779661	-0.0984035995532925	0.0984035995532925	-0.114879635685329	0.114879635685329	hypo	case		0.0725725421783567	0.66	0.66	1.2	0.660966753580126	5
chr21	23265427	23269744	4318	74	20.55	-0.210480928457557	0.210480928457557	-0.219529419275499	0.219529419275499	hypo	case		0.310032086416801	0.66	0.66	1.2	0.660966753580126	5
chr20	41451676	41454148	2473	96	24.4979166666667	0.134236810128042	0.134236810128042	0.156360369696123	0.157157321679871	hyper	case		0.505940211459052	0.66	0.66	1.2	0.660966753580126	5
chr20	29514375	29517707	3333	99	54.9449494949495	-0.161606781129054	0.161606781129054	-0.164245052844028	0.164245052844028	hypo	case		0.466544438426143	0.66	0.66	1.2	0.660966753580126	5
chr20	40785450	40788730	3281	68	24.1580882352941	-0.227373760748073	0.227373760748073	-0.240653171664902	0.240653171664902	hypo	case		0.231104168511874	0.66	0.66	1.2	0.660966753580126	5
chr20	52241160	52245496	4337	90	20.9277777777778	-0.225000184177825	0.225000184177825	-0.22449116284704	0.22449116284704	hypo	case		0.55759348221647	0.66	0.66	1.2	0.660966753580126	5
chr20	40743168	40747394	4227	106	20.802358490566	-0.151705481032779	0.151705481032779	-0.162671413953732	0.162671413953732	hypo	case		0.110988410966749	0.66	0.66	1.2	0.660966753580126	5
chr21	29307823	29312594	4772	62	22.7838709677419	-0.178758750391333	0.178758750391333	-0.187306302873861	0.187306302873861	hypo	case		0.280226440483046	0.66	0.66	1.2	0.660966753580126	5
chr20	6420326	6425024	4699	68	23.1808823529412	0.083923473581013	0.083923473581013	0.0961459654531961	0.101424573288003	hyper	case		0.99	0.66	0.99	2.8	0.682213840132396	5
chr20	41913660	41917492	3833	54	21.9472222222222	-0.197387734281916	0.197387734281916	-0.214813880963616	0.214813880963616	hypo	case		0.99	0.66	0.99	2.8	0.682213840132396	5
chr21	9714906	9716685	1780	58	40.7534482758621	0.165300024144881	0.165300024144881	0.169555183727134	0.169555183727134	hyper	case		0.162270452615849	0.66	0.66	1.2	0.660966753580126	5
chr20	6473703	6477192	3490	54	22.1462962962963	0.100097588744441	0.100097588744441	0.133812193955925	0.133812193955925	hyper	case		0.270412654774962	0.66	0.66	1.2	0.660966753580126	5
chr20	37836582	37841356	4775	100	20.2275	-0.231204193352042	0.231204193352042	-0.2371776548182	0.2371776548182	hypo	case		0.531948305045459	0.66	0.66	1.2	0.660966753580126	5
chr20	5927694	5929966	2273	52	21.6596153846154	0.161090650979747	0.161090650979747	0.183475526368859	0.183475526368859	hyper	case		0.353925989904399	0.66	0.66	1.2	0.660966753580126	5
chr20	21527217	21531240	4024	98	23.3204081632653	-0.144254765128819	0.144254765128819	-0.159952956306133	0.159952956306133	hypo	case		0.248496687193201	0.66	0.66	1.2	0.660966753580126	5
chr20	3151525	3154472	2948	66	24.3878787878788	0.127872579742498	0.127872579742498	0.144328905565759	0.144328905565759	hyper	case		0.639806612181156	0.66	0.66	1.2	0.660966753580126	5
chr20	22598318	22601429	3112	66	22.1901515151515	-0.213501318658608	0.213501318658608	-0.228277713851815	0.228277713851815	hypo	case		0.384879798245612	0.66	0.66	1.2	0.660966753580126	5
chr20	45882615	45885130	2516	94	22.9489361702128	0.158170958949123	0.158170958949123	0.167551011185241	0.167551011185241	hyper	case		0.228187637882983	0.66	0.66	1.2	0.660966753580126	5
chr21	9355509	9358153	2645	66	78.9787878787879	-0.166462782403897	0.166462782403897	-0.185312595271744	0.185312595271744	hypo	case		0.99	0.66	0.99	2.8	0.682213840132396	5
chr21	39355440	39358178	2739	100	21.7045	-0.206164709858334	0.206164709858334	-0.212910655780974	0.212910655780974	hypo	case		0.579977307414799	0.66	0.66	1.2	0.660966753580126	5
chr20	60727657	60731057	3401	72	22.2131944444444	0.139699134154556	0.139699134154556	0.149453720608154	0.149453720608154	hyper	case		0.158580538271288	0.66	0.66	1.2	0.660966753580126	5
chr20	22927199	22931202	4004	92	22.0755434782609	0.160955267232921	0.160955267232921	0.182547262259822	0.182547262259822	hyper	case		0.171492369986519	0.66	0.66	1.2	0.660966753580126	5
chr21	21073676	21077512	3837	56	21.68125	0.126514569823573	0.126514569823573	0.141685030532734	0.141685030532734	hyper	case		0.353494764293867	0.66	0.66	1.2	0.660966753580126	5
chr20	55302557	55307260	4704	66	20.7037878787879	-0.179618636049978	0.179618636049978	-0.179852228859842	0.179852228859842	hypo	case		0.585512562952165	0.66	0.66	1.2	0.660966753580126	5
chr21	5241974	5245505	3532	90	63.6572222222222	-0.175347182676073	0.175347182676073	-0.180621571099555	0.180621571099555	hypo	case		0.327535355058477	0.66	0.66	1.2	0.660966753580126	5
chr20	10877964	10882371	4408	86	23.2511627906977	-0.222929622469382	0.222929622469382	-0.226945896144021	0.226945896144021	hypo	case		0.386828836940664	0.66	0.66	1.2	0.660966753580126	5
chr20	3333799	3338022	4224	112	21.7758928571429	-0.232239248838062	0.232239248838062	-0.240636536498644	0.240636536498644	hypo	case		0.284811922748448	0.66	0.66	1.2	0.660966753580126	5
chr20	6492283	6496667	4385	52	21.6509615384615	-0.1576585629843	0.1576585629843	-0.178461960135835	0.178461960135835	hypo	case		0.258875173150256	0.66	0.66	1.2	0.660966753580126	5
chr21	13363313	13366605	3293	78	23.1410256410256	-0.195309629364389	0.195309629364389	-0.215324103858564	0.215324103858564	hypo	case		0.369989906746421	0.66	0.66	1.2	0.660966753580126	5
chr21	35456078	35459131	3054	72	21.7416666666667	0.101043790857354	0.101043790857354	0.116867221808782	0.116867221808782	hyper	case		0.238949702004082	0.66	0.66	1.2	0.660966753580126	5
chr20	31278019	31280633	2615	66	24.2674242424242	0.102613345863759	0.102613345863759	0.116485976378209	0.116990111522563	hyper	case		0.691313141698577	0.66	0.691313141698577	2.8	0.682213840132396	5
chr21	40399522	40402539	3018	66	21.7795454545455	-0.14968595816453	0.14968595816453	-0.148211104384292	0.148211104384292	hypo	case		0.236226504146163	0.66	0.66	1.2	0.660966753580126	5
chr21	39654116	39658325	4210	112	22.0602678571429	-0.165099059274761	0.165099059274761	-0.179275075791837	0.179275075791837	hypo	case		0.574921827348244	0.66	0.66	1.2	0.660966753580126	5
chr20	14057524	14060939	3416	61	20.0532786885246	-0.182859180412591	0.182859180412591	-0.185713466261642	0.185713466261642	hypo	case		0.427417311380909	0.66	0.66	1.2	0.660966753580126	5
chr20	28768909	28773512	4604	70	34.895	0.166238621711117	0.166238621711117	0.164908089865057	0.164908089865057	hyper	case		0.395643094236723	0.66	0.66	1.2	0.660966753580126	5
chr21	33333608	33337543	3936	102	20.4960784313726	-0.180978191084684	0.180978191084684	-0.171682292720899	0.171682292720899	hypo	case		0.198598795373223	0.66	0.66	1.2	0.660966753580126	5
chr21	20151147	20155087	3941	54	19.9796296296296	-0.213982374629483	0.213982374629483	-0.198936655967449	0.198936655967449	hypo	case		0.256133379709624	0.66	0.66	1.2	0.660966753580126	5
chr20	7968391	7971698	3308	54	19.8092592592593	-0.201444610096683	0.201444610096683	-0.206008483070758	0.206008483070758	hypo	case		0.235355839445144	0.66	0.66	1.2	0.660966753580126	5
chr20	10251745	10256443	4699	76	23.1802631578947	0.174029024446636	0.174029024446636	0.182751286765262	0.182751286765262	hyper	case		0.0432301297483098	0.66	0.66	1.2	0.660966753580126	5
chr20	49176942	49179226	2285	109	23.8050458715596	0.122582800611925	0.122582800611925	0.117856642495706	0.117856642495706	hyper	case		0.542125144092945	0.66	0.66	1.2	0.660966753580126	5
chr20	21213200	21216189	2990	54	20.7805555555556	-0.162661944799766	0.162661944799766	-0.146274411876231	0.146274411876231	hypo	case		0.428114067887746	0.66	0.66	1.2	0.660966753580126	5
chr20	30456152	30459079	2928	78	21.2980769230769	-0.19382319423119	0.19382319423119	-0.206142092308395	0.206142092308395	hypo	case		0.160822743542165	0.66	0.66	1.2	0.660966753580126	5
chr21	35705513	35709230	3718	69	21.7688405797101	-0.191104889539824	0.191104889539824	-0.222839414298596	0.222839414298596	hypo	case		0.948259814748249	0.66	0.948259814748249	2.8	0.682213840132396	5
chr20	32232943	32235583	2641	78	24.323717948718	-0.231539582013725	0.231539582013725	-0.250363281411121	0.250363281411121	hypo	case		0.10571898966824	0.66	0.66	1.2	0.660966753580126	5
chr21	20250325	20255126	4802	108	17.9694444444444	-0.174084949586615	0.174084949586615	-0.170079458416036	0.170079458416036	hypo	case		0.317955580236336	0.66	0.66	1.2	0.660966753580126	5
chr20	16860236	16864349	4114	72	20.5152777777778	0.0974315962315942	0.0974315962315942	0.115821501241631	0.115821501241631	hyper	case		0.0786709743205367	0.66	0.66	1.2	0.660966753580126	5
chr20	40455733	40458995	3263	58	22.1620689655172	-0.238123820930316	0.238123820930316	-0.243699102028323	0.243699102028323	hypo	case		0.382807523952495	0.66	0.66	1.2	0.660966753580126	5
chr20	30370164	30373195	3032	52	32.9009615384615	-0.172823739267203	0.172823739267203	-0.190292471144057	0.190292471144057	hypo	case		0.535892289171459	0.66	0.66	1.2	0.660966753580126	5
chr21	15369640	15373577	3938	54	21.4194444444444	0.119274216831654	0.119274216831654	0.134634816744437	0.134634816744437	hyper	case		0.236288335076658	0.66	0.66	1.2	0.660966753580126	5
chr21	26769032	26771506	2475	85	20.6747058823529	-0.238503313181822	0.238503313181822	-0.254472733217294	0.254472733217294	hypo	case		0.160376510645224	0.66	0.66	1.2	0.660966753580126	5
chr20	1093211	1096497	3287	74	22.7047297297297	-0.12699975258964	0.12699975258964	-0.115608571107815	0.121293442222967	hypo	case		0.99	0.66	0.99	2.8	0.682213840132396	5
chr20	17898450	17901537	3088	80	22.959375	-0.204840263067019	0.204840263067019	-0.196280741665826	0.196280741665826	hypo	case		0.1717089227516	0.66	0.66	1.2	0.660966753580126	5
chr21	16754452	16757939	3488	66	22.2492424242424	-0.229623107297509	0.229623107297509	-0.240714484184991	0.240714484184991	hypo	case		0.126890515112707	0.66	0.66	1.2	0.660966753580126	5
chr20	4531126	4534702	3577	56	21.0598214285714	-0.170761278958501	0.170761278958501	-0.167555767545331	0.167555767545331	hypo	case		0.513039204022225	0.66	0.66	1.2	0.660966753580126	5
chr20	29464427	29466611	2185	50	20.289	0.12909183982702	0.12909183982702	0.158024936648041	0.158024936648041	hyper	case		0.195066698755079	0.66	0.66	1.2	0.660966753580126	5
chr20	42101443	42105381	3939	109	19.6160550458716	0.0953890757682738	0.0953890757682738	0.127187704573167	0.127187704573167	hyper	case		0.250698579218808	0.66	0.66	1.2	0.660966753580126	5
chr20	10100513	10104641	4129	52	24.8125	-0.205444419489279	0.205444419489279	-0.202867563653041	0.202867563653041	hypo	case		0.299028303044141	0.66	0.66	1.2	0.660966753580126	5
chr21	40939913	40943628	3716	60	23.0891666666667	0.109380501137269	0.109380501137269	0.138066068482059	0.138066068482059	hyper	case		0.230146272559732	0.66	0.66	1.2	0.660966753580126	5
chr20	25346104	25349773	3670	107	23.4046728971963	-0.205183300259904	0.205183300259904	-0.204684724740285	0.204684724740285	hypo	case		0.30661305778874	0.66	0.66	1.2	0.660966753580126	5
chr21	24331004	24335953	4950	100	22.2675	-0.187420032887458	0.187420032887458	-0.187666279188747	0.187666279188747	hypo	case		0.0927590782652281	0.66	0.66	1.2	0.660966753580126	5
chr20	6354565	6358691	4127	56	19.6214285714286	0.146495075491929	0.146495075491929	0.171398718386843	0.171398718386843	hyper	case		0.550561163985156	0.66	0.66	1.2	0.660966753580126	5
chr21	19812150	19815893	3744	54	23.4555555555556	-0.20480352735497	0.20480352735497	-0.210728214565877	0.210728214565877	hypo	case		0.34163437258195	0.66	0.66	1.2	0.660966753580126	5
chr21	35369860	35372781	2922	58	19.5818965517241	-0.165617102634578	0.165617102634578	-0.155849895360318	0.155849895360318	hypo	case		0.433394197883198	0.66	0.66	1.2	0.660966753580126	5
chr21	19079627	19082225	2599	52	21.5019230769231	-0.171541393325075	0.171541393325075	-0.202001534532305	0.202001534532305	hypo	case		0.249290921417069	0.66	0.66	1.2	0.660966753580126	5
chr21	15001055	15004778	3724	70	24.2992857142857	0.192300896749219	0.192300896749219	0.206670577113742	0.206670577113742	hyper	case		0.574368315282347	0.66	0.66	1.2	0.660966753580126	5
chr20	8454043	8456365	2323	66	23.7522727272727	0.138020034448203	0.138020034448203	0.138343483240536	0.138343483240536	hyper	case		0.243531964741471	0.66	0.66	1.2	0.660966753580126	5
chr20	17667295	17670263	2969	58	24.1706896551724	0.150261316666271	0.150261316666271	0.184021734181385	0.184021734181385	hyper	case		0.129091618767572	0.66	0.66	1.2	0.660966753580126	5
chr21	24163668	24168321	4654	94	17.643085106383	0.131316955566412	0.131316955566412	0.131718425108467	0.131718425108467	hyper	case		0.29918072222877	0.66	0.66	1.2	0.660966753580126	5
chr20	55436465	55440819	4355	104	21.0495192307692	-0.175962611093111	0.175962611093111	-0.172719752557029	0.172719752557029	hypo	case		0.182473008201084	0.66	0.66	1.2	0.660966753580126	5
chr20	22122135	22126401	4267	52	20.5778846153846	0.147112109956781	0.147112109956781	0.161975322454481	0.161975322454481	hyper	case		0.51146777663262	0.66	0.66	1.2	0.660966753580126	5
chr20	20277025	20281854	4830	113	21.3172566371681	-0.123460575624477	0.123460575624477	-0.133644966976431	0.133644966976431	hypo	case		0.371505916135008	0.66	0.66	1.2	0.660966753580126	5
chr20	51340860	51343452	2593	56	22.3848214285714	-0.228101410564339	0.228101410564339	-0.225977401114354	0.225977401114354	hypo	case		0.264799796657286	0.66	0.66	1.2	0.660966753580126	5
chr20	6961534	6966460	4927	68	20.5308823529412	-0.240731381911237	0.240731381911237	-0.24836689249278	0.24836689249278	hypo	case		0.815275043296767	0.66	0.815275043296767	2.8	0.682213840132396	5
chr20	29387001	29390284	3284	71	21.9408450704225	-0.146759014356268	0.146759014356268	-0.146083065935391	0.146083065935391	hypo	case		0.25188148246132	0.66	0.66	1.2	0.660966753580126	5
chr20	42199205	42202759	3555	64	22.91953125	-0.181741939461642	0.181741939461642	-0.161051927578438	0.161051927578438	hypo	case		0.495795872681563	0.66	0.66	1.2	0.660966753580126	5
chr20	39407129	39411309	4181	66	23.2772727272727	0.207053417586723	0.207053417586723	0.216383092275438	0.216383092275438	hyper	case		0.376893563909639	0.66	0.66	1.2	0.660966753580126	5
chr20	14336851	14338954	2104	62	21.3379032258065	0.168007129159155	0.168007129159155	0.195803783939998	0.195803783939998	hyper	case		0.410855627971502	0.66	0.66	1.2	0.660966753580126	5
chr21	22798693	22799426	734	50	21.994	-0.200128743298139	0.200128743298139	-0.194943289298715	0.194943289298715	hypo	case		0.420202085765929	0.66	0.66	1.2	0.660966753580126	5
chr20	14413224	14417280	4057	62	22.1048387096774	0.182514720341662	0.182514720341662	0.195157564392158	0.195157564392158	hyper	case		0.591593891316093	0.66	0.66	1.2	0.660966753580126	5
chr20	40237609	40239778	2170	50	21.187	-0.185107630891816	0.185107630891816	-0.192938881212476	0.192938881212476	hypo	case		0.456757979194267	0.66	0.66	1.2	0.660966753580126	5
chr20	23565822	23569192	3371	61	19.6024590163934	-0.173393819230536	0.173393819230536	-0.169656215549103	0.169656215549103	hypo	case		0.270231215180132	0.66	0.66	1.2	0.660966753580126	5
chr20	13324685	13328882	4198	74	20.8912162162162	-0.17183123274945	0.17183123274945	-0.175175101267437	0.175175101267437	hypo	case		0.34017548354384	0.66	0.66	1.2	0.660966753580126	5
chr21	16744127	16747092	2966	50	21.669	-0.220314536007927	0.220314536007927	-0.187065395531574	0.187065395531574	hypo	case		0.392428420326773	0.66	0.66	1.2	0.660966753580126	5
chr21	40478787	40482355	3569	75	23.396	-0.141515291974531	0.141515291974531	-0.12810913005597	0.12810913005597	hypo	case		0.121626867294918	0.66	0.66	1.2	0.660966753580126	5
chr20	31674217	31677630	3414	78	22.7583333333333	-0.141909457452615	0.141909457452615	-0.159774889617019	0.159774889617019	hypo	case		0.434356512208419	0.66	0.66	1.2	0.660966753580126	5
chr21	30317561	30320287	2727	64	21.56953125	0.118963187409081	0.118963187409081	0.127131364163951	0.127131364163951	hyper	case		0.0867253017358299	0.66	0.66	1.2	0.660966753580126	5
chr21	29316477	29320404	3928	66	21.4007575757576	-0.171937297651989	0.171937297651989	-0.199123910480489	0.199123910480489	hypo	case		0.234802172352104	0.66	0.66	1.2	0.660966753580126	5
chr20	36474311	36479167	4857	134	22.0764925373134	-0.132832313529703	0.132832313529703	-0.1392293881334	0.141943809313358	hypo	case		0.99	0.66	0.99	2.8	0.682213840132396	5
chr20	12332305	12336113	3809	63	19.4436507936508	-0.2284478166394	0.2284478166394	-0.230431639958276	0.230431639958276	hypo	case		0.197538523049934	0.66	0.66	1.2	0.660966753580126	5
chr20	56376583	56381334	4752	114	23.3114035087719	-0.242048586664209	0.242048586664209	-0.250155195052612	0.250155195052612	hypo	case		0.462691071878684	0.66	0.66	1.2	0.660966753580126	5
chr20	42078087	42082004	3918	84	21.9351190476191	-0.20769380589869	0.20769380589869	-0.217996742657154	0.217996742657154	hypo	case		0.383694108146356	0.66	0.66	1.2	0.660966753580126	5
chr21	27306681	27310263	3583	56	21.75	-0.234900647190547	0.234900647190547	-0.209462414782854	0.209462414782854	hypo	case		0.378412217092527	0.66	0.66	1.2	0.660966753580126	5
chr20	31754970	31757518	2549	84	20.6505952380952	-0.232110124949496	0.232110124949496	-0.22819604344778	0.22819604344778	hypo	case		0.398396330668149	0.66	0.66	1.2	0.660966753580126	5
chr20	55693243	55695464	2222	76	23.3296052631579	-0.217382245339951	0.217382245339951	-0.222138928105997	0.222138928105997	hypo	case		0.396144411764217	0.66	0.66	1.2	0.660966753580126	5
chr21	6300929	6304249	3321	67	17.439552238806	0.109222036728225	0.109222036728225	0.136367255716538	0.136367255716538	hyper	case		0.0514605147795903	0.66	0.66	1.2	0.660966753580126	5
chr21	34593493	34594874	1382	54	19.8462962962963	0.14554000611087	0.14554000611087	0.154469023252931	0.154469023252931	hyper	case		0.237006623479065	0.66	0.66	1.2	0.660966753580126	5
chr20	8298918	8303801	4884	78	22.1961538461538	0.11508704057609	0.11508704057609	0.122117880407291	0.122117880407291	hyper	case		0.382064481351566	0.66	0.66	1.2	0.660966753580126	5
chr20	42930705	42932822	2118	54	20.3287037037037	-0.219065981156115	0.219065981156115	-0.23854256868141	0.23854256868141	hypo	case		0.877541262328924	0.66	0.877541262328924	2.8	0.682213840132396	5
chr21	26070214	26073574	3361	60	23.42	-0.0652793733409312	0.0652793733409312	-0.107024995982563	0.107024995982563	hypo	case		0.212617104007739	0.66	0.66	1.2	0.660966753580126	5
chr20	19576477	19580967	4491	102	23.5759803921569	-0.19431271992098	0.19431271992098	-0.185221403199644	0.185221403199644	hypo	case		0.532482467860117	0.66	0.66	1.2	0.660966753580126	5
chr21	37409058	37411313	2256	50	22.691	0.156351277374026	0.156351277374026	0.142470920399567	0.142470920399567	hyper	case		0.154052502861919	0.66	0.66	1.2	0.660966753580126	5
chr21	40440426	40443490	3065	55	21.1681818181818	0.132992492077589	0.132992492077589	0.146465466375566	0.146465466375566	hyper	case		0.109607733794774	0.66	0.66	1.2	0.660966753580126	5
chr20	20054342	20058035	3694	70	23.3128571428571	-0.178195006750456	0.178195006750456	-0.188777226051959	0.188777226051959	hypo	case		0.351811636022295	0.66	0.66	1.2	0.660966753580126	5
chr21	13551627	13554745	3119	80	20.136875	-0.189727321566641	0.189727321566641	-0.201303149985202	0.201303149985202	hypo	case		0.688264022456317	0.66	0.688264022456317	2.8	0.682213840132396	5
chr21	14964737	14969280	4544	74	21.1527027027027	-0.163617813581443	0.163617813581443	-0.175812972419248	0.175812972419248	hypo	case		0.114354621708447	0.66	0.66	1.2	0.660966753580126	5
chr21	9749856	9754581	4726	144	61.8670138888889	-0.181651021721631	0.181651021721631	-0.181901577847548	0.181901577847548	hypo	case		0.493635563968344	0.66	0.66	1.2	0.660966753580126	5
chr21	16726855	16728738	1884	78	22.5230769230769	-0.183772744872053	0.183772744872053	-0.193981588848553	0.193981588848553	hypo	case		0.131992261032903	0.66	0.66	1.2	0.660966753580126	5
chr20	32327179	32330598	3420	100	20.1385	-0.171056989053167	0.171056989053167	-0.170777087322485	0.170777087322485	hypo	case		0.34824885544799	0.66	0.66	1.2	0.660966753580126	5
chr20	49424214	49429213	5000	112	20.2709821428571	-0.210631938394865	0.210631938394865	-0.213249492083809	0.213249492083809	hypo	case		0.246156038118763	0.66	0.66	1.2	0.660966753580126	5
chr20	17177111	17180135	3025	65	21.7684615384615	0.106161209673456	0.106161209673456	0.117270479649768	0.117270479649768	hyper	case		0.461043309224598	0.66	0.66	1.2	0.660966753580126	5
chr20	41290474	41294993	4520	64	22.94140625	0.140915943804391	0.140915943804391	0.147657757388034	0.147657757388034	hyper	case		0.356315736022381	0.66	0.66	1.2	0.660966753580126	5
chr21	17035231	17037960	2730	54	21.2425925925926	-0.172987143523357	0.172987143523357	-0.185906012603215	0.185906012603215	hypo	case		0.119922823739035	0.66	0.66	1.2	0.660966753580126	5
chr21	34927029	34930601	3573	70	21.8164285714286	-0.203883491208026	0.203883491208026	-0.22009917033851	0.22009917033851	hypo	case		0.121014293337199	0.66	0.66	1.2	0.660966753580126	5
chr20	19651577	19656153	4577	140	22.1442857142857	-0.20081476883387	0.20081476883387	-0.209334257646374	0.209334257646374	hypo	case		0.297961830613619	0.66	0.66	1.2	0.660966753580126	5
chr20	47607867	47610684	2818	64	22.7234375	0.129123511231357	0.129123511231357	0.140953005998421	0.140953005998421	hyper	case		0.416244144193566	0.66	0.66	1.2	0.660966753580126	5
chr20	2729221	2733913	4693	94	21.5659574468085	-0.226964516279275	0.226964516279275	-0.211580711670598	0.211580711670598	hypo	case		0.50093353933465	0.66	0.66	1.2	0.660966753580126	5
chr21	29809246	29812118	2873	58	21.0922413793103	-0.175093549259131	0.175093549259131	-0.171555937144432	0.171555937144432	hypo	case		0.389428248130477	0.66	0.66	1.2	0.660966753580126	5
chr20	34086690	34090158	3469	128	22.4265625	0.175977215904919	0.175977215904919	0.173509363963394	0.173509363963394	hyper	case		0.198953916799594	0.66	0.66	1.2	0.660966753580126	5
chr20	39134893	39137119	2227	75	20.6066666666667	0.0935068120297748	0.0935068120297748	0.108880468734088	0.108880468734088	hyper	case		0.586779682960567	0.66	0.66	1.2	0.660966753580126	5
chr21	38123537	38128316	4780	92	22.016847826087	0.149871636213706	0.149871636213706	0.164330337725338	0.164330337725338	hyper	case		0.253665541694819	0.66	0.66	1.2	0.660966753580126	5
chr21	18561615	18563439	1825	56	17.80625	-0.189887426256234	0.189887426256234	-0.190057301408739	0.190057301408739	hypo	case		0.24118716599143	0.66	0.66	1.2	0.660966753580126	5
chr21	37061928	37064795	2868	58	21.9551724137931	0.179126743164878	0.179126743164878	0.187253943508067	0.187253943508067	hyper	case		0.132097390592106	0.66	0.66	1.2	0.660966753580126	5
chr21	31027580	31030264	2685	54	21.4055555555556	-0.251165305224915	0.251165305224915	-0.274219597744362	0.274219597744362	hypo	case		0.79542710699696	0.66	0.79542710699696	2.8	0.682213840132396	5
chr21	30002058	30005071	3014	52	20.6769230769231	0.151385407885983	0.151385407885983	0.160037266888771	0.160037266888771	hyper	case		0.296797444083478	0.66	0.66	1.2	0.660966753580126	5
chr20	4263253	4267649	4397	76	23.7822368421053	-0.212415386179065	0.212415386179065	-0.206216155687366	0.206216155687366	hypo	case		0.752057938412443	0.66	0.752057938412443	2.8	0.682213840132396	5
chr20	26097602	26100075	2474	50	25.371	-0.175771184199659	0.175771184199659	-0.213753295854462	0.213753295854462	hypo	case		0.117188633168172	0.66	0.66	1.2	0.660966753580126	5
chr20	19240839	19242805	1967	70	20.9985714285714	-0.242386668540836	0.242386668540836	-0.255100108066277	0.255100108066277	hypo	case		0.394303269941592	0.66	0.66	1.2	0.660966753580126	5
chr20	34891432	34896171	4740	50	20.676	0.116987892415268	0.116987892415268	0.135971049160864	0.135971049160864	hyper	case		0.65104972830346	0.66	0.66	1.2	0.660966753580126	5
chr21	37163232	37168075	4844	87	21.6931034482759	-0.233534619549174	0.233534619549174	-0.228382999448631	0.228382999448631	hypo	case		0.48756234279827	0.66	0.66	1.2	0.660966753580126	5
chr20	36284336	36288600	4265	94	23.2824468085106	-0.205615656483771	0.205615656483771	-0.242903984828972	0.242903984828972	hypo	case		0.293567861420177	0.66	0.66	1.2	0.660966753580126	5
chr21	7127765	7131498	3734	188	25.6279255319149	-0.186311771032964	0.186311771032964	-0.201303310959177	0.201303310959177	hypo	case		0.48683847152391	0.66	0.66	1.2	0.660966753580126	5
chr20	527728	531388	3661	60	20.4008333333333	-0.190183751801621	0.190183751801621	-0.207403151977813	0.207403151977813	hypo	case		0.284571814243688	0.66	0.66	1.2	0.660966753580126	5
chr21	13582968	13585268	2301	50	23.108	-0.142752176953998	0.142752176953998	-0.157828205112404	0.157828205112404	hypo	case		0.239947507165776	0.66	0.66	1.2	0.660966753580126	5
chr20	60189992	60192801	2810	50	21.2	-0.212009130966406	0.212009130966406	-0.221521809918692	0.221521809918692	hypo	case		0.0801749414204974	0.66	0.66	1.2	0.660966753580126	5
chr21	31030860	31033342	2483	72	22.7555555555556	-0.228773873821382	0.228773873821382	-0.217856935157965	0.217856935157965	hypo	case		0.394705597866494	0.66	0.66	1.2	0.660966753580126	5
chr20	4378237	4383148	4912	70	22.6535714285714	0.144131887808119	0.144131887808119	0.146586443385996	0.146586443385996	hyper	case		0.384568035288215	0.66	0.66	1.2	0.660966753580126	5
chr21	23004158	23006581	2424	58	23.0551724137931	-0.215344678520853	0.215344678520853	-0.22252712281622	0.22252712281622	hypo	case		0.601360178696413	0.66	0.66	1.2	0.660966753580126	5
chr20	47619419	47622789	3371	86	19.7994186046512	-0.154539263653344	0.154539263653344	-0.176251965354792	0.176251965354792	hypo	case		0.134456775263283	0.66	0.66	1.2	0.660966753580126	5
chr21	13261642	13264629	2988	50	23.537	-0.188027037369993	0.188027037369993	-0.144567110721373	0.144567110721373	hypo	case		0.125100882261244	0.66	0.66	1.2	0.660966753580126	5
chr20	35995924	35998852	2929	66	22.969696969697	0.0581926542364522	0.0581926542364522	0.0653006701780684	0.0667286005317256	hyper	case		0.99	0.66	0.99	2.8	0.682213840132396	5
chr21	27924974	27929908	4935	93	20.1532258064516	-0.235149476727263	0.235149476727263	-0.25113962377681	0.25113962377681	hypo	case		0.329140503152158	0.66	0.66	1.2	0.660966753580126	5
chr20	38691740	38694728	2989	54	22.8981481481482	0.144808010002984	0.144808010002984	0.17821968120971	0.17821968120971	hyper	case		0.430571550678313	0.66	0.66	1.2	0.660966753580126	5
chr21	14614553	14619069	4517	72	20.9465277777778	-0.142066346862828	0.142066346862828	-0.153350730358262	0.153350730358262	hypo	case		0.511673609686947	0.66	0.66	1.2	0.660966753580126	5
chr20	55832688	55835643	2956	50	20.247	-0.201623511712152	0.201623511712152	-0.204481889524944	0.204481889524944	hypo	case		0.685734478459111	0.66	0.685734478459111	2.8	0.682213840132396	5
chr20	38845038	38848115	3078	59	20.7415254237288	-0.212012080261951	0.212012080261951	-0.221691772447104	0.221691772447104	hypo	case		0.324483762163761	0.66	0.66	1.2	0.660966753580126	5
chr20	54839092	54841773	2682	56	25.1955357142857	0.134020723908667	0.134020723908667	0.134753689595037	0.134753689595037	hyper	case		0.628865043515567	0.66	0.66	1.2	0.660966753580126	5
chr20	1556499	1559370	2872	62	21.9814516129032	0.12613965435278	0.12613965435278	0.13806230136916	0.13806230136916	hyper	case		0.335608447588676	0.66	0.66	1.2	0.660966753580126	5
chr21	30214931	30216478	1548	52	21.3298076923077	-0.231710778603769	0.231710778603769	-0.228953579628106	0.228953579628106	hypo	case		0.36958809153562	0.66	0.66	1.2	0.660966753580126	5
chr20	18065762	18069432	3671	82	20.8780487804878	-0.193337263866962	0.193337263866962	-0.182151622982583	0.182151622982583	hypo	case		0.765802232666321	0.66	0.765802232666321	2.8	0.682213840132396	5
chr20	49666627	49670163	3537	93	20.6408602150538	0.178709496557794	0.178709496557794	0.184586388473882	0.184586388473882	hyper	case		0.152825969053657	0.66	0.66	1.2	0.660966753580126	5
chr20	22314875	22319397	4523	74	21.3141891891892	-0.205661406946215	0.205661406946215	-0.214501064709605	0.214501064709605	hypo	case		0.570061705221979	0.66	0.66	1.2	0.660966753580126	5
chr20	23409770	23413199	3430	60	21.5008333333333	0.127310069802452	0.127310069802452	0.116515600019211	0.116515600019211	hyper	case		0.080255619405788	0.66	0.66	1.2	0.660966753580126	5
chr20	12153714	12157119	3406	50	21.845	-0.201484421354258	0.201484421354258	-0.224501824366586	0.224501824366586	hypo	case		0.300353262820402	0.66	0.66	1.2	0.660966753580126	5
chr20	13982279	13985087	2809	68	21.8139705882353	-0.232550090681809	0.232550090681809	-0.241104447583926	0.241104447583926	hypo	case		0.174127067904811	0.66	0.66	1.2	0.660966753580126	5
chr20	57207206	57208366	1161	54	23.7935185185185	-0.261597784485239	0.261597784485239	-0.285579235019719	0.285579235019719	hypo	case		0.297255161445345	0.66	0.66	1.2	0.660966753580126	5
chr20	9132685	9137365	4681	62	22.4629032258065	-0.161851775306905	0.161851775306905	-0.163094033008167	0.163094033008167	hypo	case		0.440557898940809	0.66	0.66	1.2	0.660966753580126	5
chr20	39761693	39764347	2655	58	19.6586206896552	-0.165243572825026	0.165243572825026	-0.181156566659338	0.181156566659338	hypo	case		0.0823045458557669	0.66	0.66	1.2	0.660966753580126	5
chr20	22031363	22034609	3247	53	21.7320754716981	0.158677971631199	0.158677971631199	0.156400796761797	0.156400796761797	hyper	case		0.113856225437545	0.66	0.66	1.2	0.660966753580126	5
chr21	9915287	9917553	2267	56	60.4508928571429	-0.149779142031671	0.149779142031671	-0.185237825490291	0.185237825490291	hypo	case		0.121535421018705	0.66	0.66	1.2	0.660966753580126	5
chr21	39684537	39688642	4106	87	20.5724137931034	-0.150413504873488	0.150413504873488	-0.164335745183946	0.164335745183946	hypo	case		0.255520714637112	0.66	0.66	1.2	0.660966753580126	5
chr20	56275097	56279069	3973	61	21.3696721311475	0.144035441854207	0.144035441854207	0.154690151148969	0.154690151148969	hyper	case		0.176749381197368	0.66	0.66	1.2	0.660966753580126	5
chr20	29369570	29373156	3587	70	28.1778571428571	-0.177860897624822	0.177860897624822	-0.189428643288475	0.189428643288475	hypo	case		0.263301125722189	0.66	0.66	1.2	0.660966753580126	5
chr21	13873681	13876958	3278	55	27.6581818181818	-0.140765394972842	0.140765394972842	-0.144740840615375	0.144740840615375	hypo	case		0.310278718306159	0.66	0.66	1.2	0.660966753580126	5
chr20	53156656	53159376	2721	54	25.4277777777778	-0.195894559429677	0.195894559429677	-0.210914492246753	0.210914492246753	hypo	case		0.0652418849292838	0.66	0.66	1.2	0.660966753580126	5
chr20	25747760	25752037	4278	121	24.3425619834711	0.140715944336634	0.140715944336634	0.1466851366728	0.1466851366728	hyper	case		0.50570456157818	0.66	0.66	1.2	0.660966753580126	5
chr20	7001262	7002034	773	51	21.0539215686275	-0.217399594320142	0.217399594320142	-0.216456225891616	0.216456225891616	hypo	case		0.519399692939131	0.66	0.66	1.2	0.660966753580126	5
chr20	17386357	17391344	4988	82	20.2359756097561	-0.214279969438838	0.214279969438838	-0.214655180256631	0.214655180256631	hypo	case		0.146583419771777	0.66	0.66	1.2	0.660966753580126	5
chr21	46460716	46464762	4047	98	21.3040816326531	0.141344986894462	0.141344986894462	0.146642043660901	0.146642043660901	hyper	case		0.082923996379533	0.66	0.66	1.2	0.660966753580126	5
chr20	44135136	44139330	4195	124	20.445564516129	0.123548117470444	0.123548117470444	0.133091099915736	0.133091099915736	hyper	case		0.190853491164881	0.66	0.66	1.2	0.660966753580126	5
chr20	33208297	33212187	3891	76	22.1131578947368	0.173983187845077	0.173983187845077	0.180936304424868	0.180936304424868	hyper	case		0.0873065218623182	0.66	0.66	1.2	0.660966753580126	5
chr20	40847014	40849319	2306	76	24.0355263157895	-0.20475930197119	0.20475930197119	-0.231630653726443	0.231630653726443	hypo	case		0.767078138920069	0.66	0.767078138920069	2.8	0.682213840132396	5
chr21	19286830	19289066	2237	58	23.5810344827586	-0.233108061888875	0.233108061888875	-0.230506653408273	0.230506653408273	hypo	case		0.99	0.66	0.99	2.8	0.682213840132396	5
chr20	57076099	57078324	2226	54	21.7148148148148	0.123652694034159	0.123652694034159	0.122983605290894	0.122983605290894	hyper	case		0.514770250179997	0.66	0.66	1.2	0.660966753580126	5
chr21	26708595	26711744	3150	94	21.4122340425532	-0.189820051541949	0.189820051541949	-0.208210993900052	0.208210993900052	hypo	case		0.252954098524319	0.66	0.66	1.2	0.660966753580126	5
chr21	26184706	26187983	3278	60	24.695	-0.249358293364141	0.249358293364141	-0.249380817674624	0.249380817674624	hypo	case		0.392443921053083	0.66	0.66	1.2	0.660966753580126	5
chr21	20732656	20735453	2798	80	20.584375	-0.208450734569119	0.208450734569119	-0.209211860203332	0.209211860203332	hypo	case		0.4426200021948	0.66	0.66	1.2	0.660966753580126	5
chr20	46449319	46453832	4514	72	20.2631944444444	-0.203781740565909	0.203781740565909	-0.222980348433177	0.222980348433177	hypo	case		0.366018429662212	0.66	0.66	1.2	0.660966753580126	5
chr21	30578216	30582973	4758	59	19.7686440677966	0.139788577618669	0.139788577618669	0.121939410158868	0.121939410158868	hyper	case		0.388821239958794	0.66	0.66	1.2	0.660966753580126	5
chr21	26790944	26792875	1932	60	22.68	-0.193514488404579	0.193514488404579	-0.203416937565078	0.203416937565078	hypo	case		0.407886351890796	0.66	0.66	1.2	0.660966753580126	5
chr20	24549296	24553235	3940	86	22.6395348837209	-0.193502618385258	0.193502618385258	-0.196363349711425	0.196363349711425	hypo	case		0.301284242477407	0.66	0.66	1.2	0.660966753580126	5
chr21	34839007	34841624	2618	76	24.6743421052632	-0.177513143664498	0.177513143664498	-0.210713647688129	0.210713647688129	hypo	case		0.259761854633072	0.66	0.66	1.2	0.660966753580126	5
chr21	40354571	40357908	3338	62	23.3338709677419	-0.173093132132851	0.173093132132851	-0.16015130488492	0.16015130488492	hypo	case		0.342502597898785	0.66	0.66	1.2	0.660966753580126	5
chr20	40203897	40207779	3883	52	21.0365384615385	0.130716497469773	0.130716497469773	0.147190924414548	0.147190924414548	hyper	case		0.475711711112869	0.66	0.66	1.2	0.660966753580126	5
chr20	33517480	33521244	3765	138	21.8123188405797	-0.150475828252264	0.150475828252264	-0.163367068628533	0.163367068628533	hypo	case		0.622940951284474	0.66	0.66	1.2	0.660966753580126	5
chr20	47293740	47296150	2411	65	23.5369230769231	0.152782058627647	0.152782058627647	0.175634812448224	0.175634812448224	hyper	case		0.450559949920513	0.66	0.66	1.2	0.660966753580126	5
chr20	14422561	14424058	1498	82	20.7957317073171	-0.203664269701039	0.203664269701039	-0.196399788371557	0.196399788371557	hypo	case		0.307930887553775	0.66	0.66	1.2	0.660966753580126	5
chr20	9623730	9627971	4242	64	22.9359375	-0.190865120502405	0.190865120502405	-0.185842157310768	0.185842157310768	hypo	case		0.462592093565573	0.66	0.66	1.2	0.660966753580126	5
chr21	31592600	31595473	2874	76	20.6697368421053	-0.160986233522632	0.160986233522632	-0.164943986737898	0.164943986737898	hypo	case		0.326681769173832	0.66	0.66	1.2	0.660966753580126	5
chr20	18537182	18540789	3608	114	23.7271929824561	-0.223726672639089	0.223726672639089	-0.220115788758449	0.220115788758449	hypo	case		0.306613156485794	0.66	0.66	1.2	0.660966753580126	5
chr20	5218828	5221398	2571	52	21.0903846153846	-0.149958706972335	0.149958706972335	-0.123812757733706	0.123812757733706	hypo	case		0.99	0.66	0.99	2.8	0.682213840132396	5
chr20	33233223	33237224	4002	74	23.5283783783784	-0.183881249351313	0.183881249351313	-0.210429824448667	0.210429824448667	hypo	case		0.345698625386672	0.66	0.66	1.2	0.660966753580126	5
chr20	8516020	8519932	3913	56	21.4232142857143	0.075302506384438	0.075302506384438	0.107831502126948	0.120844517367466	hyper	case		0.820923006821234	0.66	0.820923006821234	2.8	0.682213840132396	5
chr20	53869394	53871832	2439	50	19.682	0.221850407212607	0.221850407212607	0.243982468502644	0.243982468502644	hyper	case		0.148390391419967	0.66	0.66	1.2	0.660966753580126	5
chr20	58844484	58848811	4328	87	19.5132183908046	0.175620049313556	0.175620049313556	0.193567360098501	0.193567360098501	hyper	case		0.590714394063993	0.66	0.66	1.2	0.660966753580126	5
chr20	22545785	22549886	4102	68	22.0463235294118	-0.1873281565893	0.1873281565893	-0.177831187585524	0.177831187585524	hypo	case		0.211242920695247	0.66	0.66	1.2	0.660966753580126	5
chr21	22029469	22033106	3638	62	21.2935483870968	0.139116847718228	0.139116847718228	0.146272616875711	0.146272616875711	hyper	case		0.216153531491135	0.66	0.66	1.2	0.660966753580126	5
chr20	52410228	52412491	2264	85	22.3817647058824	-0.215649798890164	0.215649798890164	-0.207824968854105	0.207824968854105	hypo	case		0.354752214975725	0.66	0.66	1.2	0.660966753580126	5
chr20	52902855	52906220	3366	56	19.7491071428571	-0.109221426885938	0.109221426885938	-0.131717685268311	0.131717685268311	hypo	case		0.176491617134165	0.66	0.66	1.2	0.660966753580126	5
chr21	26694306	26697962	3657	50	22.072	-0.235922772106641	0.235922772106641	-0.222117126281799	0.222117126281799	hypo	case		0.329480622523456	0.66	0.66	1.2	0.660966753580126	5
chr20	56147081	56149168	2088	50	21.225	-0.218121939651752	0.218121939651752	-0.203199674280665	0.203199674280665	hypo	case		0.354801573410381	0.66	0.66	1.2	0.660966753580126	5
chr20	6694645	6699305	4661	118	23.714406779661	-0.221582765059598	0.221582765059598	-0.229202512578265	0.229202512578265	hypo	case		0.739288730431286	0.66	0.739288730431286	2.8	0.682213840132396	5
chr21	30006627	30011070	4444	77	20.5155844155844	-0.218194377683508	0.218194377683508	-0.219536446909963	0.219536446909963	hypo	case		0.395066226893686	0.66	0.66	1.2	0.660966753580126	5
chr21	37384782	37389737	4956	100	24.3535	0.130086183503184	0.130086183503184	0.149941999763137	0.149941999763137	hyper	case		0.315068281143289	0.66	0.66	1.2	0.660966753580126	5
chr20	39349269	39353579	4311	60	22.9741666666667	-0.19439296464894	0.19439296464894	-0.220015714630194	0.220015714630194	hypo	case		0.188568032650754	0.66	0.66	1.2	0.660966753580126	5
chr20	34806687	34809118	2432	76	22.0026315789474	-0.220863543223605	0.220863543223605	-0.222707438561881	0.222707438561881	hypo	case		0.280655100312024	0.66	0.66	1.2	0.660966753580126	5
chr20	45986600	45989400	2801	112	24.2428571428571	-0.124822217072617	0.124822217072617	-0.130277886174365	0.130277886174365	hypo	case		0.156769328013169	0.66	0.66	1.2	0.660966753580126	5
chr20	23156177	23159521	3345	100	22.9775	-0.19790700766262	0.19790700766262	-0.203745259390017	0.203745259390017	hypo	case		0.34801145567438	0.66	0.66	1.2	0.660966753580126	5
chr20	30691050	30695625	4576	68	24.3610294117647	0.123722516427042	0.123722516427042	0.129053711376917	0.129053711376917	hyper	case		0.488535409588596	0.66	0.66	1.2	0.660966753580126	5
chr20	52083041	52086774	3734	176	19.9809659090909	-0.208787662376697	0.208787662376697	-0.212291549963235	0.212291549963235	hypo	case		0.271340183557359	0.66	0.66	1.2	0.660966753580126	5
chr20	39819895	39824537	4643	88	22.4073863636364	-0.180980456171423	0.180980456171423	-0.194181014545351	0.194181014545351	hypo	case		0.587137017606709	0.66	0.66	1.2	0.660966753580126	5
chr20	2962809	2966643	3835	66	25.2136363636364	-0.242943275731879	0.242943275731879	-0.233174558343212	0.233174558343212	hypo	case		0.19434284285408	0.66	0.66	1.2	0.660966753580126	5
chr21	16288586	16292088	3503	98	21.3122448979592	-0.233130158998329	0.233130158998329	-0.229247331482882	0.229247331482882	hypo	case		0.232168406742928	0.66	0.66	1.2	0.660966753580126	5
chr20	5547623	5550149	2527	50	21.726	-0.177607052660246	0.177607052660246	-0.180647347286587	0.180647347286587	hypo	case		0.548248724257605	0.66	0.66	1.2	0.660966753580126	5
chr21	13525105	13529282	4178	86	22.1976744186047	-0.18115977600276	0.18115977600276	-0.198531830735357	0.198531830735357	hypo	case		0.326719215025536	0.66	0.66	1.2	0.660966753580126	5
chr21	10623932	10628337	4406	140	53.3842857142857	0.16985777197599	0.16985777197599	0.177314817890311	0.177314817890311	hyper	case		0.334872512503418	0.66	0.66	1.2	0.660966753580126	5
chr20	8964158	8967836	3679	54	22.9148148148148	-0.166525246627734	0.166525246627734	-0.201036711987653	0.201036711987653	hypo	case		0.105216203458667	0.66	0.66	1.2	0.660966753580126	5
chr20	21582808	21584893	2086	55	22.5609090909091	-0.220062627787126	0.220062627787126	-0.1926382611698	0.1926382611698	hypo	case		0.851659000886779	0.66	0.851659000886779	2.8	0.682213840132396	5
chr21	20408642	20412496	3855	50	23.108	-0.124663487524703	0.124663487524703	-0.149226930965843	0.149226930965843	hypo	case		0.881260392848833	0.66	0.881260392848833	2.8	0.682213840132396	5
chr20	29791834	29794501	2668	52	32.3394230769231	0.158949327076513	0.158949327076513	0.164790377605353	0.164790377605353	hyper	case		0.31430947075095	0.66	0.66	1.2	0.660966753580126	5
chr20	60568808	60572526	3719	82	21.0317073170732	0.133517855189782	0.133517855189782	0.147914469517013	0.147914469517013	hyper	case		0.0181027054201132	0.66	0.66	1.2	0.660966753580126	5
chr21	25647732	25651059	3328	54	22.337037037037	-0.192883648876696	0.192883648876696	-0.201108937918281	0.201108937918281	hypo	case		0.885075674135129	0.66	0.885075674135129	2.8	0.682213840132396	5
chr20	53022249	53025021	2773	56	21.1508928571429	0.107495167600559	0.107495167600559	0.109310705217643	0.109310705217643	hyper	case		0.771889601565964	0.66	0.771889601565964	2.8	0.682213840132396	5
chr20	6830199	6834354	4156	84	22.5285714285714	-0.187503356468736	0.187503356468736	-0.210927299485817	0.210927299485817	hypo	case		0.462245915212663	0.66	0.66	1.2	0.660966753580126	5
chr21	17692428	17697143	4716	119	11.5705882352941	-0.207534362128352	0.207534362128352	-0.20911406270484	0.20911406270484	hypo	case		0.158060397883624	0.66	0.66	1.2	0.660966753580126	5
chr21	40295315	40297730	2416	66	22.8863636363636	0.0844480261721969	0.0844480261721969	0.0924944698773493	0.10209586508813	hyper	case		0.727962509485029	0.66	0.727962509485029	2.8	0.682213840132396	5
chr21	7208747	7212242	3496	56	25.8017857142857	-0.180592436655532	0.180592436655532	-0.162679829072416	0.162679829072416	hypo	case		0.170283296194292	0.66	0.66	1.2	0.660966753580126	5
chr21	28879229	28880973	1745	54	22.4638888888889	-0.193034224117695	0.193034224117695	-0.191459035678233	0.191459035678233	hypo	case		0.242606525817055	0.66	0.66	1.2	0.660966753580126	5
chr20	9252892	9256645	3754	50	22.642	-0.226911906122988	0.226911906122988	-0.227172734346994	0.227172734346994	hypo	case		0.37102361312536	0.66	0.66	1.2	0.660966753580126	5
chr20	29427354	29428325	972	101	22.8975247524753	0.154132550278328	0.154132550278328	0.142661427939781	0.142661427939781	hyper	case		0.179209459480098	0.66	0.66	1.2	0.660966753580126	5
chr20	37371859	37373602	1744	50	24.558	-0.208861737880026	0.208861737880026	-0.203279920961483	0.203279920961483	hypo	case		0.166752913862698	0.66	0.66	1.2	0.660966753580126	5
chr21	19126211	19129136	2926	78	20.7846153846154	-0.197947043240395	0.197947043240395	-0.18062168203134	0.18062168203134	hypo	case		0.471692261367616	0.66	0.66	1.2	0.660966753580126	5
chr21	25672690	25676282	3593	78	25.1807692307692	-0.230593035684251	0.230593035684251	-0.257928508402684	0.257928508402684	hypo	case		0.570257384575668	0.66	0.66	1.2	0.660966753580126	5
chr21	10459122	10461741	2620	58	104.741379310345	-0.127362682032317	0.127362682032317	-0.14454093053774	0.15445568963559	hypo	case		0.758649867195562	0.66	0.758649867195562	2.8	0.682213840132396	5
chr20	55798191	55802690	4500	66	24.8075757575758	0.124453236862986	0.124453236862986	0.142497741076416	0.142497741076416	hyper	case		0.222711844083166	0.66	0.66	1.2	0.660966753580126	5
chr21	30341428	30345215	3788	68	22.2830882352941	-0.187617108554714	0.187617108554714	-0.198557766037038	0.198557766037038	hypo	case		0.0362402288224842	0.66	0.66	1.2	0.660966753580126	5
chr20	55567926	55570793	2868	52	22.1692307692308	-0.182597647690065	0.182597647690065	-0.19315654941091	0.19315654941091	hypo	case		0.105157899554538	0.66	0.66	1.2	0.660966753580126	5
chr20	41458502	41461789	3288	70	22.4635714285714	-0.247252264014485	0.247252264014485	-0.25764119671496	0.25764119671496	hypo	case		0.483873964178799	0.66	0.66	1.2	0.660966753580126	5
chr20	33528403	33533022	4620	137	22.9386861313869	0.184873897932441	0.184873897932441	0.18957270208586	0.18957270208586	hyper	case		0.489656319470119	0.66	0.66	1.2	0.660966753580126	5
chr20	35652603	35655525	2923	98	20.9678571428571	0.102203627953061	0.102203627953061	0.101872981316324	0.101872981316324	hyper	case		0.262141358580122	0.66	0.66	1.2	0.660966753580126	5
chr20	29477042	29480820	3779	55	18.0209090909091	-0.168307401320457	0.168307401320457	-0.197779150733063	0.197779150733063	hypo	case		0.3140020266125	0.66	0.66	1.2	0.660966753580126	5
chr20	61450545	61452657	2113	70	21.8	-0.233165147680658	0.233165147680658	-0.231981988878472	0.231981988878472	hypo	case		0.147948550088627	0.66	0.66	1.2	0.660966753580126	5
chr20	12126107	12130445	4339	125	22.9488	-0.261400174723199	0.261400174723199	-0.269739599279745	0.269739599279745	hypo	case		0.202542531786799	0.66	0.66	1.2	0.660966753580126	5
chr20	24033580	24038062	4483	74	25.2918918918919	-0.235676915698136	0.235676915698136	-0.24090926912141	0.24090926912141	hypo	case		0.506047051413438	0.66	0.66	1.2	0.660966753580126	5
chr21	40108327	40110764	2438	70	23.5535714285714	-0.230653369981215	0.230653369981215	-0.222567563172355	0.222567563172355	hypo	case		0.482347229483095	0.66	0.66	1.2	0.660966753580126	5
chr21	32417683	32420641	2959	56	21.1	-0.175876342358261	0.175876342358261	-0.198766779029716	0.198766779029716	hypo	case		0.649586421869971	0.66	0.66	1.2	0.660966753580126	5
chr21	30595700	30598876	3177	81	21.2425925925926	-0.177939423044244	0.177939423044244	-0.191244475773507	0.191244475773507	hypo	case		0.205163972210935	0.66	0.66	1.2	0.660966753580126	5
chr20	5239835	5244702	4868	78	20.4551282051282	-0.211255380239516	0.211255380239516	-0.205246319197031	0.205246319197031	hypo	case		0.29295398857391	0.66	0.66	1.2	0.660966753580126	5
chr20	52601363	52604793	3431	68	21.1448529411765	-0.236858805832995	0.236858805832995	-0.255083813972506	0.255083813972506	hypo	case		0.42763258590805	0.66	0.66	1.2	0.660966753580126	5
chr21	28261609	28265121	3513	86	23.1761627906977	-0.248698746012663	0.248698746012663	-0.23999043356848	0.23999043356848	hypo	case		0.213318125226082	0.66	0.66	1.2	0.660966753580126	5
chr20	18821104	18825402	4299	95	21.5263157894737	-0.229627892967294	0.229627892967294	-0.229840605062381	0.229840605062381	hypo	case		0.305067755466511	0.66	0.66	1.2	0.660966753580126	5
chr20	42298503	42300875	2373	60	24.105	-0.262584965323274	0.262584965323274	-0.27644545856962	0.27644545856962	hypo	case		0.261838887416983	0.66	0.66	1.2	0.660966753580126	5
chr20	53238868	53243697	4830	58	23.6948275862069	-0.226711815389044	0.226711815389044	-0.239800717138199	0.239800717138199	hypo	case		0.107936332579465	0.66	0.66	1.2	0.660966753580126	5
chr21	6864631	6867980	3350	64	14.71953125	-0.184904446114813	0.184904446114813	-0.189848467073788	0.189848467073788	hypo	case		0.54453795269514	0.66	0.66	1.2	0.660966753580126	5
chr20	47692679	47696144	3466	98	22.3857142857143	-0.24184407447109	0.24184407447109	-0.237000860303132	0.237000860303132	hypo	case		0.18119884141614	0.66	0.66	1.2	0.660966753580126	5
chr21	29586740	29590413	3674	74	19.5040540540541	-0.236392055925944	0.236392055925944	-0.242567365303711	0.242567365303711	hypo	case		0.405039654311261	0.66	0.66	1.2	0.660966753580126	5
chr20	41907312	41910564	3253	50	22.239	-0.196981606557227	0.196981606557227	-0.181119851653674	0.181119851653674	hypo	case		0.266137402216602	0.66	0.66	1.2	0.660966753580126	5
chr20	53584395	53587181	2787	60	22.825	-0.246962064143529	0.246962064143529	-0.247193301952497	0.247193301952497	hypo	case		0.446548342540699	0.66	0.66	1.2	0.660966753580126	5
chr21	22066057	22070601	4545	54	22.3685185185185	-0.243744745650776	0.243744745650776	-0.234623390156031	0.234623390156031	hypo	case		0.103137427661754	0.66	0.66	1.2	0.660966753580126	5
chr21	23856908	23859026	2119	84	20.6732142857143	-0.217587623471531	0.217587623471531	-0.208691755080258	0.208691755080258	hypo	case		0.262284296832391	0.66	0.66	1.2	0.660966753580126	5
chr20	129531	132233	2703	136	20.4441176470588	-0.197445566878787	0.197445566878787	-0.209783101494026	0.209783101494026	hypo	case		0.469763296586619	0.66	0.66	1.2	0.660966753580126	5
chr20	18887944	18890476	2533	52	21.0442307692308	-0.170298389672486	0.170298389672486	-0.151727534434301	0.151727534434301	hypo	case		0.193315057767035	0.66	0.66	1.2	0.660966753580126	5
chr20	11021325	11026150	4826	72	21.7791666666667	-0.185919933790776	0.185919933790776	-0.190906633492461	0.190906633492461	hypo	case		0.371118535933673	0.66	0.66	1.2	0.660966753580126	5
chr20	7766912	7771409	4498	58	21.8775862068966	-0.210552860825748	0.210552860825748	-0.222044475113938	0.222044475113938	hypo	case		0.408547728225122	0.66	0.66	1.2	0.660966753580126	5
chr21	20926905	20928540	1636	52	21.4615384615385	-0.228728225818015	0.228728225818015	-0.226416703494202	0.226416703494202	hypo	case		0.29924331858873	0.66	0.66	1.2	0.660966753580126	5
chr21	39270956	39273121	2166	102	21.9828431372549	-0.233477071882116	0.233477071882116	-0.214088085299048	0.214088085299048	hypo	case		0.258167576940271	0.66	0.66	1.2	0.660966753580126	5
chr20	42049832	42053894	4063	88	21.2170454545455	-0.191908846787092	0.191908846787092	-0.197496805295298	0.197496805295298	hypo	case		0.505997030509879	0.66	0.66	1.2	0.660966753580126	5
chr21	32297490	32301931	4442	242	20.4537190082645	-0.213706068425176	0.213706068425176	-0.201270543198608	0.201270543198608	hypo	case		0.343223615540457	0.66	0.66	1.2	0.660966753580126	5
chr20	12053877	12055279	1403	52	24.8509615384615	-0.193488785622034	0.193488785622034	-0.194705310851001	0.194705310851001	hypo	case		0.673252474193915	0.66	0.673252474193915	1.1	0.67423733188773	5
chr21	22613988	22616305	2318	52	21.4701923076923	-0.212905492411071	0.212905492411071	-0.204488885874397	0.204488885874397	hypo	case		0.5495682719449	0.66	0.66	1.2	0.660966753580126	5
chr21	13469815	13473074	3260	50	21.747	-0.164296134215422	0.164296134215422	-0.160500767774492	0.160500767774492	hypo	case		0.603642865156878	0.66	0.66	1.2	0.660966753580126	5
chr20	5288324	5291703	3380	65	20.0192307692308	-0.174243256743257	0.174243256743257	-0.158899975939584	0.158899975939584	hypo	case		0.464723971574529	0.66	0.66	1.2	0.660966753580126	5
chr20	45141838	45145700	3863	52	21.7096153846154	0.157317351133381	0.157317351133381	0.165872136780302	0.165872136780302	hyper	case		0.401525648403795	0.66	0.66	1.2	0.660966753580126	5
chr20	55700669	55705052	4384	84	24.8297619047619	-0.242388602181098	0.242388602181098	-0.24391802640053	0.24391802640053	hypo	case		0.147831375231175	0.66	0.66	1.2	0.660966753580126	5
chr20	24985776	24989266	3491	64	23.81875	-0.194794654612895	0.194794654612895	-0.19576850362757	0.19576850362757	hypo	case		0.43479216023159	0.66	0.66	1.2	0.660966753580126	5
chr21	22961296	22965620	4325	68	23.1426470588235	0.13323820522329	0.13323820522329	0.14362180119071	0.14362180119071	hyper	case		0.523869198629764	0.66	0.66	1.2	0.660966753580126	5
chr21	34622589	34626939	4351	90	20.6288888888889	0.119897556014017	0.119897556014017	0.134418339132103	0.134418339132103	hyper	case		0.149912215515619	0.66	0.66	1.2	0.660966753580126	5
chr21	37885601	37889498	3898	57	20.6122807017544	-0.150758517660041	0.150758517660041	-0.150189247930846	0.150189247930846	hypo	case		0.251304113257801	0.66	0.66	1.2	0.660966753580126	5
chr21	15163227	15164809	1583	60	21.4325	-0.245562581302058	0.245562581302058	-0.265543951125941	0.265543951125941	hypo	case		0.652877550734411	0.66	0.66	1.2	0.660966753580126	5
chr20	17239534	17244141	4608	62	21.0717741935484	-0.15957694796419	0.15957694796419	-0.172241517843654	0.172241517843654	hypo	case		0.276472650528126	0.66	0.66	1.2	0.660966753580126	5
chr20	31482340	31486916	4577	237	22.257805907173	-0.115302790828988	0.115302790828988	-0.134779752853165	0.134779752853165	hypo	case		0.233425098853907	0.66	0.66	1.2	0.660966753580126	5
chr20	28796361	28800450	4090	52	33.3740384615385	-0.162463263599472	0.162463263599472	-0.160489172929626	0.160489172929626	hypo	case		0.280970300796593	0.66	0.66	1.2	0.660966753580126	5
chr21	38608528	38612164	3637	104	20.76875	-0.233790830908284	0.233790830908284	-0.245587327861912	0.245587327861912	hypo	case		0.340934811729046	0.66	0.66	1.2	0.660966753580126	5
chr20	31284773	31287462	2690	76	24.1052631578947	0.0860990842934074	0.0860990842934074	0.0857345997035666	0.0857345997035666	hyper	case		0.731877169528113	0.66	0.731877169528113	2.8	0.682213840132396	5
chr21	36562559	36564585	2027	53	24.2018867924528	0.0763415063677286	0.0763415063677286	0.099991851128346	0.099991851128346	hyper	case		0.951053411699755	0.66	0.951053411699755	2.8	0.682213840132396	5
chr20	58437093	58441637	4545	86	20.5470930232558	-0.139888657280996	0.139888657280996	-0.136532518281487	0.136532518281487	hypo	case		0.623607109710847	0.66	0.66	1.2	0.660966753580126	5
chr21	14525377	14528164	2788	54	23.0611111111111	-0.203363616194245	0.203363616194245	-0.209713634452074	0.209713634452074	hypo	case		0.256357905693634	0.66	0.66	1.2	0.660966753580126	5
chr20	5395544	5398595	3052	53	20.3443396226415	-0.168563217069645	0.168563217069645	-0.180027174824861	0.180027174824861	hypo	case		0.445295226448791	0.66	0.66	1.2	0.660966753580126	5
chr21	9629082	9632574	3493	82	48.4036585365854	0.146871036118357	0.146871036118357	0.140874937179297	0.140874937179297	hyper	case		0.695067009227936	0.66	0.695067009227936	2.8	0.682213840132396	5
chr20	41922227	41926555	4329	60	21.3191666666667	0.0695905757564326	0.0695905757564326	0.066168978577102	0.0676671467190602	hyper	case		0.712728459896063	0.66	0.712728459896063	2.8	0.682213840132396	5
chr21	24735848	24739018	3171	64	21.9203125	0.130238340185378	0.130238340185378	0.140238376377118	0.140238376377118	hyper	case		0.566990144188824	0.66	0.66	1.2	0.660966753580126	5
chr20	33560775	33565215	4441	135	19.6122222222222	-0.115423834780108	0.115423834780108	-0.121193680273868	0.122320906908715	hypo	case		0.168662140196352	0.66	0.66	1.2	0.660966753580126	5
chr21	8171557	8174828	3272	54	13.762962962963	-0.172393792030982	0.172393792030982	-0.189168541147599	0.189168541147599	hypo	case		0.415371906170884	0.66	0.66	1.2	0.660966753580126	5
chr21	43175432	43180265	4834	130	12.3388461538462	0.184414237545631	0.184414237545631	0.184262257513123	0.184262257513123	hyper	case		0.349503745241493	0.66	0.66	1.2	0.660966753580126	5
chr20	60628278	60633063	4786	110	19.4718181818182	0.151736646578508	0.151736646578508	0.159153675628536	0.159153675628536	hyper	case		0.266978002820673	0.66	0.66	1.2	0.660966753580126	5
chr20	37183237	37185946	2710	58	23.1327586206897	-0.131523314957423	0.131523314957423	-0.161042210890304	0.161042210890304	hypo	case		0.504967545906599	0.66	0.66	1.2	0.660966753580126	5
chr21	37317981	37318977	997	50	17.841	-0.197880081064298	0.197880081064298	-0.201874002363946	0.201874002363946	hypo	case		0.400217967398209	0.66	0.66	1.2	0.660966753580126	5
chr20	22496727	22500924	4198	84	22.1636904761905	-0.149638910121531	0.149638910121531	-0.146716750069539	0.146716750069539	hypo	case		0.255532777314676	0.66	0.66	1.2	0.660966753580126	5
chr20	59984667	59987769	3103	92	22.4929347826087	-0.212652184157749	0.212652184157749	-0.213352978027134	0.213352978027134	hypo	case		0.414406107328498	0.66	0.66	1.2	0.660966753580126	5
chr20	29799256	29803564	4309	100	24.977	0.129944674229285	0.129944674229285	0.138927281683287	0.138927281683287	hyper	case		0.573272977046589	0.66	0.66	1.2	0.660966753580126	5
chr21	22466083	22469178	3096	52	23.6153846153846	0.140651241790859	0.140651241790859	0.127711451178685	0.127711451178685	hyper	case		0.119226337485269	0.66	0.66	1.2	0.660966753580126	5
chr20	27559228	27563984	4757	55	16.5172727272727	-0.233997438355991	0.233997438355991	-0.266206451685785	0.266206451685785	hypo	case		0.472472092375084	0.66	0.66	1.2	0.660966753580126	5
chr20	14690655	14694342	3688	54	22.6361111111111	-0.243895140943504	0.243895140943504	-0.240740705521341	0.240740705521341	hypo	case		0.568577177049046	0.66	0.66	1.2	0.660966753580126	5
chr20	46835334	46840312	4979	108	20.8444444444444	-0.21467313523203	0.21467313523203	-0.217757427361214	0.217757427361214	hypo	case		0.0897886256405891	0.66	0.66	1.2	0.660966753580126	5
chr21	16182510	16184713	2204	56	20.1517857142857	-0.216691233953701	0.216691233953701	-0.209433668729767	0.209433668729767	hypo	case		0.32998557384497	0.66	0.66	1.2	0.660966753580126	5
chr21	15570250	15572754	2505	58	19.9301724137931	-0.207511696285079	0.207511696285079	-0.226250060945717	0.226250060945717	hypo	case		0.944348020890994	0.66	0.944348020890994	2.8	0.682213840132396	5
chr20	30811915	30816882	4968	486	41.6024691358025	0.148242306200337	0.148242306200337	0.155526300143035	0.155526300143035	hyper	case		0.150198978691506	0.66	0.66	1.2	0.660966753580126	5
chr20	21592942	21596741	3800	52	25.2201923076923	0.110956956035976	0.110956956035976	0.117818496874224	0.117818496874224	hyper	case		0.735847107668801	0.66	0.735847107668801	2.8	0.682213840132396	5
chr21	27805695	27808830	3136	60	22.3741666666667	-0.223834210815975	0.223834210815975	-0.195607789842662	0.195607789842662	hypo	case		0.338739546734979	0.66	0.66	1.2	0.660966753580126	5
chr20	33956548	33960017	3470	108	20.9615740740741	-0.212602085888856	0.212602085888856	-0.216602612551702	0.216602612551702	hypo	case		0.266692167696398	0.66	0.66	1.2	0.660966753580126	5
chr21	46241830	46245120	3291	75	19.2086666666667	0.092193356922762	0.092193356922762	0.11557120274902	0.11557120274902	hyper	case		0.323459848455996	0.66	0.66	1.2	0.660966753580126	5
chr20	10046842	10050740	3899	89	20.9573033707865	-0.25316273102459	0.25316273102459	-0.275286206510212	0.275286206510212	hypo	case		0.578330910113268	0.66	0.66	1.2	0.660966753580126	5
chr21	35593156	35596666	3511	68	19.8183823529412	0.103434239538375	0.103434239538375	0.126415385244933	0.126415385244933	hyper	case		0.068928097087849	0.66	0.66	1.2	0.660966753580126	5
chr20	21462796	21465752	2957	62	21.6604838709677	-0.279069017117906	0.279069017117906	-0.294818369582109	0.294818369582109	hypo	case		0.182213484192744	0.66	0.66	1.2	0.660966753580126	5
chr20	8956513	8958927	2415	52	21.25	-0.183982897025645	0.183982897025645	-0.181976781158021	0.181976781158021	hypo	case		0.285713081495536	0.66	0.66	1.2	0.660966753580126	5
chr21	13501514	13505044	3531	80	22.408125	-0.169502129767284	0.169502129767284	-0.183939648257463	0.183939648257463	hypo	case		0.152260204953641	0.66	0.66	1.2	0.660966753580126	5
chr21	18417621	18421361	3741	88	22.8568181818182	0.129311392534697	0.129311392534697	0.13602224208584	0.13602224208584	hyper	case		0.170114086177613	0.66	0.66	1.2	0.660966753580126	5
chr20	20602707	20606501	3795	74	20.7878378378378	-0.171337329029006	0.171337329029006	-0.179271211785626	0.179271211785626	hypo	case		0.134761489407658	0.66	0.66	1.2	0.660966753580126	5
chr20	56053398	56058101	4704	76	21.7453947368421	-0.172285813807982	0.172285813807982	-0.18298749089745	0.18298749089745	hypo	case		0.237048918935906	0.66	0.66	1.2	0.660966753580126	5
chr20	15328316	15331293	2978	50	19.658	-0.233132737444273	0.233132737444273	-0.235356986665444	0.235356986665444	hypo	case		0.250976720031331	0.66	0.66	1.2	0.660966753580126	5
chr21	18959244	18962381	3138	50	19.939	-0.165607355899	0.165607355899	-0.178515040834491	0.178515040834491	hypo	case		0.406913315399635	0.66	0.66	1.2	0.660966753580126	5
chr20	5826628	5829638	3011	62	21.2298387096774	0.155679658624966	0.155679658624966	0.150670179498439	0.150670179498439	hyper	case		0.285540659323484	0.66	0.66	1.2	0.660966753580126	5
chr20	43031204	43035612	4409	84	19.6928571428571	0.109545697089718	0.109545697089718	0.139092504477593	0.139092504477593	hyper	case		0.301579283252548	0.66	0.66	1.2	0.660966753580126	5
chr20	9405919	9409553	3635	80	22.413125	-0.163407564097942	0.163407564097942	-0.17646626272604	0.17646626272604	hypo	case		0.456345091072621	0.66	0.66	1.2	0.660966753580126	5
chr20	10747101	10751166	4066	70	22.1464285714286	-0.192418202813712	0.192418202813712	-0.193875415482735	0.193875415482735	hypo	case		0.36807017405353	0.66	0.66	1.2	0.660966753580126	5
chr21	21921426	21926289	4864	71	17.7232394366197	0.048015980915631	0.048015980915631	0.0386514991735948	0.0930170857339575	hyper	case		0.819045048586475	0.66	0.819045048586475	2.8	0.682213840132396	5
chr21	30355877	30358676	2800	68	23.7463235294118	-0.19074669355262	0.19074669355262	-0.205852944838674	0.205852944838674	hypo	case		0.542656279359172	0.66	0.66	1.2	0.660966753580126	5
chr21	9265684	9268879	3196	56	30.1982142857143	0.131017343811257	0.131017343811257	0.146949609440868	0.146949609440868	hyper	case		0.37481529047472	0.66	0.66	1.2	0.660966753580126	5
chr20	35200474	35203793	3320	78	21.3942307692308	-0.20944804214578	0.20944804214578	-0.216200426667215	0.216200426667215	hypo	case		0.271898176483508	0.66	0.66	1.2	0.660966753580126	5
chr20	18529495	18533655	4161	105	22.982380952381	-0.223721247159311	0.223721247159311	-0.236556399394874	0.236556399394874	hypo	case		0.14189315959904	0.66	0.66	1.2	0.660966753580126	5
chr20	6275519	6278019	2501	58	18.7793103448276	-0.147038198223856	0.147038198223856	-0.168443294644212	0.178240039621232	hypo	case		0.863377243029101	0.66	0.863377243029101	2.8	0.682213840132396	5
chr21	23525732	23530425	4694	65	21.02	-0.222295750431199	0.222295750431199	-0.217694003381235	0.217694003381235	hypo	case		0.444057375759697	0.66	0.66	1.2	0.660966753580126	5
chr20	22000219	22003335	3117	74	23.172972972973	-0.233087036351162	0.233087036351162	-0.240579639729975	0.240579639729975	hypo	case		0.137693697888799	0.66	0.66	1.2	0.660966753580126	5
chr21	15824655	15827766	3112	66	19.9545454545455	0.181557820004956	0.181557820004956	0.177417202570591	0.177417202570591	hyper	case		0.316215316272202	0.66	0.66	1.2	0.660966753580126	5
chr21	18276781	18280571	3791	126	22.8222222222222	-0.184882172335999	0.184882172335999	-0.182055804724645	0.182055804724645	hypo	case		0.296531898829114	0.66	0.66	1.2	0.660966753580126	5
chr21	40908426	40913288	4863	106	23.0448113207547	0.0940177236514491	0.0940177236514491	0.101127710641017	0.101127710641017	hyper	case		0.394191411051725	0.66	0.66	1.2	0.660966753580126	5
chr20	2446514	2448150	1637	52	22.3971153846154	-0.197496519988489	0.197496519988489	-0.205588842163534	0.205588842163534	hypo	case		0.31055667704972	0.66	0.66	1.2	0.660966753580126	5
chr21	32684724	32686052	1329	51	24.5117647058824	-0.216967473199009	0.216967473199009	-0.194928350637062	0.194928350637062	hypo	case		0.423585463262777	0.66	0.66	1.2	0.660966753580126	5
chr21	39577375	39580773	3399	99	21.689898989899	-0.194523799592216	0.194523799592216	-0.192024418707569	0.192024418707569	hypo	case		0.444239208583212	0.66	0.66	1.2	0.660966753580126	5
chr20	48302679	48306678	4000	74	24.6054054054054	-0.222520678534359	0.222520678534359	-0.239295604091302	0.239295604091302	hypo	case		0.324940865526391	0.66	0.66	1.2	0.660966753580126	5
chr21	46696842	46699775	2934	481	44.2295218295218	-0.19705169918639	0.19705169918639	-0.202512368208729	0.202512368208729	hypo	case		0.239405916384809	0.66	0.66	1.2	0.660966753580126	5
chr20	33565801	33569405	3605	100	19.433	0.19625774903494	0.19625774903494	0.2115157211611	0.2115157211611	hyper	case		0.82930111896655	0.66	0.82930111896655	2.8	0.682213840132396	5
chr20	59763830	59767355	3526	52	23.0990384615385	-0.218839514543528	0.218839514543528	-0.217220638336501	0.217220638336501	hypo	case		0.300494901818651	0.66	0.66	1.2	0.660966753580126	5
chr20	5815870	5820381	4512	85	21.5323529411765	0.118181191050718	0.118181191050718	0.138275417093409	0.138275417093409	hyper	case		0.565267419732571	0.66	0.66	1.2	0.660966753580126	5
chr20	55803375	55807722	4348	60	23.41	-0.195411311088335	0.195411311088335	-0.187285906160329	0.187285906160329	hypo	case		0.703141763754556	0.66	0.703141763754556	2.8	0.682213840132396	5
chr20	52944166	52948563	4398	50	22.189	0.157393700109869	0.157393700109869	0.176898538020548	0.176898538020548	hyper	case		0.28586162457729	0.66	0.66	1.2	0.660966753580126	5
chr20	12048359	12053316	4958	98	24.3704081632653	-0.236210453955942	0.236210453955942	-0.217760276646853	0.217760276646853	hypo	case		0.18905097374401	0.66	0.66	1.2	0.660966753580126	5
chr21	23768889	23773703	4815	82	23.5859756097561	-0.199594361701059	0.199594361701059	-0.187875697151832	0.187875697151832	hypo	case		0.673427616374002	0.66	0.673427616374002	1.1	0.67423733188773	5
chr20	43908601	43910773	2173	77	19.2922077922078	-0.245684982737732	0.245684982737732	-0.252599309221084	0.252599309221084	hypo	case		0.37286385816891	0.66	0.66	1.2	0.660966753580126	5
chr21	37775538	37778965	3428	65	21.7592307692308	-0.186455058099795	0.186455058099795	-0.185756685662972	0.185756685662972	hypo	case		0.0684180207503778	0.66	0.66	1.2	0.660966753580126	5
chr21	13191705	13193747	2043	54	21.4064814814815	-0.225574577330892	0.225574577330892	-0.208936265187569	0.208936265187569	hypo	case		0.213969593665455	0.66	0.66	1.2	0.660966753580126	5
chr21	19238928	19243380	4453	53	18.3358490566038	0.118490697562839	0.118490697562839	0.143182564430513	0.143182564430513	hyper	case		0.567644298660332	0.66	0.66	1.2	0.660966753580126	5
chr20	30295598	30297426	1829	50	23.652	-0.26535204371723	0.26535204371723	-0.260243188094131	0.260243188094131	hypo	case		0.376765021372325	0.66	0.66	1.2	0.660966753580126	5
chr20	34594131	34598130	4000	104	22.2004807692308	-0.194871924328149	0.194871924328149	-0.202127579938426	0.202127579938426	hypo	case		0.370340315771974	0.66	0.66	1.2	0.660966753580126	5
chr20	8213883	8215989	2107	56	21.7026785714286	-0.152354373404295	0.152354373404295	-0.148427697428159	0.148427697428159	hypo	case		0.360446065305431	0.66	0.66	1.2	0.660966753580126	5
chr21	38279682	38282945	3264	62	23.2758064516129	-0.184609272597673	0.184609272597673	-0.197264431238195	0.197264431238195	hypo	case		0.174823246218535	0.66	0.66	1.2	0.660966753580126	5
chr20	40852407	40855476	3070	57	20.969298245614	-0.184433439473109	0.184433439473109	-0.187618717027174	0.187618717027174	hypo	case		0.793048783949599	0.66	0.793048783949599	2.8	0.682213840132396	5
chr21	30234194	30239103	4910	84	22.2607142857143	-0.205661131186687	0.205661131186687	-0.200110774382474	0.200110774382474	hypo	case		0.619385027157956	0.66	0.66	1.2	0.660966753580126	5
chr20	41119721	41124106	4386	90	20.6527777777778	0.117101707450798	0.117101707450798	0.130700029584579	0.130700029584579	hyper	case		0.393651082651764	0.66	0.66	1.2	0.660966753580126	5
chr20	23063351	23066070	2720	52	23.0903846153846	-0.215056582121771	0.215056582121771	-0.280155908548546	0.280155908548546	hypo	case		0.0286010463871511	0.66	0.66	1.2	0.660966753580126	5
chr20	22327055	22329863	2809	68	23.3904411764706	-0.210791898050914	0.210791898050914	-0.223060361709783	0.223060361709783	hypo	case		0.364509961124425	0.66	0.66	1.2	0.660966753580126	5
chr21	40766775	40768979	2205	54	23.4388888888889	-0.152032185353459	0.152032185353459	-0.165623515395595	0.165623515395595	hypo	case		0.240757307719302	0.66	0.66	1.2	0.660966753580126	5
chr20	22330623	22335342	4720	132	20.6098484848485	-0.148416265850071	0.148416265850071	-0.158463371580699	0.158463371580699	hypo	case		0.48139439209779	0.66	0.66	1.2	0.660966753580126	5
chr21	25042606	25046747	4142	52	22.1634615384615	0.0401905063494956	0.0401905063494956	0.0463632310102978	0.0669641991228268	hyper	case		0.737752799338275	0.66	0.737752799338275	2.8	0.682213840132396	5
chr20	20316708	20320003	3296	79	17.3689873417722	0.180962446538147	0.180962446538147	0.181591941260375	0.181591941260375	hyper	case		0.317352676680795	0.66	0.66	1.2	0.660966753580126	5
chr20	30608418	30613211	4794	86	22.8453488372093	0.175663704210102	0.175663704210102	0.189344050783851	0.189344050783851	hyper	case		0.328476466109142	0.66	0.66	1.2	0.660966753580126	5
chr21	39124552	39128002	3451	77	22.8818181818182	-0.179229387584567	0.179229387584567	-0.174908343311111	0.174908343311111	hypo	case		0.426066017253907	0.66	0.66	1.2	0.660966753580126	5
chr21	13823976	13828785	4810	254	23.3253937007874	-0.211491140775615	0.211491140775615	-0.207845901996288	0.207845901996288	hypo	case		0.700524973907518	0.66	0.700524973907518	2.8	0.682213840132396	5
chr20	5438767	5442744	3978	60	19.9183333333333	-0.205698473122925	0.205698473122925	-0.207372757943834	0.207372757943834	hypo	case		0.540250455204973	0.66	0.66	1.2	0.660966753580126	5
chr21	14875771	14880230	4460	76	20.2730263157895	0.13028371411321	0.13028371411321	0.136324668023206	0.136324668023206	hyper	case		0.519112652079487	0.66	0.66	1.2	0.660966753580126	5
chr20	6574166	6577608	3443	51	21.7039215686275	0.23771600734403	0.23771600734403	0.227071203322711	0.227071203322711	hyper	case		0.780178223223088	0.66	0.780178223223088	2.8	0.682213840132396	5
chr21	30843812	30848436	4625	98	22.2760204081633	-0.245174331935667	0.245174331935667	-0.235686811849766	0.235686811849766	hypo	case		0.789044976004468	0.66	0.789044976004468	2.8	0.682213840132396	5
chr20	17022760	17025279	2520	54	22.6009259259259	-0.152241648664814	0.152241648664814	-0.149015061825324	0.149015061825324	hypo	case		0.381465510793398	0.66	0.66	1.2	0.660966753580126	5
chr21	14759944	14761882	1939	52	21.9019230769231	-0.244993378019357	0.244993378019357	-0.219153896223602	0.219153896223602	hypo	case		0.258886390851602	0.66	0.66	1.2	0.660966753580126	5
chr20	29060446	29064109	3664	90	56.5044444444445	0.163158167538098	0.163158167538098	0.170629031104523	0.170629031104523	hyper	case		0.375804573354287	0.66	0.66	1.2	0.660966753580126	5
chr20	30348130	30352491	4362	72	23.1569444444444	0.117896300213861	0.117896300213861	0.12751866155296	0.12751866155296	hyper	case		0.959723642616865	0.66	0.959723642616865	2.8	0.682213840132396	5
chr21	26357818	26360816	2999	50	23.791	-0.264073340521726	0.264073340521726	-0.278574145760122	0.278574145760122	hypo	case		0.427692246797867	0.66	0.66	1.2	0.660966753580126	5
chr20	56320153	56324717	4565	74	21.0358108108108	-0.140923983264939	0.140923983264939	-0.130808839496704	0.139548064373193	hypo	case		0.874422736107464	0.66	0.874422736107464	2.8	0.682213840132396	5
chr21	29494220	29497156	2937	50	22.079	-0.188384053065436	0.188384053065436	-0.184649262125203	0.184649262125203	hypo	case		0.606832747436649	0.66	0.66	1.2	0.660966753580126	5
chr20	50558752	50563370	4619	134	24.5623134328358	0.147711896332996	0.147711896332996	0.166154692380059	0.166154692380059	hyper	case		0.189662733761999	0.66	0.66	1.2	0.660966753580126	5
chr20	38095162	38097951	2790	58	22.3327586206897	-0.147163435106799	0.147163435106799	-0.151320745349273	0.151320745349273	hypo	case		0.578257608716095	0.66	0.66	1.2	0.660966753580126	5
chr20	55526501	55530229	3729	50	21.387	-0.199189553342179	0.199189553342179	-0.191630555546647	0.191630555546647	hypo	case		0.8824985170052	0.66	0.8824985170052	2.8	0.682213840132396	5
chr20	53245900	53248264	2365	68	25.3125	-0.215634942763467	0.215634942763467	-0.221627624142902	0.221627624142902	hypo	case		0.220396727053314	0.66	0.66	1.2	0.660966753580126	5
chr21	33598423	33601229	2807	70	21.69	-0.203837204226069	0.203837204226069	-0.222356032289435	0.222356032289435	hypo	case		0.13985617707352	0.66	0.66	1.2	0.660966753580126	5
chr20	42320330	42324950	4621	87	21.5379310344828	-0.252928294118175	0.252928294118175	-0.252628613030548	0.252628613030548	hypo	case		0.244110928614411	0.66	0.66	1.2	0.660966753580126	5
chr20	7628523	7632586	4064	76	20.9967105263158	-0.240878724661962	0.240878724661962	-0.24650670374729	0.24650670374729	hypo	case		0.194274404052182	0.66	0.66	1.2	0.660966753580126	5
chr21	19842523	19845181	2659	66	23.6659090909091	-0.158257946414861	0.158257946414861	-0.183279412864161	0.183279412864161	hypo	case		0.57384149205299	0.66	0.66	1.2	0.660966753580126	5
chr20	32783026	32785336	2311	84	21.7696428571429	-0.188234884866967	0.188234884866967	-0.204326149311757	0.204326149311757	hypo	case		0.379138593619403	0.66	0.66	1.2	0.660966753580126	5
chr20	21606117	21608709	2593	108	21.7902777777778	-0.163099881454187	0.163099881454187	-0.171153571863773	0.171153571863773	hypo	case		0.482671084281732	0.66	0.66	1.2	0.660966753580126	5
chr20	39372568	39375162	2595	50	22.402	-0.238791316995046	0.238791316995046	-0.245883435276493	0.245883435276493	hypo	case		0.155343013099821	0.66	0.66	1.2	0.660966753580126	5
chr20	52246512	52249893	3382	50	21.669	-0.179003852971944	0.179003852971944	-0.171154182892041	0.171154182892041	hypo	case		0.104965224797292	0.66	0.66	1.2	0.660966753580126	5
chr20	28925394	28929151	3758	76	24.8914473684211	0.0938555237816366	0.0938555237816366	0.0885152316080809	0.0885152316080809	hyper	case		0.513497023918168	0.66	0.66	1.2	0.660966753580126	5
chr20	5830148	5834177	4030	98	22.0989795918367	0.1331185357535	0.1331185357535	0.144891638122774	0.144891638122774	hyper	case		0.123217995472558	0.66	0.66	1.2	0.660966753580126	5
chr20	25098210	25102254	4045	96	21.7364583333333	-0.242932330241362	0.242932330241362	-0.251351659946265	0.251351659946265	hypo	case		0.496807125901192	0.66	0.66	1.2	0.660966753580126	5
chr21	30247962	30251804	3843	66	22.2212121212121	-0.224085012760615	0.224085012760615	-0.237803950538408	0.237803950538408	hypo	case		0.92821296879361	0.66	0.92821296879361	2.8	0.682213840132396	5
chr20	20516543	20519114	2572	50	23.197	0.139036219703145	0.139036219703145	0.130652641272986	0.130652641272986	hyper	case		0.395249822135247	0.66	0.66	1.2	0.660966753580126	5
chr21	35402761	35405978	3218	87	21.1281609195402	-0.191718725803946	0.191718725803946	-0.218198865721527	0.218198865721527	hypo	case		0.391679545716967	0.66	0.66	1.2	0.660966753580126	5
chr21	35809201	35813361	4161	104	22.3350961538462	-0.214375245340141	0.214375245340141	-0.23776042994178	0.23776042994178	hypo	case		0.276656604947692	0.66	0.66	1.2	0.660966753580126	5
chr20	25922706	25925425	2720	56	22.73125	0.139612071072118	0.139612071072118	0.168266505491161	0.168266505491161	hyper	case		0.501815181358605	0.66	0.66	1.2	0.660966753580126	5
chr21	37812615	37817196	4582	106	22.8259433962264	0.157786365788591	0.157786365788591	0.171542862703908	0.171542862703908	hyper	case		0.0523696186175981	0.66	0.66	1.2	0.660966753580126	5
chr21	35292217	35294880	2664	64	20.571875	0.175425522466774	0.175425522466774	0.188500190794923	0.188500190794923	hyper	case		0.342636121416072	0.66	0.66	1.2	0.660966753580126	5
chr20	35641628	35645433	3806	60	21.6825	0.177585750870196	0.177585750870196	0.194654905471907	0.194654905471907	hyper	case		0.197348470000885	0.66	0.66	1.2	0.660966753580126	5
chr20	26149120	26152889	3770	76	22.2960526315789	-0.169316953082254	0.169316953082254	-0.163423076425764	0.163423076425764	hypo	case		0.232245067300256	0.66	0.66	1.2	0.660966753580126	5
chr21	30420835	30423057	2223	74	21.4608108108108	-0.205851758808533	0.205851758808533	-0.20250259211003	0.20250259211003	hypo	case		0.492304995102694	0.66	0.66	1.2	0.660966753580126	5
chr20	22919282	22922321	3040	66	23.3530303030303	0.18205721514991	0.18205721514991	0.184115969121461	0.184115969121461	hyper	case		0.284802177973129	0.66	0.66	1.2	0.660966753580126	5
chr20	18222822	18225905	3084	62	22.3306451612903	-0.160471499299401	0.160471499299401	-0.170780153400198	0.170780153400198	hypo	case		0.151743317534786	0.66	0.66	1.2	0.660966753580126	5
chr20	20536646	20539721	3076	50	22.228	-0.120558694101499	0.120558694101499	-0.136829755839248	0.136829755839248	hypo	case		0.161457665460167	0.66	0.66	1.2	0.660966753580126	5
chr21	31063349	31068236	4888	88	21.9727272727273	-0.190887865452538	0.190887865452538	-0.195403450061295	0.195403450061295	hypo	case		0.550439365894535	0.66	0.66	1.2	0.660966753580126	5
chr20	16792243	16795013	2771	62	24.2935483870968	-0.208013068031893	0.208013068031893	-0.209434480018033	0.209434480018033	hypo	case		0.203992584422559	0.66	0.66	1.2	0.660966753580126	5
chr20	40369804	40372336	2533	56	21.6928571428571	-0.219293688200145	0.219293688200145	-0.22605895067647	0.22605895067647	hypo	case		0.255656232459437	0.66	0.66	1.2	0.660966753580126	5
chr20	21631123	21635628	4506	76	24.2763157894737	0.121261824713109	0.121261824713109	0.129574864892587	0.129574864892587	hyper	case		0.713788307624972	0.66	0.713788307624972	2.8	0.682213840132396	5
chr20	41307909	41311142	3234	58	20.6896551724138	0.159627964193653	0.159627964193653	0.140498997240597	0.140498997240597	hyper	case		0.190412630019174	0.66	0.66	1.2	0.660966753580126	5
chr21	37510686	37513669	2984	60	24.8933333333333	0.117628133745495	0.117628133745495	0.147539034646075	0.147539034646075	hyper	case		0.869827686804782	0.66	0.869827686804782	2.8	0.682213840132396	5
chr21	27692004	27695579	3576	52	19.5557692307692	0.118334840506482	0.118334840506482	0.112302377798552	0.112302377798552	hyper	case		0.370851526587862	0.66	0.66	1.2	0.660966753580126	5
chr20	19105412	19109734	4323	80	22.513125	-0.183223163669574	0.183223163669574	-0.190536168931734	0.190536168931734	hypo	case		0.290138525827821	0.66	0.66	1.2	0.660966753580126	5
chr21	38619680	38624655	4976	118	20.7495762711864	0.110129280823099	0.110129280823099	0.106349567923497	0.106349567923497	hyper	case		0.569136992008062	0.66	0.66	1.2	0.660966753580126	5
chr21	9996941	9998036	1096	60	32.095	0.151658240244291	0.151658240244291	0.165697964425563	0.165697964425563	hyper	case		0.227894843956235	0.66	0.66	1.2	0.660966753580126	5
chr21	22426859	22428327	1469	58	23.0456896551724	-0.221549478441173	0.221549478441173	-0.229535835549407	0.229535835549407	hypo	case		0.396356047220913	0.66	0.66	1.2	0.660966753580126	5
chr21	33712464	33714308	1845	78	21.2269230769231	-0.255980256769331	0.255980256769331	-0.250369396202045	0.250369396202045	hypo	case		0.250581713073978	0.66	0.66	1.2	0.660966753580126	5
chr21	10566694	10569764	3071	54	50.4027777777778	0.104260530631616	0.104260530631616	0.123279573378658	0.123279573378658	hyper	case		0.182485832171076	0.66	0.66	1.2	0.660966753580126	5
chr20	3941019	3943115	2097	64	23.89375	-0.231287863150609	0.231287863150609	-0.236085737693108	0.236085737693108	hypo	case		0.187126524705117	0.66	0.66	1.2	0.660966753580126	5
chr21	38225239	38230149	4911	108	20.8458333333333	-0.1695796612053	0.1695796612053	-0.183362104906186	0.183362104906186	hypo	case		0.181304404318888	0.66	0.66	1.2	0.660966753580126	5
chr20	32521873	32525319	3447	111	21.7166666666667	0.167364491249868	0.167364491249868	0.179344929959555	0.179344929959555	hyper	case		0.105299789851702	0.66	0.66	1.2	0.660966753580126	5
chr20	24447447	24450373	2927	84	22.4113095238095	-0.21420825955962	0.21420825955962	-0.211726124341128	0.211726124341128	hypo	case		0.547383603006801	0.66	0.66	1.2	0.660966753580126	5
chr21	35830843	35832595	1753	60	23.2133333333333	-0.208751209972032	0.208751209972032	-0.225597257708877	0.225597257708877	hypo	case		0.383137611988718	0.66	0.66	1.2	0.660966753580126	5
chr20	8051647	8054374	2728	54	22.1342592592593	0.123233041516657	0.123233041516657	0.116623494261189	0.116623494261189	hyper	case		0.284745919432662	0.66	0.66	1.2	0.660966753580126	5
chr21	31039201	31042640	3440	54	23.1203703703704	-0.21176296192516	0.21176296192516	-0.22542497110108	0.22542497110108	hypo	case		0.106875672881834	0.66	0.66	1.2	0.660966753580126	5
chr20	35238145	35240484	2340	66	22.3106060606061	-0.190952912585527	0.190952912585527	-0.188471349384901	0.188471349384901	hypo	case		0.592133149457496	0.66	0.66	1.2	0.660966753580126	5
chr20	56496269	56500466	4198	130	23.2773076923077	-0.218329559639718	0.218329559639718	-0.210094815325524	0.210094815325524	hypo	case		0.261233939939117	0.66	0.66	1.2	0.660966753580126	5
chr20	17044619	17049074	4456	76	21.7677631578947	-0.217445889130881	0.217445889130881	-0.221737394251872	0.221737394251872	hypo	case		0.292458648885883	0.66	0.66	1.2	0.660966753580126	5
chr20	42060777	42064335	3559	66	21.2257575757576	-0.224174450786646	0.224174450786646	-0.240568744078964	0.240568744078964	hypo	case		0.546625432546611	0.66	0.66	1.2	0.660966753580126	5
chr20	18922321	18926940	4620	76	22.1901315789474	-0.222377956895284	0.222377956895284	-0.205623100638487	0.205623100638487	hypo	case		0.542190154676279	0.66	0.66	1.2	0.660966753580126	5
chr21	13242966	13245475	2510	52	20.4980769230769	-0.147513492980262	0.147513492980262	-0.185923138181787	0.185923138181787	hypo	case		0.43950934103581	0.66	0.66	1.2	0.660966753580126	5
chr21	17039686	17042809	3124	60	21.7508333333333	-0.19306636046918	0.19306636046918	-0.188321332970578	0.188321332970578	hypo	case		0.241808336652969	0.66	0.66	1.2	0.660966753580126	5
chr21	20737913	20740788	2876	64	21.25078125	-0.230977282766035	0.230977282766035	-0.217183321692122	0.217183321692122	hypo	case		0.571778661893264	0.66	0.66	1.2	0.660966753580126	5
chr20	14529963	14533334	3372	70	23.4621428571429	-0.235463167975905	0.235463167975905	-0.242697262876368	0.242697262876368	hypo	case		0.404184315034261	0.66	0.66	1.2	0.660966753580126	5
chr20	47481177	47482793	1617	53	21.1377358490566	-0.226079671646808	0.226079671646808	-0.24030719691452	0.24030719691452	hypo	case		0.383653722047512	0.66	0.66	1.2	0.660966753580126	5
chr20	21390436	21394876	4441	194	20.9757731958763	0.19177665155342	0.19177665155342	0.200212359907138	0.200212359907138	hyper	case		0.0934567150005556	0.66	0.66	1.2	0.660966753580126	5
chr20	13070255	13072405	2151	64	20.771875	-0.168764562093176	0.168764562093176	-0.189397499520569	0.189397499520569	hypo	case		0.171170965970456	0.66	0.66	1.2	0.660966753580126	5
chr21	13450897	13455251	4355	70	21.6621428571429	0.179197790734478	0.179197790734478	0.187287631888678	0.187287631888678	hyper	case		0.978838736325794	0.66	0.978838736325794	2.8	0.682213840132396	5
chr21	14995501	14999671	4171	68	22.5845588235294	-0.175451606850881	0.175451606850881	-0.203145128297199	0.203145128297199	hypo	case		0.0527605238387137	0.66	0.66	1.2	0.660966753580126	5
chr20	49701411	49703844	2434	96	22.0197916666667	0.157177186363984	0.157177186363984	0.185595404814674	0.185595404814674	hyper	case		0.99	0.66	0.99	2.8	0.682213840132396	5
chr21	10642394	10645239	2846	60	58.3858333333333	0.153204696424623	0.153204696424623	0.15352011533062	0.15352011533062	hyper	case		0.193709255423566	0.66	0.66	1.2	0.660966753580126	5
chr21	19758701	19760229	1529	67	21.1723880597015	-0.233829130920298	0.233829130920298	-0.223551044283495	0.223551044283495	hypo	case		0.383412527810199	0.66	0.66	1.2	0.660966753580126	5
chr21	35632277	35636040	3764	80	24.6925	-0.182601367871014	0.182601367871014	-0.163148380852793	0.163148380852793	hypo	case		0.217353929515687	0.66	0.66	1.2	0.660966753580126	5
chr21	38036941	38040797	3857	64	21.328125	0.118896359931178	0.118896359931178	0.119863490217778	0.119863490217778	hyper	case		0.063879636290195	0.66	0.66	1.2	0.660966753580126	5
chr20	15504952	15507973	3022	68	25.5132352941176	-0.190288327924294	0.190288327924294	-0.182297440949699	0.182297440949699	hypo	case		0.460562334760095	0.66	0.66	1.2	0.660966753580126	5
chr20	42699777	42703082	3306	82	20.9585365853659	-0.203112200922138	0.203112200922138	-0.206899817645408	0.206899817645408	hypo	case		0.456484178799554	0.66	0.66	1.2	0.660966753580126	5
chr20	52735975	52740590	4616	94	23.7191489361702	-0.203939882262877	0.203939882262877	-0.211433066565706	0.211433066565706	hypo	case		0.110566532765299	0.66	0.66	1.2	0.660966753580126	5
chr21	13868722	13873053	4332	64	25.17109375	0.171017446263749	0.171017446263749	0.193900773968764	0.193900773968764	hyper	case		0.600487602346541	0.66	0.66	1.2	0.660966753580126	5
chr20	511845	516422	4578	62	22.6629032258065	-0.139066874760494	0.139066874760494	-0.150484749647437	0.150484749647437	hypo	case		0.291546943539876	0.66	0.66	1.2	0.660966753580126	5
chr20	19452909	19457165	4257	84	23.8684523809524	-0.162922178955052	0.162922178955052	-0.164581978652032	0.164581978652032	hypo	case		0.139855879447427	0.66	0.66	1.2	0.660966753580126	5
chr20	59658397	59660487	2091	54	24.6787037037037	-0.170926503137703	0.170926503137703	-0.168815845646195	0.168815845646195	hypo	case		0.362418509054457	0.66	0.66	1.2	0.660966753580126	5
chr20	11617478	11621710	4233	124	20.1225806451613	-0.221302878294532	0.221302878294532	-0.226615862565177	0.226615862565177	hypo	case		0.231752409626272	0.66	0.66	1.2	0.660966753580126	5
chr21	11313877	11318117	4241	76	12.4236842105263	0.141830291311716	0.141830291311716	0.160612948108638	0.160612948108638	hyper	case		0.152155970048633	0.66	0.66	1.2	0.660966753580126	5
chr20	42301588	42305905	4318	64	23.5375	-0.226438496733477	0.226438496733477	-0.220823618693551	0.220823618693551	hypo	case		0.0786798325645152	0.66	0.66	1.2	0.660966753580126	5
chr20	64301098	64304868	3771	82	37.7981707317073	0.0818185909808806	0.0818185909808806	0.0973186417696778	0.0973186417696778	hyper	case		0.99	0.66	0.99	2.8	0.682213840132396	5
chr21	28968355	28973342	4988	94	23.2537234042553	-0.167957998573285	0.167957998573285	-0.17169433062465	0.17169433062465	hypo	case		0.206056703011954	0.66	0.66	1.2	0.660966753580126	5
chr20	27604415	27607333	2919	72	18.4791666666667	0.113480965196114	0.113480965196114	0.129141849051848	0.129141849051848	hyper	case		0.577735726686928	0.66	0.66	1.2	0.660966753580126	5
chr21	34021958	34026512	4555	80	21.115625	-0.179364805119329	0.179364805119329	-0.174774794425181	0.174774794425181	hypo	case		0.239108889255795	0.66	0.66	1.2	0.660966753580126	5
chr20	39129593	39131935	2343	54	22.5175925925926	0.122870647865446	0.122870647865446	0.130055493706538	0.130055493706538	hyper	case		0.176452255792994	0.66	0.66	1.2	0.660966753580126	5
chr20	9639544	9642256	2713	122	23.147131147541	-0.191504337424572	0.191504337424572	-0.20268513000453	0.20268513000453	hypo	case		0.128568673140531	0.66	0.66	1.2	0.660966753580126	5
chr20	6532464	6534537	2074	52	20.425	-0.137376442987124	0.137376442987124	-0.155396890011087	0.155396890011087	hypo	case		0.131785495363324	0.66	0.66	1.2	0.660966753580126	5
chr21	26214596	26216521	1926	60	20.12	-0.275555848684943	0.275555848684943	-0.282875748606167	0.282875748606167	hypo	case		0.442832939993307	0.66	0.66	1.2	0.660966753580126	5
chr20	40524121	40528441	4321	58	20.523275862069	-0.208443276591555	0.208443276591555	-0.187802819732612	0.187802819732612	hypo	case		0.451496000939334	0.66	0.66	1.2	0.660966753580126	5
chr20	28828306	28832511	4206	66	25.0628787878788	-0.141310371203473	0.141310371203473	-0.156587362869158	0.156587362869158	hypo	case		0.313647186036907	0.66	0.66	1.2	0.660966753580126	5
chr20	12020917	12023093	2177	64	22.3046875	-0.246081074710727	0.246081074710727	-0.237079202201771	0.237079202201771	hypo	case		0.267139371435533	0.66	0.66	1.2	0.660966753580126	5
chr20	52349326	52352814	3489	62	23.4306451612903	0.117783152706395	0.117783152706395	0.107867537783202	0.107867537783202	hyper	case		0.0593820320947527	0.66	0.66	1.2	0.660966753580126	5
chr20	55011388	55015983	4596	76	22.1875	-0.231802448636791	0.231802448636791	-0.231377349620389	0.231377349620389	hypo	case		0.233331589963916	0.66	0.66	1.2	0.660966753580126	5
chr20	42041039	42045574	4536	62	22.0048387096774	0.0905587746870163	0.0905587746870163	0.095509572740896	0.0986040296659854	hyper	case		0.363784367517984	0.66	0.66	1.2	0.660966753580126	5
chr21	26848891	26853269	4379	60	21.5658333333333	-0.103508202600643	0.103508202600643	-0.133327736627629	0.133327736627629	hypo	case		0.191792897235729	0.66	0.66	1.2	0.660966753580126	5
chr20	58451179	58454223	3045	56	22.8455357142857	0.188572037883349	0.188572037883349	0.186474313938376	0.186474313938376	hyper	case		0.157272295875716	0.66	0.66	1.2	0.660966753580126	5
chr20	31961907	31966451	4545	78	20.9820512820513	-0.169695845096615	0.169695845096615	-0.171373333838707	0.171373333838707	hypo	case		0.353271673867121	0.66	0.66	1.2	0.660966753580126	5
chr20	29318140	29323063	4924	272	35.6051470588235	0.190492337427099	0.190492337427099	0.19911121624157	0.19911121624157	hyper	case		0.62603204485925	0.66	0.66	1.2	0.660966753580126	5
chr20	10786593	10790628	4036	68	21.1911764705882	-0.221762147834583	0.221762147834583	-0.221540943342127	0.221540943342127	hypo	case		0.32762692333599	0.66	0.66	1.2	0.660966753580126	5
chr20	31766551	31771438	4888	156	23.1650641025641	-0.253611230582085	0.253611230582085	-0.25560941833713	0.25560941833713	hypo	case		0.396157209422285	0.66	0.66	1.2	0.660966753580126	5
chr21	46248155	46250416	2262	58	18.1646551724138	0.107357690353349	0.107357690353349	0.148586499434271	0.148586499434271	hyper	case		0.16033595205153	0.66	0.66	1.2	0.660966753580126	5
chr21	14917566	14921752	4187	96	19.55625	0.157881423574612	0.157881423574612	0.170873657217763	0.170873657217763	hyper	case		0.199737998667115	0.66	0.66	1.2	0.660966753580126	5
chr20	39191172	39194709	3538	84	20.5857142857143	0.15697891268069	0.15697891268069	0.157342235223328	0.157342235223328	hyper	case		0.0403285603579194	0.66	0.66	1.2	0.660966753580126	5
chr21	19912070	19915444	3375	79	25.2025316455696	-0.186516830137172	0.186516830137172	-0.185716841406925	0.185716841406925	hypo	case		0.171884889111238	0.66	0.66	1.2	0.660966753580126	5
chr20	22103609	22106174	2566	52	23.8576923076923	-0.218542886280444	0.218542886280444	-0.244954431918569	0.244954431918569	hypo	case		0.0453950404766358	0.66	0.66	1.2	0.660966753580126	5
chr20	60527619	60530436	2818	67	20.0276119402985	-0.159714996261049	0.159714996261049	-0.197248404358567	0.197248404358567	hypo	case		0.472519429537535	0.66	0.66	1.2	0.660966753580126	5
chr20	47554729	47558977	4249	92	22.9929347826087	-0.173353506687439	0.173353506687439	-0.177309864349274	0.177309864349274	hypo	case		0.150319999164649	0.66	0.66	1.2	0.660966753580126	5
chr21	37805257	37809808	4552	82	20.840243902439	0.132818488913665	0.132818488913665	0.150025464438221	0.150025464438221	hyper	case		0.0860914768190192	0.66	0.66	1.2	0.660966753580126	5
chr21	21625577	21629833	4257	64	23.2640625	-0.211020886065903	0.211020886065903	-0.216062582315528	0.216062582315528	hypo	case		0.141220081638647	0.66	0.66	1.2	0.660966753580126	5
chr20	37542361	37544525	2165	50	22.867	0.113406904993264	0.113406904993264	0.130137827050337	0.130137827050337	hyper	case		0.252379000055744	0.66	0.66	1.2	0.660966753580126	5
chr21	16170551	16174393	3843	130	22.1103846153846	-0.263181029890508	0.263181029890508	-0.25491719645753	0.25491719645753	hypo	case		0.562951133564483	0.66	0.66	1.2	0.660966753580126	5
chr20	36000322	36002488	2167	212	22.9606132075472	-0.257151542984113	0.257151542984113	-0.260664484927492	0.260664484927492	hypo	case		0.547735431256317	0.66	0.66	1.2	0.660966753580126	5
chr20	1379680	1384277	4598	64	22.6125	-0.110449209266744	0.110449209266744	-0.121990433298384	0.121990433298384	hypo	case		0.20069189742706	0.66	0.66	1.2	0.660966753580126	5
chr20	32852230	32855664	3435	66	23.3719696969697	-0.185449603894787	0.185449603894787	-0.203663416942388	0.203663416942388	hypo	case		0.208193291472339	0.66	0.66	1.2	0.660966753580126	5
chr21	30563197	30565349	2153	51	21.4156862745098	0.126381273688659	0.126381273688659	0.123213871065972	0.123213871065972	hyper	case		0.0824708701059585	0.66	0.66	1.2	0.660966753580126	5
chr20	34222438	34226601	4164	224	23.9810267857143	-0.226844288995514	0.226844288995514	-0.225697664144301	0.225697664144301	hypo	case		0.302135091677602	0.66	0.66	1.2	0.660966753580126	5
chr21	40637819	40642429	4611	131	22.0896946564886	-0.116750730661283	0.116750730661283	-0.119317408584297	0.119317408584297	hypo	case		0.0702294237054455	0.66	0.66	1.2	0.660966753580126	5
chr20	1788053	1790994	2942	66	23.5333333333333	-0.228300514492375	0.228300514492375	-0.237326372389299	0.237326372389299	hypo	case		0.252081968492078	0.66	0.66	1.2	0.660966753580126	5
chr20	37724149	37728033	3885	84	22.572619047619	0.104078559452346	0.104078559452346	0.132726686763126	0.132726686763126	hyper	case		0.191616119792798	0.66	0.66	1.2	0.660966753580126	5
chr20	31273668	31275161	1494	82	24.159756097561	-0.210432256402493	0.210432256402493	-0.223046486941268	0.223046486941268	hypo	case		0.279775433156844	0.66	0.66	1.2	0.660966753580126	5
chr20	18275541	18279569	4029	144	23.3350694444444	0.164378757274731	0.164378757274731	0.171826937762579	0.171826937762579	hyper	case		0.290152239422787	0.66	0.66	1.2	0.660966753580126	5
chr20	41531597	41535104	3508	50	23.352	0.166224214653453	0.166224214653453	0.178925014300749	0.178925014300749	hyper	case		0.423763332387865	0.66	0.66	1.2	0.660966753580126	5
chr20	48917275	48920381	3107	61	23.3811475409836	-0.175029680298063	0.175029680298063	-0.166583563119459	0.166583563119459	hypo	case		0.306369944313945	0.66	0.66	1.2	0.660966753580126	5
chr20	52822095	52825780	3686	54	21.4833333333333	-0.221175173657047	0.221175173657047	-0.217904587028867	0.217904587028867	hypo	case		0.0376916902460748	0.66	0.66	1.2	0.660966753580126	5
chr20	9357750	9362367	4618	90	24.2033333333333	0.146161592656063	0.146161592656063	0.15076197442158	0.16958411880177	hyper	case		0.709451852711989	0.66	0.709451852711989	2.8	0.682213840132396	5
chr21	20850817	20855307	4491	78	21.8339743589744	-0.206573959579156	0.206573959579156	-0.230754015071194	0.230754015071194	hypo	case		0.0887289007981284	0.66	0.66	1.2	0.660966753580126	5
chr20	31760583	31765564	4982	102	22.8352941176471	-0.220232168563347	0.220232168563347	-0.220962032004707	0.220962032004707	hypo	case		0.279659227456366	0.66	0.66	1.2	0.660966753580126	5
chr20	40014513	40018357	3845	55	22.3527272727273	-0.101099567580807	0.101099567580807	-0.125070143715416	0.125070143715416	hypo	case		0.197104747618464	0.66	0.66	1.2	0.660966753580126	5
chr20	10811977	10814096	2120	66	19.9765151515152	-0.179721130261074	0.179721130261074	-0.191488230356899	0.191488230356899	hypo	case		0.398904939831184	0.66	0.66	1.2	0.660966753580126	5
chr20	2015158	2017638	2481	90	22.1072222222222	-0.193206213319863	0.193206213319863	-0.210470605221222	0.210470605221222	hypo	case		0.542229201979414	0.66	0.66	1.2	0.660966753580126	5
chr20	16607153	16609814	2662	60	21.9608333333333	0.139008637816186	0.139008637816186	0.150155938431777	0.150155938431777	hyper	case		0.117903922513146	0.66	0.66	1.2	0.660966753580126	5
chr20	11440421	11444632	4212	65	24.0338461538462	0.12126851162926	0.12126851162926	0.139893777080004	0.139893777080004	hyper	case		0.275763307395789	0.66	0.66	1.2	0.660966753580126	5
chr21	35627560	35630675	3116	66	24.0575757575758	-0.252561109717166	0.252561109717166	-0.258713163376653	0.258713163376653	hypo	case		0.80160911504784	0.66	0.80160911504784	2.8	0.682213840132396	5
chr21	13207171	13209376	2206	78	20.9589743589744	-0.205477593467958	0.205477593467958	-0.224659291960544	0.224659291960544	hypo	case		0.21107049862704	0.66	0.66	1.2	0.660966753580126	5
chr20	11789555	11794043	4489	93	21.8650537634409	-0.22653244651886	0.22653244651886	-0.232204999507721	0.232204999507721	hypo	case		0.443065592965929	0.66	0.66	1.2	0.660966753580126	5
chr20	60465188	60470049	4862	110	22.3263636363636	-0.155658261622685	0.155658261622685	-0.155908896936052	0.155908896936052	hypo	case		0.220840980324652	0.66	0.66	1.2	0.660966753580126	5
chr21	22718083	22722603	4521	122	23.1368852459016	-0.230508468375914	0.230508468375914	-0.225235990826885	0.225235990826885	hypo	case		0.476339277648661	0.66	0.66	1.2	0.660966753580126	5
chr20	1576644	1580147	3504	79	14.0240506329114	-0.211404296985791	0.211404296985791	-0.230249408270632	0.230249408270632	hypo	case		0.412326863496153	0.66	0.66	1.2	0.660966753580126	5
chr20	39487253	39490318	3066	54	20.3935185185185	0.0992176992614466	0.0992176992614466	0.137093099893535	0.137093099893535	hyper	case		0.30081441205952	0.66	0.66	1.2	0.660966753580126	5
chr21	30994748	30998573	3826	82	21.5036585365854	0.0824236835764019	0.0824236835764019	0.0985263916651843	0.0985263916651843	hyper	case		0.110228696421304	0.66	0.66	1.2	0.660966753580126	5
chr21	16103036	16105568	2533	78	23.2262820512821	-0.201168827028517	0.201168827028517	-0.203909343144891	0.203909343144891	hypo	case		0.181514660608027	0.66	0.66	1.2	0.660966753580126	5
chr20	20607124	20611017	3894	53	22.3698113207547	0.184277353256329	0.184277353256329	0.189373665460919	0.189373665460919	hyper	case		0.41625240374377	0.66	0.66	1.2	0.660966753580126	5
chr20	509076	511273	2198	52	24.0298076923077	-0.102185203196068	0.102185203196068	-0.107793235494208	0.115547556676092	hypo	case		0.854359631725234	0.66	0.854359631725234	2.8	0.682213840132396	5
chr20	14062321	14065908	3588	58	20.0879310344828	-0.161596677073859	0.161596677073859	-0.181450531900311	0.181450531900311	hypo	case		0.511787757878653	0.66	0.66	1.2	0.660966753580126	5
chr20	37832940	37836021	3082	56	20.75	-0.195836599733635	0.195836599733635	-0.196887655782744	0.196887655782744	hypo	case		0.277436879384527	0.66	0.66	1.2	0.660966753580126	5
chr20	42958803	42962090	3288	56	22.3991071428571	0.163963344961975	0.163963344961975	0.153996735751322	0.153996735751322	hyper	case		0.476753022737242	0.66	0.66	1.2	0.660966753580126	5
chr21	38599399	38601618	2220	56	21.2276785714286	0.155720640913186	0.155720640913186	0.170134827442943	0.170134827442943	hyper	case		0.136692067568458	0.66	0.66	1.2	0.660966753580126	5
chr20	4392506	4396256	3751	98	21.2030612244898	-0.202167296987085	0.202167296987085	-0.242605656846206	0.242605656846206	hypo	case		0.547764398177559	0.66	0.66	1.2	0.660966753580126	5
chr21	36352269	36355990	3722	96	24.8276041666667	0.146890115541316	0.146890115541316	0.151101848007174	0.151101848007174	hyper	case		0.447958592136699	0.66	0.66	1.2	0.660966753580126	5
chr20	25606607	25609091	2485	56	22.3901785714286	0.127144434633912	0.127144434633912	0.128657015565298	0.152141184348139	hyper	case		0.797383113020688	0.66	0.797383113020688	2.8	0.682213840132396	5
chr20	38819415	38821155	1741	64	21.740625	-0.21152793422221	0.21152793422221	-0.218819418375244	0.218819418375244	hypo	case		0.269704867319007	0.66	0.66	1.2	0.660966753580126	5
chr20	38706443	38708546	2104	60	20.9283333333333	0.154429797512846	0.154429797512846	0.161126874301622	0.161126874301622	hyper	case		0.215842728157351	0.66	0.66	1.2	0.660966753580126	5
chr20	4872286	4877282	4997	170	21.8905882352941	-0.190610344804755	0.190610344804755	-0.203582577811471	0.203582577811471	hypo	case		0.139103161947284	0.66	0.66	1.2	0.660966753580126	5
chr20	8308338	8313298	4961	89	23.4466292134831	0.118671792634333	0.118671792634333	0.123782453108896	0.123782453108896	hyper	case		0.317218119234057	0.66	0.66	1.2	0.660966753580126	5
chr20	42203338	42205383	2046	56	22.7964285714286	0.180364983780584	0.180364983780584	0.180524157184317	0.180524157184317	hyper	case		0.583363761209673	0.66	0.66	1.2	0.660966753580126	5
chr20	52541066	52545013	3948	99	19.690404040404	-0.184153750661104	0.184153750661104	-0.199314494134848	0.199314494134848	hypo	case		0.561716490945624	0.66	0.66	1.2	0.660966753580126	5
chr20	13631246	13633815	2570	68	23.5948529411765	-0.192551692067918	0.192551692067918	-0.209113936258047	0.209113936258047	hypo	case		0.223130218455552	0.66	0.66	1.2	0.660966753580126	5
chr21	21198396	21203206	4811	67	24.0738805970149	-0.20266216216934	0.20266216216934	-0.221460944826032	0.221460944826032	hypo	case		0.227122520667384	0.66	0.66	1.2	0.660966753580126	5
chr21	21141150	21146041	4892	87	21.266091954023	-0.214432482829348	0.214432482829348	-0.239650853831247	0.239650853831247	hypo	case		0.341654563205829	0.66	0.66	1.2	0.660966753580126	5
chr20	24235310	24238101	2792	62	22.0322580645161	0.13021819793794	0.13021819793794	0.142899781032259	0.142899781032259	hyper	case		0.99	0.66	0.99	2.8	0.682213840132396	5
chr21	20415275	20418712	3438	50	24.67	0.141801419646245	0.141801419646245	0.125208233452413	0.125208233452413	hyper	case		0.557737106947968	0.66	0.66	1.2	0.660966753580126	5
chr21	14255387	14256784	1398	54	20.0083333333333	-0.207496698938109	0.207496698938109	-0.211253405953698	0.211253405953698	hypo	case		0.518118091878605	0.66	0.66	1.2	0.660966753580126	5
chr21	18461102	18464439	3338	57	19.3394736842105	-0.172468188752514	0.172468188752514	-0.166144042984218	0.166144042984218	hypo	case		0.151898838684635	0.66	0.66	1.2	0.660966753580126	5
chr20	26161597	26165419	3823	56	23.0678571428571	0.176233178628609	0.176233178628609	0.166913129288861	0.166913129288861	hyper	case		0.0578074296121535	0.66	0.66	1.2	0.660966753580126	5
chr20	39246091	39248805	2715	64	21.4109375	0.178195808435324	0.178195808435324	0.171915555374415	0.171915555374415	hyper	case		0.195692714996876	0.66	0.66	1.2	0.660966753580126	5
chr20	19130118	19132544	2427	50	22.475	0.148800946259153	0.148800946259153	0.172494488613153	0.172494488613153	hyper	case		0.478872004530051	0.66	0.66	1.2	0.660966753580126	5
chr21	15638975	15643919	4945	74	22.4554054054054	-0.147862105570969	0.147862105570969	-0.156835667154719	0.156835667154719	hypo	case		0.0564733975354273	0.66	0.66	1.2	0.660966753580126	5
chr21	28527626	28531042	3417	50	20.716	-0.164282376395225	0.164282376395225	-0.163728127367328	0.163728127367328	hypo	case		0.345603455838334	0.66	0.66	1.2	0.660966753580126	5
chr21	30069593	30073754	4162	92	21.8478260869565	-0.263810023765835	0.263810023765835	-0.282999713252436	0.282999713252436	hypo	case		0.246695504794463	0.66	0.66	1.2	0.660966753580126	5
chr21	32544850	32548080	3231	72	20.8569444444444	-0.161149279274477	0.161149279274477	-0.182814324854571	0.182814324854571	hypo	case		0.518305280419723	0.66	0.66	1.2	0.660966753580126	5
chr20	16253031	16256400	3370	54	24.2777777777778	-0.175409545888748	0.175409545888748	-0.17447801351443	0.17447801351443	hypo	case		0.498095409153999	0.66	0.66	1.2	0.660966753580126	5
chr21	22395833	22398540	2708	63	22.9206349206349	-0.238096839119436	0.238096839119436	-0.233713137034651	0.233713137034651	hypo	case		0.267749356748776	0.66	0.66	1.2	0.660966753580126	5
chr20	9049702	9053364	3663	96	22.146875	-0.205346216976202	0.205346216976202	-0.205689764625094	0.205689764625094	hypo	case		0.525322766507528	0.66	0.66	1.2	0.660966753580126	5
chr20	41565157	41568252	3096	52	20.9048076923077	0.145097531654721	0.145097531654721	0.162367102724188	0.162367102724188	hyper	case		0.057406033250688	0.66	0.66	1.2	0.660966753580126	5
chr20	17095058	17099400	4343	52	20.9307692307692	0.133454830044155	0.133454830044155	0.153370143554897	0.153370143554897	hyper	case		0.413520523350067	0.66	0.66	1.2	0.660966753580126	5
chr20	6025343	6028589	3247	66	21.1075757575758	-0.259107359051602	0.259107359051602	-0.268392113645569	0.268392113645569	hypo	case		0.630513291912206	0.66	0.66	1.2	0.660966753580126	5
chr21	7961268	7965373	4106	50	80.821	-0.159339729974068	0.159339729974068	-0.176200065786566	0.176200065786566	hypo	case		0.322492020338194	0.66	0.66	1.2	0.660966753580126	5
chr20	52491817	52494848	3032	90	21.9755555555556	-0.149954583552853	0.149954583552853	-0.167226657473288	0.167226657473288	hypo	case		0.30687573153219	0.66	0.66	1.2	0.660966753580126	5
chr21	24635698	24638395	2698	52	21.7596153846154	-0.193528872774603	0.193528872774603	-0.18854511079196	0.18854511079196	hypo	case		0.189287500526263	0.66	0.66	1.2	0.660966753580126	5
chr21	28682486	28685643	3158	54	23.8157407407407	-0.172626236697525	0.172626236697525	-0.191132523337998	0.191132523337998	hypo	case		0.273482467681291	0.66	0.66	1.2	0.660966753580126	5
chr21	37717521	37721007	3487	107	20.0518691588785	-0.158035758382011	0.158035758382011	-0.142602909130732	0.142602909130732	hypo	case		0.296658119029693	0.66	0.66	1.2	0.660966753580126	5
chr21	30389906	30393346	3441	52	24.2230769230769	-0.187942247903029	0.187942247903029	-0.19225616923053	0.19225616923053	hypo	case		0.453881131169267	0.66	0.66	1.2	0.660966753580126	5
chr21	15478747	15482027	3281	66	19.9575757575758	0.0937137440553448	0.0937137440553448	0.11850564492654	0.11850564492654	hyper	case		0.163368810659699	0.66	0.66	1.2	0.660966753580126	5
chr21	13100734	13105124	4391	102	20.8269607843137	-0.168797572962418	0.168797572962418	-0.161265719310485	0.161265719310485	hypo	case		0.457656822105962	0.66	0.66	1.2	0.660966753580126	5
chr21	25321514	25325444	3931	81	20.9697530864198	-0.200808393443042	0.200808393443042	-0.193869654519346	0.193869654519346	hypo	case		0.524130298514696	0.66	0.66	1.2	0.660966753580126	5
chr20	34142090	34146353	4264	116	22.7491379310345	-0.241785707624662	0.241785707624662	-0.216533783595265	0.216533783595265	hypo	case		0.169883870748795	0.66	0.66	1.2	0.660966753580126	5
chr20	14959153	14963724	4572	90	20.7038888888889	-0.229733616915217	0.229733616915217	-0.220230051047205	0.220230051047205	hypo	case		0.318577285049592	0.66	0.66	1.2	0.660966753580126	5
chr21	18514028	18518859	4832	86	22.6604651162791	-0.22174948323652	0.22174948323652	-0.205485501671581	0.205485501671581	hypo	case		0.321123063086557	0.66	0.66	1.2	0.660966753580126	5
chr21	15266885	15269349	2465	86	23.5726744186047	-0.234355554217166	0.234355554217166	-0.226744925051636	0.226744925051636	hypo	case		0.391351347472216	0.66	0.66	1.2	0.660966753580126	5
chr20	10919322	10923368	4047	60	22.6366666666667	-0.127532344831282	0.127532344831282	-0.149456204434951	0.149456204434951	hypo	case		0.511167912005489	0.66	0.66	1.2	0.660966753580126	5
chr21	25595489	25597405	1917	60	22.3166666666667	-0.232120844108437	0.232120844108437	-0.219047308750362	0.219047308750362	hypo	case		0.392689465043396	0.66	0.66	1.2	0.660966753580126	5
chr21	37919293	37923027	3735	78	23.399358974359	-0.169152854753719	0.169152854753719	-0.172440972433787	0.172440972433787	hypo	case		0.409515551350091	0.66	0.66	1.2	0.660966753580126	5
chr20	43407879	43411741	3863	60	20.3125	0.147594663734226	0.147594663734226	0.169138305062176	0.169138305062176	hyper	case		0.273226589179217	0.66	0.66	1.2	0.660966753580126	5
chr21	25326029	25329578	3550	62	21.0588709677419	-0.214061177451889	0.214061177451889	-0.211563437607372	0.211563437607372	hypo	case		0.446691583768001	0.66	0.66	1.2	0.660966753580126	5
chr20	57848861	57851212	2352	72	21.2277777777778	-0.236214094922342	0.236214094922342	-0.232969843056564	0.232969843056564	hypo	case		0.217592533623999	0.66	0.66	1.2	0.660966753580126	5
chr20	56309347	56312956	3610	56	19.575	0.0874658294955694	0.0874658294955694	0.0975360319008838	0.0975360319008838	hyper	case		0.17042837795107	0.66	0.66	1.2	0.660966753580126	5
chr21	35881235	35883503	2269	52	19.3480769230769	0.152822271497307	0.152822271497307	0.163594229291413	0.163594229291413	hyper	case		0.239137242242528	0.66	0.66	1.2	0.660966753580126	5
chr20	60183442	60187617	4176	74	23.3432432432432	-0.196417131017551	0.196417131017551	-0.188716606905934	0.188716606905934	hypo	case		0.483211473055428	0.66	0.66	1.2	0.660966753580126	5
chr20	33204486	33207780	3295	50	22.724	-0.242630059752103	0.242630059752103	-0.241819952523513	0.241819952523513	hypo	case		0.283810093123328	0.66	0.66	1.2	0.660966753580126	5
chr20	23793501	23795257	1757	53	18.7028301886792	0.0954107928423112	0.0954107928423112	0.111281487831498	0.111281487831498	hyper	case		0.526055564970755	0.66	0.66	1.2	0.660966753580126	5
chr20	8843567	8846862	3296	68	22.5308823529412	-0.253132570194077	0.253132570194077	-0.256095645883044	0.256095645883044	hypo	case		0.445060791124615	0.66	0.66	1.2	0.660966753580126	5
chr21	32229419	32231907	2489	66	21.4590909090909	-0.210074566540114	0.210074566540114	-0.200833272257269	0.200833272257269	hypo	case		0.769287727426021	0.66	0.769287727426021	2.8	0.682213840132396	5
chr21	25981846	25985411	3566	60	22.2558333333333	0.167109807649976	0.167109807649976	0.165624119838538	0.165624119838538	hyper	case		0.351931599958263	0.66	0.66	1.2	0.660966753580126	5
chr20	4408359	4412762	4404	70	23.1842857142857	-0.13664826440307	0.13664826440307	-0.154172717520817	0.154172717520817	hypo	case		0.280933797174978	0.66	0.66	1.2	0.660966753580126	5
chr21	23127483	23129221	1739	50	24.791	-0.172103724665029	0.172103724665029	-0.153215620910904	0.153215620910904	hypo	case		0.167041382385616	0.66	0.66	1.2	0.660966753580126	5
chr21	27858253	27862187	3935	76	22.6269736842105	-0.274437659166775	0.274437659166775	-0.276003763907271	0.276003763907271	hypo	case		0.99	0.66	0.99	2.8	0.682213840132396	5
chr21	37369428	37372242	2815	50	21.119	0.212487963425946	0.212487963425946	0.225782044467624	0.225782044467624	hyper	case		0.480600332269684	0.66	0.66	1.2	0.660966753580126	5
chr20	21790565	21795101	4537	58	18.7206896551724	-0.206109257992448	0.206109257992448	-0.216406090787847	0.216406090787847	hypo	case		0.0860885864617025	0.66	0.66	1.2	0.660966753580126	5
chr20	22784080	22788594	4515	80	21.94625	-0.194256475370362	0.194256475370362	-0.198085467312046	0.198085467312046	hypo	case		0.101406128322374	0.66	0.66	1.2	0.660966753580126	5
chr20	48533765	48537386	3622	82	21.5487804878049	0.104144868169317	0.104144868169317	0.118442971906231	0.118442971906231	hyper	case		0.570520193593841	0.66	0.66	1.2	0.660966753580126	5
chr20	11698636	11701932	3297	60	21.015	-0.173775365920079	0.173775365920079	-0.171068765851252	0.171068765851252	hypo	case		0.77397557640648	0.66	0.77397557640648	2.8	0.682213840132396	5
chr21	37379945	37384133	4189	60	25.0591666666667	-0.0983940286907094	0.0983940286907094	-0.119468801537208	0.119468801537208	hypo	case		0.437052382632827	0.66	0.66	1.2	0.660966753580126	5
chr20	13109692	13113279	3588	70	25.2507142857143	-0.183849696028362	0.183849696028362	-0.193492615832254	0.193492615832254	hypo	case		0.309462339106812	0.66	0.66	1.2	0.660966753580126	5
chr20	38683912	38687218	3307	62	22.2475806451613	-0.141256625717591	0.141256625717591	-0.140092721661969	0.140092721661969	hypo	case		0.641399251465195	0.66	0.66	1.2	0.660966753580126	5
chr21	14621019	14625260	4242	66	24.8916666666667	-0.174170225765272	0.174170225765272	-0.179232962006819	0.179232962006819	hypo	case		0.178285008532484	0.66	0.66	1.2	0.660966753580126	5
chr21	17392835	17395884	3050	76	21.5447368421053	-0.202074413810662	0.202074413810662	-0.207880629730497	0.207880629730497	hypo	case		0.359280204652632	0.66	0.66	1.2	0.660966753580126	5
chr20	12041930	12044948	3019	50	22.009	-0.177303107502523	0.177303107502523	-0.169975165764409	0.169975165764409	hypo	case		0.894902560904368	0.66	0.894902560904368	2.8	0.682213840132396	5
chr20	47132917	47135591	2675	70	23.585	-0.215739903834432	0.215739903834432	-0.221696699885862	0.221696699885862	hypo	case		0.437275075540356	0.66	0.66	1.2	0.660966753580126	5
chr21	18404299	18407816	3518	52	21.8663461538462	-0.238693033368849	0.238693033368849	-0.228408107021819	0.228408107021819	hypo	case		0.147866865210898	0.66	0.66	1.2	0.660966753580126	5
chr21	40243570	40247109	3540	78	21.0782051282051	-0.181324530027375	0.181324530027375	-0.21608577298867	0.21608577298867	hypo	case		0.378218879738495	0.66	0.66	1.2	0.660966753580126	5
chr20	35646013	35648020	2008	70	22.6092857142857	0.124677738748457	0.124677738748457	0.130289511660491	0.130289511660491	hyper	case		0.187974009783002	0.66	0.66	1.2	0.660966753580126	5
chr20	20570421	20574807	4387	64	19.6859375	0.154572851735125	0.154572851735125	0.180040307015051	0.180040307015051	hyper	case		0.660476499374293	0.66	0.660476499374293	1.2	0.660966753580126	5
chr21	38461873	38464730	2858	60	21.0316666666667	-0.158130805078953	0.158130805078953	-0.139031599642509	0.139031599642509	hypo	case		0.515347746592012	0.66	0.66	1.2	0.660966753580126	5
chr21	46472321	46474976	2656	56	22.3866071428571	-0.227355019893801	0.227355019893801	-0.224296731708625	0.224296731708625	hypo	case		0.242036973307666	0.66	0.66	1.2	0.660966753580126	5
chr21	38519275	38522125	2851	58	24.1974137931035	-0.209969156040713	0.209969156040713	-0.228196622273774	0.228196622273774	hypo	case		0.644662036009328	0.66	0.66	1.2	0.660966753580126	5
chr20	54498003	54502686	4684	100	21.7905	-0.242215731038181	0.242215731038181	-0.242929981782364	0.242929981782364	hypo	case		0.304638999724517	0.66	0.66	1.2	0.660966753580126	5
chr21	14479779	14484253	4475	96	24.1401041666667	-0.145040443217533	0.145040443217533	-0.170557253610961	0.170557253610961	hypo	case		0.507621521546401	0.66	0.66	1.2	0.660966753580126	5
chr21	28884547	28889425	4879	211	21.1229857819905	0.182794514414231	0.182794514414231	0.18691309103232	0.18691309103232	hyper	case		0.374036928417486	0.66	0.66	1.2	0.660966753580126	5
chr21	26811153	26815083	3931	51	20.5509803921569	0.106891258251552	0.106891258251552	0.123719065592118	0.123719065592118	hyper	case		0.596340787447263	0.66	0.66	1.2	0.660966753580126	5
chr21	7617328	7618482	1155	56	26.3017857142857	-0.208444743278016	0.208444743278016	-0.215093232127586	0.215093232127586	hypo	case		0.39687819403897	0.66	0.66	1.2	0.660966753580126	5
chr20	34776305	34779387	3083	137	21.6821167883212	-0.193530952770322	0.193530952770322	-0.205887058834732	0.205887058834732	hypo	case		0.493893364998874	0.66	0.66	1.2	0.660966753580126	5
chr20	12221300	12225265	3966	50	20.864	0.0935079781276863	0.0935079781276863	0.126141676527393	0.126141676527393	hyper	case		0.439693811826238	0.66	0.66	1.2	0.660966753580126	5
chr20	28955712	28957564	1853	68	24.2125	0.0803919214039506	0.0803919214039506	0.0986229247387494	0.0986229247387494	hyper	case		0.54264527814173	0.66	0.66	1.2	0.660966753580126	5
chr20	59969385	59973260	3876	86	21.4220930232558	-0.259330312200018	0.259330312200018	-0.265527236136329	0.265527236136329	hypo	case		0.446648352162338	0.66	0.66	1.2	0.660966753580126	5
chr21	16159091	16161968	2878	54	21.2703703703704	-0.240912384817903	0.240912384817903	-0.22402994853109	0.22402994853109	hypo	case		0.233413211809966	0.66	0.66	1.2	0.660966753580126	5
chr21	31769893	31773805	3913	115	22.805652173913	-0.220127634218225	0.220127634218225	-0.235455035427629	0.235455035427629	hypo	case		0.409209610006648	0.66	0.66	1.2	0.660966753580126	5
chr21	24460330	24463976	3647	51	19.3205882352941	-0.149564514467606	0.149564514467606	-0.174853080460331	0.174853080460331	hypo	case		0.694124398807083	0.66	0.694124398807083	2.8	0.682213840132396	5
chr20	8511259	8514657	3399	74	22.1304054054054	-0.165913130002653	0.165913130002653	-0.17110533834634	0.17110533834634	hypo	case		0.423651109299995	0.66	0.66	1.2	0.660966753580126	5
chr20	9679659	9683293	3635	72	21.3958333333333	-0.238652197421645	0.238652197421645	-0.230249427755947	0.230249427755947	hypo	case		0.338597346054818	0.66	0.66	1.2	0.660966753580126	5
chr20	12212514	12217320	4807	58	22.7396551724138	-0.230086354574072	0.230086354574072	-0.225276559996504	0.225276559996504	hypo	case		0.191985496384934	0.66	0.66	1.2	0.660966753580126	5
chr21	23600425	23603291	2867	114	20.4859649122807	-0.225562866155398	0.225562866155398	-0.22675823786249	0.22675823786249	hypo	case		0.229364508070632	0.66	0.66	1.2	0.660966753580126	5
chr20	33557058	33560183	3126	100	21.023	0.130224497143116	0.130224497143116	0.127754747865496	0.127754747865496	hyper	case		0.198966143704828	0.66	0.66	1.2	0.660966753580126	5
chr20	16713508	16716800	3293	90	23.9622222222222	-0.140932874994678	0.140932874994678	-0.159793171660693	0.159793171660693	hypo	case		0.563070018958608	0.66	0.66	1.2	0.660966753580126	5
chr20	29102088	29106656	4569	72	50.7986111111111	0.147090942808151	0.147090942808151	0.154203231454568	0.154203231454568	hyper	case		0.856803162322098	0.66	0.856803162322098	2.8	0.682213840132396	5
chr21	6328373	6332196	3824	53	16.3754716981132	-0.190227599699349	0.190227599699349	-0.216344432055847	0.216344432055847	hypo	case		0.0323732614915859	0.66	0.66	1.2	0.660966753580126	5
chr20	40181377	40184975	3599	54	19.1814814814815	0.124490201870822	0.124490201870822	0.131351546982475	0.131351546982475	hyper	case		0.407617785235888	0.66	0.66	1.2	0.660966753580126	5
chr21	37312986	37315192	2207	58	17.6137931034483	-0.180537440250095	0.180537440250095	-0.175913508105616	0.175913508105616	hypo	case		0.197940654552221	0.66	0.66	1.2	0.660966753580126	5
chr21	33537970	33540500	2531	74	23.1439189189189	-0.17944820372775	0.17944820372775	-0.187533088585231	0.187533088585231	hypo	case		0.0757522572563728	0.66	0.66	1.2	0.660966753580126	5
chr20	56230584	56234406	3823	72	20.8444444444444	0.161846890810741	0.161846890810741	0.153201082403589	0.153201082403589	hyper	case		0.507020029287587	0.66	0.66	1.2	0.660966753580126	5
chr21	30087616	30092030	4415	74	22.3777027027027	-0.15302419621341	0.15302419621341	-0.191666242733773	0.191666242733773	hypo	case		0.0694318167673688	0.66	0.66	1.2	0.660966753580126	5
chr20	40437293	40441231	3939	70	22.0707142857143	-0.219181171581394	0.219181171581394	-0.223294664443663	0.223294664443663	hypo	case		0.359843860217059	0.66	0.66	1.2	0.660966753580126	5
chr20	49050311	49052867	2557	74	21.397972972973	0.108857242768629	0.108857242768629	0.119345456761646	0.119345456761646	hyper	case		0.622715036311391	0.66	0.66	1.2	0.660966753580126	5
chr21	25212484	25215393	2910	62	20.9120967741936	0.0262727369345606	0.0262727369345606	0.0430689966709738	0.0906763469603756	hyper	case		0.736311462255718	0.66	0.736311462255718	2.8	0.682213840132396	5
chr21	30525422	30527909	2488	62	20.775	-0.203133714711591	0.203133714711591	-0.20193320068987	0.20193320068987	hypo	case		0.334817231551076	0.66	0.66	1.2	0.660966753580126	5
chr20	14694979	14698360	3382	50	20.049	0.135767298130058	0.135767298130058	0.128070414709213	0.128070414709213	hyper	case		0.621415485279325	0.66	0.66	1.2	0.660966753580126	5
chr20	11893610	11896523	2914	56	22.0392857142857	0.118496058504662	0.118496058504662	0.157065635114204	0.157065635114204	hyper	case		0.212158547531031	0.66	0.66	1.2	0.660966753580126	5
chr20	21363863	21368608	4746	86	22.506976744186	-0.2098114539605	0.2098114539605	-0.200080856726187	0.200080856726187	hypo	case		0.0446223479218156	0.66	0.66	1.2	0.660966753580126	5
chr21	9103700	9108226	4527	86	13.6581395348837	-0.180057621677385	0.180057621677385	-0.182391205335109	0.182391205335109	hypo	case		0.578414056005626	0.66	0.66	1.2	0.660966753580126	5
chr21	15862094	15866825	4732	72	19.2159722222222	-0.282719198050217	0.282719198050217	-0.270509708535069	0.270509708535069	hypo	case		0.903635198852695	0.66	0.903635198852695	2.8	0.682213840132396	5
chr21	33703692	33706216	2525	70	19.005	0.193810450143974	0.193810450143974	0.178046366171035	0.178046366171035	hyper	case		0.342018146938652	0.66	0.66	1.2	0.660966753580126	5
chr20	41635707	41640563	4857	70	24.1171428571429	-0.166762719202356	0.166762719202356	-0.179688461641872	0.179688461641872	hypo	case		0.231504596625477	0.66	0.66	1.2	0.660966753580126	5
chr21	28907201	28910663	3463	71	21.6725352112676	-0.168598337439063	0.168598337439063	-0.186564405975429	0.186564405975429	hypo	case		0.0732777675390832	0.66	0.66	1.2	0.660966753580126	5
chr21	23803150	23805451	2302	62	22.2612903225806	-0.189893147431316	0.189893147431316	-0.20123312577347	0.20123312577347	hypo	case		0.255434768515173	0.66	0.66	1.2	0.660966753580126	5
chr20	8838489	8843009	4521	90	23.0466666666667	-0.177949723950441	0.177949723950441	-0.181458298878926	0.181458298878926	hypo	case		0.658541065200163	0.66	0.66	1.2	0.660966753580126	5
chr21	10486219	10490173	3955	71	36.2359154929577	-0.163180690342331	0.163180690342331	-0.150838320725267	0.150838320725267	hypo	case		0.25488180972653	0.66	0.66	1.2	0.660966753580126	5
chr20	21226547	21231380	4834	78	21.1679487179487	-0.186074846871938	0.186074846871938	-0.195564996406902	0.195564996406902	hypo	case		0.159517753724131	0.66	0.66	1.2	0.660966753580126	5
chr20	31375979	31380674	4696	99	21.4166666666667	0.12883316187389	0.12883316187389	0.149150415482437	0.149150415482437	hyper	case		0.151316874713654	0.66	0.66	1.2	0.660966753580126	5
chr20	45439696	45443946	4251	76	21.8855263157895	-0.175222046909698	0.175222046909698	-0.174119980177924	0.174119980177924	hypo	case		0.204231238397106	0.66	0.66	1.2	0.660966753580126	5
chr20	42917279	42920377	3099	63	22.5373015873016	-0.19322919064823	0.19322919064823	-0.1830784752309	0.1830784752309	hypo	case		0.0923543476563809	0.66	0.66	1.2	0.660966753580126	5
chr20	522672	527186	4515	138	21.4971014492754	-0.215271451307299	0.215271451307299	-0.204159449051228	0.204159449051228	hypo	case		0.363741117622943	0.66	0.66	1.2	0.660966753580126	5
chr20	23403275	23407966	4692	92	22.7092391304348	0.131533711385719	0.131533711385719	0.128540191472869	0.128540191472869	hyper	case		0.34034564410562	0.66	0.66	1.2	0.660966753580126	5
chr21	25383267	25386283	3017	82	21.344512195122	-0.152561762316743	0.152561762316743	-0.168426156380553	0.168426156380553	hypo	case		0.143579443451849	0.66	0.66	1.2	0.660966753580126	5
chr20	6483116	6487742	4627	67	21.9768656716418	0.143196409167742	0.143196409167742	0.136796213836601	0.136796213836601	hyper	case		0.190041724956384	0.66	0.66	1.2	0.660966753580126	5
chr21	17548276	17550622	2347	64	20.2484375	0.118768407480306	0.118768407480306	0.135041694907409	0.135041694907409	hyper	case		0.313911014759796	0.66	0.66	1.2	0.660966753580126	5
chr20	8784132	8787882	3751	66	24.1136363636364	0.111730980329685	0.111730980329685	0.103463391024595	0.103463391024595	hyper	case		0.173316252206459	0.66	0.66	1.2	0.660966753580126	5
chr20	236238	240224	3987	96	20.3661458333333	0.123709315694681	0.123709315694681	0.145320402624488	0.145320402624488	hyper	case		0.28799676272544	0.66	0.66	1.2	0.660966753580126	5
chr21	23451947	23454495	2549	57	19.1605263157895	0.171955542205266	0.171955542205266	0.179167490097374	0.179167490097374	hyper	case		0.288649623257939	0.66	0.66	1.2	0.660966753580126	5
chr20	14625012	14627503	2492	52	21.0326923076923	-0.259400763212548	0.259400763212548	-0.256252133810045	0.256252133810045	hypo	case		0.357877656624715	0.66	0.66	1.2	0.660966753580126	5
chr21	15774655	15778537	3883	50	22.082	0.152992546765831	0.152992546765831	0.147482712385824	0.147482712385824	hyper	case		0.140112894250551	0.66	0.66	1.2	0.660966753580126	5
chr21	17079910	17083721	3812	64	22.50625	-0.205804423652129	0.205804423652129	-0.229772876772477	0.229772876772477	hypo	case		0.243625432012937	0.66	0.66	1.2	0.660966753580126	5
chr20	20619151	20622508	3358	54	23.5509259259259	-0.19513314553001	0.19513314553001	-0.186144715928281	0.186144715928281	hypo	case		0.278509492638826	0.66	0.66	1.2	0.660966753580126	5
chr20	54435195	54438814	3620	74	23.697972972973	-0.221621515809327	0.221621515809327	-0.230264504607254	0.230264504607254	hypo	case		0.163812867733027	0.66	0.66	1.2	0.660966753580126	5
chr21	38418398	38420451	2054	50	20.689	-0.33088691575882	0.33088691575882	-0.333903735127407	0.333903735127407	hypo	case		0.844236256065962	0.66	0.844236256065962	2.8	0.682213840132396	5
chr21	16059553	16062503	2951	90	23.9922222222222	-0.214924531508936	0.214924531508936	-0.222714269441702	0.222714269441702	hypo	case		0.214373752755883	0.66	0.66	1.2	0.660966753580126	5
chr21	8703982	8706601	2620	54	13.3296296296296	-0.19251289317885	0.19251289317885	-0.193485110542113	0.193485110542113	hypo	case		0.565620694593659	0.66	0.66	1.2	0.660966753580126	5
chr21	25587727	25590458	2732	66	21.4863636363636	-0.188011500292991	0.188011500292991	-0.21163173190396	0.21163173190396	hypo	case		0.462096598204761	0.66	0.66	1.2	0.660966753580126	5
chr20	28619591	28622949	3359	94	46.2675531914894	0.162943661137938	0.162943661137938	0.158147297653612	0.158147297653612	hyper	case		0.410282379153597	0.66	0.66	1.2	0.660966753580126	5
chr21	13027935	13029814	1880	54	41.4703703703704	0.197992374383768	0.197992374383768	0.174565649895096	0.174565649895096	hyper	case		0.401334157640401	0.66	0.66	1.2	0.660966753580126	5
chr20	35991381	35995374	3994	101	22.0054455445545	0.146399115696127	0.146399115696127	0.163681161430794	0.163681161430794	hyper	case		0.156065179141787	0.66	0.66	1.2	0.660966753580126	5
chr21	13019341	13020458	1118	56	42.4678571428571	-0.181365714279116	0.181365714279116	-0.187289131405	0.187289131405	hypo	case		0.450441267859773	0.66	0.66	1.2	0.660966753580126	5
chr20	42639332	42644270	4939	62	20.2322580645161	0.103702043178874	0.103702043178874	0.13474545795435	0.13474545795435	hyper	case		0.0533203404016305	0.66	0.66	1.2	0.660966753580126	5
chr21	9136198	9139666	3469	55	24.2745454545455	-0.175380221145247	0.175380221145247	-0.196738281408551	0.196738281408551	hypo	case		0.340020181655739	0.66	0.66	1.2	0.660966753580126	5
chr21	37079634	37082651	3018	71	23.9302816901408	-0.206165875612201	0.206165875612201	-0.230660381233318	0.230660381233318	hypo	case		0.310756400948339	0.66	0.66	1.2	0.660966753580126	5
chr20	16814820	16818210	3391	64	24.3	-0.247839869775026	0.247839869775026	-0.257740628581326	0.257740628581326	hypo	case		0.328343567688583	0.66	0.66	1.2	0.660966753580126	5
chr20	8632216	8637053	4838	72	22.6013888888889	0.138870478687977	0.138870478687977	0.165089431725738	0.165089431725738	hyper	case		0.643085398068829	0.66	0.66	1.2	0.660966753580126	5
chr20	59974360	59977872	3513	72	21.7166666666667	-0.245273650848433	0.245273650848433	-0.257693401475314	0.257693401475314	hypo	case		0.0785919108951091	0.66	0.66	1.2	0.660966753580126	5
chr21	24146207	24149402	3196	64	19.82109375	-0.232268609535671	0.232268609535671	-0.230074750468583	0.230074750468583	hypo	case		0.357624993388189	0.66	0.66	1.2	0.660966753580126	5
chr21	16279678	16284173	4496	66	20.6030303030303	-0.168880167888765	0.168880167888765	-0.152926417293874	0.152926417293874	hypo	case		0.133079804013315	0.66	0.66	1.2	0.660966753580126	5
chr20	18208422	18211882	3461	134	19.6936567164179	-0.204569100395013	0.204569100395013	-0.209683940143949	0.209683940143949	hypo	case		0.116126908673316	0.66	0.66	1.2	0.660966753580126	5
chr20	43593630	43595916	2287	88	22.3113636363636	-0.273674789466602	0.273674789466602	-0.265119009607366	0.265119009607366	hypo	case		0.0651577326505386	0.66	0.66	1.2	0.660966753580126	5
chr20	11410934	11413420	2487	70	21.5385714285714	-0.198554764565986	0.198554764565986	-0.217748947203122	0.217748947203122	hypo	case		0.344932828028894	0.66	0.66	1.2	0.660966753580126	5
chr20	52321420	52326205	4786	84	23.1738095238095	-0.187195596750497	0.187195596750497	-0.196052851028976	0.196052851028976	hypo	case		0.170641073517868	0.66	0.66	1.2	0.660966753580126	5
chr20	9565580	9568138	2559	68	21.5161764705882	-0.224194279602426	0.224194279602426	-0.212799218197526	0.212799218197526	hypo	case		0.447665440353597	0.66	0.66	1.2	0.660966753580126	5
chr20	5360545	5364827	4283	92	21.0554347826087	-0.157937853898644	0.157937853898644	-0.150112282847117	0.150112282847117	hypo	case		0.398262111679055	0.66	0.66	1.2	0.660966753580126	5
chr20	21370148	21373921	3774	52	23.2942307692308	-0.158311953874394	0.158311953874394	-0.165504618785329	0.165504618785329	hypo	case		0.110723061320148	0.66	0.66	1.2	0.660966753580126	5
chr21	34359875	34364752	4878	148	21.6719594594595	0.127423563138595	0.127423563138595	0.142089971904533	0.142089971904533	hyper	case		0.273806368310652	0.66	0.66	1.2	0.660966753580126	5
chr20	19741857	19745387	3531	66	19.9431818181818	-0.185328738118245	0.185328738118245	-0.192024412540129	0.192024412540129	hypo	case		0.205397465953441	0.66	0.66	1.2	0.660966753580126	5
chr21	40202203	40206401	4199	60	21.695	-0.142955831979922	0.142955831979922	-0.159610630169446	0.159610630169446	hypo	case		0.234049447978294	0.66	0.66	1.2	0.660966753580126	5
chr20	22455156	22457878	2723	56	23.1883928571429	0.127255838554147	0.127255838554147	0.13130849090987	0.13130849090987	hyper	case		0.164339516255529	0.66	0.66	1.2	0.660966753580126	5
chr21	15359984	15364472	4489	70	21.445	-0.184207532938427	0.184207532938427	-0.179587352692281	0.179587352692281	hypo	case		0.177607698750055	0.66	0.66	1.2	0.660966753580126	5
chr21	31150988	31155978	4991	180	21.6330555555556	0.124067548000279	0.124067548000279	0.142880191106097	0.142880191106097	hyper	case		0.650070738899887	0.66	0.66	1.2	0.660966753580126	5
chr20	39902851	39905362	2512	60	18.815	-0.194984068429165	0.194984068429165	-0.209599188796171	0.209599188796171	hypo	case		0.777898271407041	0.66	0.777898271407041	2.8	0.682213840132396	5
chr21	35147510	35152332	4823	60	21.2633333333333	-0.213590385149878	0.213590385149878	-0.221389406396879	0.221389406396879	hypo	case		0.896861742529787	0.66	0.896861742529787	2.8	0.682213840132396	5
chr21	41302905	41307211	4307	168	23.0360119047619	-0.215542524242929	0.215542524242929	-0.213940251236854	0.213940251236854	hypo	case		0.163146716399001	0.66	0.66	1.2	0.660966753580126	5
chr21	30610435	30614084	3650	53	20.9367924528302	0.0935067480903058	0.0935067480903058	0.111151094313124	0.111151094313124	hyper	case		0.239467447207839	0.66	0.66	1.2	0.660966753580126	5
chr21	15512840	15516262	3423	54	21.7231481481481	-0.190926861687439	0.190926861687439	-0.217720148654454	0.217720148654454	hypo	case		0.141202455012243	0.66	0.66	1.2	0.660966753580126	5
chr20	7954705	7959090	4386	100	22.8685	-0.200025117667998	0.200025117667998	-0.204298232365706	0.204298232365706	hypo	case		0.657218785091569	0.66	0.66	1.2	0.660966753580126	5
chr21	26740822	26744035	3214	76	21.5973684210526	-0.260248418084996	0.260248418084996	-0.282196440699543	0.282196440699543	hypo	case		0.99	0.66	0.99	2.8	0.682213840132396	5
chr20	28740007	28744980	4974	58	26.9112068965517	0.157492608457723	0.157492608457723	0.168445807614373	0.168445807614373	hyper	case		0.568166344289561	0.66	0.66	1.2	0.660966753580126	5
chr20	60531872	60535862	3991	78	22.0173076923077	0.121971407474475	0.121971407474475	0.131632832457891	0.131632832457891	hyper	case		0.414975576657235	0.66	0.66	1.2	0.660966753580126	5
chr20	52876113	52880630	4518	74	21.3966216216216	-0.19395019896801	0.19395019896801	-0.201368365854775	0.201368365854775	hypo	case		0.161887014248337	0.66	0.66	1.2	0.660966753580126	5
chr20	56993730	56998708	4979	132	24.3265151515152	-0.187519245945542	0.187519245945542	-0.229284860870848	0.229284860870848	hypo	case		0.251739552330007	0.66	0.66	1.2	0.660966753580126	5
chr20	35484915	35487733	2819	70	23.4107142857143	-0.22246231842373	0.22246231842373	-0.218660518496765	0.218660518496765	hypo	case		0.4691857138915	0.66	0.66	1.2	0.660966753580126	5
chr20	33610902	33614110	3209	61	23.6098360655738	-0.157426131543663	0.157426131543663	-0.147917005567401	0.147917005567401	hypo	case		0.250474079141967	0.66	0.66	1.2	0.660966753580126	5
chr21	37714329	37717016	2688	76	20.8427631578947	-0.170027683506436	0.170027683506436	-0.183642822040781	0.183642822040781	hypo	case		0.199550557572449	0.66	0.66	1.2	0.660966753580126	5
chr20	43567502	43570954	3453	106	23.0698113207547	-0.166110678973763	0.166110678973763	-0.17693930419553	0.17693930419553	hypo	case		0.290228978656048	0.66	0.66	1.2	0.660966753580126	5
chr20	20667494	20671517	4024	54	23.062962962963	-0.231653855236685	0.231653855236685	-0.245540927305054	0.245540927305054	hypo	case		0.633204425044698	0.66	0.66	1.2	0.660966753580126	5
chr21	18966154	18967650	1497	56	22.6160714285714	-0.193705175972978	0.193705175972978	-0.224556517372953	0.224556517372953	hypo	case		0.105904746081517	0.66	0.66	1.2	0.660966753580126	5
chr20	20632055	20633768	1714	72	23.5298611111111	-0.207692491589532	0.207692491589532	-0.24694340226609	0.24694340226609	hypo	case		0.174706067623988	0.66	0.66	1.2	0.660966753580126	5
chr20	29073282	29077334	4053	62	63.3862903225807	-0.156235082064918	0.156235082064918	-0.12951660186098	0.12951660186098	hypo	case		0.556572058472013	0.66	0.66	1.2	0.660966753580126	5
chr21	24251581	24254178	2598	58	22.0405172413793	-0.216363586621361	0.216363586621361	-0.231470857345464	0.231470857345464	hypo	case		0.269138100954432	0.66	0.66	1.2	0.660966753580126	5
chr21	21063243	21067335	4093	70	21.4307142857143	-0.232491511180799	0.232491511180799	-0.237849852175711	0.237849852175711	hypo	case		0.389763409709129	0.66	0.66	1.2	0.660966753580126	5
chr20	47096432	47100751	4320	110	23.8504545454546	0.090863225254868	0.090863225254868	0.109506666043624	0.11400688871277	hyper	case		0.98487194551119	0.66	0.98487194551119	2.8	0.682213840132396	5
chr20	37501350	37504185	2836	62	24.3491935483871	-0.172590727411935	0.172590727411935	-0.170153756607287	0.170153756607287	hypo	case		0.297692889182613	0.66	0.66	1.2	0.660966753580126	5
chr20	5915311	5917244	1934	56	23.1107142857143	-0.166160288537892	0.166160288537892	-0.16097939326093	0.16097939326093	hypo	case		0.32701545416263	0.66	0.66	1.2	0.660966753580126	5
chr20	19119892	19121765	1874	50	22.851	-0.207454051693102	0.207454051693102	-0.23321447414922	0.23321447414922	hypo	case		0.428817051842875	0.66	0.66	1.2	0.660966753580126	5
chr21	36829047	36832485	3439	80	22.248125	-0.211747185349913	0.211747185349913	-0.204041998153278	0.204041998153278	hypo	case		0.180836750759248	0.66	0.66	1.2	0.660966753580126	5
chr21	9724571	9729014	4444	86	60.2976744186047	0.143487324900624	0.143487324900624	0.144498002957135	0.144498002957135	hyper	case		0.411656452818776	0.66	0.66	1.2	0.660966753580126	5
chr20	60590541	60594789	4249	76	21.1401315789474	0.11238169986172	0.11238169986172	0.126778203759934	0.126778203759934	hyper	case		0.390039434442296	0.66	0.66	1.2	0.660966753580126	5
chr21	37404138	37408383	4246	72	21.0131944444444	0.1433077769781	0.1433077769781	0.151771222154887	0.151771222154887	hyper	case		0.25385452026407	0.66	0.66	1.2	0.660966753580126	5
chr21	37461134	37465975	4842	70	21.6457142857143	-0.144262646261551	0.144262646261551	-0.175258959876568	0.175258959876568	hypo	case		0.419583503282107	0.66	0.66	1.2	0.660966753580126	5
chr21	22836778	22840917	4140	52	22.6317307692308	-0.182120131699831	0.182120131699831	-0.180589927976775	0.180589927976775	hypo	case		0.299057777478087	0.66	0.66	1.2	0.660966753580126	5
chr21	29667807	29672219	4413	66	24.3833333333333	-0.155194440032941	0.155194440032941	-0.152426978833879	0.152426978833879	hypo	case		0.466749597863482	0.66	0.66	1.2	0.660966753580126	5
chr20	10834424	10837881	3458	56	22.0553571428571	-0.198851873236782	0.198851873236782	-0.211730332965407	0.211730332965407	hypo	case		0.795239667607285	0.66	0.795239667607285	2.8	0.682213840132396	5
chr20	59065050	59069337	4288	78	21.6102564102564	0.162291676702841	0.162291676702841	0.176216327052093	0.176216327052093	hyper	case		0.0905896657554209	0.66	0.66	1.2	0.660966753580126	5
chr21	5222664	5226037	3374	70	84.025	-0.162348295862831	0.162348295862831	-0.165836242103777	0.165836242103777	hypo	case		0.185296077106995	0.66	0.66	1.2	0.660966753580126	5
chr20	4449959	4453383	3425	52	21.85	-0.191647690461398	0.191647690461398	-0.205610271441913	0.205610271441913	hypo	case		0.52096362243241	0.66	0.66	1.2	0.660966753580126	5
chr21	28964067	28967807	3741	50	22.974	-0.204819759043162	0.204819759043162	-0.224303506524834	0.224303506524834	hypo	case		0.51939335255758	0.66	0.66	1.2	0.660966753580126	5
chr21	24536773	24541260	4488	52	22.0605769230769	-0.218902621518548	0.218902621518548	-0.238904252689753	0.238904252689753	hypo	case		0.28576070804748	0.66	0.66	1.2	0.660966753580126	5
chr21	25571862	25575732	3871	52	24.9682692307692	-0.208293722714243	0.208293722714243	-0.190711871504682	0.190711871504682	hypo	case		0.495948387624163	0.66	0.66	1.2	0.660966753580126	5
chr21	37544338	37547668	3331	164	22.9582317073171	0.128451253926169	0.128451253926169	0.131556671504688	0.131556671504688	hyper	case		0.667809639432037	0.66	0.667809639432037	2.9	0.666693585000217	5
chr20	2427594	2429763	2170	58	21.9129310344828	-0.206523802633505	0.206523802633505	-0.19897402028264	0.19897402028264	hypo	case		0.338493628823867	0.66	0.66	1.2	0.660966753580126	5
chr20	1252295	1254430	2136	52	22.3423076923077	-0.19826223349702	0.19826223349702	-0.20307651512229	0.20307651512229	hypo	case		0.848463626631037	0.66	0.848463626631037	2.8	0.682213840132396	5
chr21	34365437	34367105	1669	68	21.6808823529412	0.116490718095932	0.116490718095932	0.12688313573359	0.12688313573359	hyper	case		0.453741194476232	0.66	0.66	1.2	0.660966753580126	5
chr20	46967825	46969383	1559	56	22.1580357142857	-0.186256517076428	0.186256517076428	-0.198118228083533	0.198118228083533	hypo	case		0.0794678889897887	0.66	0.66	1.2	0.660966753580126	5
chr21	9590057	9594898	4842	244	18.4493852459016	-0.207250615873051	0.207250615873051	-0.216884052669683	0.216884052669683	hypo	case		0.378101246318152	0.66	0.66	1.2	0.660966753580126	5
chr21	38164443	38167580	3138	64	21.8390625	0.160497351404368	0.160497351404368	0.183208106271328	0.183208106271328	hyper	case		0.0549770221557582	0.66	0.66	1.2	0.660966753580126	5
chr20	49152406	49155310	2905	106	22.1410377358491	-0.226189411554802	0.226189411554802	-0.231073528710954	0.231073528710954	hypo	case		0.156844943955996	0.66	0.66	1.2	0.660966753580126	5
chr21	27963722	27966656	2935	54	23.8277777777778	-0.216117165904885	0.216117165904885	-0.212469217896788	0.212469217896788	hypo	case		0.263942530138904	0.66	0.66	1.2	0.660966753580126	5
chr20	4468366	4471450	3085	55	21.1045454545455	-0.124636185297344	0.124636185297344	-0.134408587902374	0.134408587902374	hypo	case		0.857182025419261	0.66	0.857182025419261	2.8	0.682213840132396	5
chr20	38549708	38552441	2734	52	21.4653846153846	-0.174670056711848	0.174670056711848	-0.16274432678309	0.16274432678309	hypo	case		0.536320966716703	0.66	0.66	1.2	0.660966753580126	5
chr20	6954009	6958177	4169	50	21.399	-0.177202266401	0.177202266401	-0.165856015237395	0.165856015237395	hypo	case		0.372967779278435	0.66	0.66	1.2	0.660966753580126	5
chr21	8766282	8770773	4492	68	59.5169117647059	-0.135351925425167	0.135351925425167	-0.140958943186993	0.140958943186993	hypo	case		0.451369139743012	0.66	0.66	1.2	0.660966753580126	5
chr21	9359703	9364662	4960	74	72.3986486486487	0.178019475918459	0.178019475918459	0.19353489314598	0.19353489314598	hyper	case		0.5729874923696	0.66	0.66	1.2	0.660966753580126	5
chr21	24378044	24380576	2533	74	22.7162162162162	-0.264935145068468	0.264935145068468	-0.263736281209285	0.263736281209285	hypo	case		0.363081141333676	0.66	0.66	1.2	0.660966753580126	5
chr20	52288996	52293555	4560	110	21.6163636363636	0.104118005283766	0.104118005283766	0.127228631731004	0.128966233148449	hyper	case		0.617756898774511	0.66	0.66	1.2	0.660966753580126	5
chr21	15999040	16002853	3814	60	20.3966666666667	-0.186000286751494	0.186000286751494	-0.177677703181609	0.177677703181609	hypo	case		0.115283426157858	0.66	0.66	1.2	0.660966753580126	5
chr20	52146108	52150162	4055	100	21.26	-0.214074892080735	0.214074892080735	-0.214091390578321	0.214091390578321	hypo	case		0.188928680728312	0.66	0.66	1.2	0.660966753580126	5
chr21	25173524	25176271	2748	54	21.1851851851852	-0.16601230611444	0.16601230611444	-0.181371507470481	0.181371507470481	hypo	case		0.314956247601102	0.66	0.66	1.2	0.660966753580126	5
chr20	25669752	25673824	4073	76	21.025	-0.208095769926143	0.208095769926143	-0.206965081364289	0.206965081364289	hypo	case		0.39574645915073	0.66	0.66	1.2	0.660966753580126	5
chr20	1319767	1322110	2344	76	22.6164473684211	-0.238028604266789	0.238028604266789	-0.246646130312303	0.246646130312303	hypo	case		0.603538042654501	0.66	0.66	1.2	0.660966753580126	5
chr21	25997355	26001779	4425	115	14.1665217391304	0.11607772129831	0.11607772129831	0.146843499504347	0.146843499504347	hyper	case		0.439355495585002	0.66	0.66	1.2	0.660966753580126	5
chr20	19830597	19834909	4313	106	25.3509433962264	-0.180451224085937	0.180451224085937	-0.176743658903322	0.176743658903322	hypo	case		0.287562764960635	0.66	0.66	1.2	0.660966753580126	5
chr21	23422792	23425764	2973	109	15.4114678899083	-0.255129072405287	0.255129072405287	-0.250694656785722	0.250694656785722	hypo	case		0.192531222595992	0.66	0.66	1.2	0.660966753580126	5
chr21	37838014	37841249	3236	58	20.8129310344828	0.144766476965871	0.144766476965871	0.154206038043598	0.154206038043598	hyper	case		0.291711776535153	0.66	0.66	1.2	0.660966753580126	5
chr20	43812816	43816421	3606	174	20.5988505747126	-0.201197520974495	0.201197520974495	-0.213174596081409	0.213174596081409	hypo	case		0.246616877154077	0.66	0.66	1.2	0.660966753580126	5
chr20	925141	928673	3533	82	23.3292682926829	0.122190355635912	0.122190355635912	0.145808358122825	0.145808358122825	hyper	case		0.517623715377994	0.66	0.66	1.2	0.660966753580126	5
chr20	18487673	18491166	3494	74	23.0777027027027	-0.182476695815881	0.182476695815881	-0.207978499508886	0.207978499508886	hypo	case		0.0625045995423698	0.66	0.66	1.2	0.660966753580126	5
chr21	41141303	41145090	3788	120	21.235	-0.16008057022633	0.16008057022633	-0.169636889163592	0.169636889163592	hypo	case		0.647268043380918	0.66	0.66	1.2	0.660966753580126	5
chr20	32269545	32272744	3200	85	23.0658823529412	-0.171382616587228	0.171382616587228	-0.178341622206211	0.178341622206211	hypo	case		0.250164253826482	0.66	0.66	1.2	0.660966753580126	5
chr21	43120358	43124910	4553	83	13.6355421686747	-0.181205847292804	0.181205847292804	-0.192243257801616	0.192243257801616	hypo	case		0.303163498640753	0.66	0.66	1.2	0.660966753580126	5
chr20	4515681	4519785	4105	64	21.4140625	0.119316073658709	0.119316073658709	0.148983140672392	0.148983140672392	hyper	case		0.315206017699811	0.66	0.66	1.2	0.660966753580126	5
chr20	8750226	8752926	2701	76	25.1138157894737	-0.17153182155148	0.17153182155148	-0.196216457411613	0.196216457411613	hypo	case		0.810581913485254	0.66	0.810581913485254	2.8	0.682213840132396	5
chr20	11044580	11048099	3520	56	19.8419642857143	0.118591593296178	0.118591593296178	0.144564035784969	0.144564035784969	hyper	case		0.20892509011521	0.66	0.66	1.2	0.660966753580126	5
chr21	22580309	22585045	4737	97	19.9603092783505	-0.202377068376558	0.202377068376558	-0.194359619259279	0.194359619259279	hypo	case		0.521243012650403	0.66	0.66	1.2	0.660966753580126	5
chr20	50212006	50216786	4781	146	21.9246575342466	0.106005820317447	0.106005820317447	0.114416065906038	0.114416065906038	hyper	case		0.22902882677216	0.66	0.66	1.2	0.660966753580126	5
chr20	31405860	31410103	4244	93	20.2736559139785	-0.193861538855246	0.193861538855246	-0.206064895512495	0.206064895512495	hypo	case		0.271084858131085	0.66	0.66	1.2	0.660966753580126	5
chr20	29312611	29315317	2707	136	31.2283088235294	-0.186056040568964	0.186056040568964	-0.199420472867459	0.199420472867459	hypo	case		0.310333199888288	0.66	0.66	1.2	0.660966753580126	5
chr20	30676256	30679141	2886	56	21.8241071428571	0.128808874920663	0.128808874920663	0.136024742780027	0.136024742780027	hyper	case		0.374374338566723	0.66	0.66	1.2	0.660966753580126	5
chr20	10600645	10605004	4360	74	24.797972972973	-0.201128459928115	0.201128459928115	-0.207022746209146	0.207022746209146	hypo	case		0.427730463245523	0.66	0.66	1.2	0.660966753580126	5
chr20	2970564	2975327	4764	112	26.7160714285714	-0.199647618878222	0.199647618878222	-0.208176613020626	0.208176613020626	hypo	case		0.438887675622058	0.66	0.66	1.2	0.660966753580126	5
chr20	47257985	47261209	3225	87	22.7574712643678	-0.177590665816505	0.177590665816505	-0.180500811365238	0.180500811365238	hypo	case		0.368285306758165	0.66	0.66	1.2	0.660966753580126	5
chr20	23856391	23859292	2902	84	22.8690476190476	0.13519191533889	0.13519191533889	0.162492358643023	0.162492358643023	hyper	case		0.338500706663364	0.66	0.66	1.2	0.660966753580126	5
chr20	40827752	40831636	3885	62	20.9411290322581	-0.206148933955982	0.206148933955982	-0.214111211423899	0.214111211423899	hypo	case		0.253066895026233	0.66	0.66	1.2	0.660966753580126	5
chr21	34249648	34253510	3863	75	22.6633333333333	-0.201974472165262	0.201974472165262	-0.220666445904859	0.220666445904859	hypo	case		0.442525736778553	0.66	0.66	1.2	0.660966753580126	5
chr20	4071120	4073377	2258	54	23.2083333333333	0.168894760113007	0.168894760113007	0.178241585149631	0.178241585149631	hyper	case		0.588662026895409	0.66	0.66	1.2	0.660966753580126	5
chr21	16361581	16362517	937	52	22.2442307692308	-0.232371430362701	0.232371430362701	-0.244905388711095	0.244905388711095	hypo	case		0.437223837427465	0.66	0.66	1.2	0.660966753580126	5
chr21	39547454	39550545	3092	52	23.5067307692308	-0.213296075161803	0.213296075161803	-0.218937220046392	0.218937220046392	hypo	case		0.0323218677985867	0.66	0.66	1.2	0.660966753580126	5
chr20	491543	495846	4304	84	22.4732142857143	-0.1843308491955	0.1843308491955	-0.206123240976455	0.206123240976455	hypo	case		0.877422042281382	0.66	0.877422042281382	2.8	0.682213840132396	5
chr21	33196841	33200269	3429	94	20.3372340425532	0.168198249475912	0.168198249475912	0.182902765710716	0.182902765710716	hyper	case		0.0743338951947854	0.66	0.66	1.2	0.660966753580126	5
chr20	14779206	14783537	4332	90	22.5477777777778	-0.248715618202002	0.248715618202002	-0.227393238914875	0.227393238914875	hypo	case		0.0186728181035952	0.66	0.66	1.2	0.660966753580126	5
chr20	11445243	11448724	3482	52	24.8759615384615	0.118169701337257	0.118169701337257	0.151386308438541	0.151386308438541	hyper	case		0.35792026730515	0.66	0.66	1.2	0.660966753580126	5
chr20	44190218	44193465	3248	97	21.0912371134021	0.164004087372799	0.164004087372799	0.17194741482522	0.17194741482522	hyper	case		0.562374880937881	0.66	0.66	1.2	0.660966753580126	5
chr20	13255631	13259260	3630	86	24.6046511627907	-0.171013890245668	0.171013890245668	-0.188399891656954	0.188399891656954	hypo	case		0.30416139320193	0.66	0.66	1.2	0.660966753580126	5
chr21	16302641	16307148	4508	62	18.9395161290323	0.13731450736263	0.13731450736263	0.149016340167353	0.149016340167353	hyper	case		0.538294851907699	0.66	0.66	1.2	0.660966753580126	5
chr20	33228111	33232685	4575	76	23.7236842105263	-0.20208297525718	0.20208297525718	-0.200402748166686	0.200402748166686	hypo	case		0.344446453315024	0.66	0.66	1.2	0.660966753580126	5
chr20	5917900	5920636	2737	58	23.3077586206897	-0.170353759580679	0.170353759580679	-0.161793093966518	0.161793093966518	hypo	case		0.551701495886303	0.66	0.66	1.2	0.660966753580126	5
chr20	24842134	24844998	2865	57	19.6114035087719	0.144892821768756	0.144892821768756	0.146023929755088	0.146023929755088	hyper	case		0.192121383497969	0.66	0.66	1.2	0.660966753580126	5
chr21	28006942	28010981	4040	53	20.4575471698113	-0.182626190778623	0.182626190778623	-0.161060388954707	0.161060388954707	hypo	case		0.166026883613896	0.66	0.66	1.2	0.660966753580126	5
chr20	37624144	37627690	3547	60	23.2283333333333	-0.158650481080196	0.158650481080196	-0.170547388510016	0.170547388510016	hypo	case		0.143988201033216	0.66	0.66	1.2	0.660966753580126	5
chr20	18777177	18779312	2136	50	23.117	-0.210756471641104	0.210756471641104	-0.211582324542764	0.211582324542764	hypo	case		0.202108238099119	0.66	0.66	1.2	0.660966753580126	5
chr21	30811571	30813952	2382	54	17.9092592592593	-0.216153504060175	0.216153504060175	-0.24001665022821	0.24001665022821	hypo	case		0.667933851403539	0.66	0.667933851403539	2.9	0.666693585000217	5
chr20	60615812	60619653	3842	55	21.6136363636364	0.0895254557553934	0.0895254557553934	0.126748471140227	0.126748471140227	hyper	case		0.396591972459952	0.66	0.66	1.2	0.660966753580126	5
chr21	40177688	40179898	2211	79	21.1474683544304	0.206570459300803	0.206570459300803	0.203239641599984	0.203239641599984	hyper	case		0.206284005006548	0.66	0.66	1.2	0.660966753580126	5
chr21	30824352	30828971	4620	103	21.8597087378641	-0.177120096087487	0.177120096087487	-0.185101434218963	0.185101434218963	hypo	case		0.160010510821978	0.66	0.66	1.2	0.660966753580126	5
chr20	23140672	23143328	2657	84	21.8994047619048	0.135026935919856	0.135026935919856	0.158495658551658	0.158495658551658	hyper	case		0.320823367667959	0.66	0.66	1.2	0.660966753580126	5
chr20	26175372	26180051	4680	50	23.175	-0.198312013188553	0.198312013188553	-0.199930359005788	0.199930359005788	hypo	case		0.207282935028894	0.66	0.66	1.2	0.660966753580126	5
chr20	10455670	10459506	3837	76	23.7388157894737	-0.209343205737196	0.209343205737196	-0.207736112116673	0.207736112116673	hypo	case		0.0236354618386682	0.66	0.66	1.2	0.660966753580126	5
chr21	7828153	7832046	3894	216	15.1956018518519	-0.13884195772578	0.13884195772578	-0.138119846288775	0.138119846288775	hypo	case		0.293256972571827	0.66	0.66	1.2	0.660966753580126	5
chr20	45357752	45360829	3078	81	21.8512345679012	0.162531458616232	0.162531458616232	0.196059814480473	0.196059814480473	hyper	case		0.301890167671782	0.66	0.66	1.2	0.660966753580126	5
chr21	20798463	20803205	4743	113	22.9964601769912	-0.219840839098404	0.219840839098404	-0.213152868954333	0.213152868954333	hypo	case		0.229775546918357	0.66	0.66	1.2	0.660966753580126	5
chr21	10635743	10639622	3880	55	53.7054545454546	0.181487728224101	0.181487728224101	0.171654468915122	0.171654468915122	hyper	case		0.134188221117734	0.66	0.66	1.2	0.660966753580126	5
chr21	40564010	40568877	4868	88	22.0602272727273	-0.154991477261233	0.154991477261233	-0.178333786557622	0.178333786557622	hypo	case		0.367409218469001	0.66	0.66	1.2	0.660966753580126	5
chr20	31265332	31269006	3675	68	22.8727941176471	-0.174402409850686	0.174402409850686	-0.188987984328308	0.188987984328308	hypo	case		0.202520746173054	0.66	0.66	1.2	0.660966753580126	5
chr21	29989042	29993739	4698	66	21.9242424242424	-0.161363193972061	0.161363193972061	-0.166572461659174	0.166572461659174	hypo	case		0.369705577988557	0.66	0.66	1.2	0.660966753580126	5
chr20	44095276	44098843	3568	117	21.4594017094017	-0.199755685229729	0.199755685229729	-0.226917931449743	0.226917931449743	hypo	case		0.172593635232773	0.66	0.66	1.2	0.660966753580126	5
chr20	10975598	10980372	4775	80	19.133125	-0.179040543256018	0.179040543256018	-0.203827618978014	0.203827618978014	hypo	case		0.377712699102829	0.66	0.66	1.2	0.660966753580126	5
chr21	39581308	39585580	4273	74	21.4547297297297	-0.172093878949984	0.172093878949984	-0.197444015928239	0.197444015928239	hypo	case		0.201095172339249	0.66	0.66	1.2	0.660966753580126	5
chr20	42024350	42027755	3406	64	20.3078125	-0.1288739667521	0.1288739667521	-0.152169666973729	0.152169666973729	hypo	case		0.0982541241259452	0.66	0.66	1.2	0.660966753580126	5
chr21	35341631	35345711	4081	88	21.2653409090909	-0.190925104749346	0.190925104749346	-0.182070116613908	0.182070116613908	hypo	case		0.393736230760904	0.66	0.66	1.2	0.660966753580126	5
chr20	31385738	31390551	4814	113	20.9632743362832	0.178739175427256	0.178739175427256	0.179107940392636	0.179107940392636	hyper	case		0.41854316373105	0.66	0.66	1.2	0.660966753580126	5
chr20	33250068	33254081	4014	80	21.381875	-0.218286234029419	0.218286234029419	-0.203584991782322	0.203584991782322	hypo	case		0.39094926324247	0.66	0.66	1.2	0.660966753580126	5
chr21	35521167	35523028	1862	52	23.9961538461538	-0.199165174950936	0.199165174950936	-0.19656413928633	0.19656413928633	hypo	case		0.51368357782522	0.66	0.66	1.2	0.660966753580126	5
chr20	10388726	10393566	4841	104	21.75625	-0.234872014244016	0.234872014244016	-0.242461190202473	0.242461190202473	hypo	case		0.541531990296588	0.66	0.66	1.2	0.660966753580126	5
chr20	44893533	44898062	4530	73	21.1958904109589	0.0860777102298388	0.0860777102298388	0.109799150767185	0.109799150767185	hyper	case		0.333922197675747	0.66	0.66	1.2	0.660966753580126	5
chr20	1656586	1661318	4733	73	22.9684931506849	0.124194881564876	0.124194881564876	0.136006984601097	0.136006984601097	hyper	case		0.373707117838094	0.66	0.66	1.2	0.660966753580126	5
chr20	6262592	6266964	4373	66	22.669696969697	0.160727458846157	0.160727458846157	0.162632915632139	0.162632915632139	hyper	case		0.193807368992092	0.66	0.66	1.2	0.660966753580126	5
chr20	32525906	32530878	4973	220	21.4875	0.148707512621711	0.148707512621711	0.163655812954834	0.163655812954834	hyper	case		0.488471175822884	0.66	0.66	1.2	0.660966753580126	5
chr21	9729568	9732834	3267	50	61.719	0.140989749732066	0.140989749732066	0.146531990385047	0.146531990385047	hyper	case		0.510679222079371	0.66	0.66	1.2	0.660966753580126	5
chr21	13493857	13497855	3999	56	23.1723214285714	0.172666482749807	0.172666482749807	0.194491293282591	0.194491293282591	hyper	case		0.47592490964898	0.66	0.66	1.2	0.660966753580126	5
chr20	14035608	14038891	3284	104	21.6475961538462	-0.184120987296689	0.184120987296689	-0.180643946453834	0.180643946453834	hypo	case		0.235531964736934	0.66	0.66	1.2	0.660966753580126	5
chr20	3053657	3057015	3359	119	23.7865546218487	-0.232681045736361	0.232681045736361	-0.22022811610612	0.22022811610612	hypo	case		0.438194513306602	0.66	0.66	1.2	0.660966753580126	5
chr20	42192341	42196266	3926	57	21.0175438596491	-0.204118955700237	0.204118955700237	-0.214950517068413	0.214950517068413	hypo	case		0.498561250154984	0.66	0.66	1.2	0.660966753580126	5
chr20	28736402	28738608	2207	63	28.4984126984127	0.131686413444221	0.131686413444221	0.151465123542478	0.151465123542478	hyper	case		0.441208967720527	0.66	0.66	1.2	0.660966753580126	5
chr20	46235604	46239030	3427	68	20.5463235294118	-0.221281225401666	0.221281225401666	-0.209197811029447	0.209197811029447	hypo	case		0.929105571481185	0.66	0.929105571481185	2.8	0.682213840132396	5
chr21	39044913	39046727	1815	54	21.1907407407407	-0.216059365781547	0.216059365781547	-0.20884556231974	0.20884556231974	hypo	case		0.313371401702356	0.66	0.66	1.2	0.660966753580126	5
chr20	19403609	19406214	2606	56	20.2642857142857	-0.219683414915096	0.219683414915096	-0.232915372147708	0.232915372147708	hypo	case		0.391609742792568	0.66	0.66	1.2	0.660966753580126	5
chr20	60381519	60385762	4244	54	21.562962962963	-0.179846000093929	0.179846000093929	-0.216932346901545	0.216932346901545	hypo	case		0.320584905117676	0.66	0.66	1.2	0.660966753580126	5
chr20	22309240	22313473	4234	74	23.7662162162162	0.153279631004331	0.153279631004331	0.16739143952441	0.16739143952441	hyper	case		0.440701536965167	0.66	0.66	1.2	0.660966753580126	5
chr20	56142573	56146506	3934	68	22.5522058823529	0.134808992071352	0.134808992071352	0.139331889242673	0.139331889242673	hyper	case		0.351312223724658	0.66	0.66	1.2	0.660966753580126	5
chr21	29691108	29694710	3603	94	22.9398936170213	0.133003867563071	0.133003867563071	0.140767407154514	0.140767407154514	hyper	case		0.254690695624903	0.66	0.66	1.2	0.660966753580126	5
chr21	26949814	26953393	3580	56	20.3491071428571	-0.135556294312601	0.135556294312601	-0.153896222294391	0.163207900863298	hypo	case		0.99	0.66	0.99	2.8	0.682213840132396	5
chr20	872595	876681	4087	118	24.0677966101695	0.110991869433689	0.110991869433689	0.120486810225646	0.120486810225646	hyper	case		0.360583567280791	0.66	0.66	1.2	0.660966753580126	5
chr21	20650852	20651822	971	50	24.376	-0.218559507766893	0.218559507766893	-0.225643033344363	0.225643033344363	hypo	case		0.291074186385003	0.66	0.66	1.2	0.660966753580126	5
chr20	23277536	23280475	2940	68	20.2757352941177	-0.181218014917764	0.181218014917764	-0.199403805820914	0.199403805820914	hypo	case		0.329975455414753	0.66	0.66	1.2	0.660966753580126	5
chr21	13555487	13559579	4093	50	23.468	0.116050592981413	0.116050592981413	0.115213216089498	0.115713344278651	hyper	case		0.669565862537412	0.66	0.669565862537412	2.9	0.666693585000217	5
chr21	39999790	40003023	3234	68	22.6345588235294	-0.165869692557778	0.165869692557778	-0.182014245466647	0.182014245466647	hypo	case		0.185780001548144	0.66	0.66	1.2	0.660966753580126	5
chr20	60395891	60399704	3814	97	20.4979381443299	-0.215493632012853	0.215493632012853	-0.215731657493792	0.215731657493792	hypo	case		0.218039714803908	0.66	0.66	1.2	0.660966753580126	5
chr20	16200754	16203079	2326	60	22.6316666666667	-0.213762144174504	0.213762144174504	-0.231833958532232	0.231833958532232	hypo	case		0.230623754896263	0.66	0.66	1.2	0.660966753580126	5
chr20	9074960	9078654	3695	70	17.9971428571429	-0.1890191582087	0.1890191582087	-0.212663146593498	0.212663146593498	hypo	case		0.448528167669924	0.66	0.66	1.2	0.660966753580126	5
chr20	2403431	2405406	1976	68	24.4558823529412	-0.181468950091077	0.181468950091077	-0.181617593391435	0.181617593391435	hypo	case		0.302716281449258	0.66	0.66	1.2	0.660966753580126	5
chr21	24055798	24060683	4886	72	21.2506944444444	-0.217861240388407	0.217861240388407	-0.243016316448563	0.243016316448563	hypo	case		0.221632900827152	0.66	0.66	1.2	0.660966753580126	5
chr20	21532354	21536872	4519	90	23.725	-0.11803438377764	0.11803438377764	-0.147176197979569	0.147176197979569	hypo	case		0.40534561400908	0.66	0.66	1.2	0.660966753580126	5
chr21	28281039	28283912	2874	57	21.7885964912281	-0.212724892552726	0.212724892552726	-0.20702182790667	0.20702182790667	hypo	case		0.183115524270485	0.66	0.66	1.2	0.660966753580126	5
chr20	52414592	52419375	4784	100	22.8635	-0.164617591050613	0.164617591050613	-0.164601929853012	0.165909390255704	hypo	case		0.707774841772588	0.66	0.707774841772588	2.8	0.682213840132396	5
chr20	22415438	22418893	3456	52	22.5461538461538	0.180261119396296	0.180261119396296	0.189841745133785	0.189841745133785	hyper	case		0.28338669772229	0.66	0.66	1.2	0.660966753580126	5
chr20	23882912	23886081	3170	52	23.7413461538462	-0.231282596875229	0.231282596875229	-0.234965681839881	0.234965681839881	hypo	case		0.237454246933199	0.66	0.66	1.2	0.660966753580126	5
chr20	20159334	20164156	4823	78	23.248717948718	-0.193025700566975	0.193025700566975	-0.174982520867468	0.174982520867468	hypo	case		0.203126349715328	0.66	0.66	1.2	0.660966753580126	5
chr21	21799552	21804255	4704	58	20.3387931034483	0.14170772710173	0.14170772710173	0.155158870618698	0.155158870618698	hyper	case		0.272829393432078	0.66	0.66	1.2	0.660966753580126	5
chr20	5143867	5147998	4132	70	22.1564285714286	0.150186115893684	0.150186115893684	0.137217118678538	0.137217118678538	hyper	case		0.312429750764235	0.66	0.66	1.2	0.660966753580126	5
chr21	15618093	15622433	4341	72	22.8673611111111	-0.262984750283344	0.262984750283344	-0.28681225229587	0.28681225229587	hypo	case		0.252001734448291	0.66	0.66	1.2	0.660966753580126	5
chr20	57949668	57954220	4553	111	22.8725225225225	-0.196134116682279	0.196134116682279	-0.201654670580402	0.201654670580402	hypo	case		0.472548160164923	0.66	0.66	1.2	0.660966753580126	5
chr21	20810873	20813745	2873	52	22.7586538461538	-0.202478396819724	0.202478396819724	-0.232391601158689	0.232391601158689	hypo	case		0.0888238058907647	0.66	0.66	1.2	0.660966753580126	5
chr21	33739767	33742347	2581	78	25.1602564102564	-0.194756435171028	0.194756435171028	-0.189906731027364	0.189906731027364	hypo	case		0.196849503956945	0.66	0.66	1.2	0.660966753580126	5
chr20	5303788	5307648	3861	94	20.7760638297872	-0.209917765248143	0.209917765248143	-0.224489307304493	0.224489307304493	hypo	case		0.203254479277073	0.66	0.66	1.2	0.660966753580126	5
chr21	41035627	41039812	4186	88	22.2721590909091	-0.156319340559894	0.156319340559894	-0.170083003181151	0.170083003181151	hypo	case		0.321576416189091	0.66	0.66	1.2	0.660966753580126	5
chr20	22483410	22486895	3486	70	23.025	-0.0884760816769452	0.0884760816769452	-0.0869490788040077	0.0922523320087314	hypo	case		0.85444775336774	0.66	0.85444775336774	2.8	0.682213840132396	5
chr20	52950900	52955529	4630	70	22.67	-0.208648464569696	0.208648464569696	-0.188928869754598	0.188928869754598	hypo	case		0.336793345091359	0.66	0.66	1.2	0.660966753580126	5
chr20	55294481	55298487	4007	52	21.5336538461538	0.118083197039479	0.118083197039479	0.120918044411327	0.120918044411327	hyper	case		0.256245793689408	0.66	0.66	1.2	0.660966753580126	5
chr20	17426702	17429472	2771	51	22.1862745098039	-0.129548650879032	0.129548650879032	-0.172140402224286	0.172140402224286	hypo	case		0.391296314798428	0.66	0.66	1.2	0.660966753580126	5
chr21	23955269	23958063	2795	58	21.6836206896552	-0.216546378637281	0.216546378637281	-0.221774870709974	0.221774870709974	hypo	case		0.137826779334765	0.66	0.66	1.2	0.660966753580126	5
chr21	14178447	14182335	3889	64	22.06953125	-0.172623396232176	0.172623396232176	-0.202603839574226	0.202603839574226	hypo	case		0.593092058453415	0.66	0.66	1.2	0.660966753580126	5
chr21	13842712	13845217	2506	54	23.7657407407407	-0.176719171081891	0.176719171081891	-0.173245412010003	0.173245412010003	hypo	case		0.498579934634085	0.66	0.66	1.2	0.660966753580126	5
chr20	23887578	23891358	3781	72	24.3902777777778	-0.165586278552276	0.165586278552276	-0.188192809464245	0.188192809464245	hypo	case		0.20159014348377	0.66	0.66	1.2	0.660966753580126	5
chr21	19826627	19831586	4960	64	21.73359375	-0.205498572601333	0.205498572601333	-0.198794728073194	0.198794728073194	hypo	case		0.400961145210205	0.66	0.66	1.2	0.660966753580126	5
chr21	13877482	13881849	4368	71	28.4246478873239	-0.0942258791220039	0.0942258791220039	-0.129368169656942	0.130580201984014	hypo	case		0.802264425877952	0.66	0.802264425877952	2.8	0.682213840132396	5
chr21	24511755	24515790	4036	60	21.2608333333333	0.128502083525019	0.128502083525019	0.139316626934184	0.139316626934184	hyper	case		0.447702206986124	0.66	0.66	1.2	0.660966753580126	5
chr21	8819007	8820952	1946	150	35.6163333333333	-0.204252027259913	0.204252027259913	-0.211993154552743	0.211993154552743	hypo	case		0.256425189788734	0.66	0.66	1.2	0.660966753580126	5
chr20	55222623	55226424	3802	82	20.8792682926829	-0.186762957373916	0.186762957373916	-0.204795834598986	0.204795834598986	hypo	case		0.302556013809415	0.66	0.66	1.2	0.660966753580126	5
chr21	9847363	9850661	3299	66	62.55	-0.162698342228861	0.162698342228861	-0.163573167906462	0.163573167906462	hypo	case		0.215542118784896	0.66	0.66	1.2	0.660966753580126	5
chr20	34377041	34378459	1419	58	20.6560344827586	0.125339985799225	0.125339985799225	0.112376089026122	0.112376089026122	hyper	case		0.42828495578854	0.66	0.66	1.2	0.660966753580126	5
chr20	22373176	22376039	2864	52	22.2105769230769	-0.142068852853468	0.142068852853468	-0.190840978291758	0.190840978291758	hypo	case		0.31864569201779	0.66	0.66	1.2	0.660966753580126	5
chr20	40487152	40491417	4266	52	20.7259615384615	-0.237322378854266	0.237322378854266	-0.231478598960077	0.231478598960077	hypo	case		0.355967664702805	0.66	0.66	1.2	0.660966753580126	5
chr21	17090087	17095058	4972	128	23.433203125	-0.199930037987968	0.199930037987968	-0.201342830502686	0.201342830502686	hypo	case		0.277888626408812	0.66	0.66	1.2	0.660966753580126	5
chr20	12491182	12493946	2765	62	22.3338709677419	-0.256741353463164	0.256741353463164	-0.257836868613339	0.257836868613339	hypo	case		0.735979354067807	0.66	0.735979354067807	2.8	0.682213840132396	5
chr20	48444656	48449637	4982	112	21.809375	-0.208021380605187	0.208021380605187	-0.223054413869352	0.223054413869352	hypo	case		0.7037837238899	0.66	0.7037837238899	2.8	0.682213840132396	5
chr20	22428960	22433845	4886	102	21.4686274509804	0.14416087800104	0.14416087800104	0.153134101356996	0.153134101356996	hyper	case		0.344971712747561	0.66	0.66	1.2	0.660966753580126	5
chr21	35064560	35067744	3185	84	24.3482142857143	-0.188494790801887	0.188494790801887	-0.199229786698142	0.199229786698142	hypo	case		0.159771307167945	0.66	0.66	1.2	0.660966753580126	5
chr21	35060806	35064045	3240	56	22.3616071428571	-0.201135385889464	0.201135385889464	-0.21742476196036	0.21742476196036	hypo	case		0.38345928228683	0.66	0.66	1.2	0.660966753580126	5
chr21	28204366	28209233	4868	114	24.509649122807	-0.245652325674887	0.245652325674887	-0.26603941558538	0.26603941558538	hypo	case		0.99	0.66	0.99	2.8	0.682213840132396	5
chr20	34505016	34507185	2170	52	24.0586538461539	-0.218089376481507	0.218089376481507	-0.242967833239566	0.242967833239566	hypo	case		0.44538685547655	0.66	0.66	1.2	0.660966753580126	5
chr21	32778965	32780801	1837	62	17.1379032258065	-0.202557526765647	0.202557526765647	-0.209129007161705	0.209129007161705	hypo	case		0.154027525454657	0.66	0.66	1.2	0.660966753580126	5
chr21	16068885	16073745	4861	116	21.7918103448276	-0.156234408784435	0.156234408784435	-0.158237512062771	0.158237512062771	hypo	case		0.618920574881664	0.66	0.66	1.2	0.660966753580126	5
chr21	32328176	32332835	4660	66	24.1515151515152	0.126143066344925	0.126143066344925	0.153803331451391	0.153803331451391	hyper	case		0.102836415127226	0.66	0.66	1.2	0.660966753580126	5
chr20	53019584	53021639	2056	50	21.605	-0.091285445154873	0.091285445154873	-0.090604534092658	0.0918098102050877	hypo	case		0.911752574344464	0.66	0.911752574344464	2.8	0.682213840132396	5
chr20	55184229	55185730	1502	74	19.2608108108108	-0.246219391515926	0.246219391515926	-0.239071232751758	0.239071232751758	hypo	case		0.150519521865688	0.66	0.66	1.2	0.660966753580126	5
chr21	28217840	28221730	3891	52	22.8875	-0.227378253018077	0.227378253018077	-0.230982629956291	0.230982629956291	hypo	case		0.700727624492226	0.66	0.700727624492226	2.8	0.682213840132396	5
chr21	18797440	18802052	4613	96	21.9703125	-0.187626122750675	0.187626122750675	-0.196272283628767	0.196272283628767	hypo	case		0.293805682717008	0.66	0.66	1.2	0.660966753580126	5
chr20	41766151	41768369	2219	66	21.5651515151515	-0.247980225668326	0.247980225668326	-0.272080005020406	0.272080005020406	hypo	case		0.427376543178226	0.66	0.66	1.2	0.660966753580126	5
chr20	42532767	42536484	3718	98	21.4632653061225	0.10483471319716	0.10483471319716	0.111633006639872	0.111633006639872	hyper	case		0.520474881934617	0.66	0.66	1.2	0.660966753580126	5
chr21	32764942	32768098	3157	50	26.575	-0.17762720249601	0.17762720249601	-0.202700005534206	0.202700005534206	hypo	case		0.533172763504986	0.66	0.66	1.2	0.660966753580126	5
chr20	49240367	49243978	3612	98	24.2857142857143	-0.251950531992035	0.251950531992035	-0.254524484707721	0.254524484707721	hypo	case		0.294299008136662	0.66	0.66	1.2	0.660966753580126	5
chr20	15891353	15895922	4570	78	21.4211538461538	-0.191970079832711	0.191970079832711	-0.18132466895984	0.18132466895984	hypo	case		0.20870026454833	0.66	0.66	1.2	0.660966753580126	5
chr20	11435073	11439817	4745	68	24.2029411764706	-0.179944458627937	0.179944458627937	-0.186703863384779	0.186703863384779	hypo	case		0.0845283711329611	0.66	0.66	1.2	0.660966753580126	5
chr20	55468442	55471918	3477	60	22.7125	0.149804136261771	0.149804136261771	0.15629277647417	0.15629277647417	hyper	case		0.279240430445194	0.66	0.66	1.2	0.660966753580126	5
chr20	59158063	59162183	4121	116	22.7952586206897	0.148043590392253	0.148043590392253	0.149748833539077	0.149748833539077	hyper	case		0.282047330212844	0.66	0.66	1.2	0.660966753580126	5
chr21	29724149	29725926	1778	52	20.9519230769231	-0.141080827927348	0.141080827927348	-0.159992671598618	0.159992671598618	hypo	case		0.294591256332209	0.66	0.66	1.2	0.660966753580126	5
chr20	55629225	55633494	4270	114	21.2622807017544	-0.257966568738808	0.257966568738808	-0.271197146945508	0.271197146945508	hypo	case		0.355803363085336	0.66	0.66	1.2	0.660966753580126	5
chr20	5903256	5908196	4941	84	22.0904761904762	-0.151099091400699	0.151099091400699	-0.151875997711729	0.151875997711729	hypo	case		0.105171188978012	0.66	0.66	1.2	0.660966753580126	5
chr20	10422255	10425292	3038	74	23.6040540540541	0.123027236155589	0.123027236155589	0.122018466572301	0.122838309627018	hyper	case		0.77295196842616	0.66	0.77295196842616	2.8	0.682213840132396	5
chr21	21003530	21006735	3206	52	21.2913461538462	0.118698753669665	0.118698753669665	0.12369857113954	0.12369857113954	hyper	case		0.59932282957182	0.66	0.66	1.2	0.660966753580126	5
chr20	23780808	23783627	2820	60	22.1491666666667	-0.17898838946606	0.17898838946606	-0.184569709988831	0.184569709988831	hypo	case		0.261026264530232	0.66	0.66	1.2	0.660966753580126	5
chr21	15444025	15447347	3323	56	23.0616071428571	0.100046137503845	0.100046137503845	0.10175179679014	0.10175179679014	hyper	case		0.384282859119821	0.66	0.66	1.2	0.660966753580126	5
chr20	53159982	53163672	3691	70	24.9628571428571	0.131541306335818	0.131541306335818	0.136416744703526	0.136416744703526	hyper	case		0.162070211471468	0.66	0.66	1.2	0.660966753580126	5
chr21	29697281	29702062	4782	86	23.2377906976744	-0.249518781176694	0.249518781176694	-0.25592239814344	0.25592239814344	hypo	case		0.256156158408819	0.66	0.66	1.2	0.660966753580126	5
chr21	45712581	45716140	3560	74	20.6560810810811	-0.221694543863577	0.221694543863577	-0.227966413473934	0.227966413473934	hypo	case		0.4318416791663	0.66	0.66	1.2	0.660966753580126	5
chr21	36615138	36619230	4093	99	22.7636363636364	-0.199932035397877	0.199932035397877	-0.210765278641952	0.210765278641952	hypo	case		0.301501310159791	0.66	0.66	1.2	0.660966753580126	5
chr20	51274802	51279657	4856	144	22.1607638888889	-0.172009572492238	0.172009572492238	-0.166723240731359	0.166723240731359	hypo	case		0.261144187745136	0.66	0.66	1.2	0.660966753580126	5
chr21	34617845	34621838	3994	96	20.0369791666667	0.114163585355278	0.114163585355278	0.118205090146794	0.118205090146794	hyper	case		0.646181566890906	0.66	0.66	1.2	0.660966753580126	5
chr20	43924896	43927402	2507	74	22.6790540540541	-0.153141163190129	0.153141163190129	-0.173273173266925	0.173273173266925	hypo	case		0.0630426929255139	0.66	0.66	1.2	0.660966753580126	5
chr20	37300004	37303917	3914	80	21.41	-0.251356626479659	0.251356626479659	-0.252122321608338	0.252122321608338	hypo	case		0.948249301576815	0.66	0.948249301576815	2.8	0.682213840132396	5
chr20	8719130	8723091	3962	84	23.8482142857143	-0.128937471224728	0.128937471224728	-0.153901244880223	0.153901244880223	hypo	case		0.0558619002489632	0.66	0.66	1.2	0.660966753580126	5
chr20	17430275	17433561	3287	90	20.5622222222222	0.209001793281108	0.209001793281108	0.21223865541392	0.21223865541392	hyper	case		0.215711763675586	0.66	0.66	1.2	0.660966753580126	5
chr21	37994113	37998519	4407	72	22.15	-0.223282044840374	0.223282044840374	-0.235699030360908	0.235699030360908	hypo	case		0.156660782116331	0.66	0.66	1.2	0.660966753580126	5
chr20	40835009	40837932	2924	52	21.0173076923077	-0.170243211358242	0.170243211358242	-0.17268163373018	0.17268163373018	hypo	case		0.79344826917431	0.66	0.79344826917431	2.8	0.682213840132396	5
chr21	13014332	13017483	3152	54	42.6083333333333	0.116754753943769	0.116754753943769	0.115860890808498	0.139567989996773	hyper	case		0.696976207037741	0.66	0.696976207037741	2.8	0.682213840132396	5
chr21	16417133	16421623	4491	84	19.4345238095238	0.246688385101311	0.246688385101311	0.233143456099819	0.233143456099819	hyper	case		0.551467474500464	0.66	0.66	1.2	0.660966753580126	5
chr20	30658589	30663419	4831	78	21.9878205128205	-0.202346888836213	0.202346888836213	-0.209424087298133	0.209424087298133	hypo	case		0.243329137412352	0.66	0.66	1.2	0.660966753580126	5
chr20	40821504	40826001	4498	68	21.3514705882353	-0.177756125065561	0.177756125065561	-0.180565756732205	0.180565756732205	hypo	case		0.203465132618981	0.66	0.66	1.2	0.660966753580126	5
chr20	8959653	8963100	3448	92	22.9967391304348	-0.232581489010007	0.232581489010007	-0.220834653096242	0.220834653096242	hypo	case		0.298450922365418	0.66	0.66	1.2	0.660966753580126	5
chr21	18330166	18333709	3544	82	24.9506097560976	-0.199889773569893	0.199889773569893	-0.183460693291497	0.183460693291497	hypo	case		0.23273763389749	0.66	0.66	1.2	0.660966753580126	5
chr21	24345979	24350118	4140	87	22.2390804597701	-0.216198841741907	0.216198841741907	-0.215423593128158	0.215423593128158	hypo	case		0.504099043164874	0.66	0.66	1.2	0.660966753580126	5
chr20	7184061	7188101	4041	60	23.2341666666667	-0.199218485823357	0.199218485823357	-0.189080818347474	0.189080818347474	hypo	case		0.409241704221423	0.66	0.66	1.2	0.660966753580126	5
chr20	20511916	20516022	4107	86	24.2720930232558	-0.182619518289669	0.182619518289669	-0.201678713226874	0.201678713226874	hypo	case		0.371761105664094	0.66	0.66	1.2	0.660966753580126	5
chr20	43174464	43178088	3625	68	25.2573529411765	-0.19812118155564	0.19812118155564	-0.204586629987018	0.204586629987018	hypo	case		0.460311686867574	0.66	0.66	1.2	0.660966753580126	5
chr21	14508675	14512221	3547	94	22.0718085106383	-0.241512270042383	0.241512270042383	-0.241754454257678	0.241754454257678	hypo	case		0.209703195568937	0.66	0.66	1.2	0.660966753580126	5
chr20	51207882	51212256	4375	60	21.6258333333333	-0.249074427956879	0.249074427956879	-0.239675947350536	0.239675947350536	hypo	case		0.215937329790449	0.66	0.66	1.2	0.660966753580126	5
chr20	3654069	3655921	1853	54	21.5740740740741	0.229986469870715	0.229986469870715	0.229217163093657	0.229217163093657	hyper	case		0.355626737993982	0.66	0.66	1.2	0.660966753580126	5
chr20	60902541	60904683	2143	60	21.7358333333333	-0.159892397066249	0.159892397066249	-0.185925111858403	0.185925111858403	hypo	case		0.395674824646046	0.66	0.66	1.2	0.660966753580126	5
chr20	22716477	22721263	4787	92	22.395652173913	-0.224889407340949	0.224889407340949	-0.219042637697728	0.219042637697728	hypo	case		0.229835315138292	0.66	0.66	1.2	0.660966753580126	5
chr20	14237785	14241487	3703	70	22.3492857142857	-0.232723817179082	0.232723817179082	-0.237971781280205	0.237971781280205	hypo	case		0.175780968509978	0.66	0.66	1.2	0.660966753580126	5
chr21	18791170	18793016	1847	50	22.499	-0.191612555040215	0.191612555040215	-0.176800139172261	0.176800139172261	hypo	case		0.0578491271074859	0.66	0.66	1.2	0.660966753580126	5
chr20	30318431	30322506	4076	92	20.7804347826087	-0.218635496480525	0.218635496480525	-0.243022306100124	0.243022306100124	hypo	case		0.400278720222813	0.66	0.66	1.2	0.660966753580126	5
chr20	15357655	15359217	1563	54	24.1194444444444	-0.236923613837618	0.236923613837618	-0.238167891444341	0.238167891444341	hypo	case		0.300089732145178	0.66	0.66	1.2	0.660966753580126	5
chr20	7210977	7212371	1395	52	23.8682692307692	-0.176123014069022	0.176123014069022	-0.183370728402508	0.183370728402508	hypo	case		0.385379806957627	0.66	0.66	1.2	0.660966753580126	5
chr20	4639802	4643766	3965	67	20.5641791044776	0.138742720214082	0.138742720214082	0.157257553277192	0.157257553277192	hyper	case		0.287092449049821	0.66	0.66	1.2	0.660966753580126	5
chr21	30649966	30652800	2835	50	20.404	0.156776745948211	0.156776745948211	0.126728379084065	0.126728379084065	hyper	case		0.137634838052043	0.66	0.66	1.2	0.660966753580126	5
chr20	35889047	35892501	3455	122	21.2241803278689	-0.197627562156343	0.197627562156343	-0.197927803014231	0.197927803014231	hypo	case		0.609372594056842	0.66	0.66	1.2	0.660966753580126	5
chr20	21935311	21939655	4345	56	22.1482142857143	-0.189934754319219	0.189934754319219	-0.173689217969973	0.173689217969973	hypo	case		0.752587008927563	0.66	0.752587008927563	2.8	0.682213840132396	5
chr21	27134412	27137958	3547	66	22.6939393939394	-0.207329370154492	0.207329370154492	-0.226226079127349	0.226226079127349	hypo	case		0.495546269676159	0.66	0.66	1.2	0.660966753580126	5
chr20	1421380	1425030	3651	66	23.8522727272727	0.139524248028461	0.139524248028461	0.148830524323955	0.148830524323955	hyper	case		0.138682304846324	0.66	0.66	1.2	0.660966753580126	5
chr20	20442112	20445466	3355	74	21.4966216216216	-0.194182130586904	0.194182130586904	-0.208374172102224	0.208374172102224	hypo	case		0.275578606989057	0.66	0.66	1.2	0.660966753580126	5
chr20	46590715	46593888	3174	50	21.922	-0.200567057251342	0.200567057251342	-0.218112273190025	0.218112273190025	hypo	case		0.723070169055092	0.66	0.723070169055092	2.8	0.682213840132396	5
chr21	32716012	32720783	4772	88	22.7704545454545	0.124939457152651	0.124939457152651	0.142670629302617	0.142670629302617	hyper	case		0.416775206306503	0.66	0.66	1.2	0.660966753580126	5
chr21	7625133	7628866	3734	188	25.8827127659574	0.154953495448325	0.154953495448325	0.173461748022568	0.173461748022568	hyper	case		0.407662716176734	0.66	0.66	1.2	0.660966753580126	5
chr20	7420789	7425020	4232	51	17.4901960784314	-0.222696678794202	0.222696678794202	-0.234245948774329	0.234245948774329	hypo	case		0.594725390457116	0.66	0.66	1.2	0.660966753580126	5
chr20	23135235	23140042	4808	112	22.896875	-0.236209116187155	0.236209116187155	-0.242586739065277	0.242586739065277	hypo	case		0.190020850212367	0.66	0.66	1.2	0.660966753580126	5
