seqnames	start	end	width	num_sites	cov	delta_beta	delta_beta_abs	intended_delta_beta	intended_delta_beta_abs	direction	case_group	genome	background_corr_target	expected_correlation	corr_target	corr_sd_used	corr_metric_estimate	neighbor_window
chr21	43583338	43588761	5424	132	23.3488636363636	-0.365612541194334	0.365612541194334	-0.375030075880247	0.375030075880247	hypo	Condition2		0.543353372696378	0.7	0.7	1.3	0.672712704737504	5
chr21	26904524	26908464	3941	57	23.8763157894737	-0.281124547227996	0.281124547227996	-0.31408410387662	0.31408410387662	hypo	Condition2		0.512642657581179	0.7	0.7	1.3	0.672712704737504	5
chr20	41290486	41294993	4508	62	22.9120967741935	-0.255813493825294	0.255813493825294	-0.26047220457435	0.26047220457435	hypo	Condition2		0.298651027463326	0.7	0.7	1.3	0.672712704737504	5
chr20	12361733	12365534	3802	60	22.1	-0.300470054587181	0.300470054587181	-0.313943104344118	0.313943104344118	hypo	Condition2		0.428493835049981	0.7	0.7	1.3	0.672712704737504	5
chr21	38319063	38320123	1061	40	19.34	-0.29556445606292	0.29556445606292	-0.310210154221232	0.310210154221232	hypo	Condition2		0.504752865943248	0.7	0.7	1.3	0.672712704737504	5
chr21	34774934	34783536	8603	158	23.2689873417722	-0.25557446582483	0.25557446582483	-0.280966954325034	0.280966954325034	hypo	Condition2		0.333096507574847	0.7	0.7	1.3	0.672712704737504	5
chr20	39924242	39928354	4113	44	20.9954545454545	-0.349667694345641	0.349667694345641	-0.35621163030769	0.35621163030769	hypo	Condition2		0.150505464512639	0.7	0.7	1.3	0.672712704737504	5
chr20	59369748	59373872	4125	94	24.0260638297872	-0.357090074750393	0.357090074750393	-0.371325655559294	0.371325655559294	hypo	Condition2		0.103260590318287	0.7	0.7	1.3	0.672712704737504	5
chr21	39273677	39276020	2344	65	20.8023076923077	-0.272682125494796	0.272682125494796	-0.291898641823654	0.291898641823654	hypo	Condition2		0.202020475866009	0.7	0.7	1.3	0.672712704737504	5
chr20	248292	256766	8475	177	21.128813559322	-0.27742402900098	0.27742402900098	-0.295029499854405	0.295029499854405	hypo	Condition2		0.221495370511751	0.7	0.7	1.3	0.672712704737504	5
chr20	4346438	4349182	2745	52	22.1269230769231	-0.316779740820182	0.316779740820182	-0.321003260838709	0.321003260838709	hypo	Condition2		0.237648427543842	0.7	0.7	1.3	0.672712704737504	5
chr20	38308940	38313929	4990	97	21.0438144329897	-0.351307048525579	0.351307048525579	-0.370722454629842	0.370722454629842	hypo	Condition2		0.923980844380809	0.7	0.923980844380809	1.3	0.672712704737504	5
chr20	3943821	3949666	5846	169	23.096449704142	-0.228290307017128	0.228290307017128	-0.22842755353482	0.22842755353482	hypo	Condition2		0.854091723460858	0.7	0.854091723460858	1.3	0.672712704737504	5
chr21	8685261	8691241	5981	198	24.7621212121212	-0.343574526490699	0.343574526490699	-0.363687511443957	0.363687511443957	hypo	Condition2		0.839315556323303	0.7	0.839315556323303	1.3	0.672712704737504	5
chr21	15885248	15889633	4386	72	18.8055555555556	-0.360745300831256	0.360745300831256	-0.382450794388753	0.382450794388753	hypo	Condition2		0.0866864150011544	0.7	0.7	1.3	0.672712704737504	5
chr21	25394278	25401001	6724	140	22.3675	-0.316930964157919	0.316930964157919	-0.316573212292327	0.316573212292327	hypo	Condition2		0.235514424293314	0.7	0.7	1.3	0.672712704737504	5
chr20	3829060	3830508	1449	60	22.8341666666667	-0.28204760939661	0.28204760939661	-0.30315088075774	0.30315088075774	hypo	Condition2		0.152133720842097	0.7	0.7	1.3	0.672712704737504	5
chr21	16582294	16591151	8858	157	20.2729299363057	0.26645518388417	0.26645518388417	0.281324297143639	0.281324297143639	hyper	Condition2		0.99	0.7	0.99	1.3	0.672712704737504	5
chr21	14574915	14579156	4242	69	21.1724637681159	-0.282471395591516	0.282471395591516	-0.305444842818579	0.305444842818579	hypo	Condition2		0.514146219015009	0.7	0.7	1.3	0.672712704737504	5
chr20	27592684	27601383	8700	89	12.5685393258427	-0.285267009947254	0.285267009947254	-0.29190003887161	0.29190003887161	hypo	Condition2		0.104962810671713	0.7	0.7	1.3	0.672712704737504	5
chr20	60243360	60248434	5075	127	24.8984251968504	-0.385050154354035	0.385050154354035	-0.40722427782892	0.40722427782892	hypo	Condition2		0.51601902535932	0.7	0.7	1.3	0.672712704737504	5
chr20	45414339	45424512	10174	208	22.5603365384615	-0.373863766744869	0.373863766744869	-0.393198175774025	0.393198175774025	hypo	Condition2		0.313464460185621	0.7	0.7	1.3	0.672712704737504	5
chr20	37081909	37086536	4628	144	21.4125	-0.242106343251751	0.242106343251751	-0.255678245280222	0.255678245280222	hypo	Condition2		0.196380918654789	0.7	0.7	1.3	0.672712704737504	5
chr20	5531584	5546183	14600	302	23.3026490066225	-0.335115867242513	0.335115867242513	-0.352176032024763	0.352176032024763	hypo	Condition2		0.115351890538844	0.7	0.7	1.3	0.672712704737504	5
chr21	10160173	10165011	4839	47	18.9978723404255	0.291572242000164	0.291572242000164	0.310955420525541	0.310955420525541	hyper	Condition2		0.41146718860818	0.7	0.7	1.3	0.672712704737504	5
chr20	32997041	33005088	8048	204	21.4955882352941	-0.248210908701932	0.248210908701932	-0.257840078550923	0.257840078550923	hypo	Condition2		0.175520173979757	0.7	0.7	1.3	0.672712704737504	5
chr21	40659711	40667656	7946	119	21.9899159663866	-0.219090694041858	0.219090694041858	-0.229059643191994	0.229059643191994	hypo	Condition2		0.332872458886605	0.7	0.7	1.3	0.672712704737504	5
chr20	34152173	34164506	12334	283	22.01925795053	-0.278087043732909	0.278087043732909	-0.293618168027816	0.293618168027816	hypo	Condition2		0.286229837823022	0.7	0.7	1.3	0.672712704737504	5
chr20	12892743	12894584	1842	55	23.2627272727273	-0.360552370957201	0.360552370957201	-0.389495837991668	0.389495837991668	hypo	Condition2		0.399946894069138	0.7	0.7	1.3	0.672712704737504	5
chr20	12090065	12092257	2193	40	21.06375	-0.248638090774922	0.248638090774922	-0.232953403296356	0.232953403296356	hypo	Condition2		0.966698446559209	0.7	0.966698446559209	1.3	0.672712704737504	5
chr21	21789299	21795363	6065	126	21.4134920634921	-0.293924033643692	0.293924033643692	-0.289559292859169	0.289559292859169	hypo	Condition2		0.186211847261606	0.7	0.7	1.3	0.672712704737504	5
chr21	16409479	16413443	3965	57	21.909649122807	-0.278207254452766	0.278207254452766	-0.258270622402235	0.258270622402235	hypo	Condition2		0.0873606689790868	0.7	0.7	1.3	0.672712704737504	5
chr20	57778348	57781226	2879	63	21.7142857142857	-0.308362674551933	0.308362674551933	-0.323925525939943	0.323925525939943	hypo	Condition2		0.0667847463315049	0.7	0.7	1.3	0.672712704737504	5
chr20	43027100	43030356	3257	53	22.3122641509434	-0.232615262796529	0.232615262796529	-0.220600488915323	0.220600488915323	hypo	Condition2		0.0773355623618007	0.7	0.7	1.3	0.672712704737504	5
chr21	13157019	13162391	5373	88	24.8022727272727	-0.234195458281289	0.234195458281289	-0.242627357827745	0.242627357827745	hypo	Condition2		0.502900644047508	0.7	0.7	1.3	0.672712704737504	5
chr21	32857336	32860233	2898	54	22.3546296296296	-0.311290989708216	0.311290989708216	-0.313052992090857	0.313052992090857	hypo	Condition2		0.470008519820135	0.7	0.7	1.3	0.672712704737504	5
chr20	50736449	50738041	1593	48	25.8145833333333	0.316807955480134	0.316807955480134	0.323395346518121	0.323395346518121	hyper	Condition2		0.36309928975297	0.7	0.7	1.3	0.672712704737504	5
chr20	10232042	10235478	3437	47	23.7117021276596	-0.291536854540792	0.291536854540792	-0.302084806381244	0.302084806381244	hypo	Condition2		0.677015739854187	0.7	0.7	1.3	0.672712704737504	5
chr20	41698210	41709277	11068	249	23.5879518072289	-0.338612860235271	0.338612860235271	-0.345668186340021	0.345668186340021	hypo	Condition2		0.0702451312221903	0.7	0.7	1.3	0.672712704737504	5
chr20	59334668	59345508	10841	293	22.7972696245734	-0.309018600868837	0.309018600868837	-0.33430496396957	0.33430496396957	hypo	Condition2		0.487132608780104	0.7	0.7	1.3	0.672712704737504	5
chr21	6300929	6304249	3321	67	17.439552238806	-0.382468958949065	0.382468958949065	-0.40749352034639	0.40749352034639	hypo	Condition2		0.627309530472709	0.7	0.7	1.3	0.672712704737504	5
chr21	25133342	25137968	4627	62	25.15	-0.235980537352599	0.235980537352599	-0.250108770693194	0.250108770693194	hypo	Condition2		0.618816252963585	0.7	0.7	1.3	0.672712704737504	5
chr20	6046833	6060590	13758	440	20.7077272727273	0.274072584726249	0.274072584726249	0.300602117097377	0.300602117097377	hyper	Condition2		0.225633107313147	0.7	0.7	1.3	0.672712704737504	5
chr20	52011916	52022644	10729	346	23.3656069364162	-0.40927097857108	0.40927097857108	-0.424910366799978	0.424910366799978	hypo	Condition2		0.315291093871867	0.7	0.7	1.3	0.672712704737504	5
chr20	37836824	37841356	4533	97	20.2262886597938	-0.316765689307652	0.316765689307652	-0.335522995410329	0.335522995410329	hypo	Condition2		0.937531554274785	0.7	0.937531554274785	1.3	0.672712704737504	5
chr20	14848563	14850092	1530	42	19.6202380952381	-0.328904323539597	0.328904323539597	-0.312037800792653	0.312037800792653	hypo	Condition2		0.217693173149519	0.7	0.7	1.3	0.672712704737504	5
chr20	17045121	17049074	3954	72	21.7895833333333	-0.32587089321654	0.32587089321654	-0.321863159259791	0.321863159259791	hypo	Condition2		0.175070011521051	0.7	0.7	1.3	0.672712704737504	5
chr21	34244464	34248382	3919	62	23.4516129032258	-0.336646816779409	0.336646816779409	-0.337843724212771	0.337843724212771	hypo	Condition2		0.386918788643844	0.7	0.7	1.3	0.672712704737504	5
chr20	3496362	3501880	5519	88	23.7204545454545	-0.340301320989519	0.340301320989519	-0.336958715732371	0.336958715732371	hypo	Condition2		0.0768425789387276	0.7	0.7	1.3	0.672712704737504	5
chr20	47020955	47024668	3714	105	23.0547619047619	-0.344966301183315	0.344966301183315	-0.344636931713604	0.344636931713604	hypo	Condition2		0.566532794708226	0.7	0.7	1.3	0.672712704737504	5
chr20	23619824	23621665	1842	48	21.9427083333333	-0.238975686262642	0.238975686262642	-0.249677461775709	0.249677461775709	hypo	Condition2		0.0184302296285337	0.7	0.7	1.3	0.672712704737504	5
chr20	38706443	38708546	2104	53	21.0103773584906	-0.365785190937418	0.365785190937418	-0.406054679784033	0.406054679784033	hypo	Condition2		0.298675327914985	0.7	0.7	1.3	0.672712704737504	5
chr21	21525237	21529981	4745	49	23.469387755102	-0.236484646723596	0.236484646723596	-0.228069727715539	0.228069727715539	hypo	Condition2		0.110616146572985	0.7	0.7	1.3	0.672712704737504	5
chr20	55709356	55714038	4683	66	21.1128787878788	-0.231535664511442	0.231535664511442	-0.266208783728025	0.266208783728025	hypo	Condition2		0.43236714164955	0.7	0.7	1.3	0.672712704737504	5
chr20	31393034	31395792	2759	40	21.55375	-0.311396978543968	0.311396978543968	-0.29671394060725	0.29671394060725	hypo	Condition2		0.274177952274094	0.7	0.7	1.3	0.672712704737504	5
chr20	22995666	23002564	6899	140	23.0125	-0.395747765642713	0.395747765642713	-0.405402096221564	0.405402096221564	hypo	Condition2		0.61825679530257	0.7	0.7	1.3	0.672712704737504	5
chr20	52967246	52971259	4014	66	22.8530303030303	-0.258999779661574	0.258999779661574	-0.273374599409563	0.273374599409563	hypo	Condition2		0.408445485927495	0.7	0.7	1.3	0.672712704737504	5
chr21	13100734	13105124	4391	98	20.7821428571429	-0.348557690303147	0.348557690303147	-0.356599718484028	0.356599718484028	hypo	Condition2		0.0927840660749564	0.7	0.7	1.3	0.672712704737504	5
chr21	35147533	35152332	4800	57	21.3070175438597	-0.424541834262229	0.424541834262229	-0.438755063207892	0.438755063207892	hypo	Condition2		0.0212839013778017	0.7	0.7	1.3	0.672712704737504	5
chr20	10720147	10722890	2744	48	21.9864583333333	-0.40545369040128	0.40545369040128	-0.418327196325535	0.418327196325535	hypo	Condition2		0.272730603222176	0.7	0.7	1.3	0.672712704737504	5
chr21	35550025	35569340	19316	330	21.6571212121212	-0.41855210698493	0.41855210698493	-0.426445298114723	0.426445298114723	hypo	Condition2		0.39060862526976	0.7	0.7	1.3	0.672712704737504	5
chr21	27634944	27636704	1761	58	20.326724137931	-0.275679013980102	0.275679013980102	-0.278143869764966	0.278143869764966	hypo	Condition2		0.53210948217955	0.7	0.7	1.3	0.672712704737504	5
chr20	37810113	37813972	3860	42	24.1285714285714	-0.395754711159495	0.395754711159495	-0.45503275819928	0.45503275819928	hypo	Condition2		0.491896838117735	0.7	0.7	1.3	0.672712704737504	5
chr20	39318296	39321967	3672	53	23.9990566037736	-0.312401453944969	0.312401453944969	-0.329868035633495	0.329868035633495	hypo	Condition2		0.18052439421918	0.7	0.7	1.3	0.672712704737504	5
chr20	41722147	41729308	7162	170	23.3273529411765	-0.2562862525008	0.2562862525008	-0.257100186820192	0.257100186820192	hypo	Condition2		0.863824423035406	0.7	0.863824423035406	1.3	0.672712704737504	5
chr20	2030442	2032823	2382	41	20.6573170731707	-0.276277214022493	0.276277214022493	-0.247590989577446	0.247590989577446	hypo	Condition2		0.24172740346005	0.7	0.7	1.3	0.672712704737504	5
chr21	22740508	22742718	2211	40	22.365	-0.228668670775493	0.228668670775493	-0.241920696054397	0.241920696054397	hypo	Condition2		0.204666958625416	0.7	0.7	1.3	0.672712704737504	5
chr20	52577145	52583431	6287	115	21.9569565217391	-0.261952431274769	0.261952431274769	-0.279726059346973	0.279726059346973	hypo	Condition2		0.544167241913117	0.7	0.7	1.3	0.672712704737504	5
chr20	8136184	8137329	1146	54	20.5046296296296	-0.27643577075211	0.27643577075211	-0.282523983818432	0.282523983818432	hypo	Condition2		0.383525360979935	0.7	0.7	1.3	0.672712704737504	5
chr20	35633598	35637831	4234	115	20.6104347826087	-0.344323406208151	0.344323406208151	-0.355694763297617	0.355694763297617	hypo	Condition2		0.208554349620811	0.7	0.7	1.3	0.672712704737504	5
chr20	20237217	20241590	4374	67	22.1686567164179	0.22046361037	0.22046361037	0.252610946801824	0.252610946801824	hyper	Condition2		0.35696148141813	0.7	0.7	1.3	0.672712704737504	5
chr20	21781443	21782710	1268	57	19.2587719298246	0.203081880230218	0.203081880230218	0.210046602862926	0.210046602862926	hyper	Condition2		0.571397698198844	0.7	0.7	1.3	0.672712704737504	5
chr21	35501325	35512093	10769	178	22.8168539325843	-0.277012656839119	0.277012656839119	-0.286561939865287	0.286561939865287	hypo	Condition2		0.492701045062115	0.7	0.7	1.3	0.672712704737504	5
chr20	41304385	41306321	1937	61	19.444262295082	-0.33866052497554	0.33866052497554	-0.33947862113724	0.33947862113724	hypo	Condition2		0.181453114564791	0.7	0.7	1.3	0.672712704737504	5
chr20	9264899	9267049	2151	40	23.5275	-0.252843204826826	0.252843204826826	-0.262205531144287	0.262205531144287	hypo	Condition2		0.311290353553945	0.7	0.7	1.3	0.672712704737504	5
chr20	5598311	5605635	7325	148	22.595945945946	-0.344342742626674	0.344342742626674	-0.35392915130304	0.35392915130304	hypo	Condition2		0.293049502729337	0.7	0.7	1.3	0.672712704737504	5
chr20	19691281	19694010	2730	60	23.9483333333333	-0.269578877623294	0.269578877623294	-0.25053009184681	0.25053009184681	hypo	Condition2		0.535744502141396	0.7	0.7	1.3	0.672712704737504	5
chr20	45141839	45145700	3862	49	21.8173469387755	-0.27743370274637	0.27743370274637	-0.297814388246297	0.297814388246297	hypo	Condition2		0.469320944147567	0.7	0.7	1.3	0.672712704737504	5
chr21	16468415	16471723	3309	49	21.5418367346939	-0.243172400532794	0.243172400532794	-0.245360911484865	0.245360911484865	hypo	Condition2		0.185894555572838	0.7	0.7	1.3	0.672712704737504	5
chr20	9166333	9171885	5553	104	20.6889423076923	0.264129749588703	0.264129749588703	0.270735004230718	0.270735004230718	hyper	Condition2		0.492094079929993	0.7	0.7	1.3	0.672712704737504	5
chr20	29309444	29312086	2643	189	32.4312169312169	-0.344066196796707	0.344066196796707	-0.344724451812282	0.344724451812282	hypo	Condition2		0.45473219644448	0.7	0.7	1.3	0.672712704737504	5
chr20	24985777	24989207	3431	54	24.0268518518519	-0.298705893867013	0.298705893867013	-0.324252526367931	0.324252526367931	hypo	Condition2		0.452427509257598	0.7	0.7	1.3	0.672712704737504	5
chr20	56269472	56272273	2802	45	19.3666666666667	-0.340909524304833	0.340909524304833	-0.361219507322451	0.361219507322451	hypo	Condition2		0.562389304340424	0.7	0.7	1.3	0.672712704737504	5
chr21	46617034	46626044	9011	203	21.9428571428571	-0.274725008909219	0.274725008909219	-0.295408304707388	0.295408304707388	hypo	Condition2		0.483473601437814	0.7	0.7	1.3	0.672712704737504	5
chr20	38608403	38622009	13607	395	19.2920253164557	-0.387297097792353	0.387297097792353	-0.40667365091907	0.40667365091907	hypo	Condition2		0.194452090955374	0.7	0.7	1.3	0.672712704737504	5
chr20	43965038	43967543	2506	63	24.1206349206349	-0.372581526041296	0.372581526041296	-0.35969820244107	0.35969820244107	hypo	Condition2		0.38601297382915	0.7	0.7	1.3	0.672712704737504	5
chr21	10757522	10763561	6040	91	73.6521978021978	-0.28884265021904	0.28884265021904	-0.287680465200914	0.287680465200914	hypo	Condition2		0.370673798671936	0.7	0.7	1.3	0.672712704737504	5
chr20	6199385	6202432	3048	42	22.7630952380952	-0.245588546435364	0.245588546435364	-0.297460290303703	0.297460290303703	hypo	Condition2		0.313143527875323	0.7	0.7	1.3	0.672712704737504	5
chr21	8771797	8780515	8719	207	51.6128019323672	-0.239275487341985	0.239275487341985	-0.238766458111567	0.238766458111567	hypo	Condition2		0.188233374483693	0.7	0.7	1.3	0.672712704737504	5
chr20	8784132	8787882	3751	65	24.1415384615385	-0.268205631468245	0.268205631468245	-0.301654480686684	0.301654480686684	hypo	Condition2		0.490774986267288	0.7	0.7	1.3	0.672712704737504	5
chr20	9901510	9908825	7316	72	22.9777777777778	-0.322216364488532	0.322216364488532	-0.340532584604998	0.340532584604998	hypo	Condition2		0.352058838028683	0.7	0.7	1.3	0.672712704737504	5
chr21	13477065	13479602	2538	40	21.39	-0.25793740285262	0.25793740285262	-0.282204833980591	0.282204833980591	hypo	Condition2		0.399896596000042	0.7	0.7	1.3	0.672712704737504	5
chr21	9915390	9917553	2164	52	60.4442307692308	-0.259954177547428	0.259954177547428	-0.273808427358374	0.273808427358374	hypo	Condition2		0.494290757382518	0.7	0.7	1.3	0.672712704737504	5
chr20	45842955	45845334	2380	80	24.59625	-0.267001151765675	0.267001151765675	-0.276816775018453	0.276816775018453	hypo	Condition2		0.29072311436794	0.7	0.7	1.3	0.672712704737504	5
chr21	45196972	45204896	7925	262	22.2723282442748	-0.327344494138386	0.327344494138386	-0.331018809869471	0.331018809869471	hypo	Condition2		0.605166159616685	0.7	0.7	1.3	0.672712704737504	5
chr20	26121101	26129650	8550	164	22.9170731707317	-0.269426472169586	0.269426472169586	-0.28093190438615	0.28093190438615	hypo	Condition2		0.575744284954953	0.7	0.7	1.3	0.672712704737504	5
chr21	37061978	37064323	2346	53	21.9358490566038	0.323362889137627	0.323362889137627	0.318275311081956	0.318275311081956	hyper	Condition2		0.287749576082287	0.7	0.7	1.3	0.672712704737504	5
chr20	40369804	40372336	2533	55	21.6854545454545	-0.266222943903986	0.266222943903986	-0.293454982527138	0.293454982527138	hypo	Condition2		0.18902865401184	0.7	0.7	1.3	0.672712704737504	5
chr20	16126891	16132531	5641	78	20.1544871794872	-0.354290057994609	0.354290057994609	-0.366886797342929	0.366886797342929	hypo	Condition2		0.217166470762577	0.7	0.7	1.3	0.672712704737504	5
chr20	22008549	22013556	5008	100	20.7375	-0.323716479471363	0.323716479471363	-0.324778422034464	0.324778422034464	hypo	Condition2		0.455911051903714	0.7	0.7	1.3	0.672712704737504	5
chr20	55526501	55530229	3729	46	21.429347826087	-0.290403758916201	0.290403758916201	-0.305688233327935	0.305688233327935	hypo	Condition2		0.190285290935162	0.7	0.7	1.3	0.672712704737504	5
chr20	17362024	17371482	9459	140	22.7064285714286	-0.252857829381969	0.252857829381969	-0.271570383730468	0.271570383730468	hypo	Condition2		0.653186846843174	0.7	0.7	1.3	0.672712704737504	5
chr21	23007411	23013416	6006	62	23.8879032258065	0.184634935426368	0.184634935426368	0.188320652475215	0.188320652475215	hyper	Condition2		0.463726420942372	0.7	0.7	1.3	0.672712704737504	5
chr20	8331921	8336618	4698	84	22.8934523809524	-0.320605922171379	0.320605922171379	-0.330725313868144	0.330725313868144	hypo	Condition2		0.531989481628538	0.7	0.7	1.3	0.672712704737504	5
chr20	2640803	2647303	6501	138	22.406884057971	-0.365553312964729	0.365553312964729	-0.377824277135375	0.377824277135375	hypo	Condition2		0.261070272382962	0.7	0.7	1.3	0.672712704737504	5
chr20	2915586	2917210	1625	40	23.19	-0.287217964690335	0.287217964690335	-0.266299506481371	0.266299506481371	hypo	Condition2		0.556394715832692	0.7	0.7	1.3	0.672712704737504	5
chr20	41668731	41679508	10778	237	19.6329113924051	-0.350745889376324	0.350745889376324	-0.3485469927254	0.3485469927254	hypo	Condition2		0.343255194563612	0.7	0.7	1.3	0.672712704737504	5
chr21	35103058	35111938	8881	190	22.4936842105263	-0.310348275532355	0.310348275532355	-0.312101850929729	0.312101850929729	hypo	Condition2		0.0716054339044682	0.7	0.7	1.3	0.672712704737504	5
chr20	37539389	37541773	2385	52	22.1769230769231	-0.232980511903235	0.232980511903235	-0.234718294819615	0.234718294819615	hypo	Condition2		0.30676884577039	0.7	0.7	1.3	0.672712704737504	5
chr21	13977666	13983037	5372	359	22.533426183844	-0.315399233932621	0.315399233932621	-0.335263552782725	0.335263552782725	hypo	Condition2		0.187051806328151	0.7	0.7	1.3	0.672712704737504	5
chr21	27996684	27999416	2733	46	21.4119565217391	-0.270150212648563	0.270150212648563	-0.283006722258567	0.283006722258567	hypo	Condition2		0.265029040214212	0.7	0.7	1.3	0.672712704737504	5
chr20	23467029	23469563	2535	50	20.208	-0.317934955606152	0.317934955606152	-0.334093482663742	0.334093482663742	hypo	Condition2		0.210314491505364	0.7	0.7	1.3	0.672712704737504	5
chr21	36622094	36625615	3522	67	21.7029850746269	-0.308886968261968	0.308886968261968	-0.322207662710458	0.322207662710458	hypo	Condition2		0.142571132827239	0.7	0.7	1.3	0.672712704737504	5
chr21	33715608	33720377	4770	125	21.6428	-0.257445640420123	0.257445640420123	-0.280550040372958	0.280550040372958	hypo	Condition2		0.197059863768098	0.7	0.7	1.3	0.672712704737504	5
chr20	55468442	55471426	2985	56	22.6767857142857	-0.278643392888946	0.278643392888946	-0.280176725208975	0.280176725208975	hypo	Condition2		0.1018406066084	0.7	0.7	1.3	0.672712704737504	5
chr20	15831966	15834932	2967	67	23.9597014925373	-0.264755672304731	0.264755672304731	-0.287185978573247	0.287185978573247	hypo	Condition2		0.151759177007519	0.7	0.7	1.3	0.672712704737504	5
chr21	37471313	37474771	3459	65	21.82	-0.302265523297277	0.302265523297277	-0.328831223465695	0.328831223465695	hypo	Condition2		0.0908994530736878	0.7	0.7	1.3	0.672712704737504	5
chr20	17100340	17105292	4953	74	20.9952702702703	-0.35732046767721	0.35732046767721	-0.363534934525481	0.363534934525481	hypo	Condition2		0.267332631066389	0.7	0.7	1.3	0.672712704737504	5
chr21	24779441	24785921	6481	99	22.9737373737374	-0.271307980636021	0.271307980636021	-0.281952473327592	0.281952473327592	hypo	Condition2		0.590892362979112	0.7	0.7	1.3	0.672712704737504	5
chr21	17499767	17502303	2537	60	23.6475	-0.241739163753354	0.241739163753354	-0.261376825226267	0.261376825226267	hypo	Condition2		0.210827133464916	0.7	0.7	1.3	0.672712704737504	5
chr21	14139654	14143290	3637	40	22.7275	-0.227330896422539	0.227330896422539	-0.257167196023852	0.257167196023852	hypo	Condition2		0.262014612682197	0.7	0.7	1.3	0.672712704737504	5
chr21	29243387	29245851	2465	40	22.07375	-0.298083552685694	0.298083552685694	-0.350173475081742	0.350173475081742	hypo	Condition2		0.231145582747457	0.7	0.7	1.3	0.672712704737504	5
chr20	42474070	42480224	6155	111	23.4585585585586	-0.279230456568594	0.279230456568594	-0.288719587175182	0.288719587175182	hypo	Condition2		0.881033421313205	0.7	0.881033421313205	1.3	0.672712704737504	5
chr20	56782470	56796597	14128	406	24.9073891625616	-0.311165753254453	0.311165753254453	-0.314710301055647	0.314710301055647	hypo	Condition2		0.572682816093213	0.7	0.7	1.3	0.672712704737504	5
chr20	2419970	2423403	3434	103	22.0791262135922	-0.368489888840912	0.368489888840912	-0.384695397449581	0.384695397449581	hypo	Condition2		0.150139145637088	0.7	0.7	1.3	0.672712704737504	5
chr20	13054810	13060272	5463	92	19.4282608695652	-0.351391135132983	0.351391135132983	-0.364292977207833	0.364292977207833	hypo	Condition2		0.158372336705433	0.7	0.7	1.3	0.672712704737504	5
chr20	2627889	2629081	1193	52	22.7355769230769	-0.31107960997016	0.31107960997016	-0.336927280018035	0.336927280018035	hypo	Condition2		0.285069725153199	0.7	0.7	1.3	0.672712704737504	5
chr21	38112753	38114945	2193	63	21.7888888888889	-0.360099214818224	0.360099214818224	-0.373689777325893	0.373689777325893	hypo	Condition2		0.658210201073437	0.7	0.7	1.3	0.672712704737504	5
chr20	42192818	42196266	3449	52	20.9778846153846	-0.321588471068499	0.321588471068499	-0.344613407103093	0.344613407103093	hypo	Condition2		0.535676383339962	0.7	0.7	1.3	0.672712704737504	5
chr21	41104018	41119510	15493	416	22.9953125	-0.28134436017921	0.28134436017921	-0.297309988588379	0.297309988588379	hypo	Condition2		0.277405660082541	0.7	0.7	1.3	0.672712704737504	5
chr21	15163227	15164809	1583	60	21.4325	-0.382687605462598	0.382687605462598	-0.401009360811851	0.401009360811851	hypo	Condition2		0.287460021477674	0.7	0.7	1.3	0.672712704737504	5
chr20	59658554	59660487	1934	50	24.77	-0.271751937779268	0.271751937779268	-0.268378352874324	0.268378352874324	hypo	Condition2		0.143435373686875	0.7	0.7	1.3	0.672712704737504	5
chr20	4752243	4756176	3934	75	23.462	-0.287487834004369	0.287487834004369	-0.306033580957841	0.306033580957841	hypo	Condition2		0.208757774504308	0.7	0.7	1.3	0.672712704737504	5
chr21	34585469	34586950	1482	40	22.19125	-0.318128188534157	0.318128188534157	-0.319199470233642	0.319199470233642	hypo	Condition2		0.500526444745681	0.7	0.7	1.3	0.672712704737504	5
chr20	53918724	53924215	5492	186	24.0241935483871	-0.270123175216966	0.270123175216966	-0.282317969950847	0.282317969950847	hypo	Condition2		0.398276591207918	0.7	0.7	1.3	0.672712704737504	5
chr20	25346104	25349773	3670	96	23.475	-0.239670693159739	0.239670693159739	-0.246956912624169	0.246956912624169	hypo	Condition2		0.749445381317	0.7	0.749445381317	1.3	0.672712704737504	5
chr20	34205123	34212223	7101	160	23.275	-0.277052461797611	0.277052461797611	-0.273732872718364	0.273732872718364	hypo	Condition2		0.213489057473959	0.7	0.7	1.3	0.672712704737504	5
chr21	9671638	9673493	1856	44	39.1102272727273	-0.241955127160637	0.241955127160637	-0.253023051412751	0.253023051412751	hypo	Condition2		0.669041266616855	0.7	0.7	1.3	0.672712704737504	5
chr21	25291784	25293601	1818	44	24.2443181818182	-0.416589840788441	0.416589840788441	-0.450469996844576	0.450469996844576	hypo	Condition2		0.231509540098085	0.7	0.7	1.3	0.672712704737504	5
chr20	45673590	45675197	1608	56	21.29375	-0.287675623301271	0.287675623301271	-0.269709960695571	0.269709960695571	hypo	Condition2		0.585234792477801	0.7	0.7	1.3	0.672712704737504	5
chr21	13066779	13067905	1127	46	24.7173913043478	-0.319211926144548	0.319211926144548	-0.335615961546251	0.335615961546251	hypo	Condition2		0.564797199814159	0.7	0.7	1.3	0.672712704737504	5
chr21	37375594	37379166	3573	114	24.3552631578947	-0.313383826405683	0.313383826405683	-0.325882932753556	0.325882932753556	hypo	Condition2		0.33519763271751	0.7	0.7	1.3	0.672712704737504	5
chr20	42093083	42094944	1862	42	21.0904761904762	0.360354569396838	0.360354569396838	0.3321509086102	0.3321509086102	hyper	Condition2		0.246285275339041	0.7	0.7	1.3	0.672712704737504	5
chr21	39523877	39537590	13714	360	23.1636111111111	-0.286794377715344	0.286794377715344	-0.307536002878581	0.307536002878581	hypo	Condition2		0.174856739166643	0.7	0.7	1.3	0.672712704737504	5
chr20	36244066	36249596	5531	113	19.8141592920354	-0.374963639144989	0.374963639144989	-0.383803687151675	0.383803687151675	hypo	Condition2		0.17165550322326	0.7	0.7	1.3	0.672712704737504	5
chr20	53245900	53248132	2233	66	25.2772727272727	-0.37865071459078	0.37865071459078	-0.404852500000109	0.404852500000109	hypo	Condition2		0.298349962568248	0.7	0.7	1.3	0.672712704737504	5
chr21	26564047	26566988	2942	55	19.58	-0.305975342491726	0.305975342491726	-0.323381702011599	0.323381702011599	hypo	Condition2		0.368298464223645	0.7	0.7	1.3	0.672712704737504	5
chr20	24077772	24082195	4424	105	20.032380952381	-0.396728993690311	0.396728993690311	-0.427369834699143	0.427369834699143	hypo	Condition2		0.171301316819348	0.7	0.7	1.3	0.672712704737504	5
chr20	40240551	40242106	1556	40	22.6625	0.126182934427713	0.126182934427713	0.162399954553697	0.162399954553697	hyper	Condition2		0.467779753651513	0.7	0.7	1.3	0.672712704737504	5
chr21	26149527	26153963	4437	101	20.0425742574257	-0.372946268283797	0.372946268283797	-0.42233108193065	0.42233108193065	hypo	Condition2		0.279351019968376	0.7	0.7	1.3	0.672712704737504	5
chr20	57498540	57507772	9233	349	20.0681948424069	-0.360945755694156	0.360945755694156	-0.386012643287323	0.386012643287323	hypo	Condition2		0.279373714940238	0.7	0.7	1.3	0.672712704737504	5
chr21	21363547	21366199	2653	40	21.97	-0.204630943038903	0.204630943038903	-0.22572335018229	0.22572335018229	hypo	Condition2		0.301881797415642	0.7	0.7	1.3	0.672712704737504	5
chr20	13691412	13698864	7453	156	22.7807692307692	-0.357059371055383	0.357059371055383	-0.360140551259773	0.360140551259773	hypo	Condition2		0.142560158776396	0.7	0.7	1.3	0.672712704737504	5
chr21	37714348	37717016	2669	72	20.7972222222222	-0.33819257386297	0.33819257386297	-0.351580764694822	0.351580764694822	hypo	Condition2		0.307972226276853	0.7	0.7	1.3	0.672712704737504	5
chr20	4279189	4293282	14094	251	24.048406374502	-0.280318259513218	0.280318259513218	-0.295180668776294	0.295180668776294	hypo	Condition2		0.332092777510418	0.7	0.7	1.3	0.672712704737504	5
chr20	42553658	42557728	4071	69	22.8297101449275	-0.418176750659726	0.418176750659726	-0.416791480375894	0.416791480375894	hypo	Condition2		0.736953033639826	0.7	0.736953033639826	1.3	0.672712704737504	5
chr20	205900	212303	6404	88	21.2761363636364	-0.316948761782306	0.316948761782306	-0.337016509036965	0.337016509036965	hypo	Condition2		0.339495878029449	0.7	0.7	1.3	0.672712704737504	5
chr21	9644414	9646979	2566	40	55.3225	0.24375176805155	0.24375176805155	0.252987612067146	0.252987612067146	hyper	Condition2		0.147304030053314	0.7	0.7	1.3	0.672712704737504	5
chr20	23253811	23259336	5526	104	22.86875	0.250746304549954	0.250746304549954	0.25902389989316	0.25902389989316	hyper	Condition2		0.246037112773751	0.7	0.7	1.3	0.672712704737504	5
chr20	4832544	4849064	16521	368	22.0959239130435	-0.3114230173785	0.3114230173785	-0.317118644254502	0.317118644254502	hypo	Condition2		0.434971390361687	0.7	0.7	1.3	0.672712704737504	5
chr21	13377547	13382082	4536	215	22.5402325581395	-0.319282820971474	0.319282820971474	-0.318796325361154	0.318796325361154	hypo	Condition2		0.123028427879956	0.7	0.7	1.3	0.672712704737504	5
chr20	20807866	20810444	2579	41	23.9329268292683	-0.366698022757047	0.366698022757047	-0.369331801310154	0.369331801310154	hypo	Condition2		0.835418287911622	0.7	0.835418287911622	1.3	0.672712704737504	5
chr21	6358747	6363640	4894	74	28.2533783783784	-0.324458689599538	0.324458689599538	-0.372293486041349	0.372293486041349	hypo	Condition2		0.396058239527283	0.7	0.7	1.3	0.672712704737504	5
chr20	29362022	29366627	4606	70	17.4285714285714	0.191492964879566	0.191492964879566	0.202562487044239	0.202562487044239	hyper	Condition2		0.200494308414981	0.7	0.7	1.3	0.672712704737504	5
chr21	40709415	40711785	2371	47	21.2829787234043	-0.311525453248835	0.311525453248835	-0.342890649707763	0.342890649707763	hypo	Condition2		0.468491173029426	0.7	0.7	1.3	0.672712704737504	5
chr21	26127960	26136312	8353	182	21.8651098901099	-0.326554879123941	0.326554879123941	-0.349915631479482	0.349915631479482	hypo	Condition2		0.21831575869272	0.7	0.7	1.3	0.672712704737504	5
chr20	10074581	10079785	5205	78	21.5365384615385	-0.3258078762856	0.3258078762856	-0.350126355005516	0.350126355005516	hypo	Condition2		0.413702578842658	0.7	0.7	1.3	0.672712704737504	5
chr21	21150997	21154892	3896	42	21.6809523809524	-0.280369050649062	0.280369050649062	-0.289749384825929	0.289749384825929	hypo	Condition2		0.836673560117506	0.7	0.836673560117506	1.3	0.672712704737504	5
chr21	42484244	42487341	3098	74	22.0067567567568	0.238707869713137	0.238707869713137	0.263698523002011	0.263698523002011	hyper	Condition2		0.137588150308299	0.7	0.7	1.3	0.672712704737504	5
chr20	185190	189180	3991	40	21.7425	0.189049483982887	0.189049483982887	0.224555657885189	0.224555657885189	hyper	Condition2		0.693709674622493	0.7	0.7	1.3	0.672712704737504	5
chr21	18812360	18821463	9104	117	19.3324786324786	-0.334398710108934	0.334398710108934	-0.366514982429228	0.366514982429228	hypo	Condition2		0.135351841579856	0.7	0.7	1.3	0.672712704737504	5
chr21	29817008	29819970	2963	40	21.6625	-0.301579255809865	0.301579255809865	-0.298281547335201	0.298281547335201	hypo	Condition2		0.530962092692862	0.7	0.7	1.3	0.672712704737504	5
chr20	60600912	60606819	5908	135	20.4281481481481	-0.30883110613577	0.30883110613577	-0.311769128788273	0.311769128788273	hypo	Condition2		0.392035676328695	0.7	0.7	1.3	0.672712704737504	5
chr21	37919293	37923027	3735	76	23.4421052631579	-0.380328491195751	0.380328491195751	-0.407569724438872	0.407569724438872	hypo	Condition2		0.397011403910075	0.7	0.7	1.3	0.672712704737504	5
chr21	20295055	20298588	3534	48	22.621875	-0.238167418360139	0.238167418360139	-0.255366929527926	0.255366929527926	hypo	Condition2		0.590030860267089	0.7	0.7	1.3	0.672712704737504	5
chr21	9782399	9784639	2241	40	62.595	-0.268964422770984	0.268964422770984	-0.293514640494646	0.293514640494646	hypo	Condition2		0.284099428941636	0.7	0.7	1.3	0.672712704737504	5
chr21	46017713	46025399	7687	232	21.6581896551724	-0.257074361686345	0.257074361686345	-0.244179715010141	0.244179715010141	hypo	Condition2		0.123986201415066	0.7	0.7	1.3	0.672712704737504	5
chr20	20548626	20553541	4916	91	20.0434065934066	0.380933049506966	0.380933049506966	0.38313551289061	0.38313551289061	hyper	Condition2		0.329499206442846	0.7	0.7	1.3	0.672712704737504	5
chr21	20172219	20177160	4942	100	25.4755	-0.245514300786026	0.245514300786026	-0.256496550928481	0.256496550928481	hypo	Condition2		0.99	0.7	0.99	1.3	0.672712704737504	5
chr21	24766605	24769603	2999	98	21.5367346938776	-0.308542533424533	0.308542533424533	-0.31562641725461	0.31562641725461	hypo	Condition2		0.14718940636547	0.7	0.7	1.3	0.672712704737504	5
chr21	26397331	26400920	3590	57	22.921052631579	-0.345775747235769	0.345775747235769	-0.35318731723898	0.35318731723898	hypo	Condition2		0.105751884232258	0.7	0.7	1.3	0.672712704737504	5
chr20	32638666	32645680	7015	188	21.031914893617	-0.2314872847743	0.2314872847743	-0.244613457212182	0.244613457212182	hypo	Condition2		0.254046224452697	0.7	0.7	1.3	0.672712704737504	5
chr21	10576190	10578680	2491	40	54.62	-0.293315087392389	0.293315087392389	-0.307359343467957	0.307359343467957	hypo	Condition2		0.18055989001672	0.7	0.7	1.3	0.672712704737504	5
chr20	12637357	12642736	5380	74	21.0682432432432	-0.258910646587824	0.258910646587824	-0.276490288383727	0.276490288383727	hypo	Condition2		0.396953376395896	0.7	0.7	1.3	0.672712704737504	5
chr20	54720078	54729555	9478	156	21.9326923076923	-0.279657691686434	0.279657691686434	-0.278186063673257	0.278186063673257	hypo	Condition2		0.124689393272944	0.7	0.7	1.3	0.672712704737504	5
chr21	35696570	35704712	8143	176	21.2431818181818	-0.35859084688262	0.35859084688262	-0.369900524574934	0.369900524574934	hypo	Condition2		0.353910891426171	0.7	0.7	1.3	0.672712704737504	5
chr20	9528570	9535056	6487	131	22.074427480916	-0.296612699842363	0.296612699842363	-0.296412473449762	0.296412473449762	hypo	Condition2		0.332697490199319	0.7	0.7	1.3	0.672712704737504	5
chr20	53156733	53159376	2644	52	25.3721153846154	-0.42680679270099	0.42680679270099	-0.425761389349282	0.425761389349282	hypo	Condition2		0.516965127829917	0.7	0.7	1.3	0.672712704737504	5
chr20	6488441	6491509	3069	70	21.68	-0.378515585694416	0.378515585694416	-0.387088888489964	0.387088888489964	hypo	Condition2		0.287152050453719	0.7	0.7	1.3	0.672712704737504	5
chr21	11324427	11339089	14663	377	13.6990716180371	-0.375403929647351	0.375403929647351	-0.391609828803631	0.391609828803631	hypo	Condition2		0.296665295663939	0.7	0.7	1.3	0.672712704737504	5
chr21	13868722	13873053	4332	62	25.0903225806452	-0.343584097134596	0.343584097134596	-0.34469951455606	0.34469951455606	hypo	Condition2		0.98955844262826	0.7	0.98955844262826	1.3	0.672712704737504	5
chr20	6994654	7000074	5421	85	20.6388235294118	-0.282036516055698	0.282036516055698	-0.276163341147677	0.276163341147677	hypo	Condition2		0.493288207828377	0.7	0.7	1.3	0.672712704737504	5
chr20	43584591	43592922	8332	362	20.0988950276243	0.263855456049721	0.263855456049721	0.271762780440558	0.271762780440558	hyper	Condition2		0.214599495727378	0.7	0.7	1.3	0.672712704737504	5
chr21	10052136	10060010	7875	117	32.4923076923077	-0.296301096069832	0.296301096069832	-0.29015290117235	0.29015290117235	hypo	Condition2		0.475425506582494	0.7	0.7	1.3	0.672712704737504	5
chr20	58437093	58441557	4465	76	20.4677631578947	0.253993285603441	0.253993285603441	0.281781143440007	0.281781143440007	hyper	Condition2		0.392590109318921	0.7	0.7	1.3	0.672712704737504	5
chr21	9347691	9351642	3952	40	53.91625	-0.21160454349386	0.21160454349386	-0.205186931143212	0.205186931143212	hypo	Condition2		0.712461298497093	0.7	0.712461298497093	1.3	0.672712704737504	5
chr20	10326372	10330776	4405	122	19.7930327868852	-0.284333137248591	0.284333137248591	-0.302664080324503	0.302664080324503	hypo	Condition2		0.72577863183018	0.7	0.72577863183018	1.3	0.672712704737504	5
chr21	38123634	38128316	4683	74	22.4905405405405	-0.225941109983965	0.225941109983965	-0.245885636058226	0.245885636058226	hypo	Condition2		0.0880376763880028	0.7	0.7	1.3	0.672712704737504	5
chr20	2275486	2284617	9132	177	22.4584745762712	-0.277782928612754	0.277782928612754	-0.272154643132998	0.272154643132998	hypo	Condition2		0.346037524161593	0.7	0.7	1.3	0.672712704737504	5
chr21	19099102	19101125	2024	46	23.5663043478261	-0.244157421644725	0.244157421644725	-0.276013244009686	0.276013244009686	hypo	Condition2		0.99	0.7	0.99	1.3	0.672712704737504	5
chr20	11823895	11830256	6362	129	21.3046511627907	-0.388629212706152	0.388629212706152	-0.398495531829866	0.398495531829866	hypo	Condition2		0.246048093946015	0.7	0.7	1.3	0.672712704737504	5
chr21	39984010	39988344	4335	105	22.5247619047619	-0.286845829800221	0.286845829800221	-0.302198090158969	0.302198090158969	hypo	Condition2		0.296504958631788	0.7	0.7	1.3	0.672712704737504	5
chr21	16512390	16515941	3552	44	20.975	-0.369859677938233	0.369859677938233	-0.390305551747054	0.390305551747054	hypo	Condition2		0.40412406315109	0.7	0.7	1.3	0.672712704737504	5
chr20	60983294	60997154	13861	377	24.9781167108753	-0.239160570828257	0.239160570828257	-0.238225626013023	0.238225626013023	hypo	Condition2		0.0629000086130019	0.7	0.7	1.3	0.672712704737504	5
chr21	25369783	25372979	3197	46	21.2630434782609	-0.204957022845781	0.204957022845781	-0.207448077479076	0.207448077479076	hypo	Condition2		0.338469843838107	0.7	0.7	1.3	0.672712704737504	5
chr20	236238	240070	3833	91	20.4840659340659	-0.321537387845703	0.321537387845703	-0.35395371411429	0.35395371411429	hypo	Condition2		0.419001506517214	0.7	0.7	1.3	0.672712704737504	5
chr21	33509695	33514230	4536	156	18.6128205128205	-0.358152360451254	0.358152360451254	-0.363406960258277	0.363406960258277	hypo	Condition2		0.233863639782972	0.7	0.7	1.3	0.672712704737504	5
chr21	30866870	30870742	3873	43	20.6104651162791	-0.265984648772575	0.265984648772575	-0.269537679058456	0.269537679058456	hypo	Condition2		0.447761264209779	0.7	0.7	1.3	0.672712704737504	5
chr21	14479779	14484252	4474	88	24.1278409090909	-0.285633645057151	0.285633645057151	-0.319313666246244	0.319313666246244	hypo	Condition2		0.235636228063042	0.7	0.7	1.3	0.672712704737504	5
chr20	29107243	29113369	6127	107	55.8920560747664	-0.373775244320566	0.373775244320566	-0.391762063539753	0.391762063539753	hypo	Condition2		0.100269607411349	0.7	0.7	1.3	0.672712704737504	5
chr21	31838119	31844020	5902	112	22.3	-0.365881652697252	0.365881652697252	-0.369157626293733	0.369157626293733	hypo	Condition2		0.777113528284306	0.7	0.777113528284306	1.3	0.672712704737504	5
chr21	27672073	27677674	5602	105	22.2180952380952	-0.281254152741034	0.281254152741034	-0.29805425210189	0.29805425210189	hypo	Condition2		0.249713213799935	0.7	0.7	1.3	0.672712704737504	5
chr20	47597519	47601647	4129	138	22.0713768115942	-0.271084955420612	0.271084955420612	-0.277298663819044	0.277298663819044	hypo	Condition2		0.0829939481153841	0.7	0.7	1.3	0.672712704737504	5
chr21	37397838	37403045	5208	71	21.4922535211268	-0.206245581712973	0.206245581712973	-0.23003664158514	0.23003664158514	hypo	Condition2		0.237425823576949	0.7	0.7	1.3	0.672712704737504	5
chr20	60706923	60709240	2318	40	20.7975	-0.212955409996471	0.212955409996471	-0.232658976810929	0.232658976810929	hypo	Condition2		0.563189154924708	0.7	0.7	1.3	0.672712704737504	5
chr20	24198005	24211770	13766	367	21.4385558583106	-0.349496686990714	0.349496686990714	-0.366644509455654	0.366644509455654	hypo	Condition2		0.0934548284992062	0.7	0.7	1.3	0.672712704737504	5
chr20	5935857	5937393	1537	43	20.5476744186047	-0.336618388029513	0.336618388029513	-0.338224872773588	0.338224872773588	hypo	Condition2		0.204974439117756	0.7	0.7	1.3	0.672712704737504	5
chr20	40499283	40504946	5664	71	22.1366197183099	-0.273131195613231	0.273131195613231	-0.319392053634115	0.319392053634115	hypo	Condition2		0.390060515207356	0.7	0.7	1.3	0.672712704737504	5
chr20	60959876	60968961	9086	369	22.8421409214092	-0.273087802274221	0.273087802274221	-0.27719947921245	0.27719947921245	hypo	Condition2		0.167569242101515	0.7	0.7	1.3	0.672712704737504	5
chr21	28604945	28609464	4520	68	20.4404411764706	-0.409882514898044	0.409882514898044	-0.417136634411146	0.417136634411146	hypo	Condition2		0.341361924871972	0.7	0.7	1.3	0.672712704737504	5
chr21	15353961	15356801	2841	56	20.6848214285714	-0.271004797316086	0.271004797316086	-0.287625732262478	0.287625732262478	hypo	Condition2		0.296525911293198	0.7	0.7	1.3	0.672712704737504	5
chr21	14156250	14159297	3048	40	22.085	-0.218829143793208	0.218829143793208	-0.238116445077906	0.238116445077906	hypo	Condition2		0.351628667844007	0.7	0.7	1.3	0.672712704737504	5
chr20	10572816	10577034	4219	59	22.2262711864407	-0.279809723721362	0.279809723721362	-0.309288252910306	0.309288252910306	hypo	Condition2		0.929607860351779	0.7	0.929607860351779	1.3	0.672712704737504	5
chr21	27170730	27172411	1682	50	21.517	-0.337577237755704	0.337577237755704	-0.358108333915548	0.358108333915548	hypo	Condition2		0.650533633609928	0.7	0.7	1.3	0.672712704737504	5
chr20	14914917	14920450	5534	86	21.9377906976744	-0.274145216402492	0.274145216402492	-0.298391737747548	0.298391737747548	hypo	Condition2		0.26164664917609	0.7	0.7	1.3	0.672712704737504	5
chr20	18212752	18221048	8297	245	22.8063265306123	-0.308431836306127	0.308431836306127	-0.337936040365663	0.337936040365663	hypo	Condition2		0.208782432375709	0.7	0.7	1.3	0.672712704737504	5
chr21	34176399	34181868	5470	123	22.6715447154472	-0.379251810246604	0.379251810246604	-0.414843793486809	0.414843793486809	hypo	Condition2		0.409974804238693	0.7	0.7	1.3	0.672712704737504	5
chr20	20682977	20688839	5863	107	20.0322429906542	-0.334733990309821	0.334733990309821	-0.360852082762859	0.360852082762859	hypo	Condition2		0.126705516997961	0.7	0.7	1.3	0.672712704737504	5
chr20	14695389	14698219	2831	41	19.7390243902439	-0.249489981337891	0.249489981337891	-0.276841250193295	0.276841250193295	hypo	Condition2		0.458911017706367	0.7	0.7	1.3	0.672712704737504	5
chr20	17317473	17319754	2282	40	23.2925	0.380082830834972	0.380082830834972	0.392263372023787	0.392263372023787	hyper	Condition2		0.442350731835631	0.7	0.7	1.3	0.672712704737504	5
chr20	16272827	16279514	6688	148	21.5530405405405	0.210424238459995	0.210424238459995	0.206875102159855	0.206875102159855	hyper	Condition2		0.956986425239204	0.7	0.956986425239204	1.3	0.672712704737504	5
chr20	30853708	30856050	2343	71	49.2612676056338	0.234596019919905	0.234596019919905	0.245252583041453	0.245252583041453	hyper	Condition2		0.327931125672379	0.7	0.7	1.3	0.672712704737504	5
chr20	39642463	39659323	16861	291	21.4123711340206	-0.389136424000648	0.389136424000648	-0.409127476232251	0.409127476232251	hypo	Condition2		0.324962650312316	0.7	0.7	1.3	0.672712704737504	5
chr21	37404138	37408383	4246	72	21.0131944444444	-0.322486350092745	0.322486350092745	-0.357808747926815	0.357808747926815	hypo	Condition2		0.069555895471753	0.7	0.7	1.3	0.672712704737504	5
chr20	36997736	37007780	10045	472	22.5451271186441	-0.305224437391896	0.305224437391896	-0.301513992573041	0.301513992573041	hypo	Condition2		0.34445013369151	0.7	0.7	1.3	0.672712704737504	5
chr21	21141150	21145926	4777	82	21.3182926829268	-0.278172547998645	0.278172547998645	-0.284134504776053	0.284134504776053	hypo	Condition2		0.338285577718018	0.7	0.7	1.3	0.672712704737504	5
chr21	13899266	13903485	4220	48	21.2208333333333	0.192936943998585	0.192936943998585	0.213361370752059	0.213361370752059	hyper	Condition2		0.607670754822592	0.7	0.7	1.3	0.672712704737504	5
chr20	34721273	34725689	4417	93	20.7854838709677	-0.269862363240096	0.269862363240096	-0.260667304239309	0.260667304239309	hypo	Condition2		0.414333993678427	0.7	0.7	1.3	0.672712704737504	5
chr21	35840750	35859342	18593	378	22.3411375661376	-0.345121364013097	0.345121364013097	-0.368089168111951	0.368089168111951	hypo	Condition2		0.567122711236244	0.7	0.7	1.3	0.672712704737504	5
chr20	45322389	45323691	1303	59	19.2838983050847	-0.229690271598924	0.229690271598924	-0.243254647323367	0.243254647323367	hypo	Condition2		0.136900546071021	0.7	0.7	1.3	0.672712704737504	5
chr21	13575028	13579652	4625	55	23.2963636363636	0.139409517678768	0.139409517678768	0.171531964845496	0.171531964845496	hyper	Condition2		0.179314443088324	0.7	0.7	1.3	0.672712704737504	5
chr20	24846028	24849329	3302	41	20.4268292682927	-0.224303904797045	0.224303904797045	-0.236336936968788	0.236336936968788	hypo	Condition2		0.356705640652122	0.7	0.7	1.3	0.672712704737504	5
chr20	13634345	13642580	8236	158	23.9123417721519	-0.206549921289026	0.206549921289026	-0.207796751823743	0.207796751823743	hypo	Condition2		0.175334203659791	0.7	0.7	1.3	0.672712704737504	5
chr20	58443474	58450456	6983	165	22.8184848484848	0.193483944487259	0.193483944487259	0.193222478642885	0.193222478642885	hyper	Condition2		0.414243165085461	0.7	0.7	1.3	0.672712704737504	5
chr20	25839250	25846176	6927	127	16.5925196850394	-0.279634433408068	0.279634433408068	-0.292989145340524	0.292989145340524	hypo	Condition2		0.817340989517665	0.7	0.817340989517665	1.3	0.672712704737504	5
chr21	30713101	30718025	4925	96	23.8369791666667	-0.302984793597821	0.302984793597821	-0.32326039316959	0.32326039316959	hypo	Condition2		0.351821370682725	0.7	0.7	1.3	0.672712704737504	5
chr21	10012588	10015680	3093	42	43.1535714285714	-0.343212528847648	0.343212528847648	-0.336939818876021	0.336939818876021	hypo	Condition2		0.469371712263115	0.7	0.7	1.3	0.672712704737504	5
chr20	9615016	9622789	7774	176	22.4326704545455	-0.277343497558375	0.277343497558375	-0.295134226119891	0.295134226119891	hypo	Condition2		0.535735558138556	0.7	0.7	1.3	0.672712704737504	5
chr20	18710770	18714045	3276	65	20.9338461538462	-0.288166541864381	0.288166541864381	-0.303499185811485	0.303499185811485	hypo	Condition2		0.283560439979351	0.7	0.7	1.3	0.672712704737504	5
chr21	19681299	19684645	3347	96	22.0947916666667	-0.314724896689235	0.314724896689235	-0.341670346118297	0.341670346118297	hypo	Condition2		0.251061971729042	0.7	0.7	1.3	0.672712704737504	5
chr20	2984020	2986246	2227	40	23.115	-0.17286268093677	0.17286268093677	-0.195539142841081	0.195539142841081	hypo	Condition2		0.606859233404643	0.7	0.7	1.3	0.672712704737504	5
chr20	8042560	8044360	1801	44	21.7170454545455	0.291457722652291	0.291457722652291	0.292065955569847	0.292065955569847	hyper	Condition2		0.369596918087854	0.7	0.7	1.3	0.672712704737504	5
chr20	20859216	20860476	1261	41	20.5560975609756	0.254617722487052	0.254617722487052	0.293488059712746	0.293488059712746	hyper	Condition2		0.61732377899991	0.7	0.7	1.3	0.672712704737504	5
chr20	24298681	24305671	6991	118	24.3440677966102	-0.387467624295639	0.387467624295639	-0.400066399049817	0.400066399049817	hypo	Condition2		0.298607625786567	0.7	0.7	1.3	0.672712704737504	5
chr20	22106882	22109901	3020	50	22.339	0.274567757674889	0.274567757674889	0.278806357493895	0.278806357493895	hyper	Condition2		0.188938879052765	0.7	0.7	1.3	0.672712704737504	5
chr20	52855802	52860599	4798	98	22.3494897959184	-0.375402646832559	0.375402646832559	-0.38979356751134	0.38979356751134	hypo	Condition2		0.600748546747862	0.7	0.7	1.3	0.672712704737504	5
chr21	13820021	13823197	3177	48	22.6135416666667	-0.303684775870275	0.303684775870275	-0.312413298041643	0.312413298041643	hypo	Condition2		0.400505661273565	0.7	0.7	1.3	0.672712704737504	5
chr20	42798705	42801304	2600	46	22.3576086956522	-0.216547813218045	0.216547813218045	-0.217448731345398	0.217448731345398	hypo	Condition2		0.336430638849162	0.7	0.7	1.3	0.672712704737504	5
chr20	8445287	8448518	3232	46	22.0858695652174	-0.389615530453593	0.389615530453593	-0.391799292092078	0.391799292092078	hypo	Condition2		0.20004704891481	0.7	0.7	1.3	0.672712704737504	5
chr20	52060354	52063346	2993	72	21.9277777777778	-0.243501557708206	0.243501557708206	-0.225351811657149	0.225351811657149	hypo	Condition2		0.99	0.7	0.99	1.3	0.672712704737504	5
chr21	23993948	24005452	11505	131	22.4312977099237	-0.279732536053071	0.279732536053071	-0.280829381803368	0.280829381803368	hypo	Condition2		0.191291869108414	0.7	0.7	1.3	0.672712704737504	5
chr21	25995289	25996772	1484	40	19.22	0.277849544075088	0.277849544075088	0.318216950998051	0.318216950998051	hyper	Condition2		0.422025374512116	0.7	0.7	1.3	0.672712704737504	5
chr20	43742368	43750691	8324	238	21.7834033613445	-0.338247486093813	0.338247486093813	-0.353597477603373	0.353597477603373	hypo	Condition2		0.325325129911751	0.7	0.7	1.3	0.672712704737504	5
chr20	14150222	14155438	5217	109	24.1160550458716	-0.368770359828709	0.368770359828709	-0.354089836197817	0.354089836197817	hypo	Condition2		0.0373233120837767	0.7	0.7	1.3	0.672712704737504	5
chr20	2057712	2066364	8653	145	23.5024137931035	-0.304902048961421	0.304902048961421	-0.327252145353009	0.327252145353009	hypo	Condition2		0.772136377697661	0.7	0.772136377697661	1.3	0.672712704737504	5
chr21	8853205	8856673	3469	46	26.604347826087	0.330810743219586	0.330810743219586	0.359434118047357	0.359434118047357	hyper	Condition2		0.109648383870295	0.7	0.7	1.3	0.672712704737504	5
chr20	15915913	15928044	12132	234	22.2200854700855	-0.390472341257047	0.390472341257047	-0.394957418032945	0.394957418032945	hypo	Condition2		0.328336688417454	0.7	0.7	1.3	0.672712704737504	5
chr20	40253712	40261531	7820	128	21.143359375	-0.284992389726192	0.284992389726192	-0.308914464171978	0.308914464171978	hypo	Condition2		0.932733334356093	0.7	0.932733334356093	1.3	0.672712704737504	5
chr21	26247860	26250913	3054	56	23.8080357142857	-0.333664776953774	0.333664776953774	-0.352527619783237	0.352527619783237	hypo	Condition2		0.180638749336222	0.7	0.7	1.3	0.672712704737504	5
chr21	31433702	31440993	7292	149	24.0842281879195	-0.257585617288875	0.257585617288875	-0.270384425647249	0.270384425647249	hypo	Condition2		0.593497239902583	0.7	0.7	1.3	0.672712704737504	5
chr21	10635743	10639622	3880	54	53.6194444444445	0.261121922550988	0.261121922550988	0.258275295691359	0.258275295691359	hyper	Condition2		0.619497134685837	0.7	0.7	1.3	0.672712704737504	5
chr20	13854390	13856658	2269	47	23.1191489361702	-0.433649156988722	0.433649156988722	-0.424919755520722	0.424919755520722	hypo	Condition2		0.556120730010391	0.7	0.7	1.3	0.672712704737504	5
chr20	60030556	60043550	12995	254	20.6444881889764	-0.243911258984681	0.243911258984681	-0.256930921462429	0.256930921462429	hypo	Condition2		0.519286589931018	0.7	0.7	1.3	0.672712704737504	5
chr21	13673741	13677502	3762	69	11.3282608695652	-0.309555704711955	0.309555704711955	-0.335004576388278	0.335004576388278	hypo	Condition2		0.333084445340851	0.7	0.7	1.3	0.672712704737504	5
chr21	27842841	27844629	1789	40	21.2125	-0.355509082288612	0.355509082288612	-0.338075163715696	0.338075163715696	hypo	Condition2		0.146550304307842	0.7	0.7	1.3	0.672712704737504	5
chr21	25143470	25149728	6259	88	24.8897727272727	-0.240450018772195	0.240450018772195	-0.247897384715059	0.247897384715059	hypo	Condition2		0.707568544855627	0.7	0.707568544855627	1.3	0.672712704737504	5
chr20	35280792	35285953	5162	287	20.4966898954704	0.246360441819588	0.246360441819588	0.236832080812243	0.236832080812243	hyper	Condition2		0.131635426565703	0.7	0.7	1.3	0.672712704737504	5
chr20	31381480	31384741	3262	80	22.7725	-0.285361067207931	0.285361067207931	-0.279082656740018	0.279082656740018	hypo	Condition2		0.743393077324937	0.7	0.743393077324937	1.3	0.672712704737504	5
chr20	48480487	48487749	7263	188	23.8598404255319	-0.355015601384118	0.355015601384118	-0.365444701818094	0.365444701818094	hypo	Condition2		0.608538099497101	0.7	0.7	1.3	0.672712704737504	5
chr21	13255000	13256724	1725	59	22.1847457627119	-0.38080289918362	0.38080289918362	-0.382168036882233	0.382168036882233	hypo	Condition2		0.381564938482856	0.7	0.7	1.3	0.672712704737504	5
chr21	27447292	27452797	5506	67	21.2179104477612	-0.170672388242732	0.170672388242732	-0.200205380588311	0.200205380588311	hypo	Condition2		0.0744977806280133	0.7	0.7	1.3	0.672712704737504	5
chr21	9265684	9268756	3073	54	30.2009259259259	-0.329504080514306	0.329504080514306	-0.338223302920364	0.338223302920364	hypo	Condition2		0.0599660856370088	0.7	0.7	1.3	0.672712704737504	5
chr20	29437495	29441973	4479	88	18.6642045454545	-0.246894095972353	0.246894095972353	-0.230690315565148	0.230690315565148	hypo	Condition2		0.167449181682102	0.7	0.7	1.3	0.672712704737504	5
chr21	24245731	24247462	1732	67	23.0380597014925	-0.298566949757167	0.298566949757167	-0.30595228951096	0.30595228951096	hypo	Condition2		0.99	0.7	0.99	1.3	0.672712704737504	5
chr20	12866429	12876139	9711	127	24.1177165354331	-0.246145979872954	0.246145979872954	-0.256092187288106	0.256092187288106	hypo	Condition2		0.512858890994906	0.7	0.7	1.3	0.672712704737504	5
chr20	46112367	46121052	8686	256	20.9759765625	0.242110485531765	0.242110485531765	0.262933213247959	0.262933213247959	hyper	Condition2		0.548642120976888	0.7	0.7	1.3	0.672712704737504	5
chr20	47590631	47596827	6197	178	23.0188202247191	-0.329159519490233	0.329159519490233	-0.336667933979625	0.336667933979625	hypo	Condition2		0.473475677081858	0.7	0.7	1.3	0.672712704737504	5
chr21	10144267	10151901	7635	112	40.4946428571429	0.294660022946416	0.294660022946416	0.286009763680799	0.286009763680799	hyper	Condition2		0.189607877407527	0.7	0.7	1.3	0.672712704737504	5
chr20	39909078	39914381	5304	54	19.6472222222222	-0.249315494124476	0.249315494124476	-0.240201067553228	0.240201067553228	hypo	Condition2		0.183685542108607	0.7	0.7	1.3	0.672712704737504	5
chr20	19887776	19896534	8759	203	19.3975369458128	0.2474368914978	0.2474368914978	0.268917038875999	0.268917038875999	hyper	Condition2		0.550451516152459	0.7	0.7	1.3	0.672712704737504	5
chr20	58367818	58370641	2824	76	22.5039473684211	-0.351328382643162	0.351328382643162	-0.35097086660134	0.35097086660134	hypo	Condition2		0.428599040172017	0.7	0.7	1.3	0.672712704737504	5
chr20	16610342	16616385	6044	104	22.4899038461539	-0.224493364336378	0.224493364336378	-0.245033858919036	0.245033858919036	hypo	Condition2		0.132954742843727	0.7	0.7	1.3	0.672712704737504	5
chr21	21625970	21629832	3863	57	23.1561403508772	-0.209585508702257	0.209585508702257	-0.227288216938109	0.227288216938109	hypo	Condition2		0.186107522983453	0.7	0.7	1.3	0.672712704737504	5
chr20	16526730	16534212	7483	169	19.2079881656805	-0.407421623209358	0.407421623209358	-0.422975090335399	0.422975090335399	hypo	Condition2		0.217983674530828	0.7	0.7	1.3	0.672712704737504	5
chr20	41523633	41525644	2012	40	21.4075	0.294338799839951	0.294338799839951	0.294531291970607	0.294531291970607	hyper	Condition2		0.268675422538454	0.7	0.7	1.3	0.672712704737504	5
chr21	5368424	5371993	3570	45	13.4944444444444	0.246040746534168	0.246040746534168	0.267094965131934	0.267094965131934	hyper	Condition2		0.527557618170068	0.7	0.7	1.3	0.672712704737504	5
chr20	41623137	41626850	3714	74	23.4067567567568	-0.292712712506642	0.292712712506642	-0.316576660935752	0.316576660935752	hypo	Condition2		0.38020412196841	0.7	0.7	1.3	0.672712704737504	5
chr20	18780151	18787541	7391	102	25.5024509803922	-0.276690074317145	0.276690074317145	-0.265673225561971	0.265673225561971	hypo	Condition2		0.131695540147464	0.7	0.7	1.3	0.672712704737504	5
chr20	59512420	59519769	7350	216	22.2247685185185	0.272561352129747	0.272561352129747	0.289121349378228	0.289121349378228	hyper	Condition2		0.111675424301728	0.7	0.7	1.3	0.672712704737504	5
chr21	14995501	14999671	4171	68	22.5845588235294	-0.329711473721435	0.329711473721435	-0.359300042120522	0.359300042120522	hypo	Condition2		0.841761894900726	0.7	0.841761894900726	1.3	0.672712704737504	5
chr20	1214440	1219772	5333	148	24.4922297297297	-0.264198216231059	0.264198216231059	-0.278551277381422	0.278551277381422	hypo	Condition2		0.11579930306293	0.7	0.7	1.3	0.672712704737504	5
chr21	38388838	38393201	4364	74	22.677027027027	-0.258918963302189	0.258918963302189	-0.285166316313248	0.285166316313248	hypo	Condition2		0.199227234080376	0.7	0.7	1.3	0.672712704737504	5
chr20	10422255	10425292	3038	72	23.5493055555556	0.424436004206974	0.424436004206974	0.411894711462432	0.411894711462432	hyper	Condition2		0.545132823132695	0.7	0.7	1.3	0.672712704737504	5
chr20	1961127	1977478	16352	383	21.5060052219321	-0.317395128822194	0.317395128822194	-0.333338047417679	0.333338047417679	hypo	Condition2		0.194790714278279	0.7	0.7	1.3	0.672712704737504	5
chr20	21585478	21589584	4107	79	23.3392405063291	-0.270985340655173	0.270985340655173	-0.292435348118286	0.292435348118286	hypo	Condition2		0.0564419189244536	0.7	0.7	1.3	0.672712704737504	5
chr20	40474205	40476850	2646	58	22.8534482758621	-0.227435753959191	0.227435753959191	-0.226676118006675	0.226676118006675	hypo	Condition2		0.582875004630798	0.7	0.7	1.3	0.672712704737504	5
chr20	1421380	1425029	3650	58	23.8448275862069	-0.308511063798841	0.308511063798841	-0.297876905602633	0.297876905602633	hypo	Condition2		0.382821563689221	0.7	0.7	1.3	0.672712704737504	5
chr20	21942282	21948149	5868	77	23.9876623376623	0.18123860539532	0.18123860539532	0.201608042824727	0.201608042824727	hyper	Condition2		0.152732819612888	0.7	0.7	1.3	0.672712704737504	5
chr21	22066057	22070601	4545	54	22.3685185185185	-0.317066094157959	0.317066094157959	-0.347924397612196	0.347924397612196	hypo	Condition2		0.387926070017788	0.7	0.7	1.3	0.672712704737504	5
chr21	37895934	37898539	2606	74	20.6310810810811	-0.290130800155081	0.290130800155081	-0.298464462366148	0.298464462366148	hypo	Condition2		0.393577001647337	0.7	0.7	1.3	0.672712704737504	5
chr20	17376927	17382845	5919	80	23.768125	0.230244868333248	0.230244868333248	0.240786782085009	0.240786782085009	hyper	Condition2		0.340181207095994	0.7	0.7	1.3	0.672712704737504	5
chr21	29448271	29452257	3987	103	20.5577669902913	-0.320594783861761	0.320594783861761	-0.34368972160513	0.34368972160513	hypo	Condition2		0.126727432718057	0.7	0.7	1.3	0.672712704737504	5
chr20	30305956	30311368	5413	83	20.5066265060241	-0.350668868761426	0.350668868761426	-0.344791990252193	0.344791990252193	hypo	Condition2		0.354591001319889	0.7	0.7	1.3	0.672712704737504	5
chr21	37878647	37884361	5715	109	20.2522935779817	0.230988431095983	0.230988431095983	0.248830300888039	0.248830300888039	hyper	Condition2		0.313327315761743	0.7	0.7	1.3	0.672712704737504	5
chr21	7625133	7628698	3566	140	25.9557142857143	-0.3455240360566	0.3455240360566	-0.362138887598243	0.362138887598243	hypo	Condition2		0.201827541029586	0.7	0.7	1.3	0.672712704737504	5
chr20	13167337	13172201	4865	78	20.9108974358974	-0.401648235955523	0.401648235955523	-0.411314680424172	0.411314680424172	hypo	Condition2		0.412767262687184	0.7	0.7	1.3	0.672712704737504	5
chr20	33541990	33543617	1628	40	19.3925	-0.363894985484892	0.363894985484892	-0.354733950646892	0.354733950646892	hypo	Condition2		0.337548792531552	0.7	0.7	1.3	0.672712704737504	5
chr21	19509790	19517608	7819	112	21.1700892857143	-0.290961434855046	0.290961434855046	-0.302296735064256	0.302296735064256	hypo	Condition2		0.297759611242401	0.7	0.7	1.3	0.672712704737504	5
chr20	10842184	10844504	2321	40	20.255	-0.373892878785563	0.373892878785563	-0.383933033468703	0.383933033468703	hypo	Condition2		0.152780936391545	0.7	0.7	1.3	0.672712704737504	5
chr20	34222438	34226600	4163	220	23.9568181818182	-0.284146907519452	0.284146907519452	-0.285847962943452	0.285847962943452	hypo	Condition2		0.173756403466095	0.7	0.7	1.3	0.672712704737504	5
chr20	21413562	21415890	2329	42	21.9416666666667	-0.358773280318978	0.358773280318978	-0.362111017717958	0.362111017717958	hypo	Condition2		0.851484552613597	0.7	0.851484552613597	1.3	0.672712704737504	5
chr21	46549016	46549979	964	46	19.8282608695652	-0.285114161298714	0.285114161298714	-0.27725941664123	0.27725941664123	hypo	Condition2		0.222847926094103	0.7	0.7	1.3	0.672712704737504	5
chr20	58659631	58665855	6225	148	21.3739864864865	-0.297515334451336	0.297515334451336	-0.331079356318229	0.331079356318229	hypo	Condition2		0.157494251189082	0.7	0.7	1.3	0.672712704737504	5
chr21	18492882	18503957	11076	165	19.7712121212121	-0.255652347466202	0.255652347466202	-0.278432146592545	0.278432146592545	hypo	Condition2		0.297477136638856	0.7	0.7	1.3	0.672712704737504	5
chr20	6420589	6425024	4436	66	23.1931818181818	-0.327212322762894	0.327212322762894	-0.343842669825459	0.343842669825459	hypo	Condition2		0.390452305087268	0.7	0.7	1.3	0.672712704737504	5
chr20	42703628	42705438	1811	46	21.6641304347826	-0.2350914311092	0.2350914311092	-0.223687079603606	0.223687079603606	hypo	Condition2		0.300126118800486	0.7	0.7	1.3	0.672712704737504	5
chr20	1676132	1680439	4308	68	22.5551470588235	-0.359096740157578	0.359096740157578	-0.367053739162099	0.367053739162099	hypo	Condition2		0.437356838730604	0.7	0.7	1.3	0.672712704737504	5
chr20	39055039	39068025	12987	335	22.9517910447761	-0.353005814107073	0.353005814107073	-0.365998121064491	0.365998121064491	hypo	Condition2		0.392647126957024	0.7	0.7	1.3	0.672712704737504	5
chr21	20577942	20581279	3338	44	22.1318181818182	-0.308781909512949	0.308781909512949	-0.319671548531694	0.319671548531694	hypo	Condition2		0.422653050032573	0.7	0.7	1.3	0.672712704737504	5
chr21	16129812	16134512	4701	108	21.7212962962963	-0.38304321424761	0.38304321424761	-0.396923681091892	0.396923681091892	hypo	Condition2		0.407804171009032	0.7	0.7	1.3	0.672712704737504	5
chr21	21479150	21482856	3707	134	22.8451492537313	-0.269734552033997	0.269734552033997	-0.285007186809168	0.285007186809168	hypo	Condition2		0.729408290407146	0.7	0.729408290407146	1.3	0.672712704737504	5
chr21	17657100	17661927	4828	72	11.0326388888889	-0.218273367606765	0.218273367606765	-0.216409471202452	0.216409471202452	hypo	Condition2		0.123887888484654	0.7	0.7	1.3	0.672712704737504	5
chr21	25558251	25564798	6548	236	20.6180084745763	0.353353724793333	0.353353724793333	0.356911039979023	0.356911039979023	hyper	Condition2		0.288991289004403	0.7	0.7	1.3	0.672712704737504	5
chr20	8066595	8069543	2949	48	21.1489583333333	-0.275688949782065	0.275688949782065	-0.29587895590114	0.29587895590114	hypo	Condition2		0.286155922984783	0.7	0.7	1.3	0.672712704737504	5
chr21	27355806	27358758	2953	40	22.02375	-0.139287498552239	0.139287498552239	-0.177621352791104	0.177621352791104	hypo	Condition2		0.643749661011499	0.7	0.7	1.3	0.672712704737504	5
chr20	44898595	44903281	4687	117	21.9551282051282	-0.299278516732681	0.299278516732681	-0.300703527435648	0.300703527435648	hypo	Condition2		0.204519133332648	0.7	0.7	1.3	0.672712704737504	5
chr20	1479728	1483807	4080	71	21.3042253521127	-0.322727452298104	0.322727452298104	-0.316287767263823	0.316287767263823	hypo	Condition2		0.239233342652641	0.7	0.7	1.3	0.672712704737504	5
chr20	17059415	17063641	4227	47	21.9468085106383	-0.247283060414141	0.247283060414141	-0.243808912520996	0.243808912520996	hypo	Condition2		0.496543264862345	0.7	0.7	1.3	0.672712704737504	5
chr21	26740822	26744035	3214	72	21.5215277777778	-0.294122863685073	0.294122863685073	-0.293589867880612	0.293589867880612	hypo	Condition2		0.423835486408426	0.7	0.7	1.3	0.672712704737504	5
chr20	29034631	29035699	1069	64	23.7765625	-0.318318115670771	0.318318115670771	-0.337326832429268	0.337326832429268	hypo	Condition2		0.60699926678552	0.7	0.7	1.3	0.672712704737504	5
chr20	16726161	16728149	1989	41	21.7792682926829	-0.224809610355033	0.224809610355033	-0.24439068841341	0.24439068841341	hypo	Condition2		0.117604967524532	0.7	0.7	1.3	0.672712704737504	5
chr20	21820294	21822630	2337	40	21.9175	-0.18338597442722	0.18338597442722	-0.195110481076556	0.195110481076556	hypo	Condition2		0.355085246816681	0.7	0.7	1.3	0.672712704737504	5
chr21	15618093	15622433	4341	72	22.8673611111111	-0.335258926190853	0.335258926190853	-0.358164334886327	0.358164334886327	hypo	Condition2		0.160944967751657	0.7	0.7	1.3	0.672712704737504	5
chr21	10749894	10754508	4615	75	117.78	-0.335378985536654	0.335378985536654	-0.355902062919511	0.355902062919511	hypo	Condition2		0.621918634022624	0.7	0.7	1.3	0.672712704737504	5
chr20	31678766	31688399	9634	200	23.9735	0.232249762182884	0.232249762182884	0.252290187074787	0.252290187074787	hyper	Condition2		0.153590534064031	0.7	0.7	1.3	0.672712704737504	5
chr20	32835716	32845729	10014	238	22.9214285714286	0.245724324088828	0.245724324088828	0.263159956136745	0.263159956136745	hyper	Condition2		0.268276553561248	0.7	0.7	1.3	0.672712704737504	5
chr21	32125087	32128121	3035	79	25.2094936708861	-0.245045622698952	0.245045622698952	-0.24689086281743	0.24689086281743	hypo	Condition2		0.420274557896563	0.7	0.7	1.3	0.672712704737504	5
chr20	4479620	4481926	2307	41	21.2780487804878	-0.385025839782443	0.385025839782443	-0.397643579997383	0.397643579997383	hypo	Condition2		0.0855069740794892	0.7	0.7	1.3	0.672712704737504	5
chr20	10372374	10377188	4815	77	21.6188311688312	-0.209990651698391	0.209990651698391	-0.199704868622807	0.199704868622807	hypo	Condition2		0.391520393446926	0.7	0.7	1.3	0.672712704737504	5
chr20	48357464	48363849	6386	238	21.572268907563	-0.354596337449428	0.354596337449428	-0.371990713003966	0.371990713003966	hypo	Condition2		0.244339355230921	0.7	0.7	1.3	0.672712704737504	5
chr21	15828497	15832068	3572	54	21.8046296296296	-0.296316883439203	0.296316883439203	-0.352366704223742	0.352366704223742	hypo	Condition2		0.287845236427758	0.7	0.7	1.3	0.672712704737504	5
chr20	14955470	14958607	3138	47	20.5914893617021	-0.362825756576236	0.362825756576236	-0.350527569524776	0.350527569524776	hypo	Condition2		0.331022911391897	0.7	0.7	1.3	0.672712704737504	5
chr20	20036212	20041277	5066	126	22.3246031746032	0.249986447418176	0.249986447418176	0.262436006464974	0.262436006464974	hyper	Condition2		0.151789779795052	0.7	0.7	1.3	0.672712704737504	5
chr20	47261814	47273511	11698	378	23.2502645502646	-0.367228819251409	0.367228819251409	-0.393281991515532	0.393281991515532	hypo	Condition2		0.365289721163914	0.7	0.7	1.3	0.672712704737504	5
chr21	19476650	19480587	3938	51	22.7921568627451	-0.274472367107421	0.274472367107421	-0.280884000545512	0.280884000545512	hypo	Condition2		0.684371287569754	0.7	0.7	1.3	0.672712704737504	5
chr20	39487253	39490041	2789	51	20.4764705882353	-0.349671259727694	0.349671259727694	-0.365857762597392	0.365857762597392	hypo	Condition2		0.0920972634403519	0.7	0.7	1.3	0.672712704737504	5
chr20	50447913	50459382	11470	369	22.8245257452575	-0.326750931055908	0.326750931055908	-0.336147666131571	0.336147666131571	hypo	Condition2		0.518807104098927	0.7	0.7	1.3	0.672712704737504	5
chr21	20544055	20547831	3777	127	20.7704724409449	-0.407122308466559	0.407122308466559	-0.396779127179062	0.396779127179062	hypo	Condition2		0.474042894047751	0.7	0.7	1.3	0.672712704737504	5
chr20	30518442	30524976	6535	215	20.9655813953488	-0.374121724700008	0.374121724700008	-0.373518844859612	0.373518844859612	hypo	Condition2		0.166972018957074	0.7	0.7	1.3	0.672712704737504	5
chr20	60552657	60568235	15579	375	21.364	-0.351405861619836	0.351405861619836	-0.355732483986186	0.355732483986186	hypo	Condition2		0.379329766925213	0.7	0.7	1.3	0.672712704737504	5
chr20	60176131	60179237	3107	58	22.6672413793103	-0.230726074518692	0.230726074518692	-0.222690571311233	0.222690571311233	hypo	Condition2		0.609413521691774	0.7	0.7	1.3	0.672712704737504	5
chr20	23816947	23820179	3233	48	21.0614583333333	-0.284621970076279	0.284621970076279	-0.270400421559967	0.270400421559967	hypo	Condition2		0.368502452024906	0.7	0.7	1.3	0.672712704737504	5
chr21	40435879	40438884	3006	47	20.3393617021277	-0.372814126321748	0.372814126321748	-0.405042394323908	0.405042394323908	hypo	Condition2		0.2718114410326	0.7	0.7	1.3	0.672712704737504	5
chr21	18374195	18374977	783	54	22.6361111111111	-0.309811347964067	0.309811347964067	-0.313535667729329	0.313535667729329	hypo	Condition2		0.298817530611779	0.7	0.7	1.3	0.672712704737504	5
chr20	8481838	8484609	2772	60	22.3408333333333	-0.371083998342087	0.371083998342087	-0.391143641535704	0.391143641535704	hypo	Condition2		0.130724953286777	0.7	0.7	1.3	0.672712704737504	5
chr21	14856215	14860153	3939	46	21.5923913043478	-0.269803402912707	0.269803402912707	-0.278748983373642	0.278748983373642	hypo	Condition2		0.400816062207022	0.7	0.7	1.3	0.672712704737504	5
chr20	52785666	52789751	4086	107	21.6168224299065	-0.288634211580978	0.288634211580978	-0.301847667226852	0.301847667226852	hypo	Condition2		0.837044596033336	0.7	0.837044596033336	1.3	0.672712704737504	5
chr20	30002917	30014025	11109	140	23.3042857142857	-0.26037137260411	0.26037137260411	-0.263714554534389	0.263714554534389	hypo	Condition2		0.112948835774415	0.7	0.7	1.3	0.672712704737504	5
chr20	56142573	56146506	3934	68	22.5522058823529	-0.326685705480262	0.326685705480262	-0.35206530268881	0.35206530268881	hypo	Condition2		0.390556203138242	0.7	0.7	1.3	0.672712704737504	5
chr21	5255045	5259096	4052	87	42.9367816091954	0.197222378573225	0.197222378573225	0.212035481148336	0.212035481148336	hyper	Condition2		0.735898759069547	0.7	0.735898759069547	1.3	0.672712704737504	5
chr21	8781698	8792561	10864	212	54.3917452830189	-0.315475864852446	0.315475864852446	-0.311156107746392	0.311156107746392	hypo	Condition2		0.344127359439752	0.7	0.7	1.3	0.672712704737504	5
chr20	59065050	59069336	4287	76	21.6197368421053	-0.307788721230541	0.307788721230541	-0.323108689929746	0.323108689929746	hypo	Condition2		0.63493834537403	0.7	0.7	1.3	0.672712704737504	5
chr21	37986265	37993271	7007	105	20.3914285714286	-0.302519832281666	0.302519832281666	-0.3143176649003	0.3143176649003	hypo	Condition2		0.809417152797727	0.7	0.809417152797727	1.3	0.672712704737504	5
chr21	26161010	26164811	3802	67	20.0231343283582	-0.177799612684155	0.177799612684155	-0.198820461356752	0.198820461356752	hypo	Condition2		0.331341542581842	0.7	0.7	1.3	0.672712704737504	5
chr21	19231046	19234178	3133	49	19.1234693877551	-0.173529288923945	0.173529288923945	-0.203164909229736	0.203164909229736	hypo	Condition2		0.678910796403986	0.7	0.7	1.3	0.672712704737504	5
chr21	24251581	24254178	2598	55	22.2463636363636	-0.378495256683909	0.378495256683909	-0.384512559027626	0.384512559027626	hypo	Condition2		0.369386343904987	0.7	0.7	1.3	0.672712704737504	5
chr20	22144292	22149584	5293	59	21.2822033898305	0.228514099711031	0.228514099711031	0.217887778160514	0.217887778160514	hyper	Condition2		0.403852772991726	0.7	0.7	1.3	0.672712704737504	5
chr21	37119228	37121827	2600	40	18.39	0.28476330559232	0.28476330559232	0.32911959919842	0.32911959919842	hyper	Condition2		0.043752635506611	0.7	0.7	1.3	0.672712704737504	5
chr20	6139524	6143132	3609	63	20.4246031746032	0.369675852656116	0.369675852656116	0.398912890777307	0.398912890777307	hyper	Condition2		0.160042155131018	0.7	0.7	1.3	0.672712704737504	5
chr20	21863927	21867057	3131	46	24.6706521739131	-0.380412476086209	0.380412476086209	-0.402585436835072	0.402585436835072	hypo	Condition2		0.898712613284962	0.7	0.898712613284962	1.3	0.672712704737504	5
chr20	22533754	22541300	7547	118	23.0762711864407	-0.352490635354429	0.352490635354429	-0.375094859102716	0.375094859102716	hypo	Condition2		0.540688012151627	0.7	0.7	1.3	0.672712704737504	5
chr20	58520553	58527251	6699	165	21.6760606060606	-0.267623466657847	0.267623466657847	-0.271086344634827	0.271086344634827	hypo	Condition2		0.275061198457563	0.7	0.7	1.3	0.672712704737504	5
chr20	30691234	30695270	4037	54	24.1981481481482	0.168038096707226	0.168038096707226	0.192607171568341	0.192607171568341	hyper	Condition2		0.450675766106313	0.7	0.7	1.3	0.672712704737504	5
chr20	15859447	15863432	3986	77	20.8084415584416	-0.316117984348386	0.316117984348386	-0.323139483098786	0.323139483098786	hypo	Condition2		0.99	0.7	0.99	1.3	0.672712704737504	5
chr21	21861161	21867015	5855	106	22.6844339622642	-0.381260459435183	0.381260459435183	-0.400096365591229	0.400096365591229	hypo	Condition2		0.333669093807489	0.7	0.7	1.3	0.672712704737504	5
chr21	16659945	16663578	3634	78	22.1871794871795	-0.341212898979312	0.341212898979312	-0.352374807654496	0.352374807654496	hypo	Condition2		0.808224544632098	0.7	0.808224544632098	1.3	0.672712704737504	5
chr20	10412589	10418507	5919	82	20.5164634146341	0.321179693794518	0.321179693794518	0.336641571600616	0.336641571600616	hyper	Condition2		0.352633916364284	0.7	0.7	1.3	0.672712704737504	5
chr21	37317981	37318977	997	49	17.8428571428571	-0.307808549707639	0.307808549707639	-0.320913020625634	0.320913020625634	hypo	Condition2		0.743899596611539	0.7	0.743899596611539	1.3	0.672712704737504	5
chr20	29826449	29838088	11640	229	23.1360262008734	-0.283266300099049	0.283266300099049	-0.293706199633168	0.293706199633168	hypo	Condition2		0.404858329455505	0.7	0.7	1.3	0.672712704737504	5
chr20	31402080	31405256	3177	40	18.86125	-0.186760933698843	0.186760933698843	-0.186162536268161	0.186162536268161	hypo	Condition2		0.301976657417532	0.7	0.7	1.3	0.672712704737504	5
chr20	13894357	13897036	2680	60	23.1491666666667	-0.38315971179073	0.38315971179073	-0.396034586363886	0.396034586363886	hypo	Condition2		0.336692409705685	0.7	0.7	1.3	0.672712704737504	5
chr21	41120504	41128582	8079	252	22.5666666666667	-0.351797221849696	0.351797221849696	-0.360287143047001	0.360287143047001	hypo	Condition2		0.24373921756051	0.7	0.7	1.3	0.672712704737504	5
chr20	16677708	16681451	3744	54	20.1203703703704	-0.30888031085079	0.30888031085079	-0.326877838396092	0.326877838396092	hypo	Condition2		0.0468793460693854	0.7	0.7	1.3	0.672712704737504	5
chr20	33565801	33569405	3605	98	19.5010204081633	0.323466872644382	0.323466872644382	0.355465101808977	0.355465101808977	hyper	Condition2		0.396832557274601	0.7	0.7	1.3	0.672712704737504	5
chr20	33221369	33227518	6150	118	21.3944915254237	-0.251469001437234	0.251469001437234	-0.259877427705461	0.259877427705461	hypo	Condition2		0.782663180830845	0.7	0.782663180830845	1.3	0.672712704737504	5
chr20	7847486	7851291	3806	63	23.0420634920635	-0.272956515482072	0.272956515482072	-0.312832091904911	0.312832091904911	hypo	Condition2		0.116585191391595	0.7	0.7	1.3	0.672712704737504	5
chr20	35200474	35203793	3320	78	21.3942307692308	-0.351728197120467	0.351728197120467	-0.364033700441714	0.364033700441714	hypo	Condition2		0.379111493377701	0.7	0.7	1.3	0.672712704737504	5
chr21	17569758	17574163	4406	102	22.7142156862745	-0.31940839947665	0.31940839947665	-0.305648244245067	0.305648244245067	hypo	Condition2		0.278535148710608	0.7	0.7	1.3	0.672712704737504	5
chr20	24564572	24569862	5291	127	21.9413385826772	-0.284537877018721	0.284537877018721	-0.297500733469522	0.297500733469522	hypo	Condition2		0.245764423185829	0.7	0.7	1.3	0.672712704737504	5
chr20	34390035	34391318	1284	40	25.20875	-0.235775690223053	0.235775690223053	-0.262560397619182	0.262560397619182	hypo	Condition2		0.153532927359956	0.7	0.7	1.3	0.672712704737504	5
chr20	44246204	44255657	9454	268	22.4360074626866	0.296503581823906	0.296503581823906	0.313953037080939	0.313953037080939	hyper	Condition2		0.0690364369590425	0.7	0.7	1.3	0.672712704737504	5
chr20	22869102	22873172	4071	70	23.0835714285714	-0.302623594495287	0.302623594495287	-0.321482322671019	0.321482322671019	hypo	Condition2		0.264900270164324	0.7	0.7	1.3	0.672712704737504	5
chr20	939511	943580	4070	131	23.2206106870229	-0.409371333373655	0.409371333373655	-0.425862722207241	0.425862722207241	hypo	Condition2		0.237318797111106	0.7	0.7	1.3	0.672712704737504	5
chr20	43003384	43020957	17574	293	22.3250853242321	-0.383081998921446	0.383081998921446	-0.395289450602636	0.395289450602636	hypo	Condition2		0.0392218906810312	0.7	0.7	1.3	0.672712704737504	5
chr21	33956264	33958934	2671	40	22.12125	-0.359809696785397	0.359809696785397	-0.369082175834942	0.369082175834942	hypo	Condition2		0.469042280329869	0.7	0.7	1.3	0.672712704737504	5
chr21	7286125	7290459	4335	62	63.2596774193548	-0.292373657445647	0.292373657445647	-0.296373870862503	0.296373870862503	hypo	Condition2		0.480064331825238	0.7	0.7	1.3	0.672712704737504	5
chr20	52171131	52172809	1679	71	23.2732394366197	-0.34008664185881	0.34008664185881	-0.347154809762042	0.347154809762042	hypo	Condition2		0.47523604433825	0.7	0.7	1.3	0.672712704737504	5
chr20	41651511	41659171	7661	127	22.7393700787402	-0.24557157392974	0.24557157392974	-0.266861315364667	0.266861315364667	hypo	Condition2		0.341051881242284	0.7	0.7	1.3	0.672712704737504	5
chr21	35881235	35883502	2268	48	19.2927083333333	-0.185611909920141	0.185611909920141	-0.219679978580332	0.219679978580332	hypo	Condition2		0.669597448977889	0.7	0.7	1.3	0.672712704737504	5
chr21	31123947	31129450	5504	154	20.5321428571429	-0.235450885878992	0.235450885878992	-0.237360015715913	0.237360015715913	hypo	Condition2		0.148207969377501	0.7	0.7	1.3	0.672712704737504	5
chr20	35065940	35069165	3226	60	21.5775	0.209782421899198	0.209782421899198	0.194523196041677	0.194523196041677	hyper	Condition2		0.367954296257645	0.7	0.7	1.3	0.672712704737504	5
chr21	16766100	16770168	4069	52	22.1163461538462	-0.386025496901077	0.386025496901077	-0.401251349298201	0.401251349298201	hypo	Condition2		0.565758084605956	0.7	0.7	1.3	0.672712704737504	5
chr20	44013826	44023968	10143	257	22.8428015564202	-0.275684371033711	0.275684371033711	-0.285307751303317	0.285307751303317	hypo	Condition2		0.541509408891046	0.7	0.7	1.3	0.672712704737504	5
chr20	23824322	23827695	3374	81	21.637037037037	-0.286545942734957	0.286545942734957	-0.274427781671795	0.274427781671795	hypo	Condition2		0.116678068007578	0.7	0.7	1.3	0.672712704737504	5
chr20	29574670	29579169	4500	71	17.2246478873239	-0.346262016170104	0.346262016170104	-0.369549798017141	0.369549798017141	hypo	Condition2		0.368072846351632	0.7	0.7	1.3	0.672712704737504	5
chr20	56303895	56305675	1781	56	20.4357142857143	-0.308552689621019	0.308552689621019	-0.321137679273599	0.321137679273599	hypo	Condition2		0.380820284152875	0.7	0.7	1.3	0.672712704737504	5
chr21	11305244	11313222	7979	104	12.1120192307692	-0.310845294599406	0.310845294599406	-0.320439480803211	0.320439480803211	hypo	Condition2		0.502579005051846	0.7	0.7	1.3	0.672712704737504	5
chr21	35729010	35742271	13262	291	23.6536082474227	-0.273778436482653	0.273778436482653	-0.276660265733446	0.276660265733446	hypo	Condition2		0.517579983760928	0.7	0.7	1.3	0.672712704737504	5
chr21	32845901	32850790	4890	126	22.0226190476191	-0.335497350613353	0.335497350613353	-0.345689100748717	0.345689100748717	hypo	Condition2		0.00962535960490877	0.7	0.7	1.3	0.672712704737504	5
chr20	5879574	5882361	2788	70	23.2235714285714	-0.267384706636584	0.267384706636584	-0.296467222766187	0.296467222766187	hypo	Condition2		0.462799013717008	0.7	0.7	1.3	0.672712704737504	5
chr20	58574901	58582546	7646	299	20.3272575250836	0.241267958887798	0.241267958887798	0.270469360777736	0.270469360777736	hyper	Condition2		0.529907494103616	0.7	0.7	1.3	0.672712704737504	5
chr21	19521515	19525821	4307	48	22.2270833333333	-0.284682384180275	0.284682384180275	-0.287909250421737	0.287909250421737	hypo	Condition2		0.207563071232763	0.7	0.7	1.3	0.672712704737504	5
chr21	33595472	33597866	2395	89	22.3483146067416	-0.290412953417984	0.290412953417984	-0.295505330003263	0.295505330003263	hypo	Condition2		0.510076210574754	0.7	0.7	1.3	0.672712704737504	5
chr20	8178765	8180175	1411	71	21.5570422535211	-0.286848430272321	0.286848430272321	-0.287612877706806	0.287612877706806	hypo	Condition2		0.369146872617666	0.7	0.7	1.3	0.672712704737504	5
chr20	21762018	21765252	3235	40	23.14	-0.324320540191522	0.324320540191522	-0.359434627402012	0.359434627402012	hypo	Condition2		0.556770732683925	0.7	0.7	1.3	0.672712704737504	5
chr20	9089973	9093913	3941	54	18.6851851851852	0.325201371571736	0.325201371571736	0.362151712768902	0.362151712768902	hyper	Condition2		0.28707901262873	0.7	0.7	1.3	0.672712704737504	5
chr20	46428778	46431536	2759	52	22.1355769230769	-0.3622712296668	0.3622712296668	-0.396042878513963	0.396042878513963	hypo	Condition2		0.819400389254997	0.7	0.819400389254997	1.3	0.672712704737504	5
chr20	60841777	60852799	11023	276	19.9152173913044	-0.389744745363936	0.389744745363936	-0.415892381025823	0.415892381025823	hypo	Condition2		0.316945074662117	0.7	0.7	1.3	0.672712704737504	5
chr21	21693255	21698713	5459	131	22.3793893129771	-0.332185518296463	0.332185518296463	-0.344274518199027	0.344274518199027	hypo	Condition2		0.193835224017213	0.7	0.7	1.3	0.672712704737504	5
chr21	30183993	30187395	3403	40	21.38	-0.305813213277315	0.305813213277315	-0.307347482550994	0.307347482550994	hypo	Condition2		0.381992892894864	0.7	0.7	1.3	0.672712704737504	5
chr20	17476034	17483379	7346	258	20.8703488372093	-0.341576695515075	0.341576695515075	-0.346550721255542	0.346550721255542	hypo	Condition2		0.394400302455131	0.7	0.7	1.3	0.672712704737504	5
chr20	22784080	22788594	4515	80	21.94625	-0.34797385074275	0.34797385074275	-0.360185895353943	0.360185895353943	hypo	Condition2		0.422611850887544	0.7	0.7	1.3	0.672712704737504	5
chr20	19001776	19014647	12872	205	21.1990243902439	-0.280782190204017	0.280782190204017	-0.289576739556599	0.289576739556599	hypo	Condition2		0.245881855530442	0.7	0.7	1.3	0.672712704737504	5
chr21	35399026	35402066	3041	54	21.5314814814815	-0.391089294648093	0.391089294648093	-0.410760637633947	0.410760637633947	hypo	Condition2		0.256722963783052	0.7	0.7	1.3	0.672712704737504	5
chr20	25557423	25563145	5723	307	24.4775244299674	-0.332747142525965	0.332747142525965	-0.331094710412939	0.331094710412939	hypo	Condition2		0.158466054612794	0.7	0.7	1.3	0.672712704737504	5
chr21	23452316	23454494	2179	53	19.138679245283	0.306844762106372	0.306844762106372	0.346856307716809	0.346856307716809	hyper	Condition2		0.263585098181206	0.7	0.7	1.3	0.672712704737504	5
chr21	10503849	10506238	2390	53	26.5018867924528	-0.253597028621493	0.253597028621493	-0.267215855061077	0.267215855061077	hypo	Condition2		0.386958101034901	0.7	0.7	1.3	0.672712704737504	5
chr20	60917963	60923281	5319	68	22.6551470588235	0.228091284327098	0.228091284327098	0.23182164145549	0.23182164145549	hyper	Condition2		0.442346474857552	0.7	0.7	1.3	0.672712704737504	5
chr21	40901670	40903953	2284	40	23.47125	0.347216734074512	0.347216734074512	0.358291105563786	0.358291105563786	hyper	Condition2		0.0719178914221007	0.7	0.7	1.3	0.672712704737504	5
chr20	44164911	44175699	10789	226	21.3778761061947	-0.252774363990062	0.252774363990062	-0.267900030860669	0.267900030860669	hypo	Condition2		0.276703288290565	0.7	0.7	1.3	0.672712704737504	5
chr20	53932649	53940648	8000	154	22.0146103896104	-0.330686871399162	0.330686871399162	-0.340192477364993	0.340192477364993	hypo	Condition2		0.627336306955097	0.7	0.7	1.3	0.672712704737504	5
chr20	48263633	48268982	5350	140	24.8685714285714	-0.381409087133995	0.381409087133995	-0.391539293983295	0.391539293983295	hypo	Condition2		0.27663049281295	0.7	0.7	1.3	0.672712704737504	5
chr20	56275097	56279069	3973	61	21.3696721311475	-0.418049967580019	0.418049967580019	-0.416820075735533	0.416820075735533	hypo	Condition2		0.473622675887096	0.7	0.7	1.3	0.672712704737504	5
chr21	29280181	29282326	2146	50	21.665	-0.344277959162317	0.344277959162317	-0.351894145183086	0.351894145183086	hypo	Condition2		0.552594183942242	0.7	0.7	1.3	0.672712704737504	5
chr20	34638684	34642257	3574	76	22.2736842105263	-0.386579472353143	0.386579472353143	-0.399987598564413	0.399987598564413	hypo	Condition2		0.124439968891725	0.7	0.7	1.3	0.672712704737504	5
chr20	6133852	6138991	5140	114	21.8951754385965	-0.337314677699077	0.337314677699077	-0.367794605060662	0.367794605060662	hypo	Condition2		0.206211855555452	0.7	0.7	1.3	0.672712704737504	5
chr21	13555487	13559578	4092	46	23.5152173913043	-0.212520782888604	0.212520782888604	-0.210481887474741	0.210481887474741	hypo	Condition2		0.534810131065853	0.7	0.7	1.3	0.672712704737504	5
chr21	24055798	24060683	4886	68	21.1875	-0.280276141927136	0.280276141927136	-0.285233121446169	0.285233121446169	hypo	Condition2		0.213207150955804	0.7	0.7	1.3	0.672712704737504	5
chr20	60647940	60652954	5015	172	20.6755813953488	-0.444794133726314	0.444794133726314	-0.459739887944781	0.459739887944781	hypo	Condition2		0.199856706860571	0.7	0.7	1.3	0.672712704737504	5
chr21	26154619	26160324	5706	123	19.7491869918699	0.211755887086769	0.211755887086769	0.216947064749255	0.216947064749255	hyper	Condition2		0.101960773275523	0.7	0.7	1.3	0.672712704737504	5
chr21	25938741	25949534	10794	222	23.8344594594595	-0.394764906001634	0.394764906001634	-0.412151613126476	0.412151613126476	hypo	Condition2		0.549659102884156	0.7	0.7	1.3	0.672712704737504	5
chr20	50914563	50920736	6174	120	24.7483333333333	0.338528869469123	0.338528869469123	0.38498398864326	0.38498398864326	hyper	Condition2		0.709390257881843	0.7	0.709390257881843	1.3	0.672712704737504	5
chr21	27134664	27137958	3295	59	22.764406779661	-0.280111296509498	0.280111296509498	-0.279959683191476	0.279959683191476	hypo	Condition2		0.248198219417605	0.7	0.7	1.3	0.672712704737504	5
chr21	29796504	29803343	6840	112	21.1227678571429	-0.390790223980698	0.390790223980698	-0.409487402813598	0.409487402813598	hypo	Condition2		0.460085607593802	0.7	0.7	1.3	0.672712704737504	5
chr21	14240871	14244228	3358	40	22.54	-0.404970297665819	0.404970297665819	-0.438098339218693	0.438098339218693	hypo	Condition2		0.67876108263125	0.7	0.7	1.3	0.672712704737504	5
chr21	28999883	29004720	4838	235	21.0465957446809	0.228451236385447	0.228451236385447	0.221108016103049	0.221108016103049	hyper	Condition2		0.255781416688956	0.7	0.7	1.3	0.672712704737504	5
chr21	30721362	30730767	9406	121	23.051652892562	-0.288729916943514	0.288729916943514	-0.300453225664384	0.300453225664384	hypo	Condition2		0.22087259477076	0.7	0.7	1.3	0.672712704737504	5
chr20	15054853	15058110	3258	68	22.5514705882353	-0.262922780501927	0.262922780501927	-0.28400677562199	0.28400677562199	hypo	Condition2		0.61016169237064	0.7	0.7	1.3	0.672712704737504	5
chr20	8056625	8059297	2673	45	21.2288888888889	-0.323772401331612	0.323772401331612	-0.319393680417334	0.319393680417334	hypo	Condition2		0.502414181499314	0.7	0.7	1.3	0.672712704737504	5
chr21	28133409	28137182	3774	72	22.3763888888889	-0.344651437175331	0.344651437175331	-0.3494616317516	0.3494616317516	hypo	Condition2		0.240379887197583	0.7	0.7	1.3	0.672712704737504	5
chr20	10709378	10714031	4654	49	22.4867346938776	-0.192999980334122	0.192999980334122	-0.195907353487203	0.195907353487203	hypo	Condition2		0.250038550337557	0.7	0.7	1.3	0.672712704737504	5
chr21	7279259	7285315	6057	88	52.0079545454546	-0.235538999154717	0.235538999154717	-0.234656579491824	0.234656579491824	hypo	Condition2		0.156776604574968	0.7	0.7	1.3	0.672712704737504	5
chr21	21237978	21239360	1383	46	19.0945652173913	-0.266260078656216	0.266260078656216	-0.274779842203998	0.274779842203998	hypo	Condition2		0.187646599847095	0.7	0.7	1.3	0.672712704737504	5
chr20	2876763	2879845	3083	62	22.0556451612903	-0.38335871007299	0.38335871007299	-0.373043834793538	0.373043834793538	hypo	Condition2		0.356122637125323	0.7	0.7	1.3	0.672712704737504	5
chr20	10419390	10421709	2320	40	21.1925	0.176584181013434	0.176584181013434	0.215510669276504	0.215510669276504	hyper	Condition2		0.330261448816716	0.7	0.7	1.3	0.672712704737504	5
chr21	27256352	27263482	7131	101	20.3821782178218	-0.287178017021548	0.287178017021548	-0.281380700766809	0.281380700766809	hypo	Condition2		0.277915190967247	0.7	0.7	1.3	0.672712704737504	5
chr21	5296456	5300102	3647	72	41.1444444444444	0.198159126572415	0.198159126572415	0.207995960075511	0.207995960075511	hyper	Condition2		0.256122552017876	0.7	0.7	1.3	0.672712704737504	5
chr20	30861828	30863887	2060	46	31.2782608695652	-0.326958111986481	0.326958111986481	-0.317522388581685	0.317522388581685	hypo	Condition2		0.355374563888252	0.7	0.7	1.3	0.672712704737504	5
chr20	60093491	60097362	3872	102	21.3328431372549	-0.27183027513153	0.27183027513153	-0.266852547086367	0.266852547086367	hypo	Condition2		0.850178748325426	0.7	0.850178748325426	1.3	0.672712704737504	5
chr20	59208304	59211814	3511	114	19.9245614035088	-0.328310315825714	0.328310315825714	-0.335317640522396	0.335317640522396	hypo	Condition2		0.99	0.7	0.99	1.3	0.672712704737504	5
chr20	30640382	30645044	4663	72	22.1381944444444	-0.30100916051175	0.30100916051175	-0.318924952326604	0.318924952326604	hypo	Condition2		0.48200604144621	0.7	0.7	1.3	0.672712704737504	5
chr21	39623740	39632836	9097	169	21.7760355029586	-0.214195764950638	0.214195764950638	-0.236001650710448	0.236001650710448	hypo	Condition2		0.307489960606375	0.7	0.7	1.3	0.672712704737504	5
chr20	19714776	19723286	8511	220	22.2940909090909	-0.382402363902135	0.382402363902135	-0.395269368100922	0.395269368100922	hypo	Condition2		0.156594601402572	0.7	0.7	1.3	0.672712704737504	5
chr20	14145880	14146677	798	46	23.3804347826087	-0.318907853037158	0.318907853037158	-0.33441070248044	0.33441070248044	hypo	Condition2		0.383232511509794	0.7	0.7	1.3	0.672712704737504	5
chr21	31102671	31107618	4948	60	21.2691666666667	-0.37416675005169	0.37416675005169	-0.387169692069995	0.387169692069995	hypo	Condition2		0.429584092940823	0.7	0.7	1.3	0.672712704737504	5
chr21	16560980	16564759	3780	79	20.4455696202532	-0.3392177348795	0.3392177348795	-0.348285349619754	0.348285349619754	hypo	Condition2		0.24405889550349	0.7	0.7	1.3	0.672712704737504	5
chr21	14528847	14532123	3277	64	24.03828125	-0.382192763499835	0.382192763499835	-0.392391256991272	0.392391256991272	hypo	Condition2		0.84030360480539	0.7	0.84030360480539	1.3	0.672712704737504	5
chr20	11099978	11105979	6002	100	21.6735	-0.248834890307927	0.248834890307927	-0.250889996264085	0.250889996264085	hypo	Condition2		0.114419430896969	0.7	0.7	1.3	0.672712704737504	5
chr21	20334482	20338276	3795	45	19.8055555555556	-0.23977114414329	0.23977114414329	-0.271369356078348	0.271369356078348	hypo	Condition2		0.123762937194976	0.7	0.7	1.3	0.672712704737504	5
chr20	42734672	42740774	6103	98	21.9739795918367	-0.277419504285264	0.277419504285264	-0.281866798307346	0.281866798307346	hypo	Condition2		0.673826250418143	0.7	0.7	1.3	0.672712704737504	5
chr20	28529968	28544650	14683	253	86.7033596837945	0.209901745832796	0.209901745832796	0.219051550320741	0.219051550320741	hyper	Condition2		0.152998718329261	0.7	0.7	1.3	0.672712704737504	5
chr20	41503728	41507596	3869	63	22.8261904761905	-0.385451694860328	0.385451694860328	-0.398570518832624	0.398570518832624	hypo	Condition2		0.372205420296591	0.7	0.7	1.3	0.672712704737504	5
chr21	31244315	31247199	2885	71	25.4838028169014	-0.290009390222879	0.290009390222879	-0.292956756449473	0.292956756449473	hypo	Condition2		0.596862888488271	0.7	0.7	1.3	0.672712704737504	5
chr20	20697208	20702399	5192	106	21.9410377358491	-0.218350743298315	0.218350743298315	-0.24353400310189	0.24353400310189	hypo	Condition2		0.630396059951655	0.7	0.7	1.3	0.672712704737504	5
chr20	59984667	59987769	3103	90	22.56	-0.308990786178034	0.308990786178034	-0.303573537412691	0.303573537412691	hypo	Condition2		0.457436176419521	0.7	0.7	1.3	0.672712704737504	5
chr20	40283867	40287724	3858	82	21.1292682926829	-0.313222836049798	0.313222836049798	-0.336277381413062	0.336277381413062	hypo	Condition2		0.558869240265253	0.7	0.7	1.3	0.672712704737504	5
chr20	4126928	4128477	1550	46	22.0913043478261	-0.327664399290297	0.327664399290297	-0.331966327025587	0.331966327025587	hypo	Condition2		0.47120869155478	0.7	0.7	1.3	0.672712704737504	5
chr20	17171689	17174834	3146	46	21.1967391304348	-0.187952057337716	0.187952057337716	-0.211469041655026	0.211469041655026	hypo	Condition2		0.255615312271013	0.7	0.7	1.3	0.672712704737504	5
chr20	14057524	14060939	3416	61	20.0532786885246	0.288976605992608	0.288976605992608	0.321143470955864	0.321143470955864	hyper	Condition2		0.709428558982568	0.7	0.709428558982568	1.3	0.672712704737504	5
chr21	7205458	7208040	2583	40	20.60625	0.294032876869657	0.294032876869657	0.299195287270043	0.299195287270043	hyper	Condition2		0.648274741996434	0.7	0.7	1.3	0.672712704737504	5
chr20	53248962	53256786	7825	267	21.823595505618	-0.343737883417346	0.343737883417346	-0.341778233358801	0.341778233358801	hypo	Condition2		0.0743450190143693	0.7	0.7	1.3	0.672712704737504	5
chr21	31676831	31679519	2689	40	20.63375	-0.181481101423813	0.181481101423813	-0.180883731789216	0.180883731789216	hypo	Condition2		0.464265222975653	0.7	0.7	1.3	0.672712704737504	5
chr21	28261860	28265121	3262	84	23.1517857142857	-0.372790224950703	0.372790224950703	-0.384437607049718	0.384437607049718	hypo	Condition2		0.600635050888627	0.7	0.7	1.3	0.672712704737504	5
chr20	23664020	23671693	7674	135	22.9392592592593	-0.361173358317377	0.361173358317377	-0.366550957943284	0.366550957943284	hypo	Condition2		0.197766805932424	0.7	0.7	1.3	0.672712704737504	5
chr21	19143955	19151620	7666	110	21.9690909090909	-0.293066708389764	0.293066708389764	-0.282447284610163	0.282447284610163	hypo	Condition2		0.239055508399872	0.7	0.7	1.3	0.672712704737504	5
chr20	23189236	23190762	1527	54	24.8787037037037	-0.37050660149264	0.37050660149264	-0.398264092894295	0.398264092894295	hypo	Condition2		0.0585955563507066	0.7	0.7	1.3	0.672712704737504	5
chr21	23690558	23693796	3239	80	24.2975	-0.251088937825976	0.251088937825976	-0.239894402030323	0.239894402030323	hypo	Condition2		0.511564028266291	0.7	0.7	1.3	0.672712704737504	5
chr20	13259964	13263772	3809	84	23.8160714285714	-0.327562110276798	0.327562110276798	-0.349931337494252	0.349931337494252	hypo	Condition2		0.99	0.7	0.99	1.3	0.672712704737504	5
chr21	15007439	15009268	1830	44	22.5545454545455	-0.270660187969842	0.270660187969842	-0.277657086310581	0.277657086310581	hypo	Condition2		0.525379030274662	0.7	0.7	1.3	0.672712704737504	5
chr20	20480696	20493889	13194	174	21.5189655172414	0.276679914152462	0.276679914152462	0.296563607377586	0.296563607377586	hyper	Condition2		0.651011819016716	0.7	0.7	1.3	0.672712704737504	5
chr20	41491623	41498747	7125	128	21.67265625	-0.273119066541624	0.273119066541624	-0.286328363927649	0.286328363927649	hypo	Condition2		0.44544466664022	0.7	0.7	1.3	0.672712704737504	5
chr21	9714906	9716684	1779	55	40.5490909090909	-0.314190894952047	0.314190894952047	-0.300793267065274	0.300793267065274	hypo	Condition2		0.113609997399311	0.7	0.7	1.3	0.672712704737504	5
chr20	6941409	6947357	5949	85	21.2076470588235	-0.263370001771771	0.263370001771771	-0.269071724702021	0.269071724702021	hypo	Condition2		0.458307993822959	0.7	0.7	1.3	0.672712704737504	5
chr21	26409715	26414437	4723	99	24.0212121212121	-0.346619174198122	0.346619174198122	-0.355568953124465	0.355568953124465	hypo	Condition2		0.189669297263905	0.7	0.7	1.3	0.672712704737504	5
chr20	32331299	32339201	7903	201	18.6004975124378	0.28351013176772	0.28351013176772	0.291536286966542	0.291536286966542	hyper	Condition2		0.571057659981778	0.7	0.7	1.3	0.672712704737504	5
chr20	16120075	16123588	3514	46	20.5413043478261	-0.283273762397818	0.283273762397818	-0.293891858891568	0.293891858891568	hypo	Condition2		0.414068736518724	0.7	0.7	1.3	0.672712704737504	5
chr20	20452064	20458090	6027	181	20.6955801104972	0.254737465447783	0.254737465447783	0.269695847360451	0.269695847360451	hyper	Condition2		0.462895815615988	0.7	0.7	1.3	0.672712704737504	5
chr20	44523863	44534778	10916	331	22.1817220543807	-0.345814580954594	0.345814580954594	-0.36575710346233	0.36575710346233	hypo	Condition2		0.107372171722199	0.7	0.7	1.3	0.672712704737504	5
chr21	16332336	16334566	2231	56	23.4366071428571	-0.400601202945875	0.400601202945875	-0.410687570671694	0.410687570671694	hypo	Condition2		0.227876554497279	0.7	0.7	1.3	0.672712704737504	5
chr20	8287345	8289765	2421	40	20.18625	-0.235598819333766	0.235598819333766	-0.223592715321006	0.223592715321006	hypo	Condition2		0.269242747984307	0.7	0.7	1.3	0.672712704737504	5
chr20	28641328	28646140	4813	75	23.642	-0.311405834519069	0.311405834519069	-0.316815188111988	0.316815188111988	hypo	Condition2		0.486844357876917	0.7	0.7	1.3	0.672712704737504	5
chr20	7887486	7892671	5186	76	19.5671052631579	-0.275934691867964	0.275934691867964	-0.286755952990655	0.286755952990655	hypo	Condition2		0.219128446759015	0.7	0.7	1.3	0.672712704737504	5
chr20	56244126	56258523	14398	322	24.5959627329193	0.237950556834034	0.237950556834034	0.250924061838291	0.250924061838291	hyper	Condition2		0.41065473710538	0.7	0.7	1.3	0.672712704737504	5
chr21	40453233	40455995	2763	51	25.8892156862745	-0.300841839989246	0.300841839989246	-0.320261940981931	0.320261940981931	hypo	Condition2		0.23292579522399	0.7	0.7	1.3	0.672712704737504	5
chr20	1662127	1667571	5445	131	20.7141221374046	-0.325968196119337	0.325968196119337	-0.349487979094188	0.349487979094188	hypo	Condition2		0.208111023208954	0.7	0.7	1.3	0.672712704737504	5
chr20	28109076	28113688	4613	95	13.9773684210526	-0.401137363026308	0.401137363026308	-0.409320662203859	0.409320662203859	hypo	Condition2		0.43193377919466	0.7	0.7	1.3	0.672712704737504	5
chr21	8531861	8533461	1601	48	19.55	0.248347506996501	0.248347506996501	0.28069605478012	0.28069605478012	hyper	Condition2		0.268201851783556	0.7	0.7	1.3	0.672712704737504	5
chr20	22561901	22564125	2225	47	22.8872340425532	0.344672249009493	0.344672249009493	0.352088501561059	0.352088501561059	hyper	Condition2		0.286770830808502	0.7	0.7	1.3	0.672712704737504	5
chr20	43885039	43887519	2481	46	20.8173913043478	0.189542133994978	0.189542133994978	0.201634040871824	0.201634040871824	hyper	Condition2		0.275989896022489	0.7	0.7	1.3	0.672712704737504	5
chr21	20717429	20724252	6824	108	23.5976851851852	-0.296946565947161	0.296946565947161	-0.330450005335349	0.330450005335349	hypo	Condition2		0.0719417783948478	0.7	0.7	1.3	0.672712704737504	5
chr20	36193179	36196793	3615	79	22.7898734177215	-0.234108443008346	0.234108443008346	-0.232231854475575	0.232231854475575	hypo	Condition2		0.693860393605842	0.7	0.7	1.3	0.672712704737504	5
chr21	31769893	31773805	3913	115	22.805652173913	-0.350604596601729	0.350604596601729	-0.372194076462107	0.372194076462107	hypo	Condition2		0.123236437048172	0.7	0.7	1.3	0.672712704737504	5
chr20	6777693	6791319	13627	334	21.5302395209581	-0.323057924626206	0.323057924626206	-0.340195526673459	0.340195526673459	hypo	Condition2		0.179058749422239	0.7	0.7	1.3	0.672712704737504	5
chr20	29259873	29262388	2516	40	35.53125	-0.348895327605358	0.348895327605358	-0.357830180567472	0.357830180567472	hypo	Condition2		0.717874254265973	0.7	0.717874254265973	1.3	0.672712704737504	5
chr21	38151973	38155400	3428	75	23.8533333333333	-0.394841890473125	0.394841890473125	-0.39041925915245	0.39041925915245	hypo	Condition2		0.560797161593043	0.7	0.7	1.3	0.672712704737504	5
chr20	30845357	30852786	7430	255	39.8301960784314	-0.399417694895219	0.399417694895219	-0.423416814867128	0.423416814867128	hypo	Condition2		0.585621124294577	0.7	0.7	1.3	0.672712704737504	5
chr21	37437949	37446851	8903	142	19.7619718309859	0.27038380390187	0.27038380390187	0.293139610655042	0.293139610655042	hyper	Condition2		0.374316666031191	0.7	0.7	1.3	0.672712704737504	5
chr20	16584520	16588586	4067	83	20.9668674698795	-0.331198719859357	0.331198719859357	-0.348767470534585	0.348767470534585	hypo	Condition2		0.254581794326586	0.7	0.7	1.3	0.672712704737504	5
chr21	16426495	16431194	4700	93	23.0682795698925	-0.355764107994514	0.355764107994514	-0.361252610704481	0.361252610704481	hypo	Condition2		0.302301555066652	0.7	0.7	1.3	0.672712704737504	5
chr20	17892022	17897701	5680	158	22.5487341772152	-0.378130612353609	0.378130612353609	-0.383239686250486	0.383239686250486	hypo	Condition2		0.0630803363214003	0.7	0.7	1.3	0.672712704737504	5
chr21	39581308	39585454	4147	72	21.49375	-0.435373775870567	0.435373775870567	-0.455243421414512	0.455243421414512	hypo	Condition2		0.127092497587778	0.7	0.7	1.3	0.672712704737504	5
chr20	31405861	31409673	3813	86	20.2883720930233	0.251409014462041	0.251409014462041	0.26151170466646	0.26151170466646	hyper	Condition2		0.254353319005665	0.7	0.7	1.3	0.672712704737504	5
chr20	44415386	44420673	5288	152	20.0546052631579	-0.248309748917178	0.248309748917178	-0.250039380025211	0.250039380025211	hypo	Condition2		0.381449415997907	0.7	0.7	1.3	0.672712704737504	5
chr21	33191396	33196318	4923	110	22.1227272727273	-0.333276930978753	0.333276930978753	-0.339037746431816	0.339037746431816	hypo	Condition2		0.300315223686272	0.7	0.7	1.3	0.672712704737504	5
chr21	43114766	43118681	3916	72	12.4659722222222	-0.302879130362746	0.302879130362746	-0.32117476522427	0.32117476522427	hypo	Condition2		0.232417032321096	0.7	0.7	1.3	0.672712704737504	5
chr21	9365351	9374899	9549	124	45.5604838709678	-0.311305125431854	0.311305125431854	-0.341486210283126	0.341486210283126	hypo	Condition2		0.576828592567712	0.7	0.7	1.3	0.672712704737504	5
chr20	64252314	64264347	12034	427	12.5757611241218	0.245025416667574	0.245025416667574	0.253422475459015	0.253422475459015	hyper	Condition2		0.29180807323191	0.7	0.7	1.3	0.672712704737504	5
chr20	41885535	41895383	9849	195	22.5692307692308	-0.263593391999893	0.263593391999893	-0.289219813051534	0.289219813051534	hypo	Condition2		0.162017688258749	0.7	0.7	1.3	0.672712704737504	5
chr20	54026419	54029865	3447	99	23.1015151515152	-0.376329078085486	0.376329078085486	-0.401302514454725	0.401302514454725	hypo	Condition2		0.533293173654947	0.7	0.7	1.3	0.672712704737504	5
chr20	20689381	20695009	5629	95	19.1378947368421	-0.314301106748534	0.314301106748534	-0.348551702287063	0.348551702287063	hypo	Condition2		0.174274888659677	0.7	0.7	1.3	0.672712704737504	5
chr20	55587790	55591497	3708	61	21.2180327868852	-0.370137551859424	0.370137551859424	-0.383607795200343	0.383607795200343	hypo	Condition2		0.19914786922838	0.7	0.7	1.3	0.672712704737504	5
chr21	41841408	41844320	2913	63	22.4150793650794	-0.343426333730682	0.343426333730682	-0.372541194246929	0.372541194246929	hypo	Condition2		0.338962715630033	0.7	0.7	1.3	0.672712704737504	5
chr20	22114223	22117466	3244	47	21.5978723404255	-0.340871086547574	0.340871086547574	-0.374082160681601	0.374082160681601	hypo	Condition2		0.477121227048369	0.7	0.7	1.3	0.672712704737504	5
chr20	50540008	50550296	10289	242	22.5607438016529	0.231210036790109	0.231210036790109	0.239814236611197	0.239814236611197	hyper	Condition2		0.472788177209618	0.7	0.7	1.3	0.672712704737504	5
chr20	3053657	3057015	3359	103	23.8252427184466	-0.273073489479037	0.273073489479037	-0.266071445196936	0.266071445196936	hypo	Condition2		0.05132942766304	0.7	0.7	1.3	0.672712704737504	5
chr20	18529508	18533482	3975	98	23.0005102040816	-0.395433470882122	0.395433470882122	-0.405448459445484	0.405448459445484	hypo	Condition2		0.518172622469253	0.7	0.7	1.3	0.672712704737504	5
chr20	12221551	12225265	3715	45	20.8044444444444	-0.318345881414767	0.318345881414767	-0.342958644152738	0.342958644152738	hypo	Condition2		0.512100597804441	0.7	0.7	1.3	0.672712704737504	5
chr20	57146494	57150191	3698	107	22.7233644859813	-0.198805939277377	0.198805939277377	-0.224671115472727	0.224671115472727	hypo	Condition2		0.166657737195271	0.7	0.7	1.3	0.672712704737504	5
chr21	17408813	17410443	1631	42	20.0083333333333	-0.346003173273167	0.346003173273167	-0.36978426541484	0.36978426541484	hypo	Condition2		0.27382123926051	0.7	0.7	1.3	0.672712704737504	5
chr20	17670842	17676995	6154	151	23.4649006622517	-0.327454952899461	0.327454952899461	-0.36925633549275	0.36925633549275	hypo	Condition2		0.320205326815741	0.7	0.7	1.3	0.672712704737504	5
chr21	38871414	38876883	5470	139	22.1701438848921	-0.364613096769625	0.364613096769625	-0.376712721935708	0.376712721935708	hypo	Condition2		0.588983487710991	0.7	0.7	1.3	0.672712704737504	5
chr21	9165827	9167018	1192	43	16.7790697674419	-0.343109423729006	0.343109423729006	-0.330465041834675	0.330465041834675	hypo	Condition2		0.111520648662146	0.7	0.7	1.3	0.672712704737504	5
chr20	28046379	28055048	8670	127	16.7551181102362	-0.323108137293993	0.323108137293993	-0.328009588688397	0.328009588688397	hypo	Condition2		0.0749434735653211	0.7	0.7	1.3	0.672712704737504	5
chr20	22493982	22496022	2041	42	20.4857142857143	-0.340409450292372	0.340409450292372	-0.344120403579567	0.344120403579567	hypo	Condition2		0.366668860469015	0.7	0.7	1.3	0.672712704737504	5
chr20	34020713	34027404	6692	138	20.8326086956522	-0.273387554690073	0.273387554690073	-0.292543359292983	0.292543359292983	hypo	Condition2		0.311257091307754	0.7	0.7	1.3	0.672712704737504	5
chr20	29220407	29222699	2293	41	18.9536585365854	-0.338051062311786	0.338051062311786	-0.352465784042086	0.352465784042086	hypo	Condition2		0.558300028783385	0.7	0.7	1.3	0.672712704737504	5
chr21	26227508	26234299	6792	169	23.5286982248521	-0.313006456637303	0.313006456637303	-0.314699374501596	0.314699374501596	hypo	Condition2		0.197897693190768	0.7	0.7	1.3	0.672712704737504	5
chr21	40652239	40656779	4541	84	21.327380952381	-0.384605058680976	0.384605058680976	-0.421100050379555	0.421100050379555	hypo	Condition2		0.558442616186206	0.7	0.7	1.3	0.672712704737504	5
chr21	32089148	32093265	4118	82	21.8201219512195	-0.398122915291799	0.398122915291799	-0.402815755523645	0.402815755523645	hypo	Condition2		0.263725939828203	0.7	0.7	1.3	0.672712704737504	5
chr20	56658710	56667867	9158	296	21.2320945945946	-0.36824534825118	0.36824534825118	-0.381684191681755	0.381684191681755	hypo	Condition2		0.33738075951642	0.7	0.7	1.3	0.672712704737504	5
chr20	1623295	1625171	1877	52	22.9759615384615	-0.437118717978741	0.437118717978741	-0.452332813945931	0.452332813945931	hypo	Condition2		0.528138591868248	0.7	0.7	1.3	0.672712704737504	5
chr20	58421289	58428558	7270	146	22.0376712328767	-0.326342505526884	0.326342505526884	-0.367994115206483	0.367994115206483	hypo	Condition2		0.321655978541343	0.7	0.7	1.3	0.672712704737504	5
chr20	28777394	28780773	3380	40	25.10625	0.294932211535174	0.294932211535174	0.337084976221786	0.337084976221786	hyper	Condition2		0.0567766410939522	0.7	0.7	1.3	0.672712704737504	5
chr21	13538409	13547325	8917	105	21.7066666666667	-0.249274798344071	0.249274798344071	-0.250713826563618	0.250713826563618	hypo	Condition2		0.173042081429631	0.7	0.7	1.3	0.672712704737504	5
chr20	9305861	9308085	2225	42	21.2892857142857	-0.365980736594573	0.365980736594573	-0.389002899809194	0.389002899809194	hypo	Condition2		0.99	0.7	0.99	1.3	0.672712704737504	5
chr20	39212099	39217033	4935	64	26.21875	-0.287694462348243	0.287694462348243	-0.317941689166594	0.317941689166594	hypo	Condition2		0.222763361118196	0.7	0.7	1.3	0.672712704737504	5
chr20	42016073	42018760	2688	47	21.0053191489362	-0.22724417970156	0.22724417970156	-0.253361599464829	0.253361599464829	hypo	Condition2		0.457954462119132	0.7	0.7	1.3	0.672712704737504	5
chr21	40399522	40402539	3018	66	21.7795454545455	-0.26061962978006	0.26061962978006	-0.283981133831523	0.283981133831523	hypo	Condition2		0.285880165765216	0.7	0.7	1.3	0.672712704737504	5
chr20	19119892	19121764	1873	46	22.8630434782609	-0.278320775191893	0.278320775191893	-0.292158373654212	0.292158373654212	hypo	Condition2		0.405919807093562	0.7	0.7	1.3	0.672712704737504	5
chr20	16696792	16708475	11684	195	22.6320512820513	-0.236248378068788	0.236248378068788	-0.249639200925168	0.249639200925168	hypo	Condition2		0.322214301082125	0.7	0.7	1.3	0.672712704737504	5
chr20	10964008	10966953	2946	40	17.01375	-0.381121880350023	0.381121880350023	-0.402708212035092	0.402708212035092	hypo	Condition2		0.534987339442936	0.7	0.7	1.3	0.672712704737504	5
chr20	29414635	29417204	2570	48	30.1177083333333	-0.257704255959652	0.257704255959652	-0.25261193655628	0.25261193655628	hypo	Condition2		0.588547565428515	0.7	0.7	1.3	0.672712704737504	5
chr21	29561642	29565982	4341	138	22.4673913043478	-0.427429180146357	0.427429180146357	-0.450125385685788	0.450125385685788	hypo	Condition2		0.0831410802330863	0.7	0.7	1.3	0.672712704737504	5
chr21	9724571	9729013	4443	85	60.2029411764706	0.28718174580289	0.28718174580289	0.298126297064867	0.298126297064867	hyper	Condition2		0.110218648474858	0.7	0.7	1.3	0.672712704737504	5
chr20	29625278	29628573	3296	62	20.1612903225806	-0.293658543266799	0.293658543266799	-0.311987446498656	0.311987446498656	hypo	Condition2		0.519849637845073	0.7	0.7	1.3	0.672712704737504	5
chr20	51134140	51141366	7227	195	23.2233333333333	-0.263080679081323	0.263080679081323	-0.271804116386245	0.271804116386245	hypo	Condition2		0.143641176221676	0.7	0.7	1.3	0.672712704737504	5
chr21	7308412	7314375	5964	82	50.140243902439	0.340367351693176	0.340367351693176	0.34622745377842	0.34622745377842	hyper	Condition2		0.144710454449586	0.7	0.7	1.3	0.672712704737504	5
chr21	9251408	9254642	3235	40	39.35125	0.252845506023574	0.252845506023574	0.253427908391153	0.253427908391153	hyper	Condition2		0.300536293333081	0.7	0.7	1.3	0.672712704737504	5
chr21	23510008	23518155	8148	122	20.3995901639344	-0.37030256597035	0.37030256597035	-0.390820342838417	0.390820342838417	hypo	Condition2		0.323498540147004	0.7	0.7	1.3	0.672712704737504	5
chr20	37643455	37646052	2598	47	22.7765957446809	-0.284400349641956	0.284400349641956	-0.291905307770171	0.291905307770171	hypo	Condition2		0.269651847514475	0.7	0.7	1.3	0.672712704737504	5
chr20	19657781	19663931	6151	179	20.9715083798883	-0.264265618494679	0.264265618494679	-0.297415104529588	0.297415104529588	hypo	Condition2		0.431784880913631	0.7	0.7	1.3	0.672712704737504	5
chr21	33739767	33742347	2581	75	25.1633333333333	-0.379920864032968	0.379920864032968	-0.395698418911438	0.395698418911438	hypo	Condition2		0.176841352412921	0.7	0.7	1.3	0.672712704737504	5
chr20	19457836	19475293	17458	389	23.7062982005141	-0.299573755294537	0.299573755294537	-0.308581008536643	0.308581008536643	hypo	Condition2		0.652076640993074	0.7	0.7	1.3	0.672712704737504	5
chr20	11570161	11574098	3938	43	18.7093023255814	-0.290628290541301	0.290628290541301	-0.277364786180887	0.277364786180887	hypo	Condition2		0.242684136482673	0.7	0.7	1.3	0.672712704737504	5
chr21	21916049	21920352	4304	67	18.6850746268657	-0.29009190191735	0.29009190191735	-0.310493779778265	0.310493779778265	hypo	Condition2		0.292465351107529	0.7	0.7	1.3	0.672712704737504	5
chr21	30479138	30480713	1576	40	22.02625	-0.254890197907994	0.254890197907994	-0.286618708014144	0.286618708014144	hypo	Condition2		0.12325798918496	0.7	0.7	1.3	0.672712704737504	5
chr20	13357338	13362684	5347	197	21.1030456852792	-0.355663144942021	0.355663144942021	-0.36880093285228	0.36880093285228	hypo	Condition2		0.697564500609556	0.7	0.7	1.3	0.672712704737504	5
chr20	5967075	5969549	2475	62	20.2	-0.314390567923379	0.314390567923379	-0.311670880176703	0.311670880176703	hypo	Condition2		0.633278699000677	0.7	0.7	1.3	0.672712704737504	5
chr21	34304936	34306556	1621	52	21.3971153846154	-0.22981093212293	0.22981093212293	-0.255874050011874	0.255874050011874	hypo	Condition2		0.191297897460922	0.7	0.7	1.3	0.672712704737504	5
chr20	16046393	16048913	2521	44	23.5193181818182	-0.336139615592443	0.336139615592443	-0.335575513113405	0.335575513113405	hypo	Condition2		0.134045594246502	0.7	0.7	1.3	0.672712704737504	5
chr21	16605226	16611548	6323	64	20.63828125	-0.292139201695838	0.292139201695838	-0.317403725985132	0.317403725985132	hypo	Condition2		0.22089060777278	0.7	0.7	1.3	0.672712704737504	5
chr21	19622460	19624995	2536	43	19.6046511627907	-0.252746391589944	0.252746391589944	-0.28332464083552	0.28332464083552	hypo	Condition2		0.205791232331333	0.7	0.7	1.3	0.672712704737504	5
chr20	791932	803962	12031	305	21.4391803278689	-0.290301872929968	0.290301872929968	-0.299907446049938	0.299907446049938	hypo	Condition2		0.387092303633278	0.7	0.7	1.3	0.672712704737504	5
chr20	16856559	16857252	694	51	20.6441176470588	-0.23656753709042	0.23656753709042	-0.254668678446884	0.254668678446884	hypo	Condition2		0.491734564079944	0.7	0.7	1.3	0.672712704737504	5
chr20	36373760	36379962	6203	177	20.4771186440678	-0.409311890957116	0.409311890957116	-0.446282306024492	0.446282306024492	hypo	Condition2		0.120195487911287	0.7	0.7	1.3	0.672712704737504	5
chr20	54966200	54968686	2487	46	20.6923913043478	-0.305222684387124	0.305222684387124	-0.340030322111556	0.340030322111556	hypo	Condition2		0.180101290531153	0.7	0.7	1.3	0.672712704737504	5
chr21	33665807	33673639	7833	233	24.0534334763949	-0.353764508915719	0.353764508915719	-0.355149141986045	0.355149141986045	hypo	Condition2		0.276432149915345	0.7	0.7	1.3	0.672712704737504	5
chr20	20674059	20680058	6000	91	19.8247252747253	-0.329205132192631	0.329205132192631	-0.35457435828446	0.35457435828446	hypo	Condition2		0.199322338276986	0.7	0.7	1.3	0.672712704737504	5
chr20	52803916	52807197	3282	54	20.6101851851852	0.24448873959481	0.24448873959481	0.250286226215655	0.250286226215655	hyper	Condition2		0.949213465519844	0.7	0.949213465519844	1.3	0.672712704737504	5
chr21	23723132	23728969	5838	97	20.1948453608247	-0.260812168566201	0.260812168566201	-0.256193710230763	0.256193710230763	hypo	Condition2		0.237203619307423	0.7	0.7	1.3	0.672712704737504	5
chr20	11131062	11136132	5071	63	23.5436507936508	-0.240800903188347	0.240800903188347	-0.250630025968724	0.250630025968724	hypo	Condition2		0.0838100259802755	0.7	0.7	1.3	0.672712704737504	5
chr20	5821023	5826109	5087	116	21.1788793103448	-0.293195681998029	0.293195681998029	-0.302873040128821	0.302873040128821	hypo	Condition2		0.67556241088861	0.7	0.7	1.3	0.672712704737504	5
chr20	24459170	24463165	3996	71	22.2647887323944	-0.225676016372983	0.225676016372983	-0.228784423394341	0.228784423394341	hypo	Condition2		0.573950067012817	0.7	0.7	1.3	0.672712704737504	5
chr21	37143353	37148894	5542	85	24.0958823529412	-0.229169440146621	0.229169440146621	-0.230878125034974	0.230878125034974	hypo	Condition2		0.601180857123601	0.7	0.7	1.3	0.672712704737504	5
chr20	12398384	12401547	3164	40	23.48125	-0.280324034039622	0.280324034039622	-0.316739110079731	0.316739110079731	hypo	Condition2		0.361841658026712	0.7	0.7	1.3	0.672712704737504	5
chr20	61327572	61341121	13550	374	24.7844919786096	-0.384357834477899	0.384357834477899	-0.395935068033957	0.395935068033957	hypo	Condition2		0.33487569115064	0.7	0.7	1.3	0.672712704737504	5
chr21	39547454	39550500	3047	43	23.2755813953488	-0.188358101028926	0.188358101028926	-0.211462012616947	0.211462012616947	hypo	Condition2		0.137189644812689	0.7	0.7	1.3	0.672712704737504	5
chr21	37428850	37431750	2901	55	18.5681818181818	-0.366530548184186	0.366530548184186	-0.410149230880372	0.410149230880372	hypo	Condition2		0.46397191369729	0.7	0.7	1.3	0.672712704737504	5
chr20	56062735	56067985	5251	62	21.7838709677419	-0.227472647573955	0.227472647573955	-0.228775578304468	0.228775578304468	hypo	Condition2		0.707208753145563	0.7	0.707208753145563	1.3	0.672712704737504	5
chr20	12968437	12971394	2958	46	23.575	-0.348625479929223	0.348625479929223	-0.366708257771462	0.366708257771462	hypo	Condition2		0.320736057305238	0.7	0.7	1.3	0.672712704737504	5
chr20	31412320	31421652	9333	230	22.33	-0.396545391440426	0.396545391440426	-0.417480368622262	0.417480368622262	hypo	Condition2		0.409827745733629	0.7	0.7	1.3	0.672712704737504	5
chr20	30731844	30734656	2813	54	22.512962962963	-0.2823593101336	0.2823593101336	-0.286624851161987	0.286624851161987	hypo	Condition2		0.470146383622686	0.7	0.7	1.3	0.672712704737504	5
chr20	54764043	54770951	6909	113	21.1318584070796	-0.329816615075877	0.329816615075877	-0.345182810067386	0.345182810067386	hypo	Condition2		0.155063935659745	0.7	0.7	1.3	0.672712704737504	5
chr20	8457385	8460306	2922	40	21.55375	-0.284247380905919	0.284247380905919	-0.304723558806715	0.304723558806715	hypo	Condition2		0.500975008391852	0.7	0.7	1.3	0.672712704737504	5
chr20	13455626	13459220	3595	40	20.6825	-0.239447700114586	0.239447700114586	-0.23423711769165	0.23423711769165	hypo	Condition2		0.107902147081971	0.7	0.7	1.3	0.672712704737504	5
chr20	13900493	13906975	6483	189	22.4796296296296	-0.249214980435145	0.249214980435145	-0.261749487226409	0.261749487226409	hypo	Condition2		0.101629384868134	0.7	0.7	1.3	0.672712704737504	5
chr21	10093515	10095836	2322	40	44.91875	0.219179408521666	0.219179408521666	0.232675985703988	0.232675985703988	hyper	Condition2		0.34739581895074	0.7	0.7	1.3	0.672712704737504	5
chr21	14206207	14209295	3089	40	23.17375	0.194140249226529	0.194140249226529	0.219220744551626	0.219220744551626	hyper	Condition2		0.6827754124835	0.7	0.7	1.3	0.672712704737504	5
chr20	53979380	53984519	5140	66	21.9371212121212	-0.388330597656145	0.388330597656145	-0.389320344014306	0.389320344014306	hypo	Condition2		0.421962679520961	0.7	0.7	1.3	0.672712704737504	5
chr21	24735848	24739018	3171	61	21.9090163934426	-0.348777249680166	0.348777249680166	-0.359745207944569	0.359745207944569	hypo	Condition2		0.512670161350564	0.7	0.7	1.3	0.672712704737504	5
chr20	59212342	59227131	14790	427	20.722131147541	0.294040945445861	0.294040945445861	0.311215126401818	0.311215126401818	hyper	Condition2		0.197738500873719	0.7	0.7	1.3	0.672712704737504	5
chr20	16860236	16864349	4114	67	20.5365671641791	-0.32404408735132	0.32404408735132	-0.352431165991068	0.352431165991068	hypo	Condition2		0.3596046458149	0.7	0.7	1.3	0.672712704737504	5
chr21	13873681	13876958	3278	52	27.6711538461539	-0.233764687036576	0.233764687036576	-0.248513192497742	0.248513192497742	hypo	Condition2		0.375824747424017	0.7	0.7	1.3	0.672712704737504	5
chr21	18611119	18614655	3537	41	24.6231707317073	-0.351521066054334	0.351521066054334	-0.378953820870729	0.378953820870729	hypo	Condition2		0.56673973606525	0.7	0.7	1.3	0.672712704737504	5
chr21	17339521	17342565	3045	40	20.86875	0.18299676416104	0.18299676416104	0.185412448026944	0.185412448026944	hyper	Condition2		0.296866825911474	0.7	0.7	1.3	0.672712704737504	5
chr21	41145691	41152335	6645	169	20.8005917159763	-0.349771698889346	0.349771698889346	-0.371888309757604	0.371888309757604	hypo	Condition2		0.206816423135241	0.7	0.7	1.3	0.672712704737504	5
chr20	41083996	41094378	10383	248	22.6092741935484	-0.350481853646772	0.350481853646772	-0.368174179488389	0.368174179488389	hypo	Condition2		0.27677586764851	0.7	0.7	1.3	0.672712704737504	5
chr21	21110797	21113937	3141	50	20.978	-0.326185045985105	0.326185045985105	-0.345080650202531	0.345080650202531	hypo	Condition2		0.281065545656375	0.7	0.7	1.3	0.672712704737504	5
chr21	27979981	27986214	6234	93	22.8295698924731	-0.244253694822512	0.244253694822512	-0.248083757585651	0.248083757585651	hypo	Condition2		0.0579666072929452	0.7	0.7	1.3	0.672712704737504	5
chr21	16496451	16501194	4744	54	21.4166666666667	-0.25492717737128	0.25492717737128	-0.251073701172753	0.251073701172753	hypo	Condition2		0.438047615818265	0.7	0.7	1.3	0.672712704737504	5
chr20	4877846	4890640	12795	333	23.3929429429429	-0.25857315177688	0.25857315177688	-0.273318861179031	0.273318861179031	hypo	Condition2		0.233543811722972	0.7	0.7	1.3	0.672712704737504	5
chr20	21546471	21549440	2970	74	22.7466216216216	0.210498480607693	0.210498480607693	0.223152650207913	0.223152650207913	hyper	Condition2		0.489787495177302	0.7	0.7	1.3	0.672712704737504	5
chr20	33528403	33533021	4619	135	22.9118518518519	-0.298778815493432	0.298778815493432	-0.296852940917049	0.296852940917049	hypo	Condition2		0.0354017084633174	0.7	0.7	1.3	0.672712704737504	5
chr21	7567749	7574726	6978	124	16.8850806451613	-0.329903731845797	0.329903731845797	-0.337800597045406	0.337800597045406	hypo	Condition2		0.194431662367776	0.7	0.7	1.3	0.672712704737504	5
chr21	26082840	26088026	5187	110	21.9795454545455	-0.377955427415069	0.377955427415069	-0.389354754150346	0.389354754150346	hypo	Condition2		0.185815527344124	0.7	0.7	1.3	0.672712704737504	5
chr21	27027885	27037506	9622	169	21.2118343195266	-0.399885726897293	0.399885726897293	-0.4144162313981	0.4144162313981	hypo	Condition2		0.36185499779037	0.7	0.7	1.3	0.672712704737504	5
chr20	5826628	5829578	2951	58	21.2362068965517	-0.377090847007747	0.377090847007747	-0.387141130893144	0.387141130893144	hypo	Condition2		0.493510158524327	0.7	0.7	1.3	0.672712704737504	5
chr21	38482143	38487380	5238	139	20.5053956834532	-0.2980873943578	0.2980873943578	-0.305656456569014	0.305656456569014	hypo	Condition2		0.439824181970116	0.7	0.7	1.3	0.672712704737504	5
chr20	4764963	4772380	7418	141	23.4606382978723	-0.300550730349658	0.300550730349658	-0.304011485815008	0.304011485815008	hypo	Condition2		0.320037594369379	0.7	0.7	1.3	0.672712704737504	5
chr20	19710616	19714132	3517	84	22.4952380952381	-0.322633812920944	0.322633812920944	-0.349328580469301	0.349328580469301	hypo	Condition2		0.4501931161859	0.7	0.7	1.3	0.672712704737504	5
chr20	56036229	56042628	6400	71	21.7352112676056	-0.328491007302699	0.328491007302699	-0.367481430375805	0.367481430375805	hypo	Condition2		0.271840527260838	0.7	0.7	1.3	0.672712704737504	5
chr21	9095878	9100984	5107	77	21.7948051948052	-0.277327765012333	0.277327765012333	-0.278888373654531	0.278888373654531	hypo	Condition2		0.468735744049828	0.7	0.7	1.3	0.672712704737504	5
chr20	4384946	4389524	4579	93	21.9317204301075	-0.384983726064873	0.384983726064873	-0.409237299647964	0.409237299647964	hypo	Condition2		0.348204634413003	0.7	0.7	1.3	0.672712704737504	5
chr20	34594131	34598130	4000	104	22.2004807692308	-0.288579881244219	0.288579881244219	-0.299734185736562	0.299734185736562	hypo	Condition2		0.548040036047213	0.7	0.7	1.3	0.672712704737504	5
chr20	25922706	25925425	2720	52	22.7615384615385	-0.377152452491286	0.377152452491286	-0.374726075907317	0.374726075907317	hypo	Condition2		0.532362324548234	0.7	0.7	1.3	0.672712704737504	5
chr21	38051969	38055156	3188	56	21.7455357142857	-0.430434370780233	0.430434370780233	-0.430045372551396	0.430045372551396	hypo	Condition2		0.398540851419909	0.7	0.7	1.3	0.672712704737504	5
chr20	189723	191218	1496	43	19.9116279069767	-0.305319236414488	0.305319236414488	-0.290668220897726	0.290668220897726	hypo	Condition2		0.31277903176615	0.7	0.7	1.3	0.672712704737504	5
chr21	23042918	23046671	3754	40	20.835	-0.279590918179113	0.279590918179113	-0.281462158023707	0.281462158023707	hypo	Condition2		0.444486892405884	0.7	0.7	1.3	0.672712704737504	5
chr21	15212994	15220846	7853	231	17.9093073593074	-0.274412666581784	0.274412666581784	-0.284868357665565	0.284868357665565	hypo	Condition2		0.195164386243075	0.7	0.7	1.3	0.672712704737504	5
chr20	7294736	7299805	5070	74	23.7689189189189	-0.291900908258622	0.291900908258622	-0.302882840196415	0.302882840196415	hypo	Condition2		0.410511749915674	0.7	0.7	1.3	0.672712704737504	5
chr20	4295198	4300134	4937	92	21.7364130434783	-0.28062772138286	0.28062772138286	-0.304897400142693	0.304897400142693	hypo	Condition2		0.302963043241227	0.7	0.7	1.3	0.672712704737504	5
chr20	36652305	36662690	10386	300	21.8838333333333	-0.390432120152944	0.390432120152944	-0.402657614201291	0.402657614201291	hypo	Condition2		0.0810735687104188	0.7	0.7	1.3	0.672712704737504	5
chr20	51990803	52006376	15574	433	20.3131639722864	-0.335251042822435	0.335251042822435	-0.336825255943471	0.336825255943471	hypo	Condition2		0.0963684633109237	0.7	0.7	1.3	0.672712704737504	5
chr20	3531601	3536782	5182	106	22.4669811320755	-0.330357081884779	0.330357081884779	-0.336873771443918	0.336873771443918	hypo	Condition2		0.272550765927755	0.7	0.7	1.3	0.672712704737504	5
chr20	1788053	1790994	2942	66	23.5333333333333	-0.348014517183736	0.348014517183736	-0.36587565292606	0.36587565292606	hypo	Condition2		0.100843894743126	0.7	0.7	1.3	0.672712704737504	5
chr21	25076531	25080324	3794	40	20.67875	-0.247885415570901	0.247885415570901	-0.253420940017937	0.253420940017937	hypo	Condition2		0.38428640589835	0.7	0.7	1.3	0.672712704737504	5
chr20	6289863	6292779	2917	42	22.9630952380952	-0.409523042949353	0.409523042949353	-0.425907011858951	0.425907011858951	hypo	Condition2		0.596558648476829	0.7	0.7	1.3	0.672712704737504	5
chr20	32295282	32302048	6767	213	21.4765258215962	0.250575508558503	0.250575508558503	0.273265960716807	0.273265960716807	hyper	Condition2		0.290104542975516	0.7	0.7	1.3	0.672712704737504	5
chr20	51315889	51326290	10402	309	21.9831715210356	-0.38571407291218	0.38571407291218	-0.40690948567536	0.40690948567536	hypo	Condition2		0.210330250086275	0.7	0.7	1.3	0.672712704737504	5
chr21	39591038	39593152	2115	43	22.0988372093023	-0.23800360744943	0.23800360744943	-0.252431201991428	0.252431201991428	hypo	Condition2		0.513429845375904	0.7	0.7	1.3	0.672712704737504	5
chr20	54478067	54484336	6270	126	24.6297619047619	-0.31093843860388	0.31093843860388	-0.32052132146149	0.32052132146149	hypo	Condition2		0.233511038895432	0.7	0.7	1.3	0.672712704737504	5
chr20	39205833	39209261	3429	70	21.6014285714286	-0.328821637346663	0.328821637346663	-0.365436092298261	0.365436092298261	hypo	Condition2		0.172558970562685	0.7	0.7	1.3	0.672712704737504	5
chr21	41984408	41989944	5537	76	18.7282894736842	-0.29266671169158	0.29266671169158	-0.309393426376133	0.309393426376133	hypo	Condition2		0.943300861692166	0.7	0.943300861692166	1.3	0.672712704737504	5
chr21	27566006	27568433	2428	52	19.6028846153846	-0.27340928901605	0.27340928901605	-0.309398078345304	0.309398078345304	hypo	Condition2		0.236898850921787	0.7	0.7	1.3	0.672712704737504	5
chr21	13474003	13476485	2483	47	21.0872340425532	0.215854184300392	0.215854184300392	0.229928242901011	0.229928242901011	hyper	Condition2		0.340507556260021	0.7	0.7	1.3	0.672712704737504	5
chr20	14129227	14131072	1846	40	22.03375	-0.254286597053044	0.254286597053044	-0.313877052686726	0.313877052686726	hypo	Condition2		0.159302149056575	0.7	0.7	1.3	0.672712704737504	5
chr21	34265809	34271238	5430	89	22.9275280898876	-0.271916098095367	0.271916098095367	-0.280359451075868	0.280359451075868	hypo	Condition2		0.13260130617323	0.7	0.7	1.3	0.672712704737504	5
chr21	34033125	34040991	7867	157	21.1668789808917	-0.235204670832388	0.235204670832388	-0.234793062171285	0.234793062171285	hypo	Condition2		0.102805227138449	0.7	0.7	1.3	0.672712704737504	5
chr20	41913660	41917492	3833	52	21.8105769230769	-0.311862448052728	0.311862448052728	-0.353421992859373	0.353421992859373	hypo	Condition2		0.0882555190367542	0.7	0.7	1.3	0.672712704737504	5
chr21	46479145	46491749	12605	237	23.1345991561181	-0.266929592497264	0.266929592497264	-0.280866036617622	0.280866036617622	hypo	Condition2		0.588155822679626	0.7	0.7	1.3	0.672712704737504	5
chr21	27229273	27236259	6987	99	21.560101010101	-0.248772242902303	0.248772242902303	-0.261889853184263	0.261889853184263	hypo	Condition2		0.181810325807606	0.7	0.7	1.3	0.672712704737504	5
chr20	9546477	9564037	17561	254	19.7683070866142	-0.31768390523371	0.31768390523371	-0.330202176361917	0.330202176361917	hypo	Condition2		0.147154005703122	0.7	0.7	1.3	0.672712704737504	5
chr20	13114812	13117967	3156	65	24.3915384615385	0.348585345071982	0.348585345071982	0.345252410667801	0.345252410667801	hyper	Condition2		0.411445220069203	0.7	0.7	1.3	0.672712704737504	5
chr21	14371709	14374359	2651	43	22.1860465116279	-0.38494592877386	0.38494592877386	-0.381081387092338	0.381081387092338	hypo	Condition2		0.240896485224612	0.7	0.7	1.3	0.672712704737504	5
chr20	33208297	33212117	3821	67	22.1992537313433	-0.368795838261355	0.368795838261355	-0.401579656606101	0.401579656606101	hypo	Condition2		0.460444763914554	0.7	0.7	1.3	0.672712704737504	5
chr21	40414048	40416341	2294	40	21.96	-0.293672130523801	0.293672130523801	-0.287653954676382	0.287653954676382	hypo	Condition2		0.395389387631941	0.7	0.7	1.3	0.672712704737504	5
chr20	32949865	32951416	1552	40	21.525	0.186153071728101	0.186153071728101	0.208482842304135	0.208482842304135	hyper	Condition2		0.472398598243049	0.7	0.7	1.3	0.672712704737504	5
chr20	40460537	40464646	4110	60	22.4191666666667	-0.304794178409692	0.304794178409692	-0.334647502338734	0.334647502338734	hypo	Condition2		0.211873114562932	0.7	0.7	1.3	0.672712704737504	5
chr20	10002026	10006745	4720	67	20.560447761194	-0.193677331565485	0.193677331565485	-0.220144696623836	0.220144696623836	hypo	Condition2		0.218053441101276	0.7	0.7	1.3	0.672712704737504	5
chr20	55636916	55639591	2676	47	20.1968085106383	-0.283913238238915	0.283913238238915	-0.275009284148088	0.275009284148088	hypo	Condition2		0.244935099969539	0.7	0.7	1.3	0.672712704737504	5
chr20	15891353	15895803	4451	71	21.4521126760563	-0.258697963375073	0.258697963375073	-0.259973419306024	0.259973419306024	hypo	Condition2		0.361346404984551	0.7	0.7	1.3	0.672712704737504	5
chr20	61189825	61191429	1605	46	20.6152173913044	-0.326626558243684	0.326626558243684	-0.331462345268892	0.331462345268892	hypo	Condition2		0.161572972244134	0.7	0.7	1.3	0.672712704737504	5
chr20	41584276	41586744	2469	83	22.3885542168675	-0.295469602138093	0.295469602138093	-0.303143248394351	0.303143248394351	hypo	Condition2		0.0542156444991319	0.7	0.7	1.3	0.672712704737504	5
chr21	41990545	42000580	10036	272	21.3738970588235	-0.33805409636255	0.33805409636255	-0.353487183520115	0.353487183520115	hypo	Condition2		0.621243140046033	0.7	0.7	1.3	0.672712704737504	5
chr20	18275789	18279156	3368	124	23.4274193548387	0.197703530236568	0.197703530236568	0.20681648655228	0.20681648655228	hyper	Condition2		0.664629519525739	0.7	0.7	1.3	0.672712704737504	5
chr20	49389349	49393681	4333	97	23.079381443299	-0.28789840398393	0.28789840398393	-0.28599226783996	0.28599226783996	hypo	Condition2		0.796247079048645	0.7	0.796247079048645	1.3	0.672712704737504	5
chr20	29387001	29390283	3283	64	21.79375	-0.18141392367243	0.18141392367243	-0.18266929599023	0.18266929599023	hypo	Condition2		0.133226100199631	0.7	0.7	1.3	0.672712704737504	5
chr20	45056680	45059564	2885	41	21.5743902439024	0.218286737718803	0.218286737718803	0.234344787768011	0.234344787768011	hyper	Condition2		0.516043191856609	0.7	0.7	1.3	0.672712704737504	5
chr20	20159334	20164156	4823	72	23.2319444444444	-0.376327306225252	0.376327306225252	-0.420635131444024	0.420635131444024	hypo	Condition2		0.12341095560312	0.7	0.7	1.3	0.672712704737504	5
chr21	40576771	40587469	10699	251	20.2245019920319	-0.248701629346966	0.248701629346966	-0.249639942455003	0.249639942455003	hypo	Condition2		0.41509088044495	0.7	0.7	1.3	0.672712704737504	5
chr20	9015219	9019797	4579	53	21.3	-0.278846659016938	0.278846659016938	-0.332608712226465	0.332608712226465	hypo	Condition2		0.295015068285409	0.7	0.7	1.3	0.672712704737504	5
chr20	22551699	22561310	9612	182	21.9200549450549	0.237470891248116	0.237470891248116	0.257583849627315	0.257583849627315	hyper	Condition2		0.0450755661053003	0.7	0.7	1.3	0.672712704737504	5
chr20	42717892	42723711	5820	139	22.1338129496403	-0.330060621760025	0.330060621760025	-0.338637425433756	0.338637425433756	hypo	Condition2		0.0826056493611183	0.7	0.7	1.3	0.672712704737504	5
chr20	9989563	9994481	4919	83	23.9265060240964	-0.368623020717031	0.368623020717031	-0.396248288964667	0.396248288964667	hypo	Condition2		0.22630465117845	0.7	0.7	1.3	0.672712704737504	5
chr20	41531806	41534960	3155	43	23.2790697674419	-0.251227427053884	0.251227427053884	-0.241384343806389	0.241384343806389	hypo	Condition2		0.273133017666048	0.7	0.7	1.3	0.672712704737504	5
chr20	17424484	17425536	1053	40	23.485	-0.236119318902649	0.236119318902649	-0.300806954336876	0.300806954336876	hypo	Condition2		0.245027430295369	0.7	0.7	1.3	0.672712704737504	5
chr21	40457235	40460043	2809	48	26.2916666666667	-0.325236666531272	0.325236666531272	-0.298227539153563	0.298227539153563	hypo	Condition2		0.339262503848423	0.7	0.7	1.3	0.672712704737504	5
chr21	15115070	15117874	2805	60	24.4325	-0.396542829717505	0.396542829717505	-0.411811110384949	0.411811110384949	hypo	Condition2		0.208915680542061	0.7	0.7	1.3	0.672712704737504	5
chr21	27986833	27988865	2033	48	23.6989583333333	-0.332006314226274	0.332006314226274	-0.352607741339979	0.352607741339979	hypo	Condition2		0.458955400444057	0.7	0.7	1.3	0.672712704737504	5
chr21	35597396	35607736	10341	191	19.7143979057592	-0.290825781377504	0.290825781377504	-0.29160795025716	0.29160795025716	hypo	Condition2		0.297570710529446	0.7	0.7	1.3	0.672712704737504	5
chr20	15409455	15415074	5620	76	22.2605263157895	-0.372716435125532	0.372716435125532	-0.356970841901727	0.356970841901727	hypo	Condition2		0.391827524096984	0.7	0.7	1.3	0.672712704737504	5
chr20	41337699	41343810	6112	265	21.6603773584906	0.35915929960581	0.35915929960581	0.375922241232765	0.375922241232765	hyper	Condition2		0.252030328085749	0.7	0.7	1.3	0.672712704737504	5
chr20	21358748	21361534	2787	40	19.6575	-0.250522461649977	0.250522461649977	-0.276462446705175	0.276462446705175	hypo	Condition2		0.535933546327496	0.7	0.7	1.3	0.672712704737504	5
chr20	50469116	50476687	7572	183	19.6213114754098	-0.300343339001974	0.300343339001974	-0.318873965643348	0.318873965643348	hypo	Condition2		0.439203280723065	0.7	0.7	1.3	0.672712704737504	5
chr20	24948037	24961022	12986	494	24.1487854251012	-0.401143032220909	0.401143032220909	-0.423495431358308	0.423495431358308	hypo	Condition2		0.215131414414292	0.7	0.7	1.3	0.672712704737504	5
chr20	55285516	55293916	8401	167	22.4179640718563	-0.370525912683807	0.370525912683807	-0.382995866583891	0.382995866583891	hypo	Condition2		0.957524117327588	0.7	0.957524117327588	1.3	0.672712704737504	5
chr20	13109692	13113212	3521	65	25.4346153846154	-0.337231325891241	0.337231325891241	-0.345908341471534	0.345908341471534	hypo	Condition2		0.13339442132012	0.7	0.7	1.3	0.672712704737504	5
chr20	37685588	37688982	3395	40	24.16875	-0.291962473279125	0.291962473279125	-0.304910943868934	0.304910943868934	hypo	Condition2		0.29018416115666	0.7	0.7	1.3	0.672712704737504	5
chr20	9096417	9102425	6009	115	20.6834782608696	-0.252858290237741	0.252858290237741	-0.266885987011993	0.266885987011993	hypo	Condition2		0.72178309981101	0.7	0.72178309981101	1.3	0.672712704737504	5
chr20	54001164	54004211	3048	44	24.7125	-0.332973347561266	0.332973347561266	-0.319000454970849	0.319000454970849	hypo	Condition2		0.598493669677045	0.7	0.7	1.3	0.672712704737504	5
chr20	2999513	3004298	4786	92	21.566847826087	-0.28606909705834	0.28606909705834	-0.318079297647125	0.318079297647125	hypo	Condition2		0.212072552934152	0.7	0.7	1.3	0.672712704737504	5
chr20	52007011	52011410	4400	145	22.5162068965517	-0.386439829633223	0.386439829633223	-0.390934460314336	0.390934460314336	hypo	Condition2		0.536646525513055	0.7	0.7	1.3	0.672712704737504	5
chr20	9966791	9969366	2576	43	20.3116279069767	-0.29150045520654	0.29150045520654	-0.291177493659714	0.291177493659714	hypo	Condition2		0.2765184329191	0.7	0.7	1.3	0.672712704737504	5
chr20	21155059	21157854	2796	40	20.715	-0.277935190543223	0.277935190543223	-0.281214508538363	0.281214508538363	hypo	Condition2		0.344084958179848	0.7	0.7	1.3	0.672712704737504	5
chr21	45698391	45701061	2671	45	20.5122222222222	-0.296760687014162	0.296760687014162	-0.330566431969159	0.330566431969159	hypo	Condition2		0.741707815666434	0.7	0.741707815666434	1.3	0.672712704737504	5
chr20	25098210	25102253	4044	82	21.8310975609756	-0.235992586933763	0.235992586933763	-0.26141177216815	0.26141177216815	hypo	Condition2		0.297535016653304	0.7	0.7	1.3	0.672712704737504	5
chr21	16739362	16743393	4032	69	21.663768115942	-0.325163247914796	0.325163247914796	-0.307631304063798	0.307631304063798	hypo	Condition2		0.252808343332677	0.7	0.7	1.3	0.672712704737504	5
chr20	19429476	19434415	4940	81	20.0351851851852	-0.252060230299144	0.252060230299144	-0.277792638462306	0.277792638462306	hypo	Condition2		0.315521230447887	0.7	0.7	1.3	0.672712704737504	5
chr21	27406939	27412098	5160	74	19.8263513513514	0.185014152570183	0.185014152570183	0.206311142818551	0.206311142818551	hyper	Condition2		0.0669467089818113	0.7	0.7	1.3	0.672712704737504	5
chr20	13200713	13206809	6097	99	21.6893939393939	-0.261035774410774	0.261035774410774	-0.254459966505553	0.254459966505553	hypo	Condition2		0.100353958224489	0.7	0.7	1.3	0.672712704737504	5
chr21	34195274	34209242	13969	303	20.8663366336634	-0.312131017053197	0.312131017053197	-0.324240207983016	0.324240207983016	hypo	Condition2		0.406701649585882	0.7	0.7	1.3	0.672712704737504	5
chr20	43227199	43239976	12778	222	23.2689189189189	-0.371955840216231	0.371955840216231	-0.376367660770454	0.376367660770454	hypo	Condition2		0.20139861929328	0.7	0.7	1.3	0.672712704737504	5
chr20	46273490	46289692	16203	415	18.8130120481928	0.258460164454158	0.258460164454158	0.268919897806416	0.268919897806416	hyper	Condition2		0.297159280152044	0.7	0.7	1.3	0.672712704737504	5
chr20	11156500	11158797	2298	40	20.81875	-0.444913451504327	0.444913451504327	-0.47204342412364	0.47204342412364	hypo	Condition2		0.245347402407139	0.7	0.7	1.3	0.672712704737504	5
chr21	38036941	38040797	3857	60	21.2758333333333	-0.330241771046805	0.330241771046805	-0.361878452898344	0.361878452898344	hypo	Condition2		0.446295980126368	0.7	0.7	1.3	0.672712704737504	5
chr20	46590931	46593888	2958	48	21.915625	-0.382909214307963	0.382909214307963	-0.424782649407655	0.424782649407655	hypo	Condition2		0.296776758005084	0.7	0.7	1.3	0.672712704737504	5
chr21	37468924	37470169	1246	40	23.50625	-0.246361150695582	0.246361150695582	-0.252729871017896	0.252729871017896	hypo	Condition2		0.695986339965332	0.7	0.7	1.3	0.672712704737504	5
chr20	20082882	20092139	9258	171	25.9391812865497	-0.246646294308984	0.246646294308984	-0.257263090290893	0.257263090290893	hypo	Condition2		0.311009640952693	0.7	0.7	1.3	0.672712704737504	5
chr21	21877939	21881366	3428	74	22.8831081081081	-0.303406928434091	0.303406928434091	-0.320945296911645	0.320945296911645	hypo	Condition2		0.153472432134832	0.7	0.7	1.3	0.672712704737504	5
chr20	31746907	31748258	1352	53	21.9858490566038	-0.26645739552423	0.26645739552423	-0.271188720525661	0.271188720525661	hypo	Condition2		0.462066273963322	0.7	0.7	1.3	0.672712704737504	5
chr20	59711260	59717992	6733	87	21.8637931034483	-0.387147388891944	0.387147388891944	-0.400890069189933	0.400890069189933	hypo	Condition2		0.206261067486459	0.7	0.7	1.3	0.672712704737504	5
chr21	45036373	45039314	2942	112	22.8200892857143	-0.322284291428143	0.322284291428143	-0.326500072390538	0.326500072390538	hypo	Condition2		0.66746240279652	0.7	0.7	1.3	0.672712704737504	5
chr20	3975499	3989948	14450	322	23.6175465838509	-0.373794700344918	0.373794700344918	-0.385066121554403	0.385066121554403	hypo	Condition2		0.417546644855558	0.7	0.7	1.3	0.672712704737504	5
chr21	35390284	35393746	3463	55	22.3672727272727	-0.308267367054587	0.308267367054587	-0.318113002369992	0.318113002369992	hypo	Condition2		0.568151054574639	0.7	0.7	1.3	0.672712704737504	5
chr20	45986690	45989400	2711	104	24.2495192307692	0.308994910699964	0.308994910699964	0.3196682486732	0.3196682486732	hyper	Condition2		0.952117179842109	0.7	0.952117179842109	1.3	0.672712704737504	5
chr21	17826634	17830529	3896	42	20.8976190476191	-0.283399934501716	0.283399934501716	-0.313825743417243	0.313825743417243	hypo	Condition2		0.153076800710337	0.7	0.7	1.3	0.672712704737504	5
chr20	4598966	4610187	11222	236	22.2466101694915	-0.301049342831454	0.301049342831454	-0.300375223879456	0.300375223879456	hypo	Condition2		0.630910561277158	0.7	0.7	1.3	0.672712704737504	5
chr20	24509554	24515039	5486	118	21.3254237288136	-0.290228118566779	0.290228118566779	-0.318161355625004	0.318161355625004	hypo	Condition2		0.0886711306819098	0.7	0.7	1.3	0.672712704737504	5
chr20	49053420	49060691	7272	179	21.2195530726257	-0.265109060858203	0.265109060858203	-0.261318231688446	0.261318231688446	hypo	Condition2		0.756937320997168	0.7	0.756937320997168	1.3	0.672712704737504	5
chr21	32009982	32031547	21566	446	19.9367713004484	-0.340016127626981	0.340016127626981	-0.348953514293353	0.348953514293353	hypo	Condition2		0.139278622795548	0.7	0.7	1.3	0.672712704737504	5
chr21	20261488	20265052	3565	132	18.7765151515152	-0.30305311295172	0.30305311295172	-0.303816249576727	0.303816249576727	hypo	Condition2		0.0726888137757822	0.7	0.7	1.3	0.672712704737504	5
chr20	38107778	38110902	3125	70	22.3928571428571	-0.364196680467661	0.364196680467661	-0.401216020274243	0.401216020274243	hypo	Condition2		0.335778794534356	0.7	0.7	1.3	0.672712704737504	5
chr20	45014043	45016399	2357	40	21.59375	-0.211692217018245	0.211692217018245	-0.231042175036799	0.231042175036799	hypo	Condition2		0.280261623565171	0.7	0.7	1.3	0.672712704737504	5
chr20	15782940	15786015	3076	80	24.31875	-0.319289286505321	0.319289286505321	-0.311289300207033	0.311289300207033	hypo	Condition2		0.291605027532454	0.7	0.7	1.3	0.672712704737504	5
chr21	15667866	15674645	6780	199	21.3133165829146	-0.268400360392637	0.268400360392637	-0.282175280170378	0.282175280170378	hypo	Condition2		0.197130206617676	0.7	0.7	1.3	0.672712704737504	5
chr20	54057816	54061891	4076	122	21.7627049180328	-0.33122351068093	0.33122351068093	-0.329857381552469	0.329857381552469	hypo	Condition2		0.582600495503219	0.7	0.7	1.3	0.672712704737504	5
chr21	14875826	14880168	4343	72	20.1736111111111	0.305893928882159	0.305893928882159	0.322822570013513	0.322822570013513	hyper	Condition2		0.4894439651357	0.7	0.7	1.3	0.672712704737504	5
chr20	55129724	55138148	8425	151	21.3162251655629	-0.264487176541125	0.264487176541125	-0.263586718140537	0.263586718140537	hypo	Condition2		0.368209064330521	0.7	0.7	1.3	0.672712704737504	5
chr20	54443750	54453541	9792	236	23.7588983050848	-0.397118130721628	0.397118130721628	-0.417462508453186	0.417462508453186	hypo	Condition2		0.381110997429394	0.7	0.7	1.3	0.672712704737504	5
chr20	6813701	6816720	3020	49	22.165306122449	-0.351896863333664	0.351896863333664	-0.32690890621937	0.32690890621937	hypo	Condition2		0.591642995902834	0.7	0.7	1.3	0.672712704737504	5
chr21	17688825	17691666	2842	73	12.8150684931507	-0.326241715347108	0.326241715347108	-0.337147168805736	0.337147168805736	hypo	Condition2		0.563441227188431	0.7	0.7	1.3	0.672712704737504	5
chr20	29454897	29461709	6813	98	20.2561224489796	-0.272247733261986	0.272247733261986	-0.291372142973181	0.291372142973181	hypo	Condition2		0.28684155107429	0.7	0.7	1.3	0.672712704737504	5
chr20	54283991	54291097	7107	112	21.5732142857143	-0.223985293065675	0.223985293065675	-0.229504495458682	0.229504495458682	hypo	Condition2		0.193538122703285	0.7	0.7	1.3	0.672712704737504	5
chr20	41199753	41212729	12977	268	24.5039179104478	-0.285792669550835	0.285792669550835	-0.294151298208541	0.294151298208541	hypo	Condition2		0.670510196600003	0.7	0.7	1.3	0.672712704737504	5
chr20	20209934	20217403	7470	158	19.3753164556962	-0.238212979212338	0.238212979212338	-0.271463851888053	0.271463851888053	hypo	Condition2		0.134213683033521	0.7	0.7	1.3	0.672712704737504	5
chr21	40766932	40768834	1903	43	22.8593023255814	0.199696331949962	0.199696331949962	0.218399027288733	0.218399027288733	hyper	Condition2		0.841147130915274	0.7	0.841147130915274	1.3	0.672712704737504	5
chr21	19534579	19537942	3364	40	23.22875	-0.269053843226914	0.269053843226914	-0.29867023619615	0.29867023619615	hypo	Condition2		0.205425899308243	0.7	0.7	1.3	0.672712704737504	5
chr21	13924657	13926864	2208	40	20.945	-0.296130309555404	0.296130309555404	-0.294832497877209	0.294832497877209	hypo	Condition2		0.617463561033972	0.7	0.7	1.3	0.672712704737504	5
chr20	21645004	21647340	2337	64	26.5953125	-0.440419355568818	0.440419355568818	-0.429345940657783	0.429345940657783	hypo	Condition2		0.316465847248563	0.7	0.7	1.3	0.672712704737504	5
chr20	37073816	37075708	1893	52	23.5307692307692	-0.325416472849401	0.325416472849401	-0.339049080889207	0.339049080889207	hypo	Condition2		0.526568206281249	0.7	0.7	1.3	0.672712704737504	5
chr20	2952650	2954909	2260	72	23.2854166666667	-0.377547004750495	0.377547004750495	-0.38042910824835	0.38042910824835	hypo	Condition2		0.819540229374686	0.7	0.819540229374686	1.3	0.672712704737504	5
chr21	20437948	20448226	10279	205	22.7463414634146	-0.36268799768188	0.36268799768188	-0.374675540528954	0.374675540528954	hypo	Condition2		0.557262466796467	0.7	0.7	1.3	0.672712704737504	5
chr20	10426321	10427980	1660	40	22.7025	-0.165087657644756	0.165087657644756	-0.229578861398573	0.229578861398573	hypo	Condition2		0.231939382694407	0.7	0.7	1.3	0.672712704737504	5
chr21	37560369	37570436	10068	250	23.046	-0.291991029407841	0.291991029407841	-0.301858354314566	0.301858354314566	hypo	Condition2		0.554605300550274	0.7	0.7	1.3	0.672712704737504	5
chr21	21744251	21749012	4762	115	23.025652173913	-0.264395847372392	0.264395847372392	-0.27399606322694	0.27399606322694	hypo	Condition2		0.380160228629522	0.7	0.7	1.3	0.672712704737504	5
chr20	46108491	46111438	2948	69	21.0768115942029	-0.387036090038085	0.387036090038085	-0.399551533286307	0.399551533286307	hypo	Condition2		0.443979901111901	0.7	0.7	1.3	0.672712704737504	5
chr21	39471139	39476953	5815	86	21.0563953488372	-0.327261555722536	0.327261555722536	-0.346852781979342	0.346852781979342	hypo	Condition2		0.475772495964768	0.7	0.7	1.3	0.672712704737504	5
chr21	38047597	38051238	3642	73	22.7116438356164	-0.389754935767707	0.389754935767707	-0.400850185762122	0.400850185762122	hypo	Condition2		0.366438814683915	0.7	0.7	1.3	0.672712704737504	5
chr21	23246459	23250267	3809	40	20.97125	-0.330035675249943	0.330035675249943	-0.348861141514715	0.348861141514715	hypo	Condition2		0.126098991327099	0.7	0.7	1.3	0.672712704737504	5
chr20	5931117	5934946	3830	68	21.1	-0.191268760009844	0.191268760009844	-0.196110013471744	0.196110013471744	hypo	Condition2		0.546459259966929	0.7	0.7	1.3	0.672712704737504	5
chr20	39175763	39182950	7188	81	22.8623456790124	-0.234135525686718	0.234135525686718	-0.258843436066948	0.258843436066948	hypo	Condition2		0.48128096439567	0.7	0.7	1.3	0.672712704737504	5
chr21	11093319	11116210	22892	370	41.4666216216216	0.241607209339992	0.241607209339992	0.245958550468468	0.245958550468468	hyper	Condition2		0.502138847213251	0.7	0.7	1.3	0.672712704737504	5
chr21	37174070	37176079	2010	67	19.9731343283582	-0.304588528545496	0.304588528545496	-0.314787513650359	0.314787513650359	hypo	Condition2		0.19367063082612	0.7	0.7	1.3	0.672712704737504	5
chr21	10384676	10390435	5760	103	66.5902912621359	-0.448120548016183	0.448120548016183	-0.443553433809578	0.443553433809578	hypo	Condition2		0.277816896365104	0.7	0.7	1.3	0.672712704737504	5
chr21	22794357	22797493	3137	75	21.5846666666667	-0.306365250821453	0.306365250821453	-0.292418412747641	0.292418412747641	hypo	Condition2		0.152896562181866	0.7	0.7	1.3	0.672712704737504	5
chr20	53588014	53590293	2280	40	21.48125	-0.260369051890588	0.260369051890588	-0.299933101266825	0.299933101266825	hypo	Condition2		0.705653644655998	0.7	0.705653644655998	1.3	0.672712704737504	5
chr20	49420998	49423269	2272	49	21.6163265306122	-0.346595155799377	0.346595155799377	-0.358209797868072	0.358209797868072	hypo	Condition2		0.99	0.7	0.99	1.3	0.672712704737504	5
chr20	10196564	10200167	3604	41	23.1865853658537	-0.333662659430428	0.333662659430428	-0.321205896194708	0.321205896194708	hypo	Condition2		0.446697367521115	0.7	0.7	1.3	0.672712704737504	5
chr20	3374924	3381494	6571	127	21.0248031496063	-0.312149297507685	0.312149297507685	-0.308763676529493	0.308763676529493	hypo	Condition2		0.565798055239948	0.7	0.7	1.3	0.672712704737504	5
chr21	26318734	26322479	3746	95	23.0652631578947	-0.314017816487575	0.314017816487575	-0.329872659568748	0.329872659568748	hypo	Condition2		0.888383504055169	0.7	0.888383504055169	1.3	0.672712704737504	5
chr20	25752618	25755294	2677	40	25.88375	-0.211446515223095	0.211446515223095	-0.209634117241332	0.209634117241332	hypo	Condition2		0.154750261791238	0.7	0.7	1.3	0.672712704737504	5
chr20	5900672	5902689	2018	40	21.09875	-0.164724668562467	0.164724668562467	-0.16207479908341	0.16207479908341	hypo	Condition2		0.106460685716292	0.7	0.7	1.3	0.672712704737504	5
chr20	24292511	24298069	5559	76	24.6822368421053	-0.285276931369123	0.285276931369123	-0.278025302493786	0.278025302493786	hypo	Condition2		0.206331682919426	0.7	0.7	1.3	0.672712704737504	5
chr20	42123396	42124899	1504	45	19.3822222222222	-0.24601892099118	0.24601892099118	-0.233318981275811	0.233318981275811	hypo	Condition2		0.588570226170759	0.7	0.7	1.3	0.672712704737504	5
chr21	35903107	35906575	3469	77	19.5876623376623	-0.354365439628598	0.354365439628598	-0.365941175535982	0.365941175535982	hypo	Condition2		0.99	0.7	0.99	1.3	0.672712704737504	5
chr20	29713563	29718025	4463	75	20.9233333333333	0.173972205861643	0.173972205861643	0.20074738809406	0.20074738809406	hyper	Condition2		0.99	0.7	0.99	1.3	0.672712704737504	5
chr20	52378221	52380764	2544	43	22.3976744186047	-0.371033860693867	0.371033860693867	-0.419173286557599	0.419173286557599	hypo	Condition2		0.747189246288974	0.7	0.747189246288974	1.3	0.672712704737504	5
chr20	60447515	60459833	12319	277	22.1913357400722	-0.39580623925889	0.39580623925889	-0.408961046270943	0.408961046270943	hypo	Condition2		0.116036357189303	0.7	0.7	1.3	0.672712704737504	5
chr21	38465297	38481349	16053	383	22.4257180156658	-0.249776018118431	0.249776018118431	-0.253721885615386	0.253721885615386	hypo	Condition2		0.293701018998753	0.7	0.7	1.3	0.672712704737504	5
chr21	10566694	10569763	3070	48	50.0364583333333	0.188711750041346	0.188711750041346	0.212847269765843	0.212847269765843	hyper	Condition2		0.24871184656329	0.7	0.7	1.3	0.672712704737504	5
chr20	38540952	38549155	8204	109	21.154128440367	-0.223716271423679	0.223716271423679	-0.250227540008735	0.250227540008735	hypo	Condition2		0.621215941979011	0.7	0.7	1.3	0.672712704737504	5
chr21	23439573	23447446	7874	119	20.5205882352941	-0.283820398512736	0.283820398512736	-0.321634049053486	0.321634049053486	hypo	Condition2		0.185454728070611	0.7	0.7	1.3	0.672712704737504	5
chr21	34976573	34983266	6694	157	21.9404458598726	-0.319986389430056	0.319986389430056	-0.346406060252175	0.346406060252175	hypo	Condition2		0.309625241074189	0.7	0.7	1.3	0.672712704737504	5
chr21	37870347	37878102	7756	125	21.0844	0.319159839311297	0.319159839311297	0.327398825955294	0.327398825955294	hyper	Condition2		0.15371627856136	0.7	0.7	1.3	0.672712704737504	5
chr20	19329969	19332718	2750	44	20.5238636363636	-0.351409328086732	0.351409328086732	-0.365973694050794	0.365973694050794	hypo	Condition2		0.678321405302238	0.7	0.7	1.3	0.672712704737504	5
chr20	31331393	31336651	5259	117	23.1064102564103	-0.363016313999698	0.363016313999698	-0.407736839124756	0.407736839124756	hypo	Condition2		0.187349303979689	0.7	0.7	1.3	0.672712704737504	5
chr21	39999971	40002967	2997	56	22.4544642857143	0.179795436191857	0.179795436191857	0.198122779379776	0.198122779379776	hyper	Condition2		0.104429628133012	0.7	0.7	1.3	0.672712704737504	5
chr21	5222664	5226037	3374	70	84.025	0.300094271552984	0.300094271552984	0.326530256429444	0.326530256429444	hyper	Condition2		0.685593341817521	0.7	0.7	1.3	0.672712704737504	5
chr21	7588596	7592845	4250	139	38.5956834532374	-0.348806996621868	0.348806996621868	-0.368749608869512	0.368749608869512	hypo	Condition2		0.102421606498108	0.7	0.7	1.3	0.672712704737504	5
chr21	13498376	13500062	1687	40	23.45875	-0.219579721223446	0.219579721223446	-0.233180377786131	0.233180377786131	hypo	Condition2		0.125807714142211	0.7	0.7	1.3	0.672712704737504	5
chr20	1073116	1079670	6555	112	23.4941964285714	-0.312849463384022	0.312849463384022	-0.329366927974261	0.329366927974261	hypo	Condition2		0.36227586252267	0.7	0.7	1.3	0.672712704737504	5
chr20	4130956	4145939	14984	442	22.2188914027149	-0.377285920141377	0.377285920141377	-0.38083887028786	0.38083887028786	hypo	Condition2		0.340687758956754	0.7	0.7	1.3	0.672712704737504	5
chr20	29282914	29288141	5228	75	26.7566666666667	-0.367587118164412	0.367587118164412	-0.399593673518309	0.399593673518309	hypo	Condition2		0.196610719842332	0.7	0.7	1.3	0.672712704737504	5
chr20	17165503	17170478	4976	93	22.4634408602151	-0.298403970733044	0.298403970733044	-0.290883988023586	0.290883988023586	hypo	Condition2		0.274653702519283	0.7	0.7	1.3	0.672712704737504	5
chr21	20291424	20293269	1846	40	20.64125	-0.330376278971544	0.330376278971544	-0.328497988551076	0.328497988551076	hypo	Condition2		0.99	0.7	0.99	1.3	0.672712704737504	5
chr21	7602443	7616586	14144	219	29.591095890411	-0.268842040929926	0.268842040929926	-0.279640946429538	0.279640946429538	hypo	Condition2		0.620275891767738	0.7	0.7	1.3	0.672712704737504	5
chr20	11322650	11326631	3982	65	21.4469230769231	-0.289984537967056	0.289984537967056	-0.305473802883363	0.305473802883363	hypo	Condition2		0.355973961353498	0.7	0.7	1.3	0.672712704737504	5
chr20	39699908	39705315	5408	54	19.7666666666667	-0.199373241105807	0.199373241105807	-0.231496567181414	0.231496567181414	hypo	Condition2		0.558945538485355	0.7	0.7	1.3	0.672712704737504	5
chr20	17955461	17961257	5797	145	23.3489655172414	-0.311229581554169	0.311229581554169	-0.319666785277196	0.319666785277196	hypo	Condition2		0.202597679048498	0.7	0.7	1.3	0.672712704737504	5
chr20	23008929	23015943	7015	116	19.9577586206897	-0.342116488464091	0.342116488464091	-0.362423639929634	0.362423639929634	hypo	Condition2		0.791353502525001	0.7	0.791353502525001	1.3	0.672712704737504	5
chr21	10772473	10777311	4839	76	75.2072368421053	-0.375465228899324	0.375465228899324	-0.377975210217758	0.377975210217758	hypo	Condition2		0.166645322310117	0.7	0.7	1.3	0.672712704737504	5
chr21	25821698	25825822	4125	132	21.2931818181818	-0.300758854447197	0.300758854447197	-0.325338239569146	0.325338239569146	hypo	Condition2		0.594939429145604	0.7	0.7	1.3	0.672712704737504	5
chr21	28147405	28151621	4217	76	21.4723684210526	-0.411228948064111	0.411228948064111	-0.419925737766057	0.419925737766057	hypo	Condition2		0.302912255443055	0.7	0.7	1.3	0.672712704737504	5
chr20	55678909	55691943	13035	224	25.0863839285714	-0.286330873969524	0.286330873969524	-0.293655108713832	0.293655108713832	hypo	Condition2		0.471952732790052	0.7	0.7	1.3	0.672712704737504	5
chr20	45582744	45588886	6143	134	20.6820895522388	-0.29616554096908	0.29616554096908	-0.292164939509836	0.292164939509836	hypo	Condition2		0.227251897795018	0.7	0.7	1.3	0.672712704737504	5
chr21	23324826	23334377	9552	175	20.5622857142857	-0.359227658978982	0.359227658978982	-0.378590101160753	0.378590101160753	hypo	Condition2		0.32204652472355	0.7	0.7	1.3	0.672712704737504	5
chr20	55818008	55819942	1935	48	20.6260416666667	-0.248110364448154	0.248110364448154	-0.276523293395653	0.276523293395653	hypo	Condition2		0.19164489142526	0.7	0.7	1.3	0.672712704737504	5
chr20	12076353	12078465	2113	43	21.4174418604651	-0.317900996907576	0.317900996907576	-0.321047858605251	0.321047858605251	hypo	Condition2		0.519680897768687	0.7	0.7	1.3	0.672712704737504	5
chr20	31312564	31314291	1728	40	22.87375	-0.267148994046549	0.267148994046549	-0.295681865794527	0.295681865794527	hypo	Condition2		0.0438437959477244	0.7	0.7	1.3	0.672712704737504	5
chr20	23912846	23925313	12468	212	20.960141509434	-0.335235261940597	0.335235261940597	-0.355714209363162	0.355714209363162	hypo	Condition2		0.424053441956088	0.7	0.7	1.3	0.672712704737504	5
chr21	13855728	13857624	1897	40	23.2425	-0.296633730590431	0.296633730590431	-0.35683926820846	0.35683926820846	hypo	Condition2		0.42927667521912	0.7	0.7	1.3	0.672712704737504	5
chr20	1004577	1007189	2613	48	23.6479166666667	-0.247262345774678	0.247262345774678	-0.269408457884276	0.269408457884276	hypo	Condition2		0.64730339622955	0.7	0.7	1.3	0.672712704737504	5
chr21	23389988	23395631	5644	86	20.9732558139535	-0.321592131219737	0.321592131219737	-0.334540564344555	0.334540564344555	hypo	Condition2		0.692857785568238	0.7	0.7	1.3	0.672712704737504	5
chr20	12048359	12053316	4958	97	24.348969072165	-0.377528749349085	0.377528749349085	-0.395327194883241	0.395327194883241	hypo	Condition2		0.122631480269633	0.7	0.7	1.3	0.672712704737504	5
chr21	13164807	13170721	5915	81	21.8481481481482	-0.297248129510917	0.297248129510917	-0.29517858834266	0.29517858834266	hypo	Condition2		0.270629751640749	0.7	0.7	1.3	0.672712704737504	5
chr20	49017264	49026110	8847	255	23.8380392156863	-0.327383420111967	0.327383420111967	-0.3299617043134	0.3299617043134	hypo	Condition2		0.401002175711617	0.7	0.7	1.3	0.672712704737504	5
chr21	26050178	26053374	3197	59	22.071186440678	-0.270324765054372	0.270324765054372	-0.275485379409173	0.275485379409173	hypo	Condition2		0.364515394027677	0.7	0.7	1.3	0.672712704737504	5
chr20	680083	690234	10152	237	19.3751054852321	0.21344548796062	0.21344548796062	0.218502205319652	0.218502205319652	hyper	Condition2		0.319829259004619	0.7	0.7	1.3	0.672712704737504	5
chr20	25144252	25151509	7258	262	20.0769083969466	-0.366862303925331	0.366862303925331	-0.37940570649658	0.37940570649658	hypo	Condition2		0.210043104208289	0.7	0.7	1.3	0.672712704737504	5
chr21	18411847	18415086	3240	54	22.4777777777778	0.232085884890202	0.232085884890202	0.243276326770287	0.243276326770287	hyper	Condition2		0.159410537958599	0.7	0.7	1.3	0.672712704737504	5
chr20	42548714	42551306	2593	51	22.2029411764706	-0.302541652791653	0.302541652791653	-0.30171955052877	0.30171955052877	hypo	Condition2		0.99	0.7	0.99	1.3	0.672712704737504	5
chr20	6649632	6655349	5718	81	20.3148148148148	-0.333811600196775	0.333811600196775	-0.388269732282197	0.388269732282197	hypo	Condition2		0.54705720458671	0.7	0.7	1.3	0.672712704737504	5
chr20	49666627	49670163	3537	93	20.6408602150538	0.267418705532284	0.267418705532284	0.289322774643881	0.289322774643881	hyper	Condition2		0.529892009010815	0.7	0.7	1.3	0.672712704737504	5
chr21	40821021	40834386	13366	303	21.9024752475248	-0.296181882734421	0.296181882734421	-0.296890506607476	0.296890506607476	hypo	Condition2		0.276309219187299	0.7	0.7	1.3	0.672712704737504	5
chr21	19835333	19838247	2915	40	21.415	-0.275204730054473	0.275204730054473	-0.279645509505143	0.279645509505143	hypo	Condition2		0.774228765796536	0.7	0.774228765796536	1.3	0.672712704737504	5
chr20	53029215	53036315	7101	132	21.3988636363636	-0.250134562942366	0.250134562942366	-0.24163339974194	0.24163339974194	hypo	Condition2		0.650647102016733	0.7	0.7	1.3	0.672712704737504	5
chr20	30142272	30155660	13389	247	19.5131578947368	-0.264060630152347	0.264060630152347	-0.292621870142429	0.292621870142429	hypo	Condition2		0.0997308426703924	0.7	0.7	1.3	0.672712704737504	5
chr20	42792929	42798134	5206	114	21.3429824561404	-0.340040891619352	0.340040891619352	-0.33560558878609	0.33560558878609	hypo	Condition2		0.296537787842569	0.7	0.7	1.3	0.672712704737504	5
chr21	43631267	43637110	5844	154	23.0272727272727	-0.27462661807409	0.27462661807409	-0.264406211454055	0.264406211454055	hypo	Condition2		0.226089417145678	0.7	0.7	1.3	0.672712704737504	5
chr20	4757381	4764365	6985	174	22.1390804597701	-0.26447395437139	0.26447395437139	-0.267360612401804	0.267360612401804	hypo	Condition2		0.536087584343318	0.7	0.7	1.3	0.672712704737504	5
chr20	58275450	58281720	6271	120	21.8845833333333	-0.287859932407547	0.287859932407547	-0.283929954012695	0.283929954012695	hypo	Condition2		0.168946453998818	0.7	0.7	1.3	0.672712704737504	5
chr20	37991459	38004210	12752	314	24.2751592356688	-0.329101034087496	0.329101034087496	-0.338089132301223	0.338089132301223	hypo	Condition2		0.290413884643484	0.7	0.7	1.3	0.672712704737504	5
chr21	37854378	37857607	3230	45	21.1688888888889	-0.283156774697139	0.283156774697139	-0.34261088671172	0.34261088671172	hypo	Condition2		0.445204532348638	0.7	0.7	1.3	0.672712704737504	5
chr20	39280672	39289367	8696	150	19.6066666666667	-0.345653130535391	0.345653130535391	-0.357836807309369	0.357836807309369	hypo	Condition2		0.175742891498119	0.7	0.7	1.3	0.672712704737504	5
chr20	42591646	42595769	4124	94	22.8803191489362	-0.311709443935837	0.311709443935837	-0.325528711654774	0.325528711654774	hypo	Condition2		0.146557968791015	0.7	0.7	1.3	0.672712704737504	5
chr20	29848744	29859281	10538	131	22.5671755725191	0.219083242391407	0.219083242391407	0.227077348459226	0.227077348459226	hyper	Condition2		0.503890106571499	0.7	0.7	1.3	0.672712704737504	5
chr21	28516371	28519451	3081	40	19.855	-0.151627712679173	0.151627712679173	-0.154253652866559	0.154253652866559	hypo	Condition2		0.199460007338593	0.7	0.7	1.3	0.672712704737504	5
chr20	54062409	54072119	9711	268	22.1305970149254	0.170722595085492	0.170722595085492	0.192597241262571	0.192597241262571	hyper	Condition2		0.609982949695401	0.7	0.7	1.3	0.672712704737504	5
chr20	54930102	54936648	6547	120	24.0229166666667	-0.314324958116339	0.314324958116339	-0.285363803741962	0.285363803741962	hypo	Condition2		0.20908575106249	0.7	0.7	1.3	0.672712704737504	5
chr20	40107482	40109409	1928	50	20.375	-0.173091532798016	0.173091532798016	-0.212068348336762	0.212068348336762	hypo	Condition2		0.223385394013944	0.7	0.7	1.3	0.672712704737504	5
chr21	12337876	12345498	7623	127	14.7657480314961	-0.354905850460518	0.354905850460518	-0.401995312046556	0.401995312046556	hypo	Condition2		0.551890203186013	0.7	0.7	1.3	0.672712704737504	5
chr21	40908426	40913288	4863	104	23.0701923076923	-0.35853094610551	0.35853094610551	-0.360574106146241	0.360574106146241	hypo	Condition2		0.210869217401879	0.7	0.7	1.3	0.672712704737504	5
chr21	37696147	37707484	11338	226	21.2650442477876	-0.283010621354646	0.283010621354646	-0.288266899723447	0.288266899723447	hypo	Condition2		0.23340306533745	0.7	0.7	1.3	0.672712704737504	5
chr20	4515681	4519432	3752	58	21.3215517241379	-0.32756920281521	0.32756920281521	-0.344049003852562	0.344049003852562	hypo	Condition2		0.477277757367717	0.7	0.7	1.3	0.672712704737504	5
chr20	38500289	38503020	2732	54	21.5101851851852	-0.273814435259635	0.273814435259635	-0.296874516772061	0.296874516772061	hypo	Condition2		0.481899525454376	0.7	0.7	1.3	0.672712704737504	5
chr20	22409864	22414806	4943	76	22.8111842105263	0.186508937800832	0.186508937800832	0.189829307082935	0.189829307082935	hyper	Condition2		0.309145109718347	0.7	0.7	1.3	0.672712704737504	5
chr20	42065258	42073787	8530	112	21.3147321428571	-0.294063173234326	0.294063173234326	-0.307643581953851	0.307643581953851	hypo	Condition2		0.473167496785984	0.7	0.7	1.3	0.672712704737504	5
chr20	21204138	21210604	6467	186	21.2204301075269	-0.39026025883807	0.39026025883807	-0.397786724175836	0.397786724175836	hypo	Condition2		0.359752976703643	0.7	0.7	1.3	0.672712704737504	5
chr20	43306216	43307583	1368	40	24.33625	-0.350630690794849	0.350630690794849	-0.360964872488995	0.360964872488995	hypo	Condition2		0.184901498706267	0.7	0.7	1.3	0.672712704737504	5
chr20	13601772	13613402	11631	197	20.4106598984772	-0.301853330235828	0.301853330235828	-0.324748782524312	0.324748782524312	hypo	Condition2		0.250474982971086	0.7	0.7	1.3	0.672712704737504	5
chr20	9716589	9718812	2224	44	21.3693181818182	-0.330690391991207	0.330690391991207	-0.343834195039551	0.343834195039551	hypo	Condition2		0.494482062961477	0.7	0.7	1.3	0.672712704737504	5
chr20	54524999	54528934	3936	70	20.0792857142857	-0.2848336018458	0.2848336018458	-0.311196123838871	0.311196123838871	hypo	Condition2		0.372200749918925	0.7	0.7	1.3	0.672712704737504	5
chr20	11194704	11197609	2906	52	20.5067307692308	-0.343726328131415	0.343726328131415	-0.34388533246254	0.34388533246254	hypo	Condition2		0.303769474456197	0.7	0.7	1.3	0.672712704737504	5
chr20	29776770	29789272	12503	273	20.3897435897436	-0.251467091932262	0.251467091932262	-0.25745094663988	0.25745094663988	hypo	Condition2		0.188320557182197	0.7	0.7	1.3	0.672712704737504	5
chr20	15873267	15879124	5858	85	20.9711764705882	-0.340416917070841	0.340416917070841	-0.357121715032551	0.357121715032551	hypo	Condition2		0.0859427360404717	0.7	0.7	1.3	0.672712704737504	5
chr21	27125895	27128083	2189	40	21.90625	-0.379506873659586	0.379506873659586	-0.40672678058184	0.40672678058184	hypo	Condition2		0.27986060769316	0.7	0.7	1.3	0.672712704737504	5
chr21	29075061	29083583	8523	240	22.9241666666667	0.365906740678007	0.365906740678007	0.375797430905664	0.375797430905664	hyper	Condition2		0.260744626738309	0.7	0.7	1.3	0.672712704737504	5
chr20	60955622	60959366	3745	57	23.6456140350877	-0.330455667069207	0.330455667069207	-0.362629102377105	0.362629102377105	hypo	Condition2		0.207355049809964	0.7	0.7	1.3	0.672712704737504	5
chr20	30203984	30205132	1149	41	25.2	-0.29105535728152	0.29105535728152	-0.294040743288584	0.294040743288584	hypo	Condition2		0.784944032755737	0.7	0.784944032755737	1.3	0.672712704737504	5
chr20	32313682	32320083	6402	136	19.8863970588235	-0.229731046571296	0.229731046571296	-0.252623176898927	0.252623176898927	hypo	Condition2		0.653376577184905	0.7	0.7	1.3	0.672712704737504	5
chr21	25775965	25789731	13767	429	18.4426573426573	-0.332070130848727	0.332070130848727	-0.34436104794342	0.34436104794342	hypo	Condition2		0.0900447847766426	0.7	0.7	1.3	0.672712704737504	5
chr20	53812044	53815437	3394	120	23.0125	-0.429077370123904	0.429077370123904	-0.451996631871949	0.451996631871949	hypo	Condition2		0.248372644379368	0.7	0.7	1.3	0.672712704737504	5
chr20	20277025	20281854	4830	96	21.1848958333333	0.193154716359691	0.193154716359691	0.204945824768806	0.204945824768806	hyper	Condition2		0.289751258447994	0.7	0.7	1.3	0.672712704737504	5
chr20	25395872	25404446	8575	218	22.075	-0.370668500183449	0.370668500183449	-0.387413638306865	0.387413638306865	hypo	Condition2		0.676060792705657	0.7	0.7	1.3	0.672712704737504	5
chr21	30663432	30666395	2964	54	23.5416666666667	-0.261952953837899	0.261952953837899	-0.280602654175531	0.280602654175531	hypo	Condition2		0.0787007802365557	0.7	0.7	1.3	0.672712704737504	5
chr20	49284710	49287349	2640	56	20.7678571428571	-0.287389127765378	0.287389127765378	-0.280570934786905	0.280570934786905	hypo	Condition2		0.0240889069025783	0.7	0.7	1.3	0.672712704737504	5
chr20	28868788	28887251	18464	271	25.4219557195572	0.219774113074209	0.219774113074209	0.23618543157939	0.23618543157939	hyper	Condition2		0.448172433995262	0.7	0.7	1.3	0.672712704737504	5
chr20	61202375	61217115	14741	334	24.1752994011976	-0.336037100122419	0.336037100122419	-0.35454115318335	0.35454115318335	hypo	Condition2		0.116917632971738	0.7	0.7	1.3	0.672712704737504	5
chr21	33605426	33611260	5835	154	21.6532467532468	-0.262118242556913	0.262118242556913	-0.271375770150337	0.271375770150337	hypo	Condition2		0.117926180810007	0.7	0.7	1.3	0.672712704737504	5
chr20	36284841	36288550	3710	87	23.3212643678161	-0.267070825734848	0.267070825734848	-0.293625448516598	0.293625448516598	hypo	Condition2		0.0793254995017369	0.7	0.7	1.3	0.672712704737504	5
chr21	28976397	28980664	4268	86	23.5354651162791	-0.335346055004147	0.335346055004147	-0.345126199828633	0.345126199828633	hypo	Condition2		0.327644399075267	0.7	0.7	1.3	0.672712704737504	5
chr21	14165857	14168740	2884	77	20.3331168831169	-0.317787440502544	0.317787440502544	-0.323774713829784	0.323774713829784	hypo	Condition2		0.679917821267374	0.7	0.7	1.3	0.672712704737504	5
chr21	30753647	30755361	1715	40	22.97625	-0.188742725994618	0.188742725994618	-0.175054549419176	0.175054549419176	hypo	Condition2		0.339408138509954	0.7	0.7	1.3	0.672712704737504	5
chr20	52829564	52845007	15444	270	21.7203703703704	-0.377935529374493	0.377935529374493	-0.392278812460235	0.392278812460235	hypo	Condition2		0.415199684996175	0.7	0.7	1.3	0.672712704737504	5
chr20	3587898	3598697	10800	189	21.5330687830688	-0.387182319282239	0.387182319282239	-0.40749291468221	0.40749291468221	hypo	Condition2		0.904234056763138	0.7	0.904234056763138	1.3	0.672712704737504	5
chr21	7219198	7231068	11871	186	26.8801075268817	-0.324247652226332	0.324247652226332	-0.31867435611047	0.31867435611047	hypo	Condition2		0.217110002489259	0.7	0.7	1.3	0.672712704737504	5
chr20	3477810	3483643	5834	87	22.316091954023	-0.260127979050997	0.260127979050997	-0.281747191430773	0.281747191430773	hypo	Condition2		0.0468258699177089	0.7	0.7	1.3	0.672712704737504	5
chr20	39528096	39531877	3782	46	21.2010869565217	0.1944094397371	0.1944094397371	0.224894592685458	0.224894592685458	hyper	Condition2		0.247807559475704	0.7	0.7	1.3	0.672712704737504	5
chr21	34321740	34323551	1812	54	22.8740740740741	-0.319662464639384	0.319662464639384	-0.338588461571105	0.338588461571105	hypo	Condition2		0.221097289319242	0.7	0.7	1.3	0.672712704737504	5
chr20	53828161	53840231	12071	333	21.6189189189189	-0.245251932672711	0.245251932672711	-0.248365963473742	0.248365963473742	hypo	Condition2		0.340205832171096	0.7	0.7	1.3	0.672712704737504	5
chr21	33574662	33581904	7243	133	22.1646616541353	-0.36452773962946	0.36452773962946	-0.367051615905707	0.367051615905707	hypo	Condition2		0.0908227912189172	0.7	0.7	1.3	0.672712704737504	5
chr20	11990068	11997286	7219	118	22.0648305084746	-0.284121147697265	0.284121147697265	-0.287739086718049	0.287739086718049	hypo	Condition2		0.223958408252675	0.7	0.7	1.3	0.672712704737504	5
chr21	5265560	5268120	2561	44	18.5340909090909	-0.269091183329021	0.269091183329021	-0.29760587349951	0.29760587349951	hypo	Condition2		0.0912350259199116	0.7	0.7	1.3	0.672712704737504	5
chr20	49501887	49512431	10545	299	20.630602006689	-0.274131560282452	0.274131560282452	-0.29225000694103	0.29225000694103	hypo	Condition2		0.635278844057015	0.7	0.7	1.3	0.672712704737504	5
chr20	227738	231246	3509	51	20.506862745098	-0.375855042189278	0.375855042189278	-0.395900589025319	0.395900589025319	hypo	Condition2		0.34241071703483	0.7	0.7	1.3	0.672712704737504	5
chr21	24878526	24880342	1817	59	22.1389830508475	-0.302792355148295	0.302792355148295	-0.314921553928444	0.314921553928444	hypo	Condition2		0.332194588987994	0.7	0.7	1.3	0.672712704737504	5
chr20	10109842	10113593	3752	45	22.1833333333333	-0.352420434135108	0.352420434135108	-0.405606289893201	0.405606289893201	hypo	Condition2		0.321131935406591	0.7	0.7	1.3	0.672712704737504	5
chr20	58859346	58866415	7070	155	22.3725806451613	-0.321157545130943	0.321157545130943	-0.323783984165186	0.323783984165186	hypo	Condition2		0.144963304882161	0.7	0.7	1.3	0.672712704737504	5
chr21	14459718	14463483	3766	56	14.3232142857143	-0.384778892760205	0.384778892760205	-0.41027194966302	0.41027194966302	hypo	Condition2		0.331068017905001	0.7	0.7	1.3	0.672712704737504	5
chr20	43728878	43741515	12638	350	20.6854285714286	-0.324233538073216	0.324233538073216	-0.345026134519994	0.345026134519994	hypo	Condition2		0.304441633611194	0.7	0.7	1.3	0.672712704737504	5
chr20	41047004	41051082	4079	56	19.8642857142857	0.319283253227307	0.319283253227307	0.359251692135716	0.359251692135716	hyper	Condition2		0.550657974105902	0.7	0.7	1.3	0.672712704737504	5
chr20	29392489	29398141	5653	88	22.4897727272727	-0.290984881964096	0.290984881964096	-0.311063853403621	0.311063853403621	hypo	Condition2		0.255492785405549	0.7	0.7	1.3	0.672712704737504	5
chr21	40194564	40201693	7130	123	21.5951219512195	-0.306480012489862	0.306480012489862	-0.335133719906574	0.335133719906574	hypo	Condition2		0.434130669759608	0.7	0.7	1.3	0.672712704737504	5
chr20	9074960	9078490	3531	65	18.0430769230769	-0.285176650866296	0.285176650866296	-0.309898978966726	0.309898978966726	hypo	Condition2		0.405539501081402	0.7	0.7	1.3	0.672712704737504	5
chr20	40915462	40920419	4958	72	22.28125	-0.305927330436001	0.305927330436001	-0.310428002413218	0.310428002413218	hypo	Condition2		0.205445521098485	0.7	0.7	1.3	0.672712704737504	5
chr20	53361626	53365564	3939	120	21.9041666666667	-0.372303551505379	0.372303551505379	-0.395183321940919	0.395183321940919	hypo	Condition2		0.272746037574859	0.7	0.7	1.3	0.672712704737504	5
chr20	1487664	1494692	7029	116	21.7650862068966	-0.333616008301679	0.333616008301679	-0.358545686699088	0.358545686699088	hypo	Condition2		0.325527043341106	0.7	0.7	1.3	0.672712704737504	5
chr20	20228804	20235855	7052	200	22.78475	-0.341906857489882	0.341906857489882	-0.348237898168916	0.348237898168916	hypo	Condition2		0.208006702265394	0.7	0.7	1.3	0.672712704737504	5
chr20	39223718	39232064	8347	140	19.6375	-0.362207072720959	0.362207072720959	-0.380842214532801	0.380842214532801	hypo	Condition2		0.960463877424407	0.7	0.960463877424407	1.3	0.672712704737504	5
chr21	13326488	13330375	3888	47	20.2617021276596	-0.238506247677443	0.238506247677443	-0.250953873204383	0.250953873204383	hypo	Condition2		0.389218775397511	0.7	0.7	1.3	0.672712704737504	5
chr20	26088423	26092321	3899	91	20.943956043956	-0.302178923379747	0.302178923379747	-0.312485321317194	0.312485321317194	hypo	Condition2		0.37690859035962	0.7	0.7	1.3	0.672712704737504	5
chr21	31718006	31719796	1791	56	20.9866071428571	-0.232666869198632	0.232666869198632	-0.2278200198943	0.2278200198943	hypo	Condition2		0.416278705502369	0.7	0.7	1.3	0.672712704737504	5
chr20	59855401	59859553	4153	55	22.5818181818182	-0.317596852609708	0.317596852609708	-0.327814224756443	0.327814224756443	hypo	Condition2		0.69391594055554	0.7	0.7	1.3	0.672712704737504	5
chr20	41011251	41020659	9409	179	24.9019553072626	-0.415200250104688	0.415200250104688	-0.444453285947566	0.444453285947566	hypo	Condition2		0.525078714903003	0.7	0.7	1.3	0.672712704737504	5
chr20	6448901	6451555	2655	46	19.8097826086957	-0.324250658308304	0.324250658308304	-0.359069180223415	0.359069180223415	hypo	Condition2		0.371472460332154	0.7	0.7	1.3	0.672712704737504	5
chr21	32053244	32057756	4513	120	21.8941666666667	-0.277775109291684	0.277775109291684	-0.281642104968144	0.281642104968144	hypo	Condition2		0.188392254959286	0.7	0.7	1.3	0.672712704737504	5
chr21	25637163	25646420	9258	280	22.5714285714286	0.280715869228037	0.280715869228037	0.276941711265201	0.276941711265201	hyper	Condition2		0.0463415664762638	0.7	0.7	1.3	0.672712704737504	5
chr20	9489236	9498616	9381	153	19.9019607843137	-0.337087371532817	0.337087371532817	-0.353156664702972	0.353156664702972	hypo	Condition2		0.310869882860029	0.7	0.7	1.3	0.672712704737504	5
chr21	39938032	39941027	2996	72	23.5798611111111	-0.359745568881266	0.359745568881266	-0.381739347121259	0.381739347121259	hypo	Condition2		0.273576712703008	0.7	0.7	1.3	0.672712704737504	5
chr21	26136953	26142683	5731	100	21.8065	-0.194656771476584	0.194656771476584	-0.230772393692491	0.230772393692491	hypo	Condition2		0.353893183023981	0.7	0.7	1.3	0.672712704737504	5
chr21	26977883	26981239	3357	62	21.7322580645161	-0.337828072252987	0.337828072252987	-0.335603464447434	0.335603464447434	hypo	Condition2		0.108373987611529	0.7	0.7	1.3	0.672712704737504	5
chr20	10388726	10393565	4840	103	21.85	-0.267679626448631	0.267679626448631	-0.278033697058293	0.278033697058293	hypo	Condition2		0.405617821395114	0.7	0.7	1.3	0.672712704737504	5
chr21	16727034	16728514	1481	72	22.5805555555556	-0.314577156300528	0.314577156300528	-0.319157787954234	0.319157787954234	hypo	Condition2		0.228316730547879	0.7	0.7	1.3	0.672712704737504	5
chr20	46290413	46292734	2322	57	18.0140350877193	-0.293271728844484	0.293271728844484	-0.336601450621832	0.336601450621832	hypo	Condition2		0.245603794576406	0.7	0.7	1.3	0.672712704737504	5
chr20	60502120	60504677	2558	70	21.8092857142857	-0.281191443573627	0.281191443573627	-0.277228715650036	0.277228715650036	hypo	Condition2		0.262005070788953	0.7	0.7	1.3	0.672712704737504	5
chr21	32333445	32341796	8352	308	23.1808441558442	-0.287613838471336	0.287613838471336	-0.296544062924267	0.296544062924267	hypo	Condition2		0.0950009237365263	0.7	0.7	1.3	0.672712704737504	5
chr20	35730152	35733996	3845	97	18.8051546391753	0.278131515474756	0.278131515474756	0.295180103058616	0.295180103058616	hyper	Condition2		0.124562248833805	0.7	0.7	1.3	0.672712704737504	5
chr21	39226351	39231208	4858	76	21.8703947368421	-0.237662140328744	0.237662140328744	-0.250545569349234	0.250545569349234	hypo	Condition2		0.169155964246663	0.7	0.7	1.3	0.672712704737504	5
chr21	13261705	13264182	2478	40	23.695	-0.265368626077722	0.265368626077722	-0.236524674430728	0.236524674430728	hypo	Condition2		0.524220446904319	0.7	0.7	1.3	0.672712704737504	5
chr21	23616875	23619051	2177	40	22.41625	-0.236317593353231	0.236317593353231	-0.259517111139812	0.259517111139812	hypo	Condition2		0.311026307310447	0.7	0.7	1.3	0.672712704737504	5
chr20	243174	247711	4538	76	21.3690789473684	-0.30712752852521	0.30712752852521	-0.335861141603796	0.335861141603796	hypo	Condition2		0.366764230117104	0.7	0.7	1.3	0.672712704737504	5
chr20	3328059	3329527	1469	46	22.8826086956522	-0.37259062296116	0.37259062296116	-0.375468686735183	0.375468686735183	hypo	Condition2		0.241819145535396	0.7	0.7	1.3	0.672712704737504	5
chr21	21026051	21032098	6048	137	22.101094890511	-0.28534242039885	0.28534242039885	-0.299923259241094	0.299923259241094	hypo	Condition2		0.149118987897243	0.7	0.7	1.3	0.672712704737504	5
chr21	27621263	27625537	4275	91	18.5587912087912	-0.289731062667982	0.289731062667982	-0.288843229722162	0.288843229722162	hypo	Condition2		0.273563768672533	0.7	0.7	1.3	0.672712704737504	5
chr21	19024707	19026752	2046	50	19.668	-0.249004435679606	0.249004435679606	-0.262208918634438	0.262208918634438	hypo	Condition2		0.634552119009689	0.7	0.7	1.3	0.672712704737504	5
chr20	58844586	58848579	3994	78	19.4397435897436	0.266766785936888	0.266766785936888	0.281345137473611	0.281345137473611	hyper	Condition2		0.675848262796931	0.7	0.7	1.3	0.672712704737504	5
chr20	58867152	58873850	6699	159	22.7503144654088	-0.323602378995355	0.323602378995355	-0.325760634518944	0.325760634518944	hypo	Condition2		0.37885933276543	0.7	0.7	1.3	0.672712704737504	5
chr20	49850406	49859283	8878	214	23.4217289719626	-0.26690266044778	0.26690266044778	-0.264077563908815	0.264077563908815	hypo	Condition2		0.257363205131262	0.7	0.7	1.3	0.672712704737504	5
chr20	336428	342780	6353	128	21.8703125	-0.370033787255459	0.370033787255459	-0.397333839624287	0.397333839624287	hypo	Condition2		0.232225337046707	0.7	0.7	1.3	0.672712704737504	5
chr21	35004173	35013675	9503	177	22.6923728813559	-0.272800585988086	0.272800585988086	-0.299236805436401	0.299236805436401	hypo	Condition2		0.130759629282025	0.7	0.7	1.3	0.672712704737504	5
chr21	20265990	20274562	8573	136	20.9573529411765	-0.290290900977821	0.290290900977821	-0.295897573469814	0.295897573469814	hypo	Condition2		0.27074844636203	0.7	0.7	1.3	0.672712704737504	5
chr20	10046842	10050228	3387	69	21.0188405797101	-0.201234979297551	0.201234979297551	-0.202274259538813	0.202274259538813	hypo	Condition2		0.608357116468689	0.7	0.7	1.3	0.672712704737504	5
chr21	18049738	18052171	2434	40	22.84875	0.220774413553834	0.220774413553834	0.207136308745039	0.207136308745039	hyper	Condition2		0.730884251704176	0.7	0.730884251704176	1.3	0.672712704737504	5
chr20	37593868	37603008	9141	187	23.124064171123	-0.289165357667091	0.289165357667091	-0.310164288220442	0.310164288220442	hypo	Condition2		0.670658778460071	0.7	0.7	1.3	0.672712704737504	5
chr20	19086924	19094520	7597	133	22.4236842105263	-0.233895638228986	0.233895638228986	-0.247958699051196	0.247958699051196	hypo	Condition2		0.479980554610413	0.7	0.7	1.3	0.672712704737504	5
chr21	10396334	10406656	10323	439	57.0605922551253	-0.311810296593147	0.311810296593147	-0.307743315496012	0.307743315496012	hypo	Condition2		0.291823630603651	0.7	0.7	1.3	0.672712704737504	5
chr20	29791834	29794418	2585	48	32.546875	-0.233330810736057	0.233330810736057	-0.253642125572928	0.253642125572928	hypo	Condition2		0.693786350732918	0.7	0.7	1.3	0.672712704737504	5
chr21	40913794	40919845	6052	88	21.5965909090909	-0.295007371171315	0.295007371171315	-0.298505090542098	0.298505090542098	hypo	Condition2		0.99	0.7	0.99	1.3	0.672712704737504	5
chr20	54895696	54900280	4585	75	19.3846666666667	-0.319393402735895	0.319393402735895	-0.327828415691358	0.327828415691358	hypo	Condition2		0.23579233006253	0.7	0.7	1.3	0.672712704737504	5
chr21	8568874	8575608	6735	87	22.5235632183908	0.327273319145599	0.327273319145599	0.330827197763331	0.330827197763331	hyper	Condition2		0.318285663154025	0.7	0.7	1.3	0.672712704737504	5
chr20	31482439	31486915	4477	201	22.1445273631841	0.228078572856693	0.228078572856693	0.231518488314847	0.231518488314847	hyper	Condition2		0.210596223745134	0.7	0.7	1.3	0.672712704737504	5
chr20	30959738	30968012	8275	133	22.5815789473684	-0.377339244995779	0.377339244995779	-0.399502262252109	0.399502262252109	hypo	Condition2		0.159165355524061	0.7	0.7	1.3	0.672712704737504	5
chr20	4259626	4262371	2746	40	20.4	-0.301253446928041	0.301253446928041	-0.321297132536821	0.321297132536821	hypo	Condition2		0.624612738803651	0.7	0.7	1.3	0.672712704737504	5
chr21	22896743	22903020	6278	110	21.4277272727273	-0.226392610288028	0.226392610288028	-0.245076274640705	0.245076274640705	hypo	Condition2		0.198805197438988	0.7	0.7	1.3	0.672712704737504	5
chr20	43816970	43828358	11389	193	21.3722797927461	-0.268156280899	0.268156280899	-0.276487558048293	0.276487558048293	hypo	Condition2		0.467544658043292	0.7	0.7	1.3	0.672712704737504	5
chr20	6615081	6618923	3843	41	22.6743902439024	-0.236576322553473	0.236576322553473	-0.250792495317869	0.250792495317869	hypo	Condition2		0.174633814528449	0.7	0.7	1.3	0.672712704737504	5
chr20	53484448	53491854	7407	150	21.7933333333333	-0.362887940302868	0.362887940302868	-0.388659219833057	0.388659219833057	hypo	Condition2		0.0962543488975585	0.7	0.7	1.3	0.672712704737504	5
chr20	7371642	7378750	7109	84	24.3017857142857	-0.303451288793008	0.303451288793008	-0.296726608754714	0.296726608754714	hypo	Condition2		0.142326560678422	0.7	0.7	1.3	0.672712704737504	5
chr20	60333975	60338875	4901	142	22.4707746478873	-0.331369104682611	0.331369104682611	-0.341969429516263	0.341969429516263	hypo	Condition2		0.396967539407678	0.7	0.7	1.3	0.672712704737504	5
chr21	30101624	30107468	5845	107	21.7929906542056	-0.319694002523246	0.319694002523246	-0.333251246774609	0.333251246774609	hypo	Condition2		0.367495648986423	0.7	0.7	1.3	0.672712704737504	5
chr21	25042606	25046747	4142	49	22.1530612244898	-0.349043348093546	0.349043348093546	-0.375745905211055	0.375745905211055	hypo	Condition2		0.681589296882132	0.7	0.7	1.3	0.672712704737504	5
chr20	44538819	44546142	7324	168	22.0970238095238	-0.28258390023256	0.28258390023256	-0.289559999879322	0.289559999879322	hypo	Condition2		0.286261476855359	0.7	0.7	1.3	0.672712704737504	5
chr20	20522125	20531546	9422	151	22.876821192053	-0.206669629156169	0.206669629156169	-0.230906564236	0.230906564236	hypo	Condition2		0.685273485124734	0.7	0.7	1.3	0.672712704737504	5
chr20	2977015	2983075	6061	140	25.9096428571429	-0.229868430039868	0.229868430039868	-0.236627352196996	0.236627352196996	hypo	Condition2		0.265518691301264	0.7	0.7	1.3	0.672712704737504	5
chr20	35991681	35994862	3182	74	22.1945945945946	-0.360841700070754	0.360841700070754	-0.377470903043736	0.377470903043736	hypo	Condition2		0.346309419047154	0.7	0.7	1.3	0.672712704737504	5
chr20	46484095	46497415	13321	217	22.986866359447	-0.379792108375664	0.379792108375664	-0.384625206416592	0.384625206416592	hypo	Condition2		0.146813661366184	0.7	0.7	1.3	0.672712704737504	5
chr20	1120184	1127874	7691	101	22.6183168316832	-0.282306903117421	0.282306903117421	-0.300949252114532	0.300949252114532	hypo	Condition2		0.113293173275146	0.7	0.7	1.3	0.672712704737504	5
chr20	10949922	10955244	5323	51	21.6803921568627	-0.305330807671252	0.305330807671252	-0.332705397753666	0.332705397753666	hypo	Condition2		0.170112684267203	0.7	0.7	1.3	0.672712704737504	5
chr20	37371859	37373602	1744	45	24.7288888888889	-0.242962641525142	0.242962641525142	-0.254346803757352	0.254346803757352	hypo	Condition2		0.343561215624442	0.7	0.7	1.3	0.672712704737504	5
chr20	5183191	5193170	9980	215	21.6662790697674	-0.350686194240542	0.350686194240542	-0.363252632987095	0.363252632987095	hypo	Condition2		0.442839788110909	0.7	0.7	1.3	0.672712704737504	5
chr20	23542146	23544916	2771	40	21.4475	-0.395897496881887	0.395897496881887	-0.426691059788594	0.426691059788594	hypo	Condition2		0.126889245184201	0.7	0.7	1.3	0.672712704737504	5
chr21	14366346	14368406	2061	40	20.63875	-0.23522702176538	0.23522702176538	-0.234713025748014	0.234713025748014	hypo	Condition2		0.241162883001552	0.7	0.7	1.3	0.672712704737504	5
chr21	18382585	18385892	3308	44	22.8477272727273	-0.257687519050984	0.257687519050984	-0.225493906380057	0.225493906380057	hypo	Condition2		0.4369274488381	0.7	0.7	1.3	0.672712704737504	5
chr21	29326542	29327952	1411	46	22.3652173913043	-0.248667728017435	0.248667728017435	-0.221433019361109	0.221433019361109	hypo	Condition2		0.265209831509503	0.7	0.7	1.3	0.672712704737504	5
chr21	37842460	37851647	9188	144	21.4625	-0.240871886968459	0.240871886968459	-0.267166284787658	0.267166284787658	hypo	Condition2		0.267002668380115	0.7	0.7	1.3	0.672712704737504	5
chr20	6811033	6812796	1764	40	21.915	-0.245590267868029	0.245590267868029	-0.254741407043199	0.254741407043199	hypo	Condition2		0.99	0.7	0.99	1.3	0.672712704737504	5
chr20	54668545	54674422	5878	121	23.6842975206612	-0.252978404768776	0.252978404768776	-0.268466335420739	0.268466335420739	hypo	Condition2		0.662111848620263	0.7	0.7	1.3	0.672712704737504	5
chr20	10351640	10352714	1075	40	21.57	-0.244583327356577	0.244583327356577	-0.261667155708302	0.261667155708302	hypo	Condition2		0.430937230582278	0.7	0.7	1.3	0.672712704737504	5
chr21	16485634	16492637	7004	116	22.8202586206897	-0.314321975422973	0.314321975422973	-0.309855937626679	0.309855937626679	hypo	Condition2		0.456341725640701	0.7	0.7	1.3	0.672712704737504	5
chr20	29354376	29356872	2497	40	18.315	-0.212542091934475	0.212542091934475	-0.197930813257918	0.197930813257918	hypo	Condition2		0.410064897732106	0.7	0.7	1.3	0.672712704737504	5
chr20	6029244	6033741	4498	88	21.8079545454545	-0.22263579954408	0.22263579954408	-0.226124430912887	0.226124430912887	hypo	Condition2		0.177546755295703	0.7	0.7	1.3	0.672712704737504	5
chr20	44108750	44118613	9864	357	20.9053221288515	0.233182196580223	0.233182196580223	0.245314873455536	0.245314873455536	hyper	Condition2		0.192264311005502	0.7	0.7	1.3	0.672712704737504	5
chr20	22545785	22549886	4102	66	22.0318181818182	-0.312298496127426	0.312298496127426	-0.328942265730899	0.328942265730899	hypo	Condition2		0.4562622691161	0.7	0.7	1.3	0.672712704737504	5
chr21	17362977	17371672	8696	135	22.5559259259259	-0.359983099003532	0.359983099003532	-0.369980904894152	0.369980904894152	hypo	Condition2		0.118646803825872	0.7	0.7	1.3	0.672712704737504	5
chr20	20740094	20749746	9653	159	21.748427672956	-0.245331135052283	0.245331135052283	-0.254579204583482	0.254579204583482	hypo	Condition2		0.184735554870926	0.7	0.7	1.3	0.672712704737504	5
chr20	54940703	54942846	2144	53	25.2084905660377	-0.220610941235892	0.220610941235892	-0.266774651869433	0.266774651869433	hypo	Condition2		0.605030019381463	0.7	0.7	1.3	0.672712704737504	5
chr21	28864523	28867790	3268	50	23.234	-0.250695844662679	0.250695844662679	-0.269401285253091	0.269401285253091	hypo	Condition2		0.400558197602867	0.7	0.7	1.3	0.672712704737504	5
chr20	6574359	6577608	3250	49	21.7081632653061	0.248713958620167	0.248713958620167	0.258293582080682	0.258293582080682	hyper	Condition2		0.185114233247784	0.7	0.7	1.3	0.672712704737504	5
chr20	23835236	23839387	4152	50	23.285	-0.344534162107813	0.344534162107813	-0.357576577418053	0.357576577418053	hypo	Condition2		0.234460743612167	0.7	0.7	1.3	0.672712704737504	5
chr20	58917553	58930844	13292	295	22.8447457627119	-0.246451211816548	0.246451211816548	-0.253275576880461	0.253275576880461	hypo	Condition2		0.296965208533005	0.7	0.7	1.3	0.672712704737504	5
chr21	28749759	28755900	6142	138	23.8800724637681	-0.222369380210358	0.222369380210358	-0.233203795561805	0.233203795561805	hypo	Condition2		0.280184114641431	0.7	0.7	1.3	0.672712704737504	5
chr20	21549974	21566186	16213	346	22.3365606936416	0.221385422249605	0.221385422249605	0.237934701177844	0.237934701177844	hyper	Condition2		0.512164998644747	0.7	0.7	1.3	0.672712704737504	5
chr20	40178646	40180802	2157	59	21.0457627118644	-0.27260294743881	0.27260294743881	-0.288059253905444	0.288059253905444	hypo	Condition2		0.435015682072983	0.7	0.7	1.3	0.672712704737504	5
chr20	26153558	26155230	1673	56	22.6839285714286	-0.355687314834567	0.355687314834567	-0.391288891339278	0.391288891339278	hypo	Condition2		0.466290610306615	0.7	0.7	1.3	0.672712704737504	5
chr21	14736385	14739209	2825	40	22.73875	-0.175727719053671	0.175727719053671	-0.182048703805171	0.182048703805171	hypo	Condition2		0.403272798323007	0.7	0.7	1.3	0.672712704737504	5
chr20	17282416	17285420	3005	40	23.05125	-0.215131706893516	0.215131706893516	-0.239092129979493	0.239092129979493	hypo	Condition2		0.36918948347076	0.7	0.7	1.3	0.672712704737504	5
chr21	20151147	20154839	3693	50	19.996	-0.242239589796188	0.242239589796188	-0.229547842754677	0.229547842754677	hypo	Condition2		0.0474246193440867	0.7	0.7	1.3	0.672712704737504	5
chr20	21014624	21023655	9032	251	19.4229083665339	0.286520573442904	0.286520573442904	0.300835890694336	0.300835890694336	hyper	Condition2		0.26783137784591	0.7	0.7	1.3	0.672712704737504	5
chr21	35402921	35405978	3058	81	21.2611111111111	-0.252429235280489	0.252429235280489	-0.255297359888943	0.255297359888943	hypo	Condition2		0.314714846446449	0.7	0.7	1.3	0.672712704737504	5
chr20	59524442	59535349	10908	223	22.1031390134529	-0.332072343806864	0.332072343806864	-0.334363514369638	0.334363514369638	hypo	Condition2		0.180475500056563	0.7	0.7	1.3	0.672712704737504	5
