seqnames	start	end	width	num_sites	cov	delta_beta	delta_beta_abs	intended_delta_beta	intended_delta_beta_abs	direction	case_group	genome	background_corr_target	expected_correlation	corr_target	corr_sd_used	corr_metric_estimate	neighbor_window
chr20	1379680	1384277	4598	64	22.6125	-0.242205856187953	0.242205856187953	-0.245065749200548	0.245065749200548	hypo	case		0.088985584172647	0.7	0.7	2.8	0.682213840132396	5
chr20	19406730	19409461	2732	60	20.8916666666667	-0.323934005795835	0.323934005795835	-0.350221331917675	0.350221331917675	hypo	case		0.309757907041695	0.7	0.7	2.8	0.682213840132396	5
chr21	9355509	9358153	2645	66	78.9787878787879	-0.24297024521965	0.24297024521965	-0.269723672520663	0.269723672520663	hypo	case		0.145906290514579	0.7	0.7	2.8	0.682213840132396	5
chr21	33098223	33099966	1744	98	20.8525510204082	-0.316697360092425	0.316697360092425	-0.335715817623678	0.335715817623678	hypo	case		0.99	0.7	0.99	2.8	0.682213840132396	5
chr21	13525105	13529282	4178	86	22.1976744186047	-0.246803736841429	0.246803736841429	-0.264941546750364	0.264941546750364	hypo	case		0.616070038974194	0.7	0.7	2.8	0.682213840132396	5
chr20	29433407	29436512	3106	50	17.139	-0.231310897899537	0.231310897899537	-0.236603731782146	0.238632968321769	hypo	case		0.888925418952008	0.7	0.888925418952008	2.8	0.682213840132396	5
chr20	18534169	18536679	2511	60	24.76	-0.359033305887822	0.359033305887822	-0.353322036935822	0.353322036935822	hypo	case		0.469141685510718	0.7	0.7	2.8	0.682213840132396	5
chr20	8150409	8155237	4829	52	23.0769230769231	-0.283169061616778	0.283169061616778	-0.30731352284645	0.30731352284645	hypo	case		0.509479092054859	0.7	0.7	2.8	0.682213840132396	5
chr21	16551094	16553545	2452	54	20.2361111111111	-0.23344657871163	0.23344657871163	-0.221836024942156	0.221836024942156	hypo	case		0.150340549583032	0.7	0.7	2.8	0.682213840132396	5
chr21	30261309	30266113	4805	80	20.7875	-0.304277792571047	0.304277792571047	-0.340686695168537	0.340686695168537	hypo	case		0.156007235736569	0.7	0.7	2.8	0.682213840132396	5
chr21	40202203	40206401	4199	60	21.695	-0.34679954528071	0.34679954528071	-0.368737809862149	0.368737809862149	hypo	case		0.0893149142092569	0.7	0.7	2.8	0.682213840132396	5
chr21	39902653	39906045	3393	109	21.2807339449541	-0.330479174803966	0.330479174803966	-0.333080043398365	0.333080043398365	hypo	case		0.495792950854568	0.7	0.7	2.8	0.682213840132396	5
chr20	59443582	59447484	3903	98	23.9183673469388	-0.337422013117405	0.337422013117405	-0.366263554807961	0.366263554807961	hypo	case		0.249731953127548	0.7	0.7	2.8	0.682213840132396	5
chr21	37404138	37408383	4246	72	21.0131944444444	-0.302443849872685	0.302443849872685	-0.339942042665154	0.339942042665154	hypo	case		0.119124052251408	0.7	0.7	2.8	0.682213840132396	5
chr21	14100744	14104208	3465	68	22.8125	-0.359497541529402	0.359497541529402	-0.387380811287141	0.387380811287141	hypo	case		0.10273672380063	0.7	0.7	2.8	0.682213840132396	5
chr20	30549554	30553176	3623	55	19.1936363636364	-0.305282237614205	0.305282237614205	-0.334765004608979	0.334765004608979	hypo	case		0.448889011843897	0.7	0.7	2.8	0.682213840132396	5
chr20	23859866	23862408	2543	54	21.6777777777778	-0.333858145857462	0.333858145857462	-0.356257495422756	0.356257495422756	hypo	case		0.472257880833696	0.7	0.7	2.8	0.682213840132396	5
chr21	38026570	38029794	3225	54	21.037962962963	-0.300619818524621	0.300619818524621	-0.324058030645512	0.324058030645512	hypo	case		0.749912803768239	0.7	0.749912803768239	2.8	0.682213840132396	5
chr21	14187972	14192413	4442	90	22.215	-0.324038921316234	0.324038921316234	-0.317266911807258	0.317266911807258	hypo	case		0.375208217890527	0.7	0.7	2.8	0.682213840132396	5
chr20	40785450	40788730	3281	68	24.1580882352941	-0.35509619368696	0.35509619368696	-0.345349745747922	0.345349745747922	hypo	case		0.517898723509641	0.7	0.7	2.8	0.682213840132396	5
chr20	41601268	41604881	3614	62	19.9741935483871	0.264609819139749	0.264609819139749	0.294354680298959	0.294354680298959	hyper	case		0.279812601524908	0.7	0.7	2.8	0.682213840132396	5
chr21	9872482	9875193	2712	50	64.861	0.318785163975601	0.318785163975601	0.30255069468657	0.30255069468657	hyper	case		0.121631353204981	0.7	0.7	2.8	0.682213840132396	5
chr20	54782531	54784467	1937	64	21.7703125	-0.324721817716828	0.324721817716828	-0.337463163082117	0.337463163082117	hypo	case		0.0845816198408033	0.7	0.7	2.8	0.682213840132396	5
chr21	29497762	29501870	4109	77	21.6461038961039	-0.342403174493984	0.342403174493984	-0.353296245809573	0.353296245809573	hypo	case		0.658989854465833	0.7	0.7	2.8	0.682213840132396	5
chr21	23316979	23319291	2313	68	23.1632352941177	-0.30009719996038	0.30009719996038	-0.300634440739435	0.300634440739435	hypo	case		0.292991510313112	0.7	0.7	2.8	0.682213840132396	5
chr20	60176131	60179237	3107	66	22.7242424242424	-0.312724841645638	0.312724841645638	-0.322140252591467	0.322140252591467	hypo	case		0.227795238812774	0.7	0.7	2.8	0.682213840132396	5
chr20	9049702	9053364	3663	96	22.146875	-0.318457222035097	0.318457222035097	-0.328627270917378	0.328627270917378	hypo	case		0.99	0.7	0.99	2.8	0.682213840132396	5
chr20	10755630	10758796	3167	74	25.2297297297297	-0.372863090903112	0.372863090903112	-0.396541409835294	0.396541409835294	hypo	case		0.99	0.7	0.99	2.8	0.682213840132396	5
chr20	10561725	10564143	2419	82	20.4865853658537	-0.356520204460043	0.356520204460043	-0.373014609450691	0.373014609450691	hypo	case		0.412733233393567	0.7	0.7	2.8	0.682213840132396	5
chr20	17338219	17341666	3448	74	22.4689189189189	0.27781099136639	0.27781099136639	0.28554348991845	0.28554348991845	hyper	case		0.292963728693523	0.7	0.7	2.8	0.682213840132396	5
chr21	22569110	22574020	4911	98	21.1571428571429	-0.352481324201981	0.352481324201981	-0.357207626068148	0.357207626068148	hypo	case		0.216307481518319	0.7	0.7	2.8	0.682213840132396	5
chr21	35593156	35596666	3511	68	19.8183823529412	-0.377043383828584	0.377043383828584	-0.378160756067991	0.378160756067991	hypo	case		0.233731608982815	0.7	0.7	2.8	0.682213840132396	5
chr21	18421869	18424667	2799	81	22.6061728395062	-0.278339560135313	0.278339560135313	-0.287045012576721	0.287045012576721	hypo	case		0.373135218290455	0.7	0.7	2.8	0.682213840132396	5
chr21	23955269	23958063	2795	58	21.6836206896552	-0.341275384799507	0.341275384799507	-0.352829307878557	0.352829307878557	hypo	case		0.712886723461878	0.7	0.712886723461878	2.8	0.682213840132396	5
chr20	19167385	19170085	2701	57	19.9631578947368	-0.326220720198274	0.326220720198274	-0.316639588888285	0.316639588888285	hypo	case		0.455824519592547	0.7	0.7	2.8	0.682213840132396	5
chr21	36103859	36106848	2990	82	21.0469512195122	0.277768190004548	0.277768190004548	0.287127627311287	0.287127627311287	hyper	case		0.285885742628391	0.7	0.7	2.8	0.682213840132396	5
chr21	21273887	21276123	2237	58	19.7206896551724	-0.381639512437597	0.381639512437597	-0.376195204040374	0.376195204040374	hypo	case		0.567072865136207	0.7	0.7	2.8	0.682213840132396	5
chr21	14528847	14532123	3277	66	23.925	-0.343905967383328	0.343905967383328	-0.330212462319326	0.330212462319326	hypo	case		0.250398946119577	0.7	0.7	2.8	0.682213840132396	5
chr20	21042996	21045186	2191	53	21.9509433962264	-0.393199518235139	0.393199518235139	-0.399781645815212	0.399781645815212	hypo	case		0.100748384763003	0.7	0.7	2.8	0.682213840132396	5
chr20	34594131	34598130	4000	104	22.2004807692308	-0.326035686225388	0.326035686225388	-0.346542254339032	0.346542254339032	hypo	case		0.118210483121212	0.7	0.7	2.8	0.682213840132396	5
chr21	37885601	37889498	3898	57	20.6122807017544	0.254389885324207	0.254389885324207	0.237593762297542	0.237593762297542	hyper	case		0.55029557114562	0.7	0.7	2.8	0.682213840132396	5
chr20	8331921	8336618	4698	88	22.9772727272727	-0.30018402585075	0.30018402585075	-0.302594366798132	0.302594366798132	hypo	case		0.296229084964494	0.7	0.7	2.8	0.682213840132396	5
chr20	52219005	52221558	2554	56	22.7446428571429	-0.295637408014675	0.295637408014675	-0.314912170364541	0.314912170364541	hypo	case		0.235694244327311	0.7	0.7	2.8	0.682213840132396	5
chr21	30214931	30216478	1548	52	21.3298076923077	-0.383973874293624	0.383973874293624	-0.395564970985328	0.395564970985328	hypo	case		0.22320204566152	0.7	0.7	2.8	0.682213840132396	5
chr21	39714688	39717649	2962	54	22.4583333333333	0.232349722088732	0.232349722088732	0.266605077936575	0.266605077936575	hyper	case		0.189701629133222	0.7	0.7	2.8	0.682213840132396	5
chr20	39950199	39955046	4848	86	22.0808139534884	-0.334582767730325	0.334582767730325	-0.331391540883584	0.331391540883584	hypo	case		0.362637954863275	0.7	0.7	2.8	0.682213840132396	5
chr21	20594041	20596293	2253	57	19.5578947368421	-0.275008140150084	0.275008140150084	-0.300267166519532	0.300267166519532	hypo	case		0.101751212706735	0.7	0.7	2.8	0.682213840132396	5
chr20	60368822	60372320	3499	62	22.0983870967742	-0.3333990585122	0.3333990585122	-0.331191405328124	0.331191405328124	hypo	case		0.505485296087539	0.7	0.7	2.8	0.682213840132396	5
chr20	19403609	19406214	2606	56	20.2642857142857	-0.321922332207854	0.321922332207854	-0.307054289828414	0.307054289828414	hypo	case		0.318477414733969	0.7	0.7	2.8	0.682213840132396	5
chr20	33285222	33287757	2536	65	20.8869230769231	-0.346521634776451	0.346521634776451	-0.356159776262773	0.356159776262773	hypo	case		0.443586573615152	0.7	0.7	2.8	0.682213840132396	5
chr20	10046842	10050740	3899	89	20.9573033707865	-0.284467588650738	0.284467588650738	-0.32734224588078	0.32734224588078	hypo	case		0.147703498797525	0.7	0.7	2.8	0.682213840132396	5
chr20	26106159	26108876	2718	60	22.87	-0.339123778039553	0.339123778039553	-0.342277684465827	0.342277684465827	hypo	case		0.108053868284888	0.7	0.7	2.8	0.682213840132396	5
chr21	40652239	40656779	4541	86	21.3308139534884	-0.261276139941411	0.261276139941411	-0.265063524736102	0.265063524736102	hypo	case		0.232261760197089	0.7	0.7	2.8	0.682213840132396	5
chr20	23565822	23569192	3371	61	19.6024590163934	-0.260995107872564	0.260995107872564	-0.293839660239218	0.293839660239218	hypo	case		0.480738246684413	0.7	0.7	2.8	0.682213840132396	5
chr20	52850981	52855245	4265	96	21.4182291666667	-0.357451449733377	0.357451449733377	-0.391529205990737	0.391529205990737	hypo	case		0.175779989763281	0.7	0.7	2.8	0.682213840132396	5
chr21	14479779	14484253	4475	96	24.1401041666667	-0.318262986075447	0.318262986075447	-0.347626923672595	0.347626923672595	hypo	case		0.367980831099415	0.7	0.7	2.8	0.682213840132396	5
chr20	11613435	11616794	3360	50	20.404	-0.304957070039149	0.304957070039149	-0.302588327483209	0.302588327483209	hypo	case		0.262115585261676	0.7	0.7	2.8	0.682213840132396	5
chr20	41232007	41236651	4645	104	22.9240384615385	0.327013547994263	0.327013547994263	0.311409050944089	0.311409050944089	hyper	case		0.45456028883157	0.7	0.7	2.8	0.682213840132396	5
chr20	11958383	11960404	2022	72	21.8715277777778	-0.30024896823051	0.30024896823051	-0.345590719460183	0.345590719460183	hypo	case		0.26179944827376	0.7	0.7	2.8	0.682213840132396	5
chr20	20592109	20596236	4128	79	21.0221518987342	-0.246991355631328	0.246991355631328	-0.258174451040815	0.258174451040815	hypo	case		0.423529438033548	0.7	0.7	2.8	0.682213840132396	5
chr21	30466330	30469728	3399	50	19.337	-0.301649120549923	0.301649120549923	-0.299062274778338	0.299062274778338	hypo	case		0.358817051988195	0.7	0.7	2.8	0.682213840132396	5
chr20	37827554	37832360	4807	103	22.6810679611651	-0.316076208670454	0.316076208670454	-0.336812125315223	0.336812125315223	hypo	case		0.138510305671449	0.7	0.7	2.8	0.682213840132396	5
chr20	61042279	61045928	3650	119	21.3596638655462	-0.287757977116959	0.287757977116959	-0.29277665965309	0.29277665965309	hypo	case		0.182355070849799	0.7	0.7	2.8	0.682213840132396	5
chr21	19541747	19545861	4115	70	22.9878571428571	-0.345384589956117	0.345384589956117	-0.337525322428834	0.337525322428834	hypo	case		0.423548238034159	0.7	0.7	2.8	0.682213840132396	5
chr21	28884547	28889425	4879	211	21.1229857819905	0.24413080260569	0.24413080260569	0.258205930830802	0.258205930830802	hyper	case		0.497358766319519	0.7	0.7	2.8	0.682213840132396	5
chr21	27634835	27636704	1870	60	20.3125	-0.372615360424226	0.372615360424226	-0.373792379724611	0.373792379724611	hypo	case		0.356808235862828	0.7	0.7	2.8	0.682213840132396	5
chr20	42192341	42196266	3926	57	21.0175438596491	-0.285063173357779	0.285063173357779	-0.259217344749833	0.259217344749833	hypo	case		0.209081432315172	0.7	0.7	2.8	0.682213840132396	5
chr21	33993439	33998188	4750	86	22.2558139534884	-0.320551316378976	0.320551316378976	-0.333568611906521	0.333568611906521	hypo	case		0.626399860830353	0.7	0.7	2.8	0.682213840132396	5
chr20	41531597	41535104	3508	50	23.352	-0.298327555303185	0.298327555303185	-0.307976267312214	0.307976267312214	hypo	case		0.242417239321607	0.7	0.7	2.8	0.682213840132396	5
chr20	55468442	55471918	3477	60	22.7125	-0.307958419304008	0.307958419304008	-0.314133917428506	0.314133917428506	hypo	case		0.62150070243454	0.7	0.7	2.8	0.682213840132396	5
chr21	17099559	17100522	964	50	22.803	-0.452433705537093	0.452433705537093	-0.452834212418184	0.452834212418184	hypo	case		0.551582709122856	0.7	0.7	2.8	0.682213840132396	5
chr20	6590574	6593698	3125	52	22.5336538461539	-0.301637676636074	0.301637676636074	-0.333387962635577	0.333387962635577	hypo	case		0.426363955064167	0.7	0.7	2.8	0.682213840132396	5
chr20	52803761	52807392	3632	64	20.73515625	0.253669941561375	0.253669941561375	0.280278693601129	0.280278693601129	hyper	case		0.371858999917304	0.7	0.7	2.8	0.682213840132396	5
chr20	35791796	35796170	4375	132	20.8098484848485	-0.359420896271104	0.359420896271104	-0.379613191979679	0.379613191979679	hypo	case		0.223655883004957	0.7	0.7	2.8	0.682213840132396	5
chr20	6275519	6278019	2501	58	18.7793103448276	-0.292277782379748	0.292277782379748	-0.32404518239036	0.32404518239036	hypo	case		0.456955622142421	0.7	0.7	2.8	0.682213840132396	5
chr21	20256044	20260804	4761	66	18.7833333333333	-0.298319696349406	0.298319696349406	-0.30445912490002	0.30445912490002	hypo	case		0.400038129379284	0.7	0.7	2.8	0.682213840132396	5
chr21	13342802	13346859	4058	81	22.7067901234568	-0.313385639259411	0.313385639259411	-0.354202213076852	0.354202213076852	hypo	case		0.203851904560326	0.7	0.7	2.8	0.682213840132396	5
chr20	53022249	53025021	2773	56	21.1508928571429	-0.174454630823916	0.174454630823916	-0.204276313866004	0.204276313866004	hypo	case		0.440217028715358	0.7	0.7	2.8	0.682213840132396	5
chr21	26896506	26899762	3257	52	22.6923076923077	-0.327821937480237	0.327821937480237	-0.326400281934773	0.326400281934773	hypo	case		0.305214850827634	0.7	0.7	2.8	0.682213840132396	5
chr21	11318644	11322061	3418	56	10.95	-0.282891655522267	0.282891655522267	-0.314563731664417	0.314563731664417	hypo	case		0.220056690308964	0.7	0.7	2.8	0.682213840132396	5
chr20	16814820	16818210	3391	64	24.3	-0.377063183034815	0.377063183034815	-0.39099451857718	0.39099451857718	hypo	case		0.556810442688589	0.7	0.7	2.8	0.682213840132396	5
chr20	40455733	40458995	3263	58	22.1620689655172	-0.353858042789324	0.353858042789324	-0.36013533315213	0.36013533315213	hypo	case		0.351055331021659	0.7	0.7	2.8	0.682213840132396	5
chr20	11551953	11555220	3268	50	22.412	-0.359716182102736	0.359716182102736	-0.366668566534961	0.366668566534961	hypo	case		0.554185942619144	0.7	0.7	2.8	0.682213840132396	5
chr20	23277536	23280475	2940	68	20.2757352941177	-0.37384452440685	0.37384452440685	-0.377572835773477	0.377572835773477	hypo	case		0.171122310031572	0.7	0.7	2.8	0.682213840132396	5
chr20	49728941	49732988	4048	147	20.7697278911565	-0.335977528208506	0.335977528208506	-0.350186639609547	0.350186639609547	hypo	case		0.35937709674561	0.7	0.7	2.8	0.682213840132396	5
chr20	40135404	40138034	2631	64	23.06875	-0.411984425778947	0.411984425778947	-0.434736394096851	0.434736394096851	hypo	case		0.184158970077095	0.7	0.7	2.8	0.682213840132396	5
chr20	17298672	17302792	4121	50	20.068	-0.320451861632968	0.320451861632968	-0.323712809836605	0.323712809836605	hypo	case		0.581130486249812	0.7	0.7	2.8	0.682213840132396	5
chr21	26220855	26223155	2301	58	22.0172413793103	-0.261259528896518	0.261259528896518	-0.256262634778916	0.256262634778916	hypo	case		0.198057266091969	0.7	0.7	2.8	0.682213840132396	5
chr20	3401059	3402952	1894	50	22.149	-0.257623112870852	0.257623112870852	-0.282306269655622	0.282306269655622	hypo	case		0.560126552258328	0.7	0.7	2.8	0.682213840132396	5
chr20	1173221	1175806	2586	58	23.3034482758621	-0.276678903076681	0.276678903076681	-0.306784390580823	0.306784390580823	hypo	case		0.431144283916513	0.7	0.7	2.8	0.682213840132396	5
chr21	40336989	40340255	3267	98	22.3173469387755	0.250652800725432	0.250652800725432	0.27201966570007	0.27201966570007	hyper	case		0.320790353040164	0.7	0.7	2.8	0.682213840132396	5
chr20	6948240	6951415	3176	106	22.9594339622642	-0.377836074053265	0.377836074053265	-0.381870061448114	0.381870061448114	hypo	case		0.509831960974009	0.7	0.7	2.8	0.682213840132396	5
chr21	21944476	21948283	3808	60	21.6108333333333	-0.289851062945691	0.289851062945691	-0.291925909302079	0.291925909302079	hypo	case		0.887400384909839	0.7	0.887400384909839	2.8	0.682213840132396	5
chr21	39932708	39937195	4488	77	24.6915584415584	-0.383279693452328	0.383279693452328	-0.396342493339271	0.396342493339271	hypo	case		0.748154497225771	0.7	0.748154497225771	2.8	0.682213840132396	5
chr21	9729568	9732834	3267	50	61.719	-0.258446880049566	0.258446880049566	-0.250362059429891	0.250362059429891	hypo	case		0.63541259184475	0.7	0.7	2.8	0.682213840132396	5
chr21	26848891	26853269	4379	60	21.5658333333333	-0.211462896697741	0.211462896697741	-0.238472131838325	0.238472131838325	hypo	case		0.47406141397899	0.7	0.7	2.8	0.682213840132396	5
chr21	7588366	7592845	4480	144	38.5746527777778	-0.367732747741587	0.367732747741587	-0.371006574197512	0.371006574197512	hypo	case		0.151852157092725	0.7	0.7	2.8	0.682213840132396	5
chr21	22623964	22627939	3976	78	21.4108974358974	-0.349177792442931	0.349177792442931	-0.387620631344911	0.387620631344911	hypo	case		0.241220329846374	0.7	0.7	2.8	0.682213840132396	5
chr21	7836622	7840559	3938	92	13.5423913043478	-0.306836992449415	0.306836992449415	-0.329214063012473	0.329214063012473	hypo	case		0.102910470039807	0.7	0.7	2.8	0.682213840132396	5
chr21	13455930	13458665	2736	56	21.11875	-0.283036587519611	0.283036587519611	-0.304360915383363	0.304360915383363	hypo	case		0.028162719775426	0.7	0.7	2.8	0.682213840132396	5
chr20	47554729	47558977	4249	92	22.9929347826087	-0.227811230798682	0.227811230798682	-0.241260509174578	0.241260509174578	hypo	case		0.295494870495931	0.7	0.7	2.8	0.682213840132396	5
chr21	31718004	31719796	1793	68	20.775	-0.314821623512365	0.314821623512365	-0.337255915154673	0.337255915154673	hypo	case		0.306550618401899	0.7	0.7	2.8	0.682213840132396	5
chr20	11753295	11757735	4441	84	20.5059523809524	-0.307135200609034	0.307135200609034	-0.315775149261683	0.315775149261683	hypo	case		0.168200537977923	0.7	0.7	2.8	0.682213840132396	5
chr20	49695309	49697541	2233	58	22.5836206896552	0.251512249524072	0.251512249524072	0.248906905667388	0.248906905667388	hyper	case		0.713635522298596	0.7	0.713635522298596	2.8	0.682213840132396	5
chr21	15774655	15778537	3883	50	22.082	-0.246051744116285	0.246051744116285	-0.271689257743849	0.271689257743849	hypo	case		0.413008230215847	0.7	0.7	2.8	0.682213840132396	5
chr21	17801269	17802598	1330	58	22.4344827586207	-0.319101678978219	0.319101678978219	-0.329258175930723	0.329258175930723	hypo	case		0.632692630983115	0.7	0.7	2.8	0.682213840132396	5
chr21	18461102	18464439	3338	57	19.3394736842105	-0.276073375512531	0.276073375512531	-0.258778593537504	0.258778593537504	hypo	case		0.313629929087249	0.7	0.7	2.8	0.682213840132396	5
chr21	35396589	35398287	1699	74	22.0817567567568	-0.358516623774102	0.358516623774102	-0.375933461224714	0.375933461224714	hypo	case		0.16304358943032	0.7	0.7	2.8	0.682213840132396	5
chr21	19202466	19207081	4616	83	20.4084337349398	-0.354745539745426	0.354745539745426	-0.391179966213426	0.391179966213426	hypo	case		0.182207917374203	0.7	0.7	2.8	0.682213840132396	5
chr20	1843326	1846612	3287	72	24.0618055555556	-0.263144878780092	0.263144878780092	-0.299021026759756	0.299021026759756	hypo	case		0.580578223294817	0.7	0.7	2.8	0.682213840132396	5
chr20	17395833	17398397	2565	54	22.4064814814815	-0.332349229682165	0.332349229682165	-0.354714134371822	0.354714134371822	hypo	case		0.0850837384340941	0.7	0.7	2.8	0.682213840132396	5
chr21	29963736	29968505	4770	64	23.4546875	-0.304886631077186	0.304886631077186	-0.322437192971457	0.322437192971457	hypo	case		0.281181023579935	0.7	0.7	2.8	0.682213840132396	5
chr20	17516907	17520223	3317	84	20.6517857142857	-0.396825285114943	0.396825285114943	-0.424792919458974	0.424792919458974	hypo	case		0.204897736003997	0.7	0.7	2.8	0.682213840132396	5
chr20	21592942	21596741	3800	52	25.2201923076923	-0.314294502740337	0.314294502740337	-0.32933622009459	0.32933622009459	hypo	case		0.499328751560527	0.7	0.7	2.8	0.682213840132396	5
chr20	11226429	11231080	4652	73	22.6191780821918	-0.341620943824037	0.341620943824037	-0.350636107537751	0.350636107537751	hypo	case		0.125398989258495	0.7	0.7	2.8	0.682213840132396	5
chr21	39684537	39688642	4106	87	20.5724137931034	0.313796517950997	0.313796517950997	0.330585699134375	0.330585699134375	hyper	case		0.851961383829028	0.7	0.851961383829028	2.8	0.682213840132396	5
chr21	40243570	40247109	3540	78	21.0782051282051	-0.241942825609322	0.241942825609322	-0.269444381505806	0.269444381505806	hypo	case		0.133503760467456	0.7	0.7	2.8	0.682213840132396	5
chr20	59981207	59984135	2929	54	22.3305555555556	-0.404227092142535	0.404227092142535	-0.393374008411013	0.393374008411013	hypo	case		0.259420882775678	0.7	0.7	2.8	0.682213840132396	5
chr20	28589500	28592872	3373	60	22.1583333333333	-0.371975049891021	0.371975049891021	-0.377185540196989	0.377185540196989	hypo	case		0.36602327640735	0.7	0.7	2.8	0.682213840132396	5
chr20	33589532	33592690	3159	69	19.7847826086957	-0.267399397191356	0.267399397191356	-0.305542705439799	0.305542705439799	hypo	case		0.542872849461521	0.7	0.7	2.8	0.682213840132396	5
chr21	17385149	17388974	3826	60	21.9058333333333	0.228412533318393	0.228412533318393	0.249615954179855	0.249615954179855	hyper	case		0.273228007039101	0.7	0.7	2.8	0.682213840132396	5
chr20	21000954	21005308	4355	72	19.61875	-0.326665341583703	0.326665341583703	-0.347792204612475	0.347792204612475	hypo	case		0.243686186630379	0.7	0.7	2.8	0.682213840132396	5
chr20	20442112	20445466	3355	74	21.4966216216216	-0.307398160928861	0.307398160928861	-0.321819872859626	0.321819872859626	hypo	case		0.393961170463725	0.7	0.7	2.8	0.682213840132396	5
chr21	14525377	14528164	2788	54	23.0611111111111	-0.313267861103654	0.313267861103654	-0.305865153370616	0.305865153370616	hypo	case		0.283397522914759	0.7	0.7	2.8	0.682213840132396	5
chr20	6532464	6534537	2074	52	20.425	-0.218269469956714	0.218269469956714	-0.241123459199642	0.241123459199642	hypo	case		0.217184039159377	0.7	0.7	2.8	0.682213840132396	5
chr21	14555723	14559033	3311	68	22.9705882352941	-0.332217886536703	0.332217886536703	-0.331298354992826	0.331298354992826	hypo	case		0.432227413513763	0.7	0.7	2.8	0.682213840132396	5
chr20	45236089	45240149	4061	60	22.25	-0.253455907602208	0.253455907602208	-0.276895451752796	0.276895451752796	hypo	case		0.295564933485131	0.7	0.7	2.8	0.682213840132396	5
chr20	37508784	37512653	3870	80	23.3525	-0.309608321508563	0.309608321508563	-0.316497703825074	0.316497703825074	hypo	case		0.246592899170313	0.7	0.7	2.8	0.682213840132396	5
chr21	39489722	39494481	4760	80	22.3125	-0.369628621268525	0.369628621268525	-0.360476487962281	0.360476487962281	hypo	case		0.392696340059467	0.7	0.7	2.8	0.682213840132396	5
chr20	43812816	43816421	3606	174	20.5988505747126	-0.323850816096539	0.323850816096539	-0.338993705489382	0.338993705489382	hypo	case		0.665460082257344	0.7	0.7	2.8	0.682213840132396	5
chr20	8641448	8645462	4015	187	22.1422459893048	-0.371389733145119	0.371389733145119	-0.386888006755631	0.386888006755631	hypo	case		0.345828905501964	0.7	0.7	2.8	0.682213840132396	5
chr21	14941546	14943920	2375	54	22.6990740740741	-0.301924507995057	0.301924507995057	-0.289200703104109	0.289200703104109	hypo	case		0.179703433849053	0.7	0.7	2.8	0.682213840132396	5
chr20	46586994	46590033	3040	84	22.5494047619048	-0.33189474461072	0.33189474461072	-0.328792452638644	0.328792452638644	hypo	case		0.662257545209864	0.7	0.7	2.8	0.682213840132396	5
chr21	9629082	9632574	3493	82	48.4036585365854	-0.305855895930049	0.305855895930049	-0.315934239294685	0.315934239294685	hypo	case		0.0589408614033784	0.7	0.7	2.8	0.682213840132396	5
chr20	11435073	11439817	4745	68	24.2029411764706	-0.340099850138018	0.340099850138018	-0.348226255981477	0.348226255981477	hypo	case		0.774426679123717	0.7	0.774426679123717	2.8	0.682213840132396	5
chr20	8339492	8340784	1293	70	22.9157142857143	-0.305430313630374	0.305430313630374	-0.315148244909292	0.315148244909292	hypo	case		0.147782224065944	0.7	0.7	2.8	0.682213840132396	5
chr20	6560662	6563870	3209	54	21.0425925925926	-0.343517479464406	0.343517479464406	-0.36425902257179	0.36425902257179	hypo	case		0.0918359310140461	0.7	0.7	2.8	0.682213840132396	5
chr21	15009999	15011730	1732	62	22.7120967741935	-0.266347610398439	0.266347610398439	-0.282987428333571	0.282987428333571	hypo	case		0.108398762435359	0.7	0.7	2.8	0.682213840132396	5
chr21	30977278	30981043	3766	60	23.6741666666667	-0.3450562190181	0.3450562190181	-0.362726761257521	0.362726761257521	hypo	case		0.158847877795603	0.7	0.7	2.8	0.682213840132396	5
chr21	27692004	27695579	3576	52	19.5557692307692	-0.339111954107627	0.339111954107627	-0.374403102551354	0.374403102551354	hypo	case		0.304514296866791	0.7	0.7	2.8	0.682213840132396	5
chr20	34513477	34514373	897	70	22.2042857142857	-0.302016471095149	0.302016471095149	-0.313177882428741	0.313177882428741	hypo	case		0.499035333455775	0.7	0.7	2.8	0.682213840132396	5
chr21	14627788	14631645	3858	54	23.0740740740741	-0.258497827649953	0.258497827649953	-0.276017130520534	0.276017130520534	hypo	case		0.114381039053474	0.7	0.7	2.8	0.682213840132396	5
chr21	9792941	9796172	3232	81	59.7012345679012	-0.263900484946195	0.263900484946195	-0.256351734929462	0.256351734929462	hypo	case		0.498696165623333	0.7	0.7	2.8	0.682213840132396	5
chr20	55249986	55253853	3868	113	21.8429203539823	-0.323470214467905	0.323470214467905	-0.333312110457998	0.333312110457998	hypo	case		0.801331487768476	0.7	0.801331487768476	2.8	0.682213840132396	5
chr20	20516543	20519114	2572	50	23.197	0.337572457724117	0.337572457724117	0.349976067750137	0.349976067750137	hyper	case		0.111179638143208	0.7	0.7	2.8	0.682213840132396	5
chr21	28281039	28283912	2874	57	21.7885964912281	-0.359845025180981	0.359845025180981	-0.349475235069852	0.349475235069852	hypo	case		0.514377207411218	0.7	0.7	2.8	0.682213840132396	5
chr21	14614553	14619069	4517	72	20.9465277777778	-0.290310196576688	0.290310196576688	-0.288904305983129	0.288904305983129	hypo	case		0.481029216254141	0.7	0.7	2.8	0.682213840132396	5
chr20	2718940	2723672	4733	122	24.8602459016393	-0.327229429872829	0.327229429872829	-0.338942647765898	0.338942647765898	hypo	case		0.234624692951385	0.7	0.7	2.8	0.682213840132396	5
chr21	10588525	10592534	4010	64	61.77890625	0.265706909692882	0.265706909692882	0.272163686534112	0.272163686534112	hyper	case		0.30265858019663	0.7	0.7	2.8	0.682213840132396	5
chr20	20548626	20553541	4916	92	20.0679347826087	0.359366072421814	0.359366072421814	0.359178484496773	0.359178484496773	hyper	case		0.625944401768522	0.7	0.7	2.8	0.682213840132396	5
chr20	61059137	61063760	4624	130	23.5588461538462	-0.345172713450772	0.345172713450772	-0.35970441810426	0.35970441810426	hypo	case		0.941316329613491	0.7	0.941316329613491	2.8	0.682213840132396	5
chr21	10499840	10503276	3437	71	24.1253521126761	-0.276985053121634	0.276985053121634	-0.278669573534634	0.278669573534634	hypo	case		0.311339830971721	0.7	0.7	2.8	0.682213840132396	5
chr20	11946364	11948682	2319	56	19.7517857142857	-0.331635021110028	0.331635021110028	-0.344762473805147	0.344762473805147	hypo	case		0.190911600675603	0.7	0.7	2.8	0.682213840132396	5
chr20	38557369	38561958	4590	91	19.1791208791209	-0.385532605905699	0.385532605905699	-0.390679694263135	0.390679694263135	hypo	case		0.383031278644511	0.7	0.7	2.8	0.682213840132396	5
chr21	10503792	10506238	2447	62	26.0596774193548	-0.255281810897752	0.255281810897752	-0.260938259214825	0.260938259214825	hypo	case		0.307039201497788	0.7	0.7	2.8	0.682213840132396	5
chr21	13027935	13029814	1880	54	41.4703703703704	-0.233063380491875	0.233063380491875	-0.239850584957391	0.239850584957391	hypo	case		0.447196692587769	0.7	0.7	2.8	0.682213840132396	5
chr20	31325950	31328174	2225	64	22.60234375	-0.256827969099278	0.256827969099278	-0.273719184161347	0.273719184161347	hypo	case		0.99	0.7	0.99	2.8	0.682213840132396	5
chr20	44435737	44437693	1957	86	21.1755813953488	-0.289988793688812	0.289988793688812	-0.301426477504057	0.301426477504057	hypo	case		0.24482338359973	0.7	0.7	2.8	0.682213840132396	5
chr20	16655175	16657231	2057	50	22.898	-0.283314246433037	0.283314246433037	-0.294932544378574	0.294932544378574	hypo	case		0.138377806873326	0.7	0.7	2.8	0.682213840132396	5
chr20	14525647	14527639	1993	50	24.679	-0.396002676466292	0.396002676466292	-0.405170939608496	0.405170939608496	hypo	case		0.169289576561187	0.7	0.7	2.8	0.682213840132396	5
chr21	30302278	30306305	4028	78	23.4384615384615	-0.332783165202287	0.332783165202287	-0.347804088333025	0.347804088333025	hypo	case		0.346983691276825	0.7	0.7	2.8	0.682213840132396	5
chr20	1815734	1818251	2518	60	21.2875	-0.323683963216666	0.323683963216666	-0.340604068494841	0.340604068494841	hypo	case		0.164474546296562	0.7	0.7	2.8	0.682213840132396	5
chr21	32125087	32128121	3035	80	25.103125	-0.358809594817243	0.358809594817243	-0.347491550536514	0.347491550536514	hypo	case		0.342205320542825	0.7	0.7	2.8	0.682213840132396	5
chr20	52288996	52293555	4560	110	21.6163636363636	-0.349568882460495	0.349568882460495	-0.374437429432463	0.374437429432463	hypo	case		0.440371924334593	0.7	0.7	2.8	0.682213840132396	5
chr21	9714906	9716685	1780	58	40.7534482758621	-0.298017372693254	0.298017372693254	-0.303745395785285	0.303745395785285	hypo	case		0.283255013878631	0.7	0.7	2.8	0.682213840132396	5
chr20	45484039	45486808	2770	66	22.9871212121212	-0.294329879135553	0.294329879135553	-0.30338544757316	0.30338544757316	hypo	case		0.555813710015972	0.7	0.7	2.8	0.682213840132396	5
chr20	2604037	2608517	4481	72	19.3381944444444	-0.298134763794846	0.298134763794846	-0.329050336044538	0.329050336044538	hypo	case		0.0811728883654098	0.7	0.7	2.8	0.682213840132396	5
chr21	5236876	5241447	4572	69	82.3282608695652	0.308854705049624	0.308854705049624	0.318544680947709	0.318544680947709	hyper	case		0.386898832983955	0.7	0.7	2.8	0.682213840132396	5
chr20	58488731	58491072	2342	58	23.9629310344828	-0.345631764189976	0.345631764189976	-0.376193618747099	0.376193618747099	hypo	case		0.308217040521414	0.7	0.7	2.8	0.682213840132396	5
chr20	30295598	30297426	1829	50	23.652	-0.290526060964435	0.290526060964435	-0.309363487393711	0.309363487393711	hypo	case		0.210517976662976	0.7	0.7	2.8	0.682213840132396	5
chr20	4392506	4396256	3751	98	21.2030612244898	-0.338094955687625	0.338094955687625	-0.35953326820946	0.35953326820946	hypo	case		0.552594586880118	0.7	0.7	2.8	0.682213840132396	5
chr20	55121144	55125650	4507	100	21.1825	-0.40234303273097	0.40234303273097	-0.422346161212102	0.422346161212102	hypo	case		0.523584524177023	0.7	0.7	2.8	0.682213840132396	5
chr21	12966123	12970343	4221	96	38.8453125	-0.279869981136728	0.279869981136728	-0.284496814789245	0.284496814789245	hypo	case		0.478914203375763	0.7	0.7	2.8	0.682213840132396	5
chr20	19130118	19132544	2427	50	22.475	-0.313075713030687	0.313075713030687	-0.355141217332153	0.355141217332153	hypo	case		0.823309466436668	0.7	0.823309466436668	2.8	0.682213840132396	5
chr21	29280031	29282326	2296	54	21.6175925925926	-0.295183888223875	0.295183888223875	-0.322880408138576	0.322880408138576	hypo	case		0.99	0.7	0.99	2.8	0.682213840132396	5
chr20	39562460	39567138	4679	62	23.5540322580645	-0.337954778691755	0.337954778691755	-0.343759447857149	0.343759447857149	hypo	case		0.127946314145367	0.7	0.7	2.8	0.682213840132396	5
chr20	15757686	15761749	4064	98	20.9117346938776	-0.334759053113462	0.334759053113462	-0.3452611585236	0.3452611585236	hypo	case		0.186305695898836	0.7	0.7	2.8	0.682213840132396	5
chr20	2989005	2990658	1654	52	19.3259615384615	-0.333655781780398	0.333655781780398	-0.375636180664753	0.375636180664753	hypo	case		0.256236064164928	0.7	0.7	2.8	0.682213840132396	5
chr20	33208297	33212187	3891	76	22.1131578947368	-0.358145684410527	0.358145684410527	-0.35501316112801	0.35501316112801	hypo	case		0.587669849745015	0.7	0.7	2.8	0.682213840132396	5
chr20	9460629	9463334	2706	62	22.6693548387097	-0.307683153706811	0.307683153706811	-0.306018604376315	0.306018604376315	hypo	case		0.214580896963007	0.7	0.7	2.8	0.682213840132396	5
chr21	5065097	5068668	3572	74	11.4952702702703	-0.309017166587068	0.309017166587068	-0.33798723288122	0.33798723288122	hypo	case		0.311308079044777	0.7	0.7	2.8	0.682213840132396	5
chr20	43474850	43478003	3154	104	21.8014423076923	-0.338616787947641	0.338616787947641	-0.352696221610264	0.352696221610264	hypo	case		0.745193249955072	0.7	0.745193249955072	2.8	0.682213840132396	5
chr20	35730152	35733996	3845	97	18.8051546391753	0.262880993459568	0.262880993459568	0.301677575359444	0.301677575359444	hyper	case		0.0914381462620126	0.7	0.7	2.8	0.682213840132396	5
chr20	54057816	54061891	4076	122	21.7627049180328	-0.35058368957243	0.35058368957243	-0.360917974273059	0.360917974273059	hypo	case		0.557885515149866	0.7	0.7	2.8	0.682213840132396	5
chr20	12587050	12591546	4497	114	21.6868421052632	-0.37737094432295	0.37737094432295	-0.401225947177143	0.401225947177143	hypo	case		0.317902730817294	0.7	0.7	2.8	0.682213840132396	5
chr20	22455156	22457878	2723	56	23.1883928571429	-0.323666980854128	0.323666980854128	-0.328818469426111	0.328818469426111	hypo	case		0.556004120942286	0.7	0.7	2.8	0.682213840132396	5
chr20	28833264	28838157	4894	54	23.0638888888889	-0.25207121565445	0.25207121565445	-0.250962175666791	0.250962175666791	hypo	case		0.125801482979196	0.7	0.7	2.8	0.682213840132396	5
chr20	38572737	38576389	3653	58	22.6	-0.328667075938519	0.328667075938519	-0.345726378858295	0.345726378858295	hypo	case		0.256732234517936	0.7	0.7	2.8	0.682213840132396	5
chr20	22428960	22433845	4886	102	21.4686274509804	0.296393333901987	0.296393333901987	0.303440372874833	0.303440372874833	hyper	case		0.217265202612595	0.7	0.7	2.8	0.682213840132396	5
chr20	34886057	34890653	4597	97	20.7252577319588	-0.383734316854606	0.383734316854606	-0.375316853035189	0.375316853035189	hypo	case		0.303792712833647	0.7	0.7	2.8	0.682213840132396	5
chr20	26182510	26186368	3859	50	22.598	-0.316797940629134	0.316797940629134	-0.305434589948106	0.305434589948106	hypo	case		0.719660515544949	0.7	0.719660515544949	2.8	0.682213840132396	5
chr21	37384782	37389737	4956	100	24.3535	-0.326292059455356	0.326292059455356	-0.331672212577558	0.331672212577558	hypo	case		0.688358219362957	0.7	0.7	2.8	0.682213840132396	5
chr20	42419878	42421599	1722	56	22.125	-0.223993666768476	0.223993666768476	-0.249811895929214	0.249811895929214	hypo	case		0.477131936988268	0.7	0.7	2.8	0.682213840132396	5
chr21	18524003	18527914	3912	66	22.7469696969697	-0.345635800007802	0.345635800007802	-0.35288966941914	0.35288966941914	hypo	case		0.20220155189666	0.7	0.7	2.8	0.682213840132396	5
chr20	34763013	34765435	2423	92	23.4576086956522	-0.36278616003391	0.36278616003391	-0.372273716868264	0.372273716868264	hypo	case		0.634881041087418	0.7	0.7	2.8	0.682213840132396	5
chr20	15538985	15543316	4332	80	22.345625	-0.365217720736784	0.365217720736784	-0.354741927717453	0.354741927717453	hypo	case		0.372005019043891	0.7	0.7	2.8	0.682213840132396	5
chr20	15859447	15863660	4214	82	20.7810975609756	-0.262639978533482	0.262639978533482	-0.262064446835915	0.262064446835915	hypo	case		0.46675823725248	0.7	0.7	2.8	0.682213840132396	5
chr21	9596494	9598924	2431	54	26.9509259259259	-0.274124286892734	0.274124286892734	-0.284095921494253	0.284095921494253	hypo	case		0.316192013007348	0.7	0.7	2.8	0.682213840132396	5
chr20	60442875	60447011	4137	126	21.1734126984127	-0.34190925989501	0.34190925989501	-0.35473520531311	0.35473520531311	hypo	case		0.65783988706781	0.7	0.7	2.8	0.682213840132396	5
chr21	27924974	27929908	4935	93	20.1532258064516	-0.352168074228833	0.352168074228833	-0.361448393443484	0.361448393443484	hypo	case		0.392317483891004	0.7	0.7	2.8	0.682213840132396	5
chr21	35881235	35883503	2269	52	19.3480769230769	0.248342807925499	0.248342807925499	0.244690393085337	0.244690393085337	hyper	case		0.16155986941256	0.7	0.7	2.8	0.682213840132396	5
chr20	49657169	49662029	4861	104	22.1514423076923	-0.277642202524546	0.277642202524546	-0.290708086338736	0.290708086338736	hypo	case		0.282472847048982	0.7	0.7	2.8	0.682213840132396	5
chr21	34797566	34800463	2898	60	21.3416666666667	-0.352103754834111	0.352103754834111	-0.366961259122807	0.366961259122807	hypo	case		0.138049863549131	0.7	0.7	2.8	0.682213840132396	5
chr20	7968391	7971698	3308	54	19.8092592592593	-0.230127946377593	0.230127946377593	-0.242637884867824	0.242637884867824	hypo	case		0.337665277216519	0.7	0.7	2.8	0.682213840132396	5
chr21	25120369	25123010	2642	54	21.2287037037037	-0.308030259947427	0.308030259947427	-0.32043117362985	0.32043117362985	hypo	case		0.340750835849834	0.7	0.7	2.8	0.682213840132396	5
chr21	18297795	18302260	4466	60	21.8508333333333	-0.35418150885536	0.35418150885536	-0.366428485619779	0.366428485619779	hypo	case		0.845570301912472	0.7	0.845570301912472	2.8	0.682213840132396	5
chr20	43567502	43570954	3453	106	23.0698113207547	-0.283169628435473	0.283169628435473	-0.288107736608195	0.288107736608195	hypo	case		0.649176191811295	0.7	0.7	2.8	0.682213840132396	5
chr21	9847363	9850661	3299	66	62.55	0.283254850121217	0.283254850121217	0.302210538217066	0.302210538217066	hyper	case		0.538317278609171	0.7	0.7	2.8	0.682213840132396	5
chr21	21799552	21804255	4704	58	20.3387931034483	-0.314603449123893	0.314603449123893	-0.323653075810365	0.323653075810365	hypo	case		0.299387200715847	0.7	0.7	2.8	0.682213840132396	5
chr20	27559228	27563984	4757	55	16.5172727272727	-0.365744951743696	0.365744951743696	-0.374022810076134	0.374022810076134	hypo	case		0.133691882265541	0.7	0.7	2.8	0.682213840132396	5
chr20	14084652	14089122	4471	76	20.9243421052632	-0.309166096944778	0.309166096944778	-0.311745373752022	0.311745373752022	hypo	case		0.138076851879939	0.7	0.7	2.8	0.682213840132396	5
chr21	30459484	30464113	4630	126	19.8769841269841	-0.317033086579905	0.317033086579905	-0.334109136279993	0.334109136279993	hypo	case		0.352225563737008	0.7	0.7	2.8	0.682213840132396	5
chr20	55420640	55425125	4486	108	24.3546296296296	-0.342059560595053	0.342059560595053	-0.369020702675201	0.369020702675201	hypo	case		0.136938058782617	0.7	0.7	2.8	0.682213840132396	5
chr21	7961268	7965373	4106	50	80.821	0.283544211294907	0.283544211294907	0.280464836874319	0.280464836874319	hyper	case		0.543963656382959	0.7	0.7	2.8	0.682213840132396	5
chr20	10503254	10506272	3019	50	22.795	-0.251784682693818	0.251784682693818	-0.269812529307494	0.269812529307494	hypo	case		0.607696591321518	0.7	0.7	2.8	0.682213840132396	5
chr20	61152896	61155374	2479	70	23.0328571428571	-0.317803667534009	0.317803667534009	-0.333695254964423	0.333695254964423	hypo	case		0.507733868327841	0.7	0.7	2.8	0.682213840132396	5
chr20	46062013	46065870	3858	109	20.0761467889908	-0.324115200008215	0.324115200008215	-0.351583794743007	0.351583794743007	hypo	case		0.370522390794087	0.7	0.7	2.8	0.682213840132396	5
chr21	20561272	20564397	3126	80	19.743125	-0.353523720056522	0.353523720056522	-0.370763833593661	0.370763833593661	hypo	case		0.0541882110154463	0.7	0.7	2.8	0.682213840132396	5
chr21	26243315	26246883	3569	66	23.1795454545455	-0.34220637471212	0.34220637471212	-0.33913780463068	0.33913780463068	hypo	case		0.422448185548323	0.7	0.7	2.8	0.682213840132396	5
chr21	41035627	41039812	4186	88	22.2721590909091	-0.278523522405257	0.278523522405257	-0.289395766702957	0.289395766702957	hypo	case		0.211436050353819	0.7	0.7	2.8	0.682213840132396	5
chr20	32236208	32239734	3527	76	24.2572368421053	-0.258351185755475	0.258351185755475	-0.268394727459132	0.268394727459132	hypo	case		0.205541412922891	0.7	0.7	2.8	0.682213840132396	5
chr21	35385506	35387379	1874	58	22.5043103448276	-0.382899392334373	0.382899392334373	-0.407728177501375	0.407728177501375	hypo	case		0.202627049734301	0.7	0.7	2.8	0.682213840132396	5
chr20	36474311	36479167	4857	134	22.0764925373134	0.263765844465842	0.263765844465842	0.275633575653285	0.275633575653285	hyper	case		0.444310962310832	0.7	0.7	2.8	0.682213840132396	5
chr21	35921777	35925854	4078	78	21.4807692307692	-0.288491769837711	0.288491769837711	-0.330800675010999	0.330800675010999	hypo	case		0.462051341472008	0.7	0.7	2.8	0.682213840132396	5
chr21	25576290	25579379	3090	61	23.8655737704918	-0.339387690005409	0.339387690005409	-0.344174930180454	0.344174930180454	hypo	case		0.0966489211949925	0.7	0.7	2.8	0.682213840132396	5
chr20	14830188	14832428	2241	88	21.5846590909091	-0.306946767214288	0.306946767214288	-0.364659360461974	0.364659360461974	hypo	case		0.21252035518239	0.7	0.7	2.8	0.682213840132396	5
chr20	1403454	1405893	2440	58	21.5422413793103	-0.362302231263733	0.362302231263733	-0.37519268490219	0.37519268490219	hypo	case		0.328838974662637	0.7	0.7	2.8	0.682213840132396	5
chr20	8791659	8794430	2772	58	20.6336206896552	-0.372456598352849	0.372456598352849	-0.392999952920246	0.392999952920246	hypo	case		0.351731975358075	0.7	0.7	2.8	0.682213840132396	5
chr21	14178447	14182335	3889	64	22.06953125	-0.35124190857902	0.35124190857902	-0.383593874070019	0.383593874070019	hypo	case		0.67346513157555	0.7	0.7	2.8	0.682213840132396	5
chr21	13254783	13256724	1942	62	22.1346774193548	-0.378477048984905	0.378477048984905	-0.394929077286915	0.394929077286915	hypo	case		0.261290050322248	0.7	0.7	2.8	0.682213840132396	5
chr21	8821458	8826454	4997	72	37.1305555555556	0.279908855844607	0.279908855844607	0.291937304625518	0.291937304625518	hyper	case		0.227547153213786	0.7	0.7	2.8	0.682213840132396	5
chr20	4408359	4412762	4404	70	23.1842857142857	-0.329067420540852	0.329067420540852	-0.351976352117007	0.351976352117007	hypo	case		0.387672338911337	0.7	0.7	2.8	0.682213840132396	5
chr21	35516461	35519089	2629	62	22.9564516129032	-0.38469553684808	0.38469553684808	-0.397104953312815	0.397104953312815	hypo	case		0.120226736339013	0.7	0.7	2.8	0.682213840132396	5
chr20	29545421	29549021	3601	163	19.1018404907975	-0.369394686930779	0.369394686930779	-0.385555829970194	0.385555829970194	hypo	case		0.280188737560331	0.7	0.7	2.8	0.682213840132396	5
chr20	8853360	8855016	1657	50	21.511	0.282509181917746	0.282509181917746	0.297645120919519	0.297645120919519	hyper	case		0.592734834613198	0.7	0.7	2.8	0.682213840132396	5
chr21	13899266	13903803	4538	58	21.3629310344828	-0.236668383339481	0.236668383339481	-0.265910329848609	0.265910329848609	hypo	case		0.341744412460632	0.7	0.7	2.8	0.682213840132396	5
chr20	11194267	11197609	3343	56	20.55	-0.261693201752982	0.261693201752982	-0.268367472234454	0.268367472234454	hypo	case		0.339339941684763	0.7	0.7	2.8	0.682213840132396	5
chr21	10623932	10628337	4406	140	53.3842857142857	-0.248617646470291	0.248617646470291	-0.27130074721535	0.27130074721535	hypo	case		0.402404027594677	0.7	0.7	2.8	0.682213840132396	5
chr21	26543163	26545937	2775	96	19.6088541666667	-0.335322124364061	0.335322124364061	-0.346129100539513	0.346129100539513	hypo	case		0.722283505411905	0.7	0.722283505411905	2.8	0.682213840132396	5
chr21	34927029	34930601	3573	70	21.8164285714286	-0.371438113124705	0.371438113124705	-0.380545777696393	0.380545777696393	hypo	case		0.423059835153841	0.7	0.7	2.8	0.682213840132396	5
chr20	16109353	16114191	4839	75	20.2486666666667	-0.319581602663949	0.319581602663949	-0.330817294506933	0.330817294506933	hypo	case		0.321258688542426	0.7	0.7	2.8	0.682213840132396	5
chr20	26382719	26386201	3483	115	15.0286956521739	-0.305504124057917	0.305504124057917	-0.325968504995234	0.325968504995234	hypo	case		0.333468645227675	0.7	0.7	2.8	0.682213840132396	5
chr20	30943269	30947363	4095	54	26.662962962963	-0.237024295970609	0.237024295970609	-0.259729747904361	0.259729747904361	hypo	case		0.309649039847219	0.7	0.7	2.8	0.682213840132396	5
chr21	21146590	21148966	2377	66	20.025	-0.378665186920576	0.378665186920576	-0.387479513408954	0.387479513408954	hypo	case		0.564149910061176	0.7	0.7	2.8	0.682213840132396	5
chr21	34902859	34906321	3463	52	20.2019230769231	-0.340152898935747	0.340152898935747	-0.373661771523436	0.373661771523436	hypo	case		0.310324066728716	0.7	0.7	2.8	0.682213840132396	5
chr20	44095276	44098843	3568	117	21.4594017094017	-0.340249402147439	0.340249402147439	-0.369593830366274	0.369593830366274	hypo	case		0.336974711098335	0.7	0.7	2.8	0.682213840132396	5
chr21	31405007	31407928	2922	72	20.4923611111111	-0.305770732215514	0.305770732215514	-0.332835927900892	0.332835927900892	hypo	case		0.36032599213204	0.7	0.7	2.8	0.682213840132396	5
chr21	32290638	32293607	2970	54	23.7287037037037	-0.304447469094716	0.304447469094716	-0.332492526755892	0.332492526755892	hypo	case		0.614063126777433	0.7	0.7	2.8	0.682213840132396	5
chr20	38982604	38985508	2905	58	21.6801724137931	-0.322805527049658	0.322805527049658	-0.283072044958065	0.283072044958065	hypo	case		0.407611524844785	0.7	0.7	2.8	0.682213840132396	5
chr20	36106102	36110940	4839	150	22.8083333333333	-0.313542457613365	0.313542457613365	-0.32535634578412	0.32535634578412	hypo	case		0.530701563313122	0.7	0.7	2.8	0.682213840132396	5
chr21	15711111	15713437	2327	50	20.704	-0.292544206202294	0.292544206202294	-0.306205189275017	0.306205189275017	hypo	case		0.318544624348693	0.7	0.7	2.8	0.682213840132396	5
chr20	36284336	36288600	4265	94	23.2824468085106	-0.328146848617661	0.328146848617661	-0.348784568117341	0.348784568117341	hypo	case		0.433375426084446	0.7	0.7	2.8	0.682213840132396	5
chr20	45244074	45248310	4237	70	22.88	-0.303369625627078	0.303369625627078	-0.310606096421587	0.310606096421587	hypo	case		0.678634993464948	0.7	0.7	2.8	0.682213840132396	5
chr20	23793501	23795257	1757	53	18.7028301886792	-0.30418700283317	0.30418700283317	-0.339644120878395	0.339644120878395	hypo	case		0.503596465602746	0.7	0.7	2.8	0.682213840132396	5
chr21	33743191	33747693	4503	104	24.7961538461539	-0.402565269798778	0.402565269798778	-0.407858201758358	0.407858201758358	hypo	case		0.396901081878408	0.7	0.7	2.8	0.682213840132396	5
chr20	37624144	37627690	3547	60	23.2283333333333	0.235602783964712	0.235602783964712	0.259096044784714	0.259096044784714	hyper	case		0.382841962090473	0.7	0.7	2.8	0.682213840132396	5
chr21	26310611	26313687	3077	68	21.9919117647059	-0.352919614808442	0.352919614808442	-0.364755890795442	0.364755890795442	hypo	case		0.60389861181171	0.7	0.7	2.8	0.682213840132396	5
chr20	18827106	18830860	3755	138	23.1532608695652	-0.280513553143063	0.280513553143063	-0.287312641929686	0.287312641929686	hypo	case		0.235159572051218	0.7	0.7	2.8	0.682213840132396	5
chr20	24985776	24989266	3491	64	23.81875	-0.211443057262053	0.211443057262053	-0.226826005215546	0.226826005215546	hypo	case		0.0886785501989593	0.7	0.7	2.8	0.682213840132396	5
chr21	26160899	26164813	3915	88	19.7732954545455	0.285630111639517	0.285630111639517	0.270913766336133	0.270913766336133	hyper	case		0.269422963272424	0.7	0.7	2.8	0.682213840132396	5
chr21	13932997	13937848	4852	270	22.6264814814815	-0.391087586673334	0.391087586673334	-0.401815973977496	0.401815973977496	hypo	case		0.168294461785623	0.7	0.7	2.8	0.682213840132396	5
chr20	58437093	58441637	4545	86	20.5470930232558	-0.260631161853075	0.260631161853075	-0.267626812170712	0.267626812170712	hypo	case		0.0754406158596131	0.7	0.7	2.8	0.682213840132396	5
chr21	9796825	9801493	4669	86	51.1093023255814	-0.28720390712605	0.28720390712605	-0.28494331350201	0.28494331350201	hypo	case		0.251127272099647	0.7	0.7	2.8	0.682213840132396	5
chr20	40743168	40747394	4227	106	20.802358490566	-0.305683485168234	0.305683485168234	-0.332011558622083	0.332011558622083	hypo	case		0.481319245936677	0.7	0.7	2.8	0.682213840132396	5
chr21	8766282	8770773	4492	68	59.5169117647059	-0.274935202336321	0.274935202336321	-0.283196504877474	0.283196504877474	hypo	case		0.0989054522146473	0.7	0.7	2.8	0.682213840132396	5
chr21	20826378	20831122	4745	102	21.0274509803922	-0.333704576859662	0.333704576859662	-0.356654370317193	0.356654370317193	hypo	case		0.0376669785749329	0.7	0.7	2.8	0.682213840132396	5
chr20	22025908	22030840	4933	80	22.205625	-0.280925589648597	0.280925589648597	-0.301912383589358	0.301912383589358	hypo	case		0.184204689694397	0.7	0.7	2.8	0.682213840132396	5
chr20	26658616	26663204	4589	137	29.2467153284672	-0.308090745906897	0.308090745906897	-0.317114798844729	0.317114798844729	hypo	case		0.0552216549007242	0.7	0.7	2.8	0.682213840132396	5
chr21	13014332	13017483	3152	54	42.6083333333333	-0.248538561133909	0.248538561133909	-0.250918261508621	0.250918261508621	hypo	case		0.294206693360055	0.7	0.7	2.8	0.682213840132396	5
chr20	12025541	12030004	4464	86	22.5627906976744	-0.285048469657929	0.285048469657929	-0.316390961902964	0.316390961902964	hypo	case		0.697514748498122	0.7	0.7	2.8	0.682213840132396	5
chr21	26949814	26953393	3580	56	20.3491071428571	-0.268036294085047	0.268036294085047	-0.28980191524735	0.28980191524735	hypo	case		0.34174730696682	0.7	0.7	2.8	0.682213840132396	5
chr21	23004158	23006581	2424	58	23.0551724137931	-0.253637999553557	0.253637999553557	-0.272796244105819	0.272796244105819	hypo	case		0.0495108820768622	0.7	0.7	2.8	0.682213840132396	5
chr20	52420073	52423251	3179	51	22.5176470588235	-0.325288340368939	0.325288340368939	-0.346486030703234	0.346486030703234	hypo	case		0.384934574260114	0.7	0.7	2.8	0.682213840132396	5
chr20	12030631	12033720	3090	52	22.2173076923077	-0.269680387506511	0.269680387506511	-0.336526675455497	0.336526675455497	hypo	case		0.28973984714584	0.7	0.7	2.8	0.682213840132396	5
chr21	40171868	40176395	4528	92	22.4005434782609	-0.364543057364046	0.364543057364046	-0.373228663816288	0.373228663816288	hypo	case		0.439558695587632	0.7	0.7	2.8	0.682213840132396	5
chr21	26357818	26360816	2999	50	23.791	-0.34637107553678	0.34637107553678	-0.361694958011747	0.361694958011747	hypo	case		0.177830994911696	0.7	0.7	2.8	0.682213840132396	5
chr21	18916306	18921228	4923	80	22.8125	-0.352848549121748	0.352848549121748	-0.369328763488374	0.369328763488374	hypo	case		0.271729234207443	0.7	0.7	2.8	0.682213840132396	5
chr21	23557996	23559932	1937	56	19.9973214285714	-0.375894906819242	0.375894906819242	-0.365075806966349	0.365075806966349	hypo	case		0.24798862195736	0.7	0.7	2.8	0.682213840132396	5
chr21	39124552	39128002	3451	77	22.8818181818182	-0.216404084536553	0.216404084536553	-0.224035552580985	0.224035552580985	hypo	case		0.30656689573782	0.7	0.7	2.8	0.682213840132396	5
chr21	42433312	42435559	2248	50	20.571	-0.298581592111328	0.298581592111328	-0.299167916729928	0.299167916729928	hypo	case		0.309920541974389	0.7	0.7	2.8	0.682213840132396	5
chr21	13261642	13264629	2988	50	23.537	-0.258122472759545	0.258122472759545	-0.272173872770977	0.272173872770977	hypo	case		0.469931559775462	0.7	0.7	2.8	0.682213840132396	5
chr20	13728592	13733462	4871	142	23.443661971831	-0.420111318811959	0.420111318811959	-0.447350372726105	0.447350372726105	hypo	case		0.245198141401245	0.7	0.7	2.8	0.682213840132396	5
chr20	19636853	19640737	3885	141	21.9485815602837	-0.329189044090696	0.329189044090696	-0.352005846016901	0.352005846016901	hypo	case		0.232200741735052	0.7	0.7	2.8	0.682213840132396	5
chr20	45632099	45635999	3901	52	23.8278846153846	-0.303950203188909	0.303950203188909	-0.31471024203148	0.31471024203148	hypo	case		0.537530341064058	0.7	0.7	2.8	0.682213840132396	5
chr20	37832940	37836021	3082	56	20.75	-0.297454544870206	0.297454544870206	-0.316410134106744	0.316410134106744	hypo	case		0.487035591703804	0.7	0.7	2.8	0.682213840132396	5
chr21	27725745	27729462	3718	60	23.51	-0.376415298601768	0.376415298601768	-0.366244656375605	0.366244656375605	hypo	case		0.105457159665611	0.7	0.7	2.8	0.682213840132396	5
chr20	1520916	1523730	2815	50	22.741	-0.280990389054483	0.280990389054483	-0.30732417263221	0.30732417263221	hypo	case		0.513747922248252	0.7	0.7	2.8	0.682213840132396	5
chr21	16103036	16105568	2533	78	23.2262820512821	-0.426326064021928	0.426326064021928	-0.444086664595154	0.444086664595154	hypo	case		0.288169161891493	0.7	0.7	2.8	0.682213840132396	5
chr21	39495806	39496502	697	50	22.593	-0.429136794935824	0.429136794935824	-0.454030415634279	0.454030415634279	hypo	case		0.455584774004687	0.7	0.7	2.8	0.682213840132396	5
chr21	20334482	20338444	3963	50	19.658	-0.297376738582444	0.297376738582444	-0.336527515240767	0.336527515240767	hypo	case		0.537534211661966	0.7	0.7	2.8	0.682213840132396	5
chr20	22031363	22034609	3247	53	21.7320754716981	-0.321255695518779	0.321255695518779	-0.32916706296709	0.32916706296709	hypo	case		0.542558536274144	0.7	0.7	2.8	0.682213840132396	5
chr20	53238868	53243697	4830	58	23.6948275862069	-0.360358503153488	0.360358503153488	-0.369538220419911	0.369538220419911	hypo	case		0.695515146225407	0.7	0.7	2.8	0.682213840132396	5
chr20	30498744	30502154	3411	163	22.2110429447853	0.3043155746007	0.3043155746007	0.319028479314256	0.319028479314256	hyper	case		0.096577819623758	0.7	0.7	2.8	0.682213840132396	5
chr21	30568191	30570767	2577	60	20.4391666666667	-0.333349814435826	0.333349814435826	-0.342281156559607	0.342281156559607	hypo	case		0.635380517744655	0.7	0.7	2.8	0.682213840132396	5
chr20	35641628	35645433	3806	60	21.6825	-0.281172705817865	0.281172705817865	-0.296276809400872	0.296276809400872	hypo	case		0.899249083544146	0.7	0.899249083544146	2.8	0.682213840132396	5
chr21	40453233	40455995	2763	56	25.8982142857143	-0.340200984239128	0.340200984239128	-0.363040342897609	0.363040342897609	hypo	case		0.371092246302704	0.7	0.7	2.8	0.682213840132396	5
chr20	39615609	39619220	3612	52	22.4192307692308	-0.330038697161549	0.330038697161549	-0.316417056659506	0.316417056659506	hypo	case		0.238228450720926	0.7	0.7	2.8	0.682213840132396	5
chr21	10642394	10645239	2846	60	58.3858333333333	0.316623373125745	0.316623373125745	0.32601661816431	0.32601661816431	hyper	case		0.593114733016579	0.7	0.7	2.8	0.682213840132396	5
chr21	40908426	40913288	4863	106	23.0448113207547	-0.312324387212892	0.312324387212892	-0.342780041104575	0.342780041104575	hypo	case		0.199285465024694	0.7	0.7	2.8	0.682213840132396	5
chr20	21363863	21368608	4746	86	22.506976744186	-0.394691155259612	0.394691155259612	-0.391015676694299	0.391015676694299	hypo	case		0.565529385208212	0.7	0.7	2.8	0.682213840132396	5
chr20	56993730	56998708	4979	132	24.3265151515152	-0.310664094426706	0.310664094426706	-0.335010528611999	0.335010528611999	hypo	case		0.99	0.7	0.99	2.8	0.682213840132396	5
chr21	17518567	17523186	4620	127	21.2992125984252	-0.405460480738732	0.405460480738732	-0.399786145261209	0.399786145261209	hypo	case		0.617655612866931	0.7	0.7	2.8	0.682213840132396	5
chr20	60979717	60982760	3044	50	24.391	-0.356991648903374	0.356991648903374	-0.37086470318676	0.37086470318676	hypo	case		0.498153742654589	0.7	0.7	2.8	0.682213840132396	5
chr20	8750226	8752926	2701	76	25.1138157894737	-0.319761677743811	0.319761677743811	-0.360619381389287	0.360619381389287	hypo	case		0.620627021246441	0.7	0.7	2.8	0.682213840132396	5
chr20	39852591	39856481	3891	70	20.7542857142857	-0.305136278762109	0.305136278762109	-0.291653948010684	0.291653948010684	hypo	case		0.487144454570794	0.7	0.7	2.8	0.682213840132396	5
chr20	37054311	37056757	2447	78	21.9538461538462	-0.347462585125198	0.347462585125198	-0.34589447646963	0.34589447646963	hypo	case		0.425090169921785	0.7	0.7	2.8	0.682213840132396	5
chr20	10232042	10235488	3447	52	23.4721153846154	-0.260708208192325	0.260708208192325	-0.277354289664089	0.277354289664089	hypo	case		0.108124595526235	0.7	0.7	2.8	0.682213840132396	5
chr20	48250807	48254399	3593	51	25.871568627451	-0.319088470615797	0.319088470615797	-0.304973553483163	0.304973553483163	hypo	case		0.42316831286351	0.7	0.7	2.8	0.682213840132396	5
chr20	63863	67136	3274	52	19.5557692307692	-0.296142092331586	0.296142092331586	-0.314859727505503	0.314859727505503	hypo	case		0.256202447027749	0.7	0.7	2.8	0.682213840132396	5
chr20	28955712	28957564	1853	68	24.2125	-0.267559345599369	0.267559345599369	-0.274599240793604	0.274599240793604	hypo	case		0.460918415185773	0.7	0.7	2.8	0.682213840132396	5
chr21	22270146	22275120	4975	88	14.1869318181818	-0.320812532911991	0.320812532911991	-0.349557898239068	0.349557898239068	hypo	case		0.506334706719109	0.7	0.7	2.8	0.682213840132396	5
chr21	7127765	7131498	3734	188	25.6279255319149	-0.25899534173614	0.25899534173614	-0.271992358901472	0.271992358901472	hypo	case		0.162671942601588	0.7	0.7	2.8	0.682213840132396	5
chr21	13823976	13828785	4810	254	23.3253937007874	-0.32471743700584	0.32471743700584	-0.332424300097733	0.332424300097733	hypo	case		0.313652290327435	0.7	0.7	2.8	0.682213840132396	5
chr21	20810873	20813745	2873	52	22.7586538461538	-0.315381260542969	0.315381260542969	-0.336736177807571	0.336736177807571	hypo	case		0.463008949442451	0.7	0.7	2.8	0.682213840132396	5
chr20	2938100	2942092	3993	91	21.4961538461538	-0.34091427937176	0.34091427937176	-0.367965818040576	0.367965818040576	hypo	case		0.521876063930193	0.7	0.7	2.8	0.682213840132396	5
chr21	39355440	39358178	2739	100	21.7045	-0.335174313863831	0.335174313863831	-0.333572815359756	0.333572815359756	hypo	case		0.350775653949979	0.7	0.7	2.8	0.682213840132396	5
chr20	33228111	33232685	4575	76	23.7236842105263	-0.310547846208247	0.310547846208247	-0.319709735108025	0.319709735108025	hypo	case		0.130735580591288	0.7	0.7	2.8	0.682213840132396	5
chr20	60678586	60681681	3096	72	21.83125	-0.30346988630567	0.30346988630567	-0.337163231899794	0.337163231899794	hypo	case		0.174598428322052	0.7	0.7	2.8	0.682213840132396	5
chr21	36352269	36355990	3722	96	24.8276041666667	-0.322512340752855	0.322512340752855	-0.315883883459724	0.315883883459724	hypo	case		0.18641618181238	0.7	0.7	2.8	0.682213840132396	5
chr21	19271229	19274613	3385	52	23.8288461538462	-0.2710123368357	0.2710123368357	-0.294110518155567	0.294110518155567	hypo	case		0.417678940191837	0.7	0.7	2.8	0.682213840132396	5
chr20	21375861	21379214	3354	104	23.06875	-0.33614254535133	0.33614254535133	-0.347835806377643	0.347835806377643	hypo	case		0.773626291357196	0.7	0.773626291357196	2.8	0.682213840132396	5
chr20	50736449	50738042	1594	50	25.851	0.316030112004981	0.316030112004981	0.320223557084847	0.320223557084847	hyper	case		0.360826328175173	0.7	0.7	2.8	0.682213840132396	5
chr21	40440426	40443490	3065	55	21.1681818181818	-0.310804591693137	0.310804591693137	-0.314894354396729	0.314894354396729	hypo	case		0.484514277779632	0.7	0.7	2.8	0.682213840132396	5
chr20	53112802	53117069	4268	66	22.0712121212121	-0.346492578363648	0.346492578363648	-0.309323479505738	0.309323479505738	hypo	case		0.358288354306922	0.7	0.7	2.8	0.682213840132396	5
chr20	23140672	23143328	2657	84	21.8994047619048	-0.324352803610854	0.324352803610854	-0.327164568082979	0.327164568082979	hypo	case		0.342549912142279	0.7	0.7	2.8	0.682213840132396	5
chr20	28109076	28113688	4613	95	13.9773684210526	-0.334690636376008	0.334690636376008	-0.320982040646314	0.320982040646314	hypo	case		0.123352968828033	0.7	0.7	2.8	0.682213840132396	5
chr20	32327179	32330598	3420	100	20.1385	0.333000123130398	0.333000123130398	0.34200263329306	0.34200263329306	hyper	case		0.622697562907522	0.7	0.7	2.8	0.682213840132396	5
chr20	21578662	21581551	2890	67	21.4932835820896	-0.275363121479969	0.275363121479969	-0.310408979058415	0.310408979058415	hypo	case		0.147307330697996	0.7	0.7	2.8	0.682213840132396	5
chr21	32643334	32646532	3199	70	19.645	-0.3343695292824	0.3343695292824	-0.329142505414346	0.329142505414346	hypo	case		0.279412641539828	0.7	0.7	2.8	0.682213840132396	5
chr21	22426859	22428327	1469	58	23.0456896551724	-0.350604458865048	0.350604458865048	-0.364522928044014	0.364522928044014	hypo	case		0.208666566517944	0.7	0.7	2.8	0.682213840132396	5
chr20	40247313	40248508	1196	72	20.2194444444444	-0.315292110480132	0.315292110480132	-0.343524353493779	0.343524353493779	hypo	case		0.343252751586859	0.7	0.7	2.8	0.682213840132396	5
chr20	18687671	18691004	3334	60	21.8541666666667	-0.33029323333397	0.33029323333397	-0.306204795404766	0.306204795404766	hypo	case		0.47434663366037	0.7	0.7	2.8	0.682213840132396	5
chr20	56376583	56381334	4752	114	23.3114035087719	-0.357863495783173	0.357863495783173	-0.379697228550719	0.379697228550719	hypo	case		0.226337826853488	0.7	0.7	2.8	0.682213840132396	5
chr21	40478787	40482355	3569	75	23.396	-0.336028789044782	0.336028789044782	-0.346198594224493	0.346198594224493	hypo	case		0.123955981949451	0.7	0.7	2.8	0.682213840132396	5
chr21	13404874	13406107	1234	56	25.2142857142857	-0.387470801936812	0.387470801936812	-0.414533263592729	0.414533263592729	hypo	case		0.175342484942559	0.7	0.7	2.8	0.682213840132396	5
chr20	17268589	17272448	3860	51	23.6627450980392	0.288674336847496	0.288674336847496	0.309059048961334	0.309059048961334	hyper	case		0.289792256664891	0.7	0.7	2.8	0.682213840132396	5
chr20	33918123	33922991	4869	116	23.3935344827586	-0.369197455333625	0.369197455333625	-0.352366951778265	0.352366951778265	hypo	case		0.197230888264804	0.7	0.7	2.8	0.682213840132396	5
chr20	33573303	33576079	2777	78	19.3467948717949	-0.243698044752885	0.243698044752885	-0.271188440630838	0.271188440630838	hypo	case		0.568481274881486	0.7	0.7	2.8	0.682213840132396	5
chr20	40835009	40837932	2924	52	21.0173076923077	-0.280168457629815	0.280168457629815	-0.308127490867574	0.308127490867574	hypo	case		0.279590988304825	0.7	0.7	2.8	0.682213840132396	5
chr21	8653884	8655592	1709	51	10.0960784313725	-0.38395874958375	0.38395874958375	-0.391389434814604	0.391389434814604	hypo	case		0.226547354686679	0.7	0.7	2.8	0.682213840132396	5
chr20	52967246	52971259	4014	75	22.842	-0.333118003430714	0.333118003430714	-0.350083935144251	0.350083935144251	hypo	case		0.576978516529801	0.7	0.7	2.8	0.682213840132396	5
chr21	15077594	15081184	3591	60	20.9916666666667	-0.270692411173431	0.270692411173431	-0.256506441679016	0.256506441679016	hypo	case		0.323124008825344	0.7	0.7	2.8	0.682213840132396	5
chr20	35646013	35648020	2008	70	22.6092857142857	-0.354437514300651	0.354437514300651	-0.350953980422436	0.350953980422436	hypo	case		0.207504215044879	0.7	0.7	2.8	0.682213840132396	5
chr20	56259836	56264444	4609	82	21.4134146341463	-0.292942046385484	0.292942046385484	-0.282401100542526	0.282401100542526	hypo	case		0.99	0.7	0.99	2.8	0.682213840132396	5
chr20	42046089	42049260	3172	62	22.5895161290323	-0.299680030336157	0.299680030336157	-0.326545196799531	0.326545196799531	hypo	case		0.155910359799619	0.7	0.7	2.8	0.682213840132396	5
chr21	35373315	35376778	3464	56	18.7241071428571	-0.332065587086222	0.332065587086222	-0.356174385549076	0.356174385549076	hypo	case		0.544693871737531	0.7	0.7	2.8	0.682213840132396	5
chr21	33602399	33604834	2436	82	22.3335365853659	-0.365542398011768	0.365542398011768	-0.370895688871483	0.370895688871483	hypo	case		0.242120939444715	0.7	0.7	2.8	0.682213840132396	5
chr21	15349827	15353012	3186	76	21.9664473684211	-0.319626019744367	0.319626019744367	-0.308120686294461	0.308120686294461	hypo	case		0.609405562264422	0.7	0.7	2.8	0.682213840132396	5
chr20	14522034	14525019	2986	61	23.1196721311475	-0.319065185619533	0.319065185619533	-0.329175920770285	0.329175920770285	hypo	case		0.0994879875317009	0.7	0.7	2.8	0.682213840132396	5
chr20	25098210	25102254	4045	96	21.7364583333333	-0.367635234668921	0.367635234668921	-0.397855500492226	0.397855500492226	hypo	case		0.486293293241882	0.7	0.7	2.8	0.682213840132396	5
chr21	9915287	9917553	2267	56	60.4508928571429	-0.269755020611282	0.269755020611282	-0.275790101701777	0.275790101701777	hypo	case		0.573080079602952	0.7	0.7	2.8	0.682213840132396	5
chr21	16417133	16421623	4491	84	19.4345238095238	0.382009460368711	0.382009460368711	0.376631635204731	0.376631635204731	hyper	case		0.283670789469847	0.7	0.7	2.8	0.682213840132396	5
chr20	47104660	47107386	2727	62	22.8314516129032	-0.282371818074552	0.282371818074552	-0.316062256981988	0.316062256981988	hypo	case		0.319059011056132	0.7	0.7	2.8	0.682213840132396	5
chr20	4295198	4300135	4938	94	21.7228723404255	-0.28524952713773	0.28524952713773	-0.329316147508234	0.329316147508234	hypo	case		0.903244398297452	0.7	0.903244398297452	2.8	0.682213840132396	5
chr21	27775820	27780597	4778	114	20.9649122807018	-0.345679163270722	0.345679163270722	-0.331973476852629	0.331973476852629	hypo	case		0.302228654110021	0.7	0.7	2.8	0.682213840132396	5
chr21	28964067	28967807	3741	50	22.974	-0.374672816917452	0.374672816917452	-0.402354158801635	0.402354158801635	hypo	case		0.102931193983682	0.7	0.7	2.8	0.682213840132396	5
chr20	12924819	12927815	2997	61	20.977868852459	-0.209738744548527	0.209738744548527	-0.241238154982475	0.241238154982475	hypo	case		0.82601116337461	0.7	0.82601116337461	2.8	0.682213840132396	5
chr21	7828153	7832046	3894	216	15.1956018518519	-0.231349565406513	0.231349565406513	-0.23116310166872	0.23116310166872	hypo	case		0.236412845926275	0.7	0.7	2.8	0.682213840132396	5
chr21	28782464	28784361	1898	97	22.5860824742268	-0.428180553401589	0.428180553401589	-0.433931427580769	0.433931427580769	hypo	case		0.381657345421096	0.7	0.7	2.8	0.682213840132396	5
chr21	16468415	16472018	3604	62	21.4814516129032	-0.255851521335461	0.255851521335461	-0.267375250841326	0.267375250841326	hypo	case		0.548332401595185	0.7	0.7	2.8	0.682213840132396	5
chr20	54650441	54653265	2825	65	23.9430769230769	-0.320120829305132	0.320120829305132	-0.342061651864581	0.342061651864581	hypo	case		0.12896016064779	0.7	0.7	2.8	0.682213840132396	5
chr21	13066473	13067905	1433	50	24.657	-0.265009987995507	0.265009987995507	-0.300331899105572	0.300331899105572	hypo	case		0.440268573544653	0.7	0.7	2.8	0.682213840132396	5
chr21	19352706	19356260	3555	65	19.8707692307692	-0.347007267281783	0.347007267281783	-0.330904529334372	0.330904529334372	hypo	case		0.416321218940618	0.7	0.7	2.8	0.682213840132396	5
chr21	27836607	27838188	1582	52	24.0413461538462	-0.373207182059661	0.373207182059661	-0.399702037645807	0.399702037645807	hypo	case		0.684815558788912	0.7	0.7	2.8	0.682213840132396	5
chr21	17553079	17556493	3415	78	21.775	-0.313107445254423	0.313107445254423	-0.335752372199697	0.335752372199697	hypo	case		0.334617639228027	0.7	0.7	2.8	0.682213840132396	5
chr20	40852407	40855476	3070	57	20.969298245614	-0.355127400597143	0.355127400597143	-0.346685965682675	0.346685965682675	hypo	case		0.531721638640214	0.7	0.7	2.8	0.682213840132396	5
chr20	3578377	3581535	3159	56	20.1491071428571	-0.348544784206473	0.348544784206473	-0.389091789374345	0.389091789374345	hypo	case		0.329928709050842	0.7	0.7	2.8	0.682213840132396	5
chr21	21569682	21572876	3195	52	20.2567307692308	-0.260858431192734	0.260858431192734	-0.301023210974203	0.301023210974203	hypo	case		0.159256529764209	0.7	0.7	2.8	0.682213840132396	5
chr20	6483116	6487742	4627	67	21.9768656716418	-0.375426803073399	0.375426803073399	-0.387793669767679	0.387793669767679	hypo	case		0.515386472581989	0.7	0.7	2.8	0.682213840132396	5
chr21	39547454	39550545	3092	52	23.5067307692308	-0.270516862447811	0.270516862447811	-0.316752290909199	0.316752290909199	hypo	case		0.329043865669594	0.7	0.7	2.8	0.682213840132396	5
chr20	41922227	41926555	4329	60	21.3191666666667	-0.321537967228853	0.321537967228853	-0.351849950827973	0.351849950827973	hypo	case		0.28531803329345	0.7	0.7	2.8	0.682213840132396	5
chr20	21935311	21939655	4345	56	22.1482142857143	-0.235167579115437	0.235167579115437	-0.24596254044749	0.24596254044749	hypo	case		0.323718376226998	0.7	0.7	2.8	0.682213840132396	5
chr21	31525031	31527515	2485	92	22.8929347826087	-0.319244954047007	0.319244954047007	-0.335279282129161	0.335279282129161	hypo	case		0.154799696910399	0.7	0.7	2.8	0.682213840132396	5
chr20	28509457	28514089	4633	101	43.9455445544554	-0.319495930875041	0.319495930875041	-0.325797586517073	0.325797586517073	hypo	case		0.162593196845683	0.7	0.7	2.8	0.682213840132396	5
chr21	26740822	26744035	3214	76	21.5973684210526	-0.372013411620381	0.372013411620381	-0.387947775810157	0.387947775810157	hypo	case		0.352148099255329	0.7	0.7	2.8	0.682213840132396	5
chr20	42617179	42621535	4357	140	22.3317857142857	-0.356996027459081	0.356996027459081	-0.371158069171751	0.371158069171751	hypo	case		0.297284017250783	0.7	0.7	2.8	0.682213840132396	5
chr20	12506779	12510911	4133	50	20.143	-0.288018859667551	0.288018859667551	-0.286202883048374	0.286202883048374	hypo	case		0.182963189550011	0.7	0.7	2.8	0.682213840132396	5
chr21	37309359	37312132	2774	108	18.1148148148148	-0.327630130273097	0.327630130273097	-0.334620601173865	0.334620601173865	hypo	case		0.0807422578103544	0.7	0.7	2.8	0.682213840132396	5
chr20	29477042	29480820	3779	55	18.0209090909091	0.283701801254837	0.283701801254837	0.295176548924038	0.295176548924038	hyper	case		0.528133900609029	0.7	0.7	2.8	0.682213840132396	5
chr21	28907201	28910663	3463	71	21.6725352112676	-0.344840034359906	0.344840034359906	-0.376497787154826	0.376497787154826	hypo	case		0.288466639052827	0.7	0.7	2.8	0.682213840132396	5
chr20	24842134	24844998	2865	57	19.6114035087719	-0.309973933105392	0.309973933105392	-0.321825650442238	0.321825650442238	hypo	case		0.324211909468073	0.7	0.7	2.8	0.682213840132396	5
chr20	4095408	4098276	2869	59	22.171186440678	-0.361171146927585	0.361171146927585	-0.378146696583151	0.378146696583151	hypo	case		0.228009141254005	0.7	0.7	2.8	0.682213840132396	5
chr21	14917566	14921752	4187	96	19.55625	-0.275812951604636	0.275812951604636	-0.298750780329729	0.298750780329729	hypo	case		0.650402605828526	0.7	0.7	2.8	0.682213840132396	5
chr21	22029469	22033106	3638	62	21.2935483870968	-0.285989996639815	0.285989996639815	-0.29446553968576	0.29446553968576	hypo	case		0.129890655654363	0.7	0.7	2.8	0.682213840132396	5
chr21	27913636	27917106	3471	50	20.955	-0.318783453284185	0.318783453284185	-0.294604533424008	0.294604533424008	hypo	case		0.147092893594695	0.7	0.7	2.8	0.682213840132396	5
chr20	1576644	1580147	3504	79	14.0240506329114	-0.337480847469238	0.337480847469238	-0.383328760562726	0.383328760562726	hypo	case		0.159422721777199	0.7	0.7	2.8	0.682213840132396	5
chr20	40014513	40018357	3845	55	22.3527272727273	-0.31971527026134	0.31971527026134	-0.312052673652706	0.312052673652706	hypo	case		0.306187039711118	0.7	0.7	2.8	0.682213840132396	5
chr21	27140395	27142548	2154	57	21.7561403508772	-0.297998221090865	0.297998221090865	-0.315804498460178	0.315804498460178	hypo	case		0.1251318298199	0.7	0.7	2.8	0.682213840132396	5
chr21	32150946	32154728	3783	68	21.475	-0.344230287671959	0.344230287671959	-0.374662024597819	0.374662024597819	hypo	case		0.627270167569157	0.7	0.7	2.8	0.682213840132396	5
chr20	10709378	10714077	4700	66	22.5636363636364	-0.259445579250547	0.259445579250547	-0.247000299792075	0.247000299792075	hypo	case		0.425741755122036	0.7	0.7	2.8	0.682213840132396	5
chr20	15635310	15639527	4218	78	21.5301282051282	-0.287742259264639	0.287742259264639	-0.305979277653969	0.305979277653969	hypo	case		0.428042914980159	0.7	0.7	2.8	0.682213840132396	5
chr21	27591370	27596071	4702	54	21.3092592592593	-0.31949576362824	0.31949576362824	-0.32353090659037	0.32353090659037	hypo	case		0.144394402913166	0.7	0.7	2.8	0.682213840132396	5
chr20	6694645	6699305	4661	118	23.714406779661	-0.322453095537537	0.322453095537537	-0.334456547675239	0.334456547675239	hypo	case		0.0836612760073907	0.7	0.7	2.8	0.682213840132396	5
chr20	42311697	42314484	2788	52	21.5548076923077	-0.277937473795408	0.277937473795408	-0.28219957310032	0.28219957310032	hypo	case		0.512745575525083	0.7	0.7	2.8	0.682213840132396	5
chr21	30866721	30870751	4031	58	20.1362068965517	-0.243243414524759	0.243243414524759	-0.266329087006551	0.266329087006551	hypo	case		0.625493791004574	0.7	0.7	2.8	0.682213840132396	5
chr20	48917275	48920381	3107	61	23.3811475409836	-0.290266239195587	0.290266239195587	-0.283495555610957	0.283495555610957	hypo	case		0.881726643426257	0.7	0.881726643426257	2.8	0.682213840132396	5
chr20	18370102	18374453	4352	63	23.1801587301587	-0.348511526636362	0.348511526636362	-0.36655735491089	0.36655735491089	hypo	case		0.318384602650362	0.7	0.7	2.8	0.682213840132396	5
chr21	21625577	21629833	4257	64	23.2640625	-0.26651625942838	0.26651625942838	-0.276973327237625	0.276973327237625	hypo	case		0.441756228301701	0.7	0.7	2.8	0.682213840132396	5
chr21	17483272	17487087	3816	184	20.1788043478261	-0.377085965234495	0.377085965234495	-0.378144732344623	0.378144732344623	hypo	case		0.33481423235629	0.7	0.7	2.8	0.682213840132396	5
chr20	34142090	34146353	4264	116	22.7491379310345	-0.363489270197594	0.363489270197594	-0.372616468207998	0.372616468207998	hypo	case		0.458154920179544	0.7	0.7	2.8	0.682213840132396	5
chr20	40181377	40184975	3599	54	19.1814814814815	-0.327107245669334	0.327107245669334	-0.342232225696776	0.342232225696776	hypo	case		0.367053425098824	0.7	0.7	2.8	0.682213840132396	5
chr20	55192633	55195263	2631	63	20.784126984127	-0.247376127866739	0.247376127866739	-0.273101101919808	0.273101101919808	hypo	case		0.091328743048821	0.7	0.7	2.8	0.682213840132396	5
chr21	6358747	6363640	4894	78	28.6185897435897	-0.301598712801891	0.301598712801891	-0.309784880041004	0.309784880041004	hypo	case		0.875169307249445	0.7	0.875169307249445	2.8	0.682213840132396	5
chr20	15909546	15912739	3194	102	21.8166666666667	-0.383612008643925	0.383612008643925	-0.394467725029483	0.394467725029483	hypo	case		0.345944716623825	0.7	0.7	2.8	0.682213840132396	5
chr20	6870542	6873551	3010	64	21.41640625	0.208834217960171	0.208834217960171	0.230554346047374	0.230554346047374	hyper	case		0.810671209605821	0.7	0.810671209605821	2.8	0.682213840132396	5
chr21	15353749	15356802	3054	60	20.8541666666667	-0.343862755138427	0.343862755138427	-0.368762793195545	0.368762793195545	hypo	case		0.189922969625207	0.7	0.7	2.8	0.682213840132396	5
chr20	2405933	2409699	3767	72	23.8784722222222	-0.284886218685151	0.284886218685151	-0.303120797134887	0.303120797134887	hypo	case		0.255810026602714	0.7	0.7	2.8	0.682213840132396	5
chr20	60465188	60470049	4862	110	22.3263636363636	-0.243294559386101	0.243294559386101	-0.279676977366672	0.279676977366672	hypo	case		0.642558859907686	0.7	0.7	2.8	0.682213840132396	5
chr21	18259335	18262597	3263	50	22.47	-0.324468248196728	0.324468248196728	-0.348587257316275	0.348587257316275	hypo	case		0.636445621979456	0.7	0.7	2.8	0.682213840132396	5
chr20	20345642	20346973	1332	69	23.5434782608696	-0.367680838038488	0.367680838038488	-0.392340500360365	0.392340500360365	hypo	case		0.504162383139315	0.7	0.7	2.8	0.682213840132396	5
chr21	22846181	22850618	4438	70	21.8857142857143	-0.377763624126829	0.377763624126829	-0.379565253925029	0.379565253925029	hypo	case		0.575835830736805	0.7	0.7	2.8	0.682213840132396	5
chr21	16045391	16049327	3937	94	22.8372340425532	-0.360042085708884	0.360042085708884	-0.364980022390087	0.364980022390087	hypo	case		0.512114763181399	0.7	0.7	2.8	0.682213840132396	5
chr20	31716523	31719449	2927	58	22.4793103448276	0.282222653676957	0.282222653676957	0.29041829841096	0.29041829841096	hyper	case		0.485967784646215	0.7	0.7	2.8	0.682213840132396	5
chr21	46472321	46474976	2656	56	22.3866071428571	-0.324096019212624	0.324096019212624	-0.300694553486829	0.300694553486829	hypo	case		0.202747169697369	0.7	0.7	2.8	0.682213840132396	5
chr20	39528096	39531877	3782	50	21.168	-0.21479100278976	0.21479100278976	-0.239825067237403	0.239825067237403	hypo	case		0.318054624908917	0.7	0.7	2.8	0.682213840132396	5
chr20	31247300	31249447	2148	78	23.1102564102564	-0.334986061817304	0.334986061817304	-0.327967658232161	0.327967658232161	hypo	case		0.277354019604689	0.7	0.7	2.8	0.682213840132396	5
chr20	15357655	15359217	1563	54	24.1194444444444	-0.305449437684684	0.305449437684684	-0.333001092171747	0.333001092171747	hypo	case		0.159755399323147	0.7	0.7	2.8	0.682213840132396	5
chr20	42798705	42801325	2621	59	22.3661016949153	-0.298304506624433	0.298304506624433	-0.29297810892319	0.29297810892319	hypo	case		0.463764337444818	0.7	0.7	2.8	0.682213840132396	5
chr20	41768892	41771740	2849	58	21.5991379310345	-0.274511744635849	0.274511744635849	-0.273299146880852	0.273299146880852	hypo	case		0.228266931783687	0.7	0.7	2.8	0.682213840132396	5
chr20	51981917	51983847	1931	71	20.9246478873239	-0.39773998354107	0.39773998354107	-0.399348122741876	0.399348122741876	hypo	case		0.176120866872132	0.7	0.7	2.8	0.682213840132396	5
chr20	48169295	48172481	3187	100	22.1395	-0.353675029023859	0.353675029023859	-0.357658086880819	0.357658086880819	hypo	case		0.354296144586915	0.7	0.7	2.8	0.682213840132396	5
chr21	16356160	16357848	1689	58	22.1362068965517	-0.417578663116374	0.417578663116374	-0.46671051207114	0.46671051207114	hypo	case		0.682518045578068	0.7	0.7	2.8	0.682213840132396	5
chr21	23635395	23637575	2181	65	20.2923076923077	-0.397059583813609	0.397059583813609	-0.388963166163211	0.388963166163211	hypo	case		0.656553981990115	0.7	0.7	2.8	0.682213840132396	5
chr21	38047597	38051238	3642	81	22.6611111111111	-0.283206787111027	0.283206787111027	-0.286931370635787	0.286931370635787	hypo	case		0.239778956487059	0.7	0.7	2.8	0.682213840132396	5
chr21	20151147	20155087	3941	54	19.9796296296296	-0.291988389398713	0.291988389398713	-0.324502230761257	0.324502230761257	hypo	case		0.146012925572688	0.7	0.7	2.8	0.682213840132396	5
chr21	27825826	27826902	1077	74	21.0290540540541	-0.386523722492925	0.386523722492925	-0.419406799850644	0.419406799850644	hypo	case		0.156539540505814	0.7	0.7	2.8	0.682213840132396	5
chr20	25346104	25349773	3670	107	23.4046728971963	-0.352104113563546	0.352104113563546	-0.349410924030232	0.349410924030232	hypo	case		0.250466075154956	0.7	0.7	2.8	0.682213840132396	5
chr20	30853708	30856304	2597	82	49.0658536585366	-0.297302867386067	0.297302867386067	-0.295697368196947	0.295697368196947	hypo	case		0.99	0.7	0.99	2.8	0.682213840132396	5
chr20	37025247	37028941	3695	104	21.6581730769231	-0.389884551784265	0.389884551784265	-0.39537523274989	0.39537523274989	hypo	case		0.089889008445257	0.7	0.7	2.8	0.682213840132396	5
chr20	32852230	32855664	3435	66	23.3719696969697	-0.230994374574887	0.230994374574887	-0.277159300254835	0.277159300254835	hypo	case		0.371996605195721	0.7	0.7	2.8	0.682213840132396	5
chr20	34638684	34642257	3574	80	22.275	-0.312627762589396	0.312627762589396	-0.330079718643108	0.330079718643108	hypo	case		0.178525617185733	0.7	0.7	2.8	0.682213840132396	5
chr20	30861597	30864006	2410	50	31.948	-0.254698194406426	0.254698194406426	-0.267386415708392	0.267386415708392	hypo	case		0.29251494549879	0.7	0.7	2.8	0.682213840132396	5
chr20	39326252	39330685	4434	66	23.3128787878788	-0.336138623611194	0.336138623611194	-0.333024114537338	0.333024114537338	hypo	case		0.261794505184913	0.7	0.7	2.8	0.682213840132396	5
chr21	37369428	37372242	2815	50	21.119	0.268700663322689	0.268700663322689	0.281964253722679	0.281964253722679	hyper	case		0.195604367081448	0.7	0.7	2.8	0.682213840132396	5
chr21	21003530	21006735	3206	52	21.2913461538462	-0.320060675724989	0.320060675724989	-0.331668863302132	0.331668863302132	hypo	case		0.115739697785437	0.7	0.7	2.8	0.682213840132396	5
chr20	7976079	7978442	2364	54	22.7685185185185	-0.263129590680585	0.263129590680585	-0.259772138115099	0.259772138115099	hypo	case		0.342311229251434	0.7	0.7	2.8	0.682213840132396	5
chr20	22000219	22003335	3117	74	23.172972972973	-0.316699911576902	0.316699911576902	-0.318672282122847	0.318672282122847	hypo	case		0.310209276271369	0.7	0.7	2.8	0.682213840132396	5
chr21	32400179	32404038	3860	114	22.9925438596491	-0.293228323282625	0.293228323282625	-0.334562214845483	0.334562214845483	hypo	case		0.233671924395928	0.7	0.7	2.8	0.682213840132396	5
chr20	41565157	41568252	3096	52	20.9048076923077	-0.269494762347552	0.269494762347552	-0.260354801954804	0.260354801954804	hypo	case		0.449380485096381	0.7	0.7	2.8	0.682213840132396	5
chr20	28805589	28809703	4115	80	61.19875	-0.251076905136868	0.251076905136868	-0.277477156141848	0.277477156141848	hypo	case		0.694480439437359	0.7	0.7	2.8	0.682213840132396	5
chr21	21541625	21545862	4238	50	24.579	-0.257154514543785	0.257154514543785	-0.270083868861215	0.270083868861215	hypo	case		0.310918280199584	0.7	0.7	2.8	0.682213840132396	5
chr20	22828035	22832361	4327	52	21.1615384615385	-0.220334323421944	0.220334323421944	-0.256243293087288	0.256243293087288	hypo	case		0.626188272145892	0.7	0.7	2.8	0.682213840132396	5
chr20	50156576	50160176	3601	128	23.422265625	-0.273887755779039	0.273887755779039	-0.284629169091561	0.284629169091561	hypo	case		0.467894219682815	0.7	0.7	2.8	0.682213840132396	5
chr20	10422255	10425292	3038	74	23.6040540540541	0.307585468013999	0.307585468013999	0.309667377647026	0.309667377647026	hyper	case		0.524133313738988	0.7	0.7	2.8	0.682213840132396	5
chr20	55464699	55467935	3237	50	23.673	-0.318947420112819	0.318947420112819	-0.330313854580154	0.330313854580154	hypo	case		0.43037240156573	0.7	0.7	2.8	0.682213840132396	5
chr21	34652402	34655868	3467	70	22.475	-0.329348634216049	0.329348634216049	-0.318796287141553	0.318796287141553	hypo	case		0.265468957576825	0.7	0.7	2.8	0.682213840132396	5
chr20	8681955	8685686	3732	118	21.5906779661017	-0.37411021106362	0.37411021106362	-0.365446373815036	0.365446373815036	hypo	case		0.240067221297707	0.7	0.7	2.8	0.682213840132396	5
chr20	55496542	55500796	4255	89	18.7674157303371	-0.330994541206989	0.330994541206989	-0.347178832199821	0.347178832199821	hypo	case		0.413044503896177	0.7	0.7	2.8	0.682213840132396	5
chr21	41266274	41270896	4623	90	20.5138888888889	-0.34299844635619	0.34299844635619	-0.352571539459456	0.352571539459456	hypo	case		0.380320677382217	0.7	0.7	2.8	0.682213840132396	5
chr21	38602182	38605930	3749	114	20.7986842105263	-0.349624957488314	0.349624957488314	-0.365656736825674	0.365656736825674	hypo	case		0.287686049264762	0.7	0.7	2.8	0.682213840132396	5
chr20	9405919	9409553	3635	80	22.413125	-0.178057700670493	0.178057700670493	-0.225224225833018	0.225224225833018	hypo	case		0.615283993163029	0.7	0.7	2.8	0.682213840132396	5
chr21	29996582	30001514	4933	62	21.1008064516129	-0.299127485743963	0.299127485743963	-0.312532744632792	0.312532744632792	hypo	case		0.586504756069436	0.7	0.7	2.8	0.682213840132396	5
chr21	17870762	17874739	3978	52	20.4057692307692	-0.374301176187599	0.374301176187599	-0.384859103784629	0.384859103784629	hypo	case		0.47005512152261	0.7	0.7	2.8	0.682213840132396	5
chr21	13242966	13245475	2510	52	20.4980769230769	-0.273515045462295	0.273515045462295	-0.306613438344543	0.306613438344543	hypo	case		0.152466519385574	0.7	0.7	2.8	0.682213840132396	5
chr21	26595158	26598025	2868	54	23.6787037037037	-0.331729544142888	0.331729544142888	-0.359498750218405	0.359498750218405	hypo	case		0.47141454975319	0.7	0.7	2.8	0.682213840132396	5
chr21	27349690	27353455	3766	60	22.7391666666667	-0.356188399380834	0.356188399380834	-0.352057661718426	0.352057661718426	hypo	case		0.282108779757442	0.7	0.7	2.8	0.682213840132396	5
chr21	28095704	28099599	3896	80	22.820625	-0.289910379829523	0.289910379829523	-0.273365034612045	0.273365034612045	hypo	case		0.140535957032417	0.7	0.7	2.8	0.682213840132396	5
chr20	5213455	5218299	4845	90	20.9061111111111	-0.31271437905519	0.31271437905519	-0.324895247697588	0.324895247697588	hypo	case		0.913940368951574	0.7	0.913940368951574	2.8	0.682213840132396	5
chr21	29634554	29638529	3976	60	22.8175	-0.276337155198456	0.276337155198456	-0.301359654934869	0.301359654934869	hypo	case		0.144009701800409	0.7	0.7	2.8	0.682213840132396	5
chr20	16584520	16588586	4067	84	20.8904761904762	-0.349426462765191	0.349426462765191	-0.357559936320978	0.357559936320978	hypo	case		0.396684202451032	0.7	0.7	2.8	0.682213840132396	5
chr20	60395891	60399704	3814	97	20.4979381443299	-0.287898156515495	0.287898156515495	-0.30390289878409	0.30390289878409	hypo	case		0.123616565435344	0.7	0.7	2.8	0.682213840132396	5
chr21	21939536	21943912	4377	98	22.3418367346939	-0.328310143916098	0.328310143916098	-0.359401809104979	0.359401809104979	hypo	case		0.2880806567448	0.7	0.7	2.8	0.682213840132396	5
chr20	31396332	31401052	4721	111	21.1738738738739	-0.27822541077848	0.27822541077848	-0.306489852782171	0.306489852782171	hypo	case		0.194630406550577	0.7	0.7	2.8	0.682213840132396	5
chr21	18872471	18877064	4594	120	21.3233333333333	-0.388924155980422	0.388924155980422	-0.39420871957798	0.39420871957798	hypo	case		0.135648444803974	0.7	0.7	2.8	0.682213840132396	5
chr20	32029657	32032142	2486	177	22.6070621468927	0.391200835844731	0.391200835844731	0.389151430613226	0.389151430613226	hyper	case		0.293288540549719	0.7	0.7	2.8	0.682213840132396	5
chr20	19098085	19101255	3171	78	21.9185897435897	-0.287175225606022	0.287175225606022	-0.293485000332588	0.293485000332588	hypo	case		0.538045283145582	0.7	0.7	2.8	0.682213840132396	5
chr21	30563197	30565349	2153	51	21.4156862745098	-0.346132913290148	0.346132913290148	-0.374168254078095	0.374168254078095	hypo	case		0.419383701621957	0.7	0.7	2.8	0.682213840132396	5
chr20	14381376	14383583	2208	76	22.8631578947368	-0.401288795255372	0.401288795255372	-0.39578254923028	0.39578254923028	hypo	case		0.439699167250399	0.7	0.7	2.8	0.682213840132396	5
chr21	37409058	37411313	2256	50	22.691	-0.280918043109793	0.280918043109793	-0.297458525571447	0.297458525571447	hypo	case		0.57077097265467	0.7	0.7	2.8	0.682213840132396	5
chr20	6127639	6130771	3133	58	20.7862068965517	-0.291400172029705	0.291400172029705	-0.298204577083385	0.298204577083385	hypo	case		0.327295686978878	0.7	0.7	2.8	0.682213840132396	5
chr20	53245900	53248264	2365	68	25.3125	-0.356257631115251	0.356257631115251	-0.367765044661183	0.367765044661183	hypo	case		0.188468162816314	0.7	0.7	2.8	0.682213840132396	5
chr20	10919322	10923368	4047	60	22.6366666666667	-0.289923240167253	0.289923240167253	-0.298972089871499	0.298972089871499	hypo	case		0.229761783202554	0.7	0.7	2.8	0.682213840132396	5
chr20	55011388	55015983	4596	76	22.1875	-0.3120134091142	0.3120134091142	-0.299620061303068	0.299620061303068	hypo	case		0.99	0.7	0.99	2.8	0.682213840132396	5
chr21	15824655	15827766	3112	66	19.9545454545455	0.264025683293165	0.264025683293165	0.23972994267847	0.23972994267847	hyper	case		0.663663194914549	0.7	0.7	2.8	0.682213840132396	5
chr20	8964158	8967836	3679	54	22.9148148148148	-0.303564717100111	0.303564717100111	-0.302177545083997	0.302177545083997	hypo	case		0.105099988808114	0.7	0.7	2.8	0.682213840132396	5
chr20	54851382	54855267	3886	50	23.29	-0.364001605893473	0.364001605893473	-0.379228420734184	0.379228420734184	hypo	case		0.584327266823833	0.7	0.7	2.8	0.682213840132396	5
chr21	20821096	20825837	4742	74	19.8912162162162	-0.362050080309389	0.362050080309389	-0.367977300553055	0.367977300553055	hypo	case		0.484579921953986	0.7	0.7	2.8	0.682213840132396	5
chr21	5246114	5249198	3085	50	57.34	-0.268435042457597	0.268435042457597	-0.28664217906605	0.28664217906605	hypo	case		0.30651803139975	0.7	0.7	2.8	0.682213840132396	5
chr20	9645615	9648666	3052	50	24.425	-0.351959698609338	0.351959698609338	-0.343498819445124	0.343498819445124	hypo	case		0.180058958055589	0.7	0.7	2.8	0.682213840132396	5
chr20	872595	876681	4087	118	24.0677966101695	-0.328483743969325	0.328483743969325	-0.350195312532992	0.350195312532992	hypo	case		0.229492188796668	0.7	0.7	2.8	0.682213840132396	5
chr20	40534108	40536167	2060	54	19.9796296296296	-0.262210470833095	0.262210470833095	-0.318064011948918	0.318064011948918	hypo	case		0.247429200544645	0.7	0.7	2.8	0.682213840132396	5
chr20	45510303	45513095	2793	54	24.4740740740741	-0.258123297670153	0.258123297670153	-0.287535883204161	0.287535883204161	hypo	case		0.547300217750441	0.7	0.7	2.8	0.682213840132396	5
chr20	56237332	56240591	3260	50	22.99	-0.321365204074865	0.321365204074865	-0.34890019489007	0.34890019489007	hypo	case		0.529939382895005	0.7	0.7	2.8	0.682213840132396	5
chr20	27424824	27427542	2719	70	21.4428571428571	-0.322411287259954	0.322411287259954	-0.341000020046712	0.341000020046712	hypo	case		0.473127654177018	0.7	0.7	2.8	0.682213840132396	5
chr20	49420998	49423269	2272	50	21.684	-0.302368818087856	0.302368818087856	-0.312186554617288	0.312186554617288	hypo	case		0.140205462345827	0.7	0.7	2.8	0.682213840132396	5
chr20	39394708	39399379	4672	82	25.6469512195122	-0.382203835250917	0.382203835250917	-0.397501583778352	0.397501583778352	hypo	case		0.427657867300942	0.7	0.7	2.8	0.682213840132396	5
chr21	22066057	22070601	4545	54	22.3685185185185	-0.363780783020604	0.363780783020604	-0.363004797293317	0.363004797293317	hypo	case		0.219675920481441	0.7	0.7	2.8	0.682213840132396	5
chr20	18127242	18131315	4074	71	23.6457746478873	-0.315140767205279	0.315140767205279	-0.320710081735322	0.320710081735322	hypo	case		0.418758704095767	0.7	0.7	2.8	0.682213840132396	5
chr20	12815934	12820159	4226	51	21.728431372549	-0.346943878583401	0.346943878583401	-0.346067618432389	0.346067618432389	hypo	case		0.946057290482361	0.7	0.946057290482361	2.8	0.682213840132396	5
chr21	35369860	35372781	2922	58	19.5818965517241	-0.375274053895745	0.375274053895745	-0.404307489901428	0.404307489901428	hypo	case		0.205016113142259	0.7	0.7	2.8	0.682213840132396	5
chr20	59369748	59373872	4125	96	24.0296875	-0.360595068081497	0.360595068081497	-0.363900623823365	0.363900623823365	hypo	case		0.691657335999492	0.7	0.7	2.8	0.682213840132396	5
chr20	13990418	13993409	2992	68	22.5205882352941	-0.326375148391136	0.326375148391136	-0.340762328737649	0.340762328737649	hypo	case		0.146310223321411	0.7	0.7	2.8	0.682213840132396	5
chr20	52339716	52342499	2784	92	22.2364130434783	-0.392245217431758	0.392245217431758	-0.397327990634056	0.397327990634056	hypo	case		0.245952384833196	0.7	0.7	2.8	0.682213840132396	5
chr21	32297490	32301931	4442	242	20.4537190082645	-0.365960532263424	0.365960532263424	-0.374536443640567	0.374536443640567	hypo	case		0.502421738512551	0.7	0.7	2.8	0.682213840132396	5
chr20	1753711	1756992	3282	60	24.3133333333333	-0.315628784009702	0.315628784009702	-0.321486628354921	0.321486628354921	hypo	case		0.277172661552286	0.7	0.7	2.8	0.682213840132396	5
chr20	22860317	22863131	2815	90	22.1661111111111	-0.318713210142118	0.318713210142118	-0.347997091198704	0.347997091198704	hypo	case		0.543944656079234	0.7	0.7	2.8	0.682213840132396	5
chr20	2430307	2435036	4730	107	21.0822429906542	-0.33647285852549	0.33647285852549	-0.348613011703583	0.348613011703583	hypo	case		0.227423575346004	0.7	0.7	2.8	0.682213840132396	5
chr21	30874296	30878192	3897	72	20.4986111111111	-0.334455150158803	0.334455150158803	-0.355788552336857	0.355788552336857	hypo	case		0.509464419889136	0.7	0.7	2.8	0.682213840132396	5
chr20	34896769	34901348	4580	173	20.721676300578	-0.371283129004519	0.371283129004519	-0.37450645821398	0.37450645821398	hypo	case		0.40462440597334	0.7	0.7	2.8	0.682213840132396	5
chr21	10566694	10569764	3071	54	50.4027777777778	0.15275055647509	0.15275055647509	0.154327144111489	0.154327144111489	hyper	case		0.490716639120289	0.7	0.7	2.8	0.682213840132396	5
chr20	877205	882180	4976	106	22.7452830188679	-0.346714388106715	0.346714388106715	-0.346966677929936	0.346966677929936	hypo	case		0.389260137788535	0.7	0.7	2.8	0.682213840132396	5
chr21	9535204	9537964	2761	60	26.015	-0.286179498354031	0.286179498354031	-0.293753158533699	0.293753158533699	hypo	case		0.0850539329794745	0.7	0.7	2.8	0.682213840132396	5
chr20	18714559	18717516	2958	50	21.782	-0.388934073275951	0.388934073275951	-0.409961539257096	0.409961539257096	hypo	case		0.377634892186102	0.7	0.7	2.8	0.682213840132396	5
chr20	11352522	11356820	4299	59	21.8593220338983	-0.322004857611245	0.322004857611245	-0.333719544741967	0.333719544741967	hypo	case		0.54606924110255	0.7	0.7	2.8	0.682213840132396	5
chr20	17165503	17170478	4976	97	22.4159793814433	-0.272126931178655	0.272126931178655	-0.286689444370576	0.286689444370576	hypo	case		0.0516545434636777	0.7	0.7	2.8	0.682213840132396	5
chr21	35174938	35178378	3441	60	22.2991666666667	-0.280235732280875	0.280235732280875	-0.280145827767803	0.280145827767803	hypo	case		0.036790380709717	0.7	0.7	2.8	0.682213840132396	5
chr20	41766151	41768369	2219	66	21.5651515151515	-0.347024594098351	0.347024594098351	-0.377181393565852	0.377181393565852	hypo	case		0.419868938401724	0.7	0.7	2.8	0.682213840132396	5
chr21	21086286	21090082	3797	84	20.9684523809524	-0.331206986637391	0.331206986637391	-0.362542242133417	0.362542242133417	hypo	case		0.26212795699399	0.7	0.7	2.8	0.682213840132396	5
chr20	5879574	5882440	2867	80	22.93625	-0.296942636412825	0.296942636412825	-0.29304190393546	0.29304190393546	hypo	case		0.113655041031576	0.7	0.7	2.8	0.682213840132396	5
chr20	6139523	6143192	3670	68	20.6110294117647	0.285326944667423	0.285326944667423	0.296616653041309	0.296616653041309	hyper	case		0.0553725348698878	0.7	0.7	2.8	0.682213840132396	5
chr20	57848861	57851212	2352	72	21.2277777777778	-0.375659246487785	0.375659246487785	-0.387527427220303	0.387527427220303	hypo	case		0.336748093766188	0.7	0.7	2.8	0.682213840132396	5
chr20	14694979	14698360	3382	50	20.049	0.25878304550635	0.25878304550635	0.286699400831071	0.286699400831071	hyper	case		0.672197763457718	0.7	0.7	2.8	0.682213840132396	5
chr20	47293740	47296150	2411	65	23.5369230769231	0.286615949590991	0.286615949590991	0.282316584597939	0.282316584597939	hyper	case		0.227024952010967	0.7	0.7	2.8	0.682213840132396	5
chr20	28736402	28738608	2207	63	28.4984126984127	-0.40263997618639	0.40263997618639	-0.388366296435637	0.388366296435637	hypo	case		0.220205870289672	0.7	0.7	2.8	0.682213840132396	5
chr21	24800814	24804142	3329	50	20.765	-0.291554276522072	0.291554276522072	-0.329627781455479	0.329627781455479	hypo	case		0.51258832457959	0.7	0.7	2.8	0.682213840132396	5
chr21	27143148	27148143	4996	189	21.2719576719577	-0.314567987413542	0.314567987413542	-0.328305857681752	0.328305857681752	hypo	case		0.164231146293851	0.7	0.7	2.8	0.682213840132396	5
chr21	23473780	23476294	2515	54	20.1740740740741	-0.383037806498962	0.383037806498962	-0.39104812751137	0.39104812751137	hypo	case		0.412514504473536	0.7	0.7	2.8	0.682213840132396	5
chr21	36562559	36564585	2027	53	24.2018867924528	-0.375175905573381	0.375175905573381	-0.394778618249993	0.394778618249993	hypo	case		0.527832347083638	0.7	0.7	2.8	0.682213840132396	5
chr21	31311706	31314069	2364	50	20.443	-0.28687438298918	0.28687438298918	-0.282006145463811	0.282006145463811	hypo	case		0.144304092982417	0.7	0.7	2.8	0.682213840132396	5
chr21	30294815	30298022	3208	52	22.3884615384615	-0.285381646857321	0.285381646857321	-0.296507266760819	0.296507266760819	hypo	case		0.102801347001968	0.7	0.7	2.8	0.682213840132396	5
chr21	7285823	7290628	4806	76	63.9822368421053	-0.318241843122744	0.318241843122744	-0.3206625737459	0.3206625737459	hypo	case		0.43118934549235	0.7	0.7	2.8	0.682213840132396	5
chr20	33172311	33174890	2580	88	22.8392045454546	-0.317751997229415	0.317751997229415	-0.333481063878824	0.333481063878824	hypo	case		0.229156483484327	0.7	0.7	2.8	0.682213840132396	5
chr20	37542361	37544525	2165	50	22.867	-0.328616790708339	0.328616790708339	-0.357087171032042	0.357087171032042	hypo	case		0.441237000337985	0.7	0.7	2.8	0.682213840132396	5
chr21	34171111	34174293	3183	56	21.6732142857143	-0.369651988669829	0.369651988669829	-0.382250131610065	0.382250131610065	hypo	case		0.229292482450302	0.7	0.7	2.8	0.682213840132396	5
chr20	20602707	20606501	3795	74	20.7878378378378	0.272071195739559	0.272071195739559	0.305364449458498	0.305364449458498	hyper	case		0.191128694295735	0.7	0.7	2.8	0.682213840132396	5
chr20	56325475	56329618	4144	80	23.231875	-0.250542096489221	0.250542096489221	-0.256242613934241	0.256242613934241	hypo	case		0.362712237242611	0.7	0.7	2.8	0.682213840132396	5
chr20	25606607	25609091	2485	56	22.3901785714286	-0.280482174363409	0.280482174363409	-0.292313187045911	0.292313187045911	hypo	case		0.225286248476676	0.7	0.7	2.8	0.682213840132396	5
chr20	16242430	16245418	2989	63	24.302380952381	-0.309226077024113	0.309226077024113	-0.332459483645413	0.332459483645413	hypo	case		0.326325641977725	0.7	0.7	2.8	0.682213840132396	5
chr20	6029244	6034127	4884	100	21.6335	-0.349259859701226	0.349259859701226	-0.359319567278308	0.359319567278308	hypo	case		0.278633101681933	0.7	0.7	2.8	0.682213840132396	5
chr20	38845038	38848115	3078	59	20.7415254237288	-0.352916021087843	0.352916021087843	-0.354368646198298	0.354368646198298	hypo	case		0.338218228601256	0.7	0.7	2.8	0.682213840132396	5
chr20	1143888	1147450	3563	75	21.9206666666667	0.22415307610584	0.22415307610584	0.236440035872149	0.236440035872149	hyper	case		0.0465963368482034	0.7	0.7	2.8	0.682213840132396	5
chr21	21525237	21529981	4745	50	23.524	-0.31930571836249	0.31930571836249	-0.310716317647984	0.310716317647984	hypo	case		0.331811261756872	0.7	0.7	2.8	0.682213840132396	5
chr20	50516029	50518778	2750	52	18.3557692307692	0.284662987911782	0.284662987911782	0.288710865321188	0.288710865321188	hyper	case		0.251874980889639	0.7	0.7	2.8	0.682213840132396	5
chr21	46460716	46464762	4047	98	21.3040816326531	-0.269819409028403	0.269819409028403	-0.299362085170254	0.299362085170254	hypo	case		0.262337286943687	0.7	0.7	2.8	0.682213840132396	5
chr20	26672031	26675620	3590	69	16.4065217391304	-0.35978680723675	0.35978680723675	-0.377582478734282	0.377582478734282	hypo	case		0.323351339526996	0.7	0.7	2.8	0.682213840132396	5
chr20	2581461	2584932	3472	95	22.3315789473684	-0.373235690049545	0.373235690049545	-0.402507482562177	0.402507482562177	hypo	case		0.321319616675735	0.7	0.7	2.8	0.682213840132396	5
chr21	24113166	24115290	2125	62	22.9854838709677	-0.308493284145983	0.308493284145983	-0.322347621169592	0.322347621169592	hypo	case		0.359637237953152	0.7	0.7	2.8	0.682213840132396	5
chr21	24691771	24695366	3596	54	21.8962962962963	-0.34817320349453	0.34817320349453	-0.352951333150202	0.352951333150202	hypo	case		0.246429194736528	0.7	0.7	2.8	0.682213840132396	5
chr21	23035947	23040404	4458	60	21.0916666666667	-0.326158533579425	0.326158533579425	-0.349440634991974	0.349440634991974	hypo	case		0.11684149655215	0.7	0.7	2.8	0.682213840132396	5
chr20	5438767	5442744	3978	60	19.9183333333333	-0.284540570350752	0.284540570350752	-0.279373693047498	0.279373693047498	hypo	case		0.260722808216572	0.7	0.7	2.8	0.682213840132396	5
chr20	30880275	30883180	2906	64	25.78984375	-0.368415033442936	0.368415033442936	-0.35821152920622	0.35821152920622	hypo	case		0.367545871401599	0.7	0.7	2.8	0.682213840132396	5
chr20	20844184	20845432	1249	66	24.7287878787879	-0.37368955784943	0.37368955784943	-0.368646963129007	0.368646963129007	hypo	case		0.523231091232522	0.7	0.7	2.8	0.682213840132396	5
chr20	5830148	5834177	4030	98	22.0989795918367	-0.28377911867981	0.28377911867981	-0.308176327446467	0.308176327446467	hypo	case		0.795174780228391	0.7	0.795174780228391	2.8	0.682213840132396	5
chr20	11940422	11944187	3766	59	19.6466101694915	-0.365549336356225	0.365549336356225	-0.363892452757727	0.363892452757727	hypo	case		0.426749811110846	0.7	0.7	2.8	0.682213840132396	5
chr21	26070214	26073574	3361	60	23.42	0.307076555167629	0.307076555167629	0.290983532766584	0.290983532766584	hyper	case		0.7055913679135	0.7	0.7055913679135	2.8	0.682213840132396	5
chr21	14165857	14168740	2884	80	20.431875	-0.327531305516269	0.327531305516269	-0.356277557601773	0.356277557601773	hypo	case		0.437738274762128	0.7	0.7	2.8	0.682213840132396	5
chr20	52060353	52063360	3008	76	21.8881578947368	-0.277003738445773	0.277003738445773	-0.278954543584826	0.278954543584826	hypo	case		0.15983553586061	0.7	0.7	2.8	0.682213840132396	5
chr20	34589323	34591021	1699	76	23.3914473684211	-0.359277372499726	0.359277372499726	-0.36177009118151	0.36177009118151	hypo	case		0.316751110435504	0.7	0.7	2.8	0.682213840132396	5
chr21	5230525	5233801	3277	96	106.7296875	-0.275141166893346	0.275141166893346	-0.266828178586743	0.266828178586743	hypo	case		0.730678588181148	0.7	0.730678588181148	2.8	0.682213840132396	5
chr21	19286830	19289066	2237	58	23.5810344827586	-0.340390749742411	0.340390749742411	-0.365685013451306	0.365685013451306	hypo	case		0.314173915833163	0.7	0.7	2.8	0.682213840132396	5
chr21	22449602	22453863	4262	84	23.6720238095238	-0.311291201554787	0.311291201554787	-0.322708176178645	0.322708176178645	hypo	case		0.154119662060199	0.7	0.7	2.8	0.682213840132396	5
chr20	31385738	31390551	4814	113	20.9632743362832	-0.243729231730665	0.243729231730665	-0.249237959660923	0.249237959660923	hypo	case		0.195315100620235	0.7	0.7	2.8	0.682213840132396	5
chr21	46507571	46512178	4608	137	22.1737226277372	-0.322772167487685	0.322772167487685	-0.348789172829845	0.348789172829845	hypo	case		0.281855474709234	0.7	0.7	2.8	0.682213840132396	5
chr21	16068885	16073745	4861	116	21.7918103448276	-0.288672212574811	0.288672212574811	-0.300659220869862	0.300659220869862	hypo	case		0.493823785298421	0.7	0.7	2.8	0.682213840132396	5
chr20	20667494	20671517	4024	54	23.062962962963	-0.289066757488262	0.289066757488262	-0.307146604487046	0.307146604487046	hypo	case		0.432951128440203	0.7	0.7	2.8	0.682213840132396	5
chr21	19650919	19654996	4078	70	19.9764285714286	-0.310303898317627	0.310303898317627	-0.319361138681236	0.319361138681236	hypo	case		0.165243309127575	0.7	0.7	2.8	0.682213840132396	5
chr20	24340931	24344542	3612	56	23.4285714285714	-0.335169365479913	0.335169365479913	-0.336541069179419	0.336541069179419	hypo	case		0.374112928624831	0.7	0.7	2.8	0.682213840132396	5
chr21	26811153	26815083	3931	51	20.5509803921569	-0.265277882205514	0.265277882205514	-0.263280251765997	0.263280251765997	hypo	case		0.169017173977083	0.7	0.7	2.8	0.682213840132396	5
chr21	37628562	37632745	4184	64	18.60703125	-0.323542067713213	0.323542067713213	-0.349816287537212	0.349816287537212	hypo	case		0.251047431144089	0.7	0.7	2.8	0.682213840132396	5
chr20	3552519	3557402	4884	117	20.9401709401709	-0.351643400951872	0.351643400951872	-0.365854252725247	0.365854252725247	hypo	case		0.156284548985623	0.7	0.7	2.8	0.682213840132396	5
chr20	30757980	30761843	3864	62	13.3016129032258	-0.324817980449108	0.324817980449108	-0.348573007707477	0.348573007707477	hypo	case		0.99	0.7	0.99	2.8	0.682213840132396	5
chr20	8213883	8215989	2107	56	21.7026785714286	-0.308240601457228	0.308240601457228	-0.347392925200656	0.347392925200656	hypo	case		0.08261788846802	0.7	0.7	2.8	0.682213840132396	5
chr21	9724571	9729014	4444	86	60.2976744186047	-0.298417994738565	0.298417994738565	-0.298902336522362	0.298902336522362	hypo	case		0.894814433777289	0.7	0.894814433777289	2.8	0.682213840132396	5
chr20	9357750	9362367	4618	90	24.2033333333333	0.321487955718943	0.321487955718943	0.343444621929236	0.343444621929236	hyper	case		0.745006824303689	0.7	0.745006824303689	2.8	0.682213840132396	5
chr20	30987959	30992784	4826	68	23.2647058823529	-0.318090383455157	0.318090383455157	-0.332516034605731	0.332516034605731	hypo	case		0.334539455108615	0.7	0.7	2.8	0.682213840132396	5
chr21	38773166	38776693	3528	98	22.2051020408163	-0.372890578548803	0.372890578548803	-0.349496912770224	0.349496912770224	hypo	case		0.391404088252304	0.7	0.7	2.8	0.682213840132396	5
chr20	12491182	12493946	2765	62	22.3338709677419	-0.385383116418225	0.385383116418225	-0.404240570658101	0.404240570658101	hypo	case		0.0963703156311024	0.7	0.7	2.8	0.682213840132396	5
chr20	15373933	15378923	4991	82	19.7713414634146	-0.33519354453293	0.33519354453293	-0.341378637243322	0.341378637243322	hypo	case		0.185943627668701	0.7	0.7	2.8	0.682213840132396	5
chr21	20770124	20774199	4076	92	21.7059782608696	-0.293189720980832	0.293189720980832	-0.329768169212687	0.329768169212687	hypo	case		0.271751638761859	0.7	0.7	2.8	0.682213840132396	5
chr21	24642126	24646936	4811	134	21.8119402985075	-0.394405269029367	0.394405269029367	-0.399530015958179	0.399530015958179	hypo	case		0.409071501578148	0.7	0.7	2.8	0.682213840132396	5
chr20	10507995	10511769	3775	102	21.0946078431373	-0.309437319372803	0.309437319372803	-0.320306121508563	0.320306121508563	hypo	case		0.092759608974697	0.7	0.7	2.8	0.682213840132396	5
chr21	28109769	28113686	3918	100	20.76	-0.335583180338262	0.335583180338262	-0.333992647458206	0.333992647458206	hypo	case		0.0644730810091097	0.7	0.7	2.8	0.682213840132396	5
chr20	15051184	15054187	3004	78	22.3589743589744	-0.304142891932381	0.304142891932381	-0.306937196057836	0.306937196057836	hypo	case		0.307745449337692	0.7	0.7	2.8	0.682213840132396	5
chr20	34858406	34862265	3860	124	21.2318548387097	-0.36776456418361	0.36776456418361	-0.398328786029579	0.398328786029579	hypo	case		0.248872215317482	0.7	0.7	2.8	0.682213840132396	5
chr20	45852020	45853221	1202	58	21.5120689655172	-0.311351882225139	0.311351882225139	-0.320344700972166	0.320344700972166	hypo	case		0.711735477349172	0.7	0.711735477349172	2.8	0.682213840132396	5
chr21	29316477	29320404	3928	66	21.4007575757576	-0.298994887241175	0.298994887241175	-0.345208932809905	0.345208932809905	hypo	case		0.365755191642309	0.7	0.7	2.8	0.682213840132396	5
chr20	30691050	30695625	4576	68	24.3610294117647	-0.342197028184263	0.342197028184263	-0.395421058170795	0.395421058170795	hypo	case		0.149373487140479	0.7	0.7	2.8	0.682213840132396	5
chr21	23061651	23063572	1922	76	23.4559210526316	-0.301801038899058	0.301801038899058	-0.308405776294767	0.308405776294767	hypo	case		0.487958460871114	0.7	0.7	2.8	0.682213840132396	5
chr21	23583975	23586595	2621	56	20.2973214285714	-0.390917098376548	0.390917098376548	-0.377264620882918	0.377264620882918	hypo	case		0.727773989066889	0.7	0.727773989066889	2.8	0.682213840132396	5
chr20	16786210	16790453	4244	68	23.6014705882353	-0.392787960614868	0.392787960614868	-0.394233105569561	0.394233105569561	hypo	case		0.625084608446252	0.7	0.7	2.8	0.682213840132396	5
chr21	16828283	16830410	2128	52	20.6288461538462	-0.37717106082889	0.37717106082889	-0.387760831378416	0.387760831378416	hypo	case		0.716230186826739	0.7	0.716230186826739	2.8	0.682213840132396	5
chr21	36829047	36832485	3439	80	22.248125	-0.351058078509447	0.351058078509447	-0.355115264583853	0.355115264583853	hypo	case		0.507329135083261	0.7	0.7	2.8	0.682213840132396	5
chr21	33703692	33706216	2525	70	19.005	0.325145555985583	0.325145555985583	0.336988221849468	0.336988221849468	hyper	case		0.715164080519239	0.7	0.715164080519239	2.8	0.682213840132396	5
chr20	57637344	57640306	2963	56	23.4232142857143	-0.280786395411642	0.280786395411642	-0.315821049643664	0.315821049643664	hypo	case		0.252582332907888	0.7	0.7	2.8	0.682213840132396	5
chr20	18443141	18445103	1963	52	22.7711538461538	-0.352671082562818	0.352671082562818	-0.359624506502775	0.359624506502775	hypo	case		0.677239122754773	0.7	0.7	2.8	0.682213840132396	5
chr20	41781092	41784515	3424	54	23.662962962963	0.277831036025846	0.277831036025846	0.273896447965733	0.273896447965733	hyper	case		0.0536373173008287	0.7	0.7	2.8	0.682213840132396	5
chr20	15504952	15507973	3022	68	25.5132352941176	-0.393350502168068	0.393350502168068	-0.418139069722444	0.418139069722444	hypo	case		0.515128857519355	0.7	0.7	2.8	0.682213840132396	5
chr20	45837625	45839519	1895	90	24.4211111111111	-0.293452126340917	0.293452126340917	-0.296132983636696	0.296132983636696	hypo	case		0.249361668697592	0.7	0.7	2.8	0.682213840132396	5
chr20	45376164	45377921	1758	50	20.537	-0.308001717153591	0.308001717153591	-0.343649868505192	0.343649868505192	hypo	case		0.966683055354851	0.7	0.966683055354851	2.8	0.682213840132396	5
chr20	23395881	23400615	4735	94	22.536170212766	-0.277861794965458	0.277861794965458	-0.291775255238335	0.291775255238335	hypo	case		0.321981467719254	0.7	0.7	2.8	0.682213840132396	5
chr20	21337667	21341110	3444	52	23.8163461538462	-0.295824247421717	0.295824247421717	-0.300185887879316	0.300185887879316	hypo	case		0.0968567562384772	0.7	0.7	2.8	0.682213840132396	5
chr21	17290799	17293512	2714	172	13.709011627907	-0.400728167995002	0.400728167995002	-0.418657617800514	0.418657617800514	hypo	case		0.248758581629563	0.7	0.7	2.8	0.682213840132396	5
chr20	59065050	59069337	4288	78	21.6102564102564	-0.298073034682115	0.298073034682115	-0.324873517040824	0.324873517040824	hypo	case		0.211670942811221	0.7	0.7	2.8	0.682213840132396	5
chr20	12500772	12504944	4173	62	22.6379032258065	-0.334755857558032	0.334755857558032	-0.342575829937277	0.342575829937277	hypo	case		0.151560511781175	0.7	0.7	2.8	0.682213840132396	5
chr21	32823647	32827808	4162	55	13.4045454545455	-0.363978130500963	0.363978130500963	-0.390899294223482	0.390899294223482	hypo	case		0.602402303212229	0.7	0.7	2.8	0.682213840132396	5
chr21	37919293	37923027	3735	78	23.399358974359	-0.254756476584043	0.254756476584043	-0.268293829044441	0.268293829044441	hypo	case		0.253846899717434	0.7	0.7	2.8	0.682213840132396	5
chr21	35295425	35298150	2726	60	22.9433333333333	-0.378711502932916	0.378711502932916	-0.377513931465681	0.377513931465681	hypo	case		0.628097108083579	0.7	0.7	2.8	0.682213840132396	5
chr21	37375594	37379288	3695	118	24.3652542372881	-0.256626880358008	0.256626880358008	-0.287223215805015	0.287223215805015	hypo	case		0.0646249592021379	0.7	0.7	2.8	0.682213840132396	5
chr20	8066395	8069543	3149	54	21.2324074074074	-0.355465828425114	0.355465828425114	-0.366445268242093	0.366445268242093	hypo	case		0.862996802509852	0.7	0.862996802509852	2.8	0.682213840132396	5
chr20	13419289	13422675	3387	71	20.8471830985916	-0.330771467735494	0.330771467735494	-0.339437038664799	0.339437038664799	hypo	case		0.384983218480293	0.7	0.7	2.8	0.682213840132396	5
chr20	34505016	34507185	2170	52	24.0586538461539	-0.274751775638598	0.274751775638598	-0.29993475520475	0.29993475520475	hypo	case		0.549336248398623	0.7	0.7	2.8	0.682213840132396	5
chr20	12902994	12907099	4106	106	24.85	-0.322935844151831	0.322935844151831	-0.325099595213901	0.325099595213901	hypo	case		0.288718642410344	0.7	0.7	2.8	0.682213840132396	5
chr20	18996591	19000573	3983	90	22.185	-0.314441206724926	0.314441206724926	-0.329557936093798	0.329557936093798	hypo	case		0.237002622256434	0.7	0.7	2.8	0.682213840132396	5
chr20	33242256	33246977	4722	84	21.6761904761905	-0.322825138275872	0.322825138275872	-0.326928121953227	0.326928121953227	hypo	case		0.337616161306023	0.7	0.7	2.8	0.682213840132396	5
chr20	34717176	34719869	2694	62	23.4064516129032	-0.282680521461681	0.282680521461681	-0.288527415230857	0.288527415230857	hypo	case		0.47165945477084	0.7	0.7	2.8	0.682213840132396	5
chr20	45722970	45726154	3185	70	20.5857142857143	-0.358935033286259	0.358935033286259	-0.374858801140709	0.374858801140709	hypo	case		0.743796753794378	0.7	0.743796753794378	2.8	0.682213840132396	5
chr20	14485290	14488093	2804	60	22.7725	-0.332459431930173	0.332459431930173	-0.342298494556288	0.342298494556288	hypo	case		0.224487090316384	0.7	0.7	2.8	0.682213840132396	5
chr20	12237080	12241846	4767	72	20.2138888888889	-0.324958878834543	0.324958878834543	-0.340178672943478	0.340178672943478	hypo	case		0.99	0.7	0.99	2.8	0.682213840132396	5
chr21	5368063	5372037	3975	52	13.6413461538462	0.333622473983762	0.333622473983762	0.338629293063495	0.338629293063495	hyper	case		0.241268974088259	0.7	0.7	2.8	0.682213840132396	5
chr20	3776277	3780488	4212	261	19.8032567049808	0.338682147147957	0.338682147147957	0.347479373849519	0.347479373849519	hyper	case		0.414709492977139	0.7	0.7	2.8	0.682213840132396	5
chr21	33333608	33337543	3936	102	20.4960784313726	-0.323699630028043	0.323699630028043	-0.3207571202158	0.3207571202158	hypo	case		0.209316945069443	0.7	0.7	2.8	0.682213840132396	5
chr20	60902541	60904683	2143	60	21.7358333333333	-0.231326589238473	0.231326589238473	-0.249473303587338	0.249473303587338	hypo	case		0.263922317155973	0.7	0.7	2.8	0.682213840132396	5
chr20	16052634	16057061	4428	90	21.4522222222222	-0.364906172944413	0.364906172944413	-0.380177493782291	0.380177493782291	hypo	case		0.23178526520107	0.7	0.7	2.8	0.682213840132396	5
chr20	8784132	8787882	3751	66	24.1136363636364	-0.265570473394752	0.265570473394752	-0.290604534212666	0.290604534212666	hypo	case		0.251065565810776	0.7	0.7	2.8	0.682213840132396	5
chr20	34733800	34736891	3092	84	21.547619047619	-0.295264953170063	0.295264953170063	-0.312101549254916	0.312101549254916	hypo	case		0.247265266663684	0.7	0.7	2.8	0.682213840132396	5
chr20	6473703	6477192	3490	54	22.1462962962963	-0.231368582478282	0.231368582478282	-0.22229671286383	0.22229671286383	hypo	case		0.542482293224314	0.7	0.7	2.8	0.682213840132396	5
chr20	32287253	32291051	3799	92	20.9625	0.349296971691412	0.349296971691412	0.349636528612388	0.349636528612388	hyper	case		0.546913930060238	0.7	0.7	2.8	0.682213840132396	5
chr20	6773281	6776949	3669	54	20.7712962962963	-0.336323964576169	0.336323964576169	-0.348354798746573	0.348354798746573	hypo	case		0.354083797912709	0.7	0.7	2.8	0.682213840132396	5
chr21	22471461	22473648	2188	82	22.9524390243902	-0.346042469914944	0.346042469914944	-0.338559655563875	0.338559655563875	hypo	case		0.739616470114599	0.7	0.739616470114599	2.8	0.682213840132396	5
chr20	3829060	3830508	1449	60	22.8341666666667	-0.374848362391606	0.374848362391606	-0.386441903637291	0.386441903637291	hypo	case		0.43560020856135	0.7	0.7	2.8	0.682213840132396	5
chr20	42199205	42202759	3555	64	22.91953125	-0.346431048450867	0.346431048450867	-0.333808346404655	0.333808346404655	hypo	case		0.814090154449238	0.7	0.814090154449238	2.8	0.682213840132396	5
chr20	14336851	14338954	2104	62	21.3379032258065	0.299724225312993	0.299724225312993	0.306751369864772	0.306751369864772	hyper	case		0.656568104663191	0.7	0.7	2.8	0.682213840132396	5
chr20	5506688	5509318	2631	84	23.0083333333333	-0.334740773198646	0.334740773198646	-0.349038538605859	0.349038538605859	hypo	case		0.116395520787229	0.7	0.7	2.8	0.682213840132396	5
chr21	45847364	45851552	4189	98	22.2673469387755	-0.383855170813659	0.383855170813659	-0.396695565413369	0.396695565413369	hypo	case		0.426266389415184	0.7	0.7	2.8	0.682213840132396	5
chr20	21717050	21721177	4128	82	19.4091463414634	-0.179599003099117	0.179599003099117	-0.204514358031697	0.204514358031697	hypo	case		0.55465463278791	0.7	0.7	2.8	0.682213840132396	5
chr21	19162298	19164165	1868	60	23.6166666666667	-0.32851892157401	0.32851892157401	-0.330959922372964	0.330959922372964	hypo	case		0.444562546820994	0.7	0.7	2.8	0.682213840132396	5
chr21	22026593	22028957	2365	68	22.3404411764706	-0.324524894135866	0.324524894135866	-0.330900854555788	0.330900854555788	hypo	case		0.679989544883713	0.7	0.7	2.8	0.682213840132396	5
chr21	7213913	7218686	4774	68	29.0470588235294	0.312527405635971	0.312527405635971	0.317410500191468	0.317410500191468	hyper	case		0.332597836658065	0.7	0.7	2.8	0.682213840132396	5
chr21	27069753	27074523	4771	68	20.5830882352941	-0.387272372815845	0.387272372815845	-0.381742415387119	0.381742415387119	hypo	case		0.342692568835827	0.7	0.7	2.8	0.682213840132396	5
chr20	54183446	54186660	3215	70	22.3342857142857	-0.359975763076576	0.359975763076576	-0.347548200541897	0.347548200541897	hypo	case		0.283803312341909	0.7	0.7	2.8	0.682213840132396	5
chr20	25747760	25752037	4278	121	24.3425619834711	0.268498099800757	0.268498099800757	0.277023881605664	0.277023881605664	hyper	case		0.52808036116672	0.7	0.7	2.8	0.682213840132396	5
chr20	16075586	16077239	1654	60	23.2816666666667	-0.42137605090607	0.42137605090607	-0.441951186627292	0.441951186627292	hypo	case		0.111885332133312	0.7	0.7	2.8	0.682213840132396	5
chr20	29799256	29803564	4309	100	24.977	-0.308690332825732	0.308690332825732	-0.300983344245722	0.300983344245722	hypo	case		0.750589654757445	0.7	0.750589654757445	2.8	0.682213840132396	5
chr20	60438671	60442164	3494	62	20.4709677419355	-0.369889314010062	0.369889314010062	-0.369806760440643	0.369806760440643	hypo	case		0.0506211418646843	0.7	0.7	2.8	0.682213840132396	5
chr20	45487344	45489947	2604	129	23.9069767441861	-0.360412072110688	0.360412072110688	-0.384956764377575	0.384956764377575	hypo	case		0.367768219205612	0.7	0.7	2.8	0.682213840132396	5
chr20	40847014	40849319	2306	76	24.0355263157895	-0.373478938083465	0.373478938083465	-0.379768022396642	0.379768022396642	hypo	case		0.135052333965832	0.7	0.7	2.8	0.682213840132396	5
chr20	58666379	58668425	2047	60	22.2025	0.213397545850104	0.213397545850104	0.234351756627177	0.234351756627177	hyper	case		0.259501127279941	0.7	0.7	2.8	0.682213840132396	5
chr20	12048359	12053316	4958	98	24.3704081632653	-0.346008188870298	0.346008188870298	-0.354840834501389	0.354840834501389	hypo	case		0.237484244238943	0.7	0.7	2.8	0.682213840132396	5
chr21	18682132	18685082	2951	68	21.9573529411765	-0.34574031332211	0.34574031332211	-0.356038727777919	0.356038727777919	hypo	case		0.256146570397369	0.7	0.7	2.8	0.682213840132396	5
chr20	23584276	23588597	4322	80	21.64375	-0.384760623934152	0.384760623934152	-0.418288761435435	0.418288761435435	hypo	case		0.478305564961283	0.7	0.7	2.8	0.682213840132396	5
chr20	26211442	26215224	3783	54	20.4046296296296	0.226970763082392	0.226970763082392	0.239917589716875	0.239917589716875	hyper	case		0.881148179323858	0.7	0.881148179323858	2.8	0.682213840132396	5
chr21	9136198	9139666	3469	55	24.2745454545455	0.279103833655933	0.279103833655933	0.281473255570846	0.281473255570846	hyper	case		0.153457278641056	0.7	0.7	2.8	0.682213840132396	5
chr21	33613784	33618651	4868	150	20.7083333333333	-0.351632279155119	0.351632279155119	-0.363492792414861	0.363492792414861	hypo	case		0.527259351455409	0.7	0.7	2.8	0.682213840132396	5
chr21	27170347	27172411	2065	52	21.5288461538462	-0.399290883006442	0.399290883006442	-0.402633301298233	0.402633301298233	hypo	case		0.248077306061517	0.7	0.7	2.8	0.682213840132396	5
chr20	7924885	7928742	3858	50	19.402	0.182211593379811	0.182211593379811	0.210031877336699	0.210031877336699	hyper	case		0.537589032537141	0.7	0.7	2.8	0.682213840132396	5
chr20	36710041	36712876	2836	124	19.9556451612903	-0.394269627317674	0.394269627317674	-0.406739487203331	0.406739487203331	hypo	case		0.323403187459881	0.7	0.7	2.8	0.682213840132396	5
chr21	30879355	30882179	2825	76	21.4875	-0.302083959317169	0.302083959317169	-0.314475621310037	0.314475621310037	hypo	case		0.237908083562988	0.7	0.7	2.8	0.682213840132396	5
chr20	21546470	21549441	2972	78	22.8198717948718	-0.255679322318486	0.255679322318486	-0.283380644183069	0.283380644183069	hypo	case		0.382455943260617	0.7	0.7	2.8	0.682213840132396	5
chr21	35064560	35067744	3185	84	24.3482142857143	-0.318279118269241	0.318279118269241	-0.317510044090191	0.317510044090191	hypo	case		0.145307003127565	0.7	0.7	2.8	0.682213840132396	5
chr20	40827752	40831636	3885	62	20.9411290322581	-0.292114915784041	0.292114915784041	-0.267065514466126	0.267065514466126	hypo	case		0.468456217283173	0.7	0.7	2.8	0.682213840132396	5
chr20	5884333	5889099	4767	120	23.30375	-0.303793267175174	0.303793267175174	-0.306874773523338	0.306874773523338	hypo	case		0.99	0.7	0.99	2.8	0.682213840132396	5
chr20	57172683	57176963	4281	131	21.3519083969466	-0.337620457812521	0.337620457812521	-0.339669047341818	0.339669047341818	hypo	case		0.0820151133214855	0.7	0.7	2.8	0.682213840132396	5
chr21	13820020	13823456	3437	52	22.5278846153846	-0.27159127903681	0.27159127903681	-0.263810726637088	0.263810726637088	hypo	case		0.168813048293189	0.7	0.7	2.8	0.682213840132396	5
chr20	35830990	35835855	4866	112	22.7053571428571	-0.3093638385485	0.3093638385485	-0.334012087320617	0.334012087320617	hypo	case		0.580966948100372	0.7	0.7	2.8	0.682213840132396	5
chr20	13060910	13064844	3935	88	19.9204545454545	-0.349926605371618	0.349926605371618	-0.375773995645488	0.375773995645488	hypo	case		0.580515808205217	0.7	0.7	2.8	0.682213840132396	5
chr20	38314515	38319167	4653	58	21.8836206896552	-0.334918480529517	0.334918480529517	-0.337517211260251	0.337517211260251	hypo	case		0.643755095100441	0.7	0.7	2.8	0.682213840132396	5
chr21	16788459	16793045	4587	82	21.1804878048781	-0.40081059718811	0.40081059718811	-0.403019473487965	0.403019473487965	hypo	case		0.528969164088391	0.7	0.7	2.8	0.682213840132396	5
chr20	29030220	29033726	3507	82	22.5121951219512	-0.228443544936401	0.228443544936401	-0.245503355190756	0.245503355190756	hypo	case		0.340850471621207	0.7	0.7	2.8	0.682213840132396	5
chr20	5668638	5673082	4445	188	20.938829787234	-0.382312660485732	0.382312660485732	-0.393233254918726	0.393233254918726	hypo	case		0.668863782465761	0.7	0.7	2.8	0.682213840132396	5
chr20	51207882	51212256	4375	60	21.6258333333333	-0.309366451175478	0.309366451175478	-0.323798937113424	0.323798937113424	hypo	case		0.99	0.7	0.99	2.8	0.682213840132396	5
chr20	29427354	29428325	972	101	22.8975247524753	0.271403192217946	0.271403192217946	0.285224164338368	0.285224164338368	hyper	case		0.293013986849017	0.7	0.7	2.8	0.682213840132396	5
chr20	11234844	11239569	4726	80	22.623125	-0.302345707687093	0.302345707687093	-0.28267470870187	0.28267470870187	hypo	case		0.358859931298439	0.7	0.7	2.8	0.682213840132396	5
chr21	13444154	13446364	2211	52	20.1923076923077	-0.292552867009228	0.292552867009228	-0.285388771002604	0.285388771002604	hypo	case		0.31638912433299	0.7	0.7	2.8	0.682213840132396	5
chr21	37061928	37064795	2868	58	21.9551724137931	0.355233884844528	0.355233884844528	0.359918043870612	0.359918043870612	hyper	case		0.230923487021804	0.7	0.7	2.8	0.682213840132396	5
chr21	30849020	30853162	4143	79	20.473417721519	-0.301709292712139	0.301709292712139	-0.313204342229699	0.313204342229699	hypo	case		0.628699422762886	0.7	0.7	2.8	0.682213840132396	5
chr21	33797364	33800336	2973	56	22.7107142857143	-0.37968553572051	0.37968553572051	-0.383471847204851	0.383471847204851	hypo	case		0.466512664494497	0.7	0.7	2.8	0.682213840132396	5
chr21	30583532	30586721	3190	56	19.6455357142857	-0.353843679377941	0.353843679377941	-0.354379528679536	0.354379528679536	hypo	case		0.160695953856152	0.7	0.7	2.8	0.682213840132396	5
chr21	24579209	24583353	4145	70	22.9528571428571	-0.316379411042975	0.316379411042975	-0.342029342295535	0.342029342295535	hypo	case		0.149824415132391	0.7	0.7	2.8	0.682213840132396	5
chr20	60595458	60597961	2504	52	19.675	-0.282172600467727	0.282172600467727	-0.29920449409558	0.29920449409558	hypo	case		0.730571363186297	0.7	0.730571363186297	2.8	0.682213840132396	5
chr20	53156656	53159376	2721	54	25.4277777777778	-0.339227247581194	0.339227247581194	-0.379384695036026	0.379384695036026	hypo	case		0.367089030093224	0.7	0.7	2.8	0.682213840132396	5
chr21	28217840	28221730	3891	52	22.8875	-0.289102839085223	0.289102839085223	-0.291467536138089	0.291467536138089	hypo	case		0.282339738745218	0.7	0.7	2.8	0.682213840132396	5
chr20	23934614	23937539	2926	80	23.4025	-0.299675685420263	0.299675685420263	-0.310579599685428	0.310579599685428	hypo	case		0.500140054187881	0.7	0.7	2.8	0.682213840132396	5
chr20	32346055	32349249	3195	84	18.014880952381	-0.30148067846228	0.30148067846228	-0.317037360773421	0.317037360773421	hypo	case		0.0834400971457949	0.7	0.7	2.8	0.682213840132396	5
chr21	24266809	24268693	1885	53	19.4660377358491	-0.350721253662582	0.350721253662582	-0.362154998329903	0.362154998329903	hypo	case		0.151788915464931	0.7	0.7	2.8	0.682213840132396	5
chr21	40705406	40707215	1810	51	18.978431372549	-0.296029880366265	0.296029880366265	-0.31176970047214	0.31176970047214	hypo	case		0.376207888410403	0.7	0.7	2.8	0.682213840132396	5
chr21	32629328	32633528	4201	85	20.7388235294118	-0.386490785186606	0.386490785186606	-0.396096187185534	0.396096187185534	hypo	case		0.407797765870711	0.7	0.7	2.8	0.682213840132396	5
chr20	20459009	20463439	4431	72	20.8423611111111	-0.275214630940641	0.275214630940641	-0.275209741561052	0.275209741561052	hypo	case		0.108264702728809	0.7	0.7	2.8	0.682213840132396	5
chr21	22560643	22563657	3015	100	20.83	-0.313423744462538	0.313423744462538	-0.328759494987309	0.328759494987309	hypo	case		0.282498484005238	0.7	0.7	2.8	0.682213840132396	5
chr20	10834424	10837881	3458	56	22.0553571428571	-0.355803035710766	0.355803035710766	-0.34524536780376	0.34524536780376	hypo	case		0.309997034343435	0.7	0.7	2.8	0.682213840132396	5
chr20	14974144	14977032	2889	66	18.4060606060606	-0.375197098573444	0.375197098573444	-0.375818336831258	0.375818336831258	hypo	case		0.362777138363764	0.7	0.7	2.8	0.682213840132396	5
chr20	58672054	58676830	4777	206	20.7519417475728	-0.342218105322555	0.342218105322555	-0.341291985922073	0.341291985922073	hypo	case		0.527251353725451	0.7	0.7	2.8	0.682213840132396	5
chr21	5695612	5699345	3734	182	17.6263736263736	0.25111241842666	0.25111241842666	0.282061503259284	0.282061503259284	hyper	case		0.406450886678692	0.7	0.7	2.8	0.682213840132396	5
chr20	5163114	5167279	4166	95	21.5789473684211	-0.289950404745757	0.289950404745757	-0.288994892409713	0.288994892409713	hypo	case		0.592978770293665	0.7	0.7	2.8	0.682213840132396	5
chr20	29625048	29628738	3691	66	20.1962121212121	-0.300762274972424	0.300762274972424	-0.338854330265781	0.338854330265781	hypo	case		0.383392295506825	0.7	0.7	2.8	0.682213840132396	5
chr20	55832688	55835643	2956	50	20.247	-0.371805498087886	0.371805498087886	-0.370165571565577	0.370165571565577	hypo	case		0.23999435233774	0.7	0.7	2.8	0.682213840132396	5
chr21	24536773	24541260	4488	52	22.0605769230769	-0.345736182237161	0.345736182237161	-0.34636329472408	0.34636329472408	hypo	case		0.271104628809618	0.7	0.7	2.8	0.682213840132396	5
chr21	20324744	20328657	3914	60	20.4025	-0.329511293914917	0.329511293914917	-0.372867574890914	0.372867574890914	hypo	case		0.244453685178515	0.7	0.7	2.8	0.682213840132396	5
chr21	17982140	17985702	3563	50	19.949	-0.321590329999739	0.321590329999739	-0.33618863017751	0.33618863017751	hypo	case		0.0963458371861174	0.7	0.7	2.8	0.682213840132396	5
chr20	10298903	10302536	3634	70	22.8792857142857	-0.244851754570788	0.244851754570788	-0.263293408906972	0.263293408906972	hypo	case		0.473909495154047	0.7	0.7	2.8	0.682213840132396	5
chr21	24525856	24527489	1634	70	21.7571428571429	-0.313323105106334	0.313323105106334	-0.321643605293366	0.321643605293366	hypo	case		0.365629207261537	0.7	0.7	2.8	0.682213840132396	5
chr20	22496727	22500924	4198	84	22.1636904761905	-0.241078434400374	0.241078434400374	-0.259747909209955	0.259747909209955	hypo	case		0.658232351257183	0.7	0.7	2.8	0.682213840132396	5
chr20	38816014	38818882	2869	90	22.805	-0.368790365829824	0.368790365829824	-0.385415097285076	0.385415097285076	hypo	case		0.304295779654731	0.7	0.7	2.8	0.682213840132396	5
chr20	7193796	7196503	2708	58	24.1931034482759	-0.337292499894603	0.337292499894603	-0.322178015979235	0.322178015979235	hypo	case		0.271222706416735	0.7	0.7	2.8	0.682213840132396	5
chr20	31771952	31775437	3486	78	21.9794871794872	-0.391703202034829	0.391703202034829	-0.395215492368562	0.395215492368562	hypo	case		0.421691834731839	0.7	0.7	2.8	0.682213840132396	5
chr20	30731844	30734951	3108	59	22.6305084745763	-0.312296251136633	0.312296251136633	-0.303522002386669	0.303522002386669	hypo	case		0.655624740948674	0.7	0.7	2.8	0.682213840132396	5
chr20	32026415	32029138	2724	71	22.6183098591549	-0.374632750650389	0.374632750650389	-0.375182102916424	0.375182102916424	hypo	case		0.810108929008652	0.7	0.810108929008652	2.8	0.682213840132396	5
chr20	57413479	57417480	4002	176	25.0897727272727	-0.362818403827353	0.362818403827353	-0.374353427926522	0.374353427926522	hypo	case		0.301780344577651	0.7	0.7	2.8	0.682213840132396	5
chr20	2005629	2009887	4259	97	20.6092783505155	0.353697603175831	0.353697603175831	0.357504476934837	0.357504476934837	hyper	case		0.896095700407049	0.7	0.896095700407049	2.8	0.682213840132396	5
chr21	29903665	29906105	2441	74	23.1635135135135	-0.422762598770563	0.422762598770563	-0.433440742011035	0.433440742011035	hypo	case		0.438132081042558	0.7	0.7	2.8	0.682213840132396	5
chr20	13087047	13090121	3075	96	24.0354166666667	-0.418624077261649	0.418624077261649	-0.421223151604262	0.421223151604262	hypo	case		0.279507160145	0.7	0.7	2.8	0.682213840132396	5
chr20	38856735	38859444	2710	62	19.5370967741936	-0.287954470071955	0.287954470071955	-0.308243302024069	0.308243302024069	hypo	case		0.371576559262449	0.7	0.7	2.8	0.682213840132396	5
chr20	52749887	52753556	3670	86	23.7813953488372	-0.318424785190744	0.318424785190744	-0.352449707070184	0.352449707070184	hypo	case		0.0267432482191564	0.7	0.7	2.8	0.682213840132396	5
chr20	6550298	6554314	4017	59	22.1932203389831	-0.310441724153593	0.310441724153593	-0.289685224379788	0.289685224379788	hypo	case		0.235837250119083	0.7	0.7	2.8	0.682213840132396	5
chr21	27853821	27857628	3808	62	22.2241935483871	-0.31633722019187	0.31633722019187	-0.311785089427425	0.311785089427425	hypo	case		0.511125961147966	0.7	0.7	2.8	0.682213840132396	5
chr20	2474883	2479168	4286	82	20.1932926829268	-0.333350482946271	0.333350482946271	-0.33697554862691	0.33697554862691	hypo	case		0.36932466468651	0.7	0.7	2.8	0.682213840132396	5
chr21	20626122	20629543	3422	72	19.9618055555556	-0.34938780972602	0.34938780972602	-0.357531062495216	0.357531062495216	hypo	case		0.232201054779347	0.7	0.7	2.8	0.682213840132396	5
chr20	55108039	55110336	2298	82	21.5603658536585	-0.343910163193768	0.343910163193768	-0.352203809006222	0.352203809006222	hypo	case		0.355376779545171	0.7	0.7	2.8	0.682213840132396	5
chr20	20237217	20241590	4374	72	22.3666666666667	0.230645807629521	0.230645807629521	0.27309666173233	0.27309666173233	hyper	case		0.162128749288037	0.7	0.7	2.8	0.682213840132396	5
chr21	25738189	25740485	2297	82	22.7475609756098	-0.374868931872678	0.374868931872678	-0.364698300053259	0.364698300053259	hypo	case		0.128958813225692	0.7	0.7	2.8	0.682213840132396	5
chr20	31439766	31441817	2052	80	20.445	-0.289774822930867	0.289774822930867	-0.288065935442529	0.288065935442529	hypo	case		0.160406894869394	0.7	0.7	2.8	0.682213840132396	5
chr20	30948013	30950120	2108	62	21.475	-0.298065163942145	0.298065163942145	-0.302332435125164	0.302332435125164	hypo	case		0.158910287502065	0.7	0.7	2.8	0.682213840132396	5
chr21	25595489	25597405	1917	60	22.3166666666667	-0.420897155743661	0.420897155743661	-0.424057783572558	0.424057783572558	hypo	case		0.338113188434231	0.7	0.7	2.8	0.682213840132396	5
chr21	36879754	36884211	4458	172	23.1686046511628	-0.385402208059221	0.385402208059221	-0.411249943197673	0.411249943197673	hypo	case		0.291304218190361	0.7	0.7	2.8	0.682213840132396	5
chr21	25194399	25195528	1130	50	22.523	-0.312829935761404	0.312829935761404	-0.35402546558756	0.35402546558756	hypo	case		0.307598549748484	0.7	0.7	2.8	0.682213840132396	5
chr20	25542633	25545374	2742	70	22.38	-0.281588573901839	0.281588573901839	-0.314214981880676	0.314214981880676	hypo	case		0.217386151376914	0.7	0.7	2.8	0.682213840132396	5
chr20	14069876	14071841	1966	56	22.2714285714286	-0.284607657601769	0.284607657601769	-0.275113810485856	0.275113810485856	hypo	case		0.795681941503435	0.7	0.795681941503435	2.8	0.682213840132396	5
chr20	31433441	31436261	2821	100	22.7445	-0.300391655655195	0.300391655655195	-0.289049389136216	0.289049389136216	hypo	case		0.512791157983486	0.7	0.7	2.8	0.682213840132396	5
chr21	28061960	28064957	2998	58	23.6637931034483	-0.329954310985626	0.329954310985626	-0.332084290469081	0.332084290469081	hypo	case		0.171677557508305	0.7	0.7	2.8	0.682213840132396	5
chr21	29370698	29374164	3467	88	22.9943181818182	-0.321530919004046	0.321530919004046	-0.342353397632734	0.342353397632734	hypo	case		0.126323663998448	0.7	0.7	2.8	0.682213840132396	5
chr21	17635885	17638962	3078	67	13.5261194029851	-0.314943600625248	0.314943600625248	-0.337385972244911	0.337385972244911	hypo	case		0.623305474726068	0.7	0.7	2.8	0.682213840132396	5
chr20	28796361	28800450	4090	52	33.3740384615385	-0.225803309663806	0.225803309663806	-0.250419410350253	0.250419410350253	hypo	case		0.3976051392545	0.7	0.7	2.8	0.682213840132396	5
chr21	5222664	5226037	3374	70	84.025	0.267918174661554	0.267918174661554	0.272501761504829	0.272501761504829	hyper	case		0.369538072397784	0.7	0.7	2.8	0.682213840132396	5
chr20	8654351	8659073	4723	67	21.3201492537313	-0.239973431049309	0.239973431049309	-0.223143207808241	0.223143207808241	hypo	case		0.265684291347558	0.7	0.7	2.8	0.682213840132396	5
chr21	10486219	10490173	3955	71	36.2359154929577	-0.249949587411478	0.249949587411478	-0.286345835593321	0.286345835593321	hypo	case		0.186081419079274	0.7	0.7	2.8	0.682213840132396	5
chr20	8757917	8760173	2257	54	22.1342592592593	-0.280727312062899	0.280727312062899	-0.302856897280297	0.302856897280297	hypo	case		0.302510839569541	0.7	0.7	2.8	0.682213840132396	5
chr21	33780788	33783413	2626	54	22.55	-0.355385242963766	0.355385242963766	-0.363649214836982	0.363649214836982	hypo	case		0.227947677054594	0.7	0.7	2.8	0.682213840132396	5
chr20	55700669	55705052	4384	84	24.8297619047619	-0.342510366356293	0.342510366356293	-0.358560353964609	0.358560353964609	hypo	case		0.807494703010647	0.7	0.807494703010647	2.8	0.682213840132396	5
chr21	5296455	5300102	3648	76	40.9921052631579	-0.323533145670344	0.323533145670344	-0.348501981118248	0.348501981118248	hypo	case		0.99	0.7	0.99	2.8	0.682213840132396	5
chr20	21781443	21782711	1269	60	19.2975	-0.274336170553339	0.274336170553339	-0.306068377494844	0.306068377494844	hypo	case		0.479429668575872	0.7	0.7	2.8	0.682213840132396	5
chr21	32684724	32686052	1329	51	24.5117647058824	-0.370891444880743	0.370891444880743	-0.38510234290294	0.38510234290294	hypo	case		0.181150241871877	0.7	0.7	2.8	0.682213840132396	5
chr20	21117271	21120269	2999	56	22.2196428571429	-0.38999609929413	0.38999609929413	-0.364368575092631	0.364368575092631	hypo	case		0.382129243722495	0.7	0.7	2.8	0.682213840132396	5
chr21	22235557	22239269	3713	50	15.863	-0.353437898084263	0.353437898084263	-0.340518971896032	0.340518971896032	hypo	case		0.415683443931337	0.7	0.7	2.8	0.682213840132396	5
chr20	31709303	31710967	1665	72	21.6680555555556	0.249140301492397	0.249140301492397	0.277810460543114	0.277810460543114	hyper	case		0.10385271554176	0.7	0.7	2.8	0.682213840132396	5
chr20	45006248	45008511	2264	84	21.6589285714286	-0.329290336871164	0.329290336871164	-0.348494314574959	0.348494314574959	hypo	case		0.406659477472298	0.7	0.7	2.8	0.682213840132396	5
chr20	29767430	29772016	4587	82	22.2731707317073	-0.302637834731488	0.302637834731488	-0.31669461201035	0.31669461201035	hypo	case		0.0827393539235274	0.7	0.7	2.8	0.682213840132396	5
chr20	11360178	11363260	3083	60	22.0416666666667	-0.320779404450185	0.320779404450185	-0.347684976071109	0.347684976071109	hypo	case		0.407132540257343	0.7	0.7	2.8	0.682213840132396	5
chr21	23821733	23824334	2602	63	19.6285714285714	-0.302372136288678	0.302372136288678	-0.303608331998281	0.303608331998281	hypo	case		0.457404123418561	0.7	0.7	2.8	0.682213840132396	5
chr20	23882912	23886081	3170	52	23.7413461538462	-0.311995560607527	0.311995560607527	-0.282161761465801	0.282161761465801	hypo	case		0.302766640830714	0.7	0.7	2.8	0.682213840132396	5
chr20	54420040	54424961	4922	56	20.5276785714286	-0.333505830332635	0.333505830332635	-0.335374171292614	0.335374171292614	hypo	case		0.557007888215342	0.7	0.7	2.8	0.682213840132396	5
chr20	42229910	42233733	3824	56	20.3883928571429	-0.291257651079749	0.291257651079749	-0.315307135975731	0.315307135975731	hypo	case		0.736027834358623	0.7	0.736027834358623	2.8	0.682213840132396	5
chr20	59611375	59615666	4292	138	19.1228260869565	-0.257826322116875	0.257826322116875	-0.282969590708227	0.282969590708227	hypo	case		0.172696231654007	0.7	0.7	2.8	0.682213840132396	5
chr21	37621755	37624394	2640	56	19.6258928571429	-0.314190018501164	0.314190018501164	-0.337319695282389	0.337319695282389	hypo	case		0.13499296460157	0.7	0.7	2.8	0.682213840132396	5
chr20	11246229	11249998	3770	72	20.5798611111111	-0.259749819354266	0.259749819354266	-0.299260640284232	0.299260640284232	hypo	case		0.263065122852995	0.7	0.7	2.8	0.682213840132396	5
chr20	13145975	13150041	4067	68	21.8529411764706	-0.29293567346553	0.29293567346553	-0.306277137955399	0.306277137955399	hypo	case		0.280214023474363	0.7	0.7	2.8	0.682213840132396	5
chr20	14729276	14733012	3737	59	20.9779661016949	-0.29665952342162	0.29665952342162	-0.291956694949286	0.291956694949286	hypo	case		0.472154401418844	0.7	0.7	2.8	0.682213840132396	5
chr21	36348135	36351721	3587	82	23.3268292682927	-0.334724089159585	0.334724089159585	-0.338079859115388	0.338079859115388	hypo	case		0.136797718102735	0.7	0.7	2.8	0.682213840132396	5
chr20	53019584	53021639	2056	50	21.605	-0.258373883129242	0.258373883129242	-0.282112340939516	0.282112340939516	hypo	case		0.281999798024177	0.7	0.7	2.8	0.682213840132396	5
chr20	59687116	59690409	3294	68	23.2661764705882	-0.296317899503801	0.296317899503801	-0.32360643583056	0.32360643583056	hypo	case		0.426217077976628	0.7	0.7	2.8	0.682213840132396	5
chr21	32212090	32215663	3574	58	23.2172413793103	-0.232756624258099	0.232756624258099	-0.266329889749723	0.266329889749723	hypo	case		0.244168858068185	0.7	0.7	2.8	0.682213840132396	5
chr20	6643964	6648878	4915	85	20.8552941176471	-0.369073912021482	0.369073912021482	-0.386451001003818	0.386451001003818	hypo	case		0.117235605976754	0.7	0.7	2.8	0.682213840132396	5
chr21	9749856	9754581	4726	144	61.8670138888889	-0.32103731241273	0.32103731241273	-0.327686910038182	0.327686910038182	hypo	case		0.5266898482244	0.7	0.7	2.8	0.682213840132396	5
chr21	40315039	40318888	3850	106	23.3834905660377	-0.341177353379265	0.341177353379265	-0.349595172803755	0.349595172803755	hypo	case		0.298802209289148	0.7	0.7	2.8	0.682213840132396	5
chr20	9043222	9047503	4282	96	22.103125	-0.373932883038178	0.373932883038178	-0.39769841775029	0.39769841775029	hypo	case		0.585487713784612	0.7	0.7	2.8	0.682213840132396	5
chr21	20531000	20535105	4106	78	20.6641025641026	-0.315604980689371	0.315604980689371	-0.348688331385902	0.348688331385902	hypo	case		0.103793800281565	0.7	0.7	2.8	0.682213840132396	5
chr21	23127483	23129221	1739	50	24.791	-0.378752406164653	0.378752406164653	-0.377497281165086	0.377497281165086	hypo	case		0.32793236442324	0.7	0.7	2.8	0.682213840132396	5
chr20	10348166	10350907	2742	53	21.7509433962264	-0.287742455347848	0.287742455347848	-0.30669536167406	0.30669536167406	hypo	case		0.488364004671162	0.7	0.7	2.8	0.682213840132396	5
chr20	15815235	15819512	4278	68	24.7411764705882	-0.33624985437806	0.33624985437806	-0.349747544258686	0.349747544258686	hypo	case		0.352356644826588	0.7	0.7	2.8	0.682213840132396	5
chr20	34466542	34470907	4366	82	23.0292682926829	-0.379476108481053	0.379476108481053	-0.417594448518296	0.417594448518296	hypo	case		0.222538726900227	0.7	0.7	2.8	0.682213840132396	5
chr20	25652554	25654425	1872	50	25.506	-0.35827712032363	0.35827712032363	-0.385579032717928	0.385579032717928	hypo	case		0.831976942935335	0.7	0.831976942935335	2.8	0.682213840132396	5
chr21	21921426	21926289	4864	71	17.7232394366197	-0.269846986089246	0.269846986089246	-0.304288578554356	0.304288578554356	hypo	case		0.163912736525052	0.7	0.7	2.8	0.682213840132396	5
chr20	42548714	42551679	2966	56	22.33125	-0.299400782675559	0.299400782675559	-0.316017060228832	0.316017060228832	hypo	case		0.429471044717763	0.7	0.7	2.8	0.682213840132396	5
chr21	22992713	22995832	3120	72	22.4048611111111	-0.365117440778012	0.365117440778012	-0.350649409770289	0.350649409770289	hypo	case		0.568711640074129	0.7	0.7	2.8	0.682213840132396	5
chr20	2933605	2937369	3765	81	22.2783950617284	-0.287110975747021	0.287110975747021	-0.321874318910379	0.321874318910379	hypo	case		0.487450484094071	0.7	0.7	2.8	0.682213840132396	5
chr21	15972433	15975224	2792	80	22.28375	-0.316732585134365	0.316732585134365	-0.34398182940722	0.34398182940722	hypo	case		0.771291738742242	0.7	0.771291738742242	2.8	0.682213840132396	5
chr21	24905363	24909216	3854	90	21.5511111111111	-0.318440918793217	0.318440918793217	-0.355978376066739	0.355978376066739	hypo	case		0.673291477641196	0.7	0.7	2.8	0.682213840132396	5
chr20	59208268	59211815	3548	120	19.83125	-0.332858687180727	0.332858687180727	-0.338753790249094	0.338753790249094	hypo	case		0.190370317220395	0.7	0.7	2.8	0.682213840132396	5
chr20	51388752	51391664	2913	90	21.2277777777778	-0.366771489195385	0.366771489195385	-0.359455590311345	0.359455590311345	hypo	case		0.122276076040104	0.7	0.7	2.8	0.682213840132396	5
chr20	34435108	34438018	2911	64	21.996875	-0.300002434906905	0.300002434906905	-0.272299520879722	0.272299520879722	hypo	case		0.591811081688488	0.7	0.7	2.8	0.682213840132396	5
chr21	30290361	30293910	3550	60	21.755	-0.319749491767004	0.319749491767004	-0.300164001656098	0.300164001656098	hypo	case		0.165683553079177	0.7	0.7	2.8	0.682213840132396	5
chr20	47296677	47301403	4727	122	23.7299180327869	-0.32153921875988	0.32153921875988	-0.335332089290969	0.335332089290969	hypo	case		0.642926763719138	0.7	0.7	2.8	0.682213840132396	5
chr20	47186516	47190514	3999	129	21.4829457364341	-0.390776332758977	0.390776332758977	-0.414252784896701	0.414252784896701	hypo	case		0.965338461036396	0.7	0.965338461036396	2.8	0.682213840132396	5
chr20	45044179	45049126	4948	106	22.7985849056604	-0.286523125608799	0.286523125608799	-0.290043003255334	0.290043003255334	hypo	case		0.40561344030514	0.7	0.7	2.8	0.682213840132396	5
chr21	30838222	30842397	4176	90	21.4927777777778	-0.257393821124009	0.257393821124009	-0.266538202657606	0.266538202657606	hypo	case		0.688159105177802	0.7	0.7	2.8	0.682213840132396	5
chr20	37545750	37547842	2093	74	22.4324324324324	-0.349002154785235	0.349002154785235	-0.359333708259573	0.359333708259573	hypo	case		0.413023784693773	0.7	0.7	2.8	0.682213840132396	5
chr20	2363853	2367676	3824	84	24.5232142857143	-0.295567621264023	0.295567621264023	-0.303632955753346	0.303632955753346	hypo	case		0.460054611143047	0.7	0.7	2.8	0.682213840132396	5
chr20	24235310	24238101	2792	62	22.0322580645161	-0.3236611724634	0.3236611724634	-0.337222366683968	0.337222366683968	hypo	case		0.905027721518109	0.7	0.905027721518109	2.8	0.682213840132396	5
chr20	39478194	39482224	4031	54	20.5916666666667	-0.311733613151337	0.311733613151337	-0.321252474105646	0.321252474105646	hypo	case		0.126039310060698	0.7	0.7	2.8	0.682213840132396	5
chr20	20446447	20451065	4619	66	21.9378787878788	0.35008995786804	0.35008995786804	0.350001993446762	0.350001993446762	hyper	case		0.179289534845312	0.7	0.7	2.8	0.682213840132396	5
chr21	28859922	28863985	4064	106	19.5632075471698	-0.398438341658703	0.398438341658703	-0.429148250602379	0.429148250602379	hypo	case		0.41858162120381	0.7	0.7	2.8	0.682213840132396	5
chr21	38676961	38678689	1729	76	20.8289473684211	-0.321480047289508	0.321480047289508	-0.338668973048278	0.338668973048278	hypo	case		0.367155426372312	0.7	0.7	2.8	0.682213840132396	5
chr20	38095162	38097951	2790	58	22.3327586206897	-0.359829446744307	0.359829446744307	-0.354401978490549	0.354401978490549	hypo	case		0.185784206662165	0.7	0.7	2.8	0.682213840132396	5
chr21	26708595	26711744	3150	94	21.4122340425532	-0.317267633094158	0.317267633094158	-0.345111433604137	0.345111433604137	hypo	case		0.693556826553389	0.7	0.7	2.8	0.682213840132396	5
chr20	4515681	4519785	4105	64	21.4140625	-0.323967234066411	0.323967234066411	-0.323347217605344	0.323347217605344	hypo	case		0.583163081859381	0.7	0.7	2.8	0.682213840132396	5
chr20	18726778	18729830	3053	74	22.2047297297297	-0.303111840516803	0.303111840516803	-0.326609416459048	0.326609416459048	hypo	case		0.401381168494939	0.7	0.7	2.8	0.682213840132396	5
chr20	12308192	12312742	4551	74	21.8405405405405	-0.328818420312972	0.328818420312972	-0.339506736807785	0.339506736807785	hypo	case		0.673791784741402	0.7	0.7	2.8	0.682213840132396	5
chr21	21394519	21398500	3982	78	21.3166666666667	-0.293231724186425	0.293231724186425	-0.279566457552573	0.279566457552573	hypo	case		0.347003299632591	0.7	0.7	2.8	0.682213840132396	5
chr20	10870395	10874963	4569	52	22.9471153846154	-0.287966276049597	0.287966276049597	-0.313109946923718	0.313109946923718	hypo	case		0.0597586911285699	0.7	0.7	2.8	0.682213840132396	5
chr20	10295012	10297859	2848	60	21.885	-0.326135163361307	0.326135163361307	-0.356918888271601	0.356918888271601	hypo	case		0.383875383040698	0.7	0.7	2.8	0.682213840132396	5
chr20	14721909	14726733	4825	52	19.9817307692308	-0.286642748629598	0.286642748629598	-0.289436081599421	0.289436081599421	hypo	case		0.734003042760157	0.7	0.734003042760157	2.8	0.682213840132396	5
chr20	8178666	8180212	1547	78	21.5942307692308	-0.37317734695582	0.37317734695582	-0.390203313963611	0.390203313963611	hypo	case		0.364730048619524	0.7	0.7	2.8	0.682213840132396	5
chr21	6353603	6358167	4565	86	39.7063953488372	-0.357440110433144	0.357440110433144	-0.348492713988276	0.348492713988276	hypo	case		0.423595451775372	0.7	0.7	2.8	0.682213840132396	5
chr21	24055798	24060683	4886	72	21.2506944444444	-0.36090528488295	0.36090528488295	-0.361084575621764	0.361084575621764	hypo	case		0.0745249099117497	0.7	0.7	2.8	0.682213840132396	5
chr21	19912070	19915444	3375	79	25.2025316455696	-0.398652123404681	0.398652123404681	-0.396112545813644	0.396112545813644	hypo	case		0.715715178852208	0.7	0.715715178852208	2.8	0.682213840132396	5
chr20	59025693	59028464	2772	58	22.4810344827586	0.290425549724644	0.290425549724644	0.313717418384311	0.313717418384311	hyper	case		0.555550376340046	0.7	0.7	2.8	0.682213840132396	5
chr21	20387454	20391614	4161	78	21.8301282051282	-0.350093899720997	0.350093899720997	-0.351294889630658	0.351294889630658	hypo	case		0.472318396089496	0.7	0.7	2.8	0.682213840132396	5
chr21	37625218	37627846	2629	59	19.4601694915254	-0.316550085879033	0.316550085879033	-0.351593956785282	0.351593956785282	hypo	case		0.0814736872789765	0.7	0.7	2.8	0.682213840132396	5
chr21	11313877	11318117	4241	76	12.4236842105263	-0.295959257257954	0.295959257257954	-0.308056604447714	0.308056604447714	hypo	case		0.845395752596731	0.7	0.845395752596731	2.8	0.682213840132396	5
chr20	30374933	30379648	4716	252	25.2089285714286	0.339054182346659	0.339054182346659	0.349881640343287	0.349881640343287	hyper	case		0.198253725371422	0.7	0.7	2.8	0.682213840132396	5
chr20	10313811	10316825	3015	56	23.4205357142857	-0.294407742787438	0.294407742787438	-0.300573915052444	0.300573915052444	hypo	case		0.670622386012734	0.7	0.7	2.8	0.682213840132396	5
chr20	55798191	55802690	4500	66	24.8075757575758	-0.251656807832094	0.251656807832094	-0.232201163652947	0.232201163652947	hypo	case		0.22389518497094	0.7	0.7	2.8	0.682213840132396	5
chr20	29428950	29431897	2948	148	19.4733108108108	0.340896919339625	0.340896919339625	0.351262147834473	0.351262147834473	hyper	case		0.328939026265171	0.7	0.7	2.8	0.682213840132396	5
chr20	7055918	7059949	4032	58	21.4431034482759	-0.276380042520707	0.276380042520707	-0.276086687439352	0.276086687439352	hypo	case		0.306836583089624	0.7	0.7	2.8	0.682213840132396	5
chr20	55157157	55161627	4471	56	20.9116071428571	-0.306455793131056	0.306455793131056	-0.31964315898895	0.31964315898895	hypo	case		0.477845010662713	0.7	0.7	2.8	0.682213840132396	5
chr20	14047971	14051578	3608	74	19.2486486486486	-0.375041012283609	0.375041012283609	-0.352444751518697	0.352444751518697	hypo	case		0.488712470730438	0.7	0.7	2.8	0.682213840132396	5
chr20	28897261	28900219	2959	55	23.1618181818182	-0.218668187436545	0.218668187436545	-0.230484928483592	0.230484928483592	hypo	case		0.13677510035084	0.7	0.7	2.8	0.682213840132396	5
chr20	49176942	49179226	2285	109	23.8050458715596	-0.256330239205239	0.256330239205239	-0.246052268583458	0.246052268583458	hypo	case		0.214825074387894	0.7	0.7	2.8	0.682213840132396	5
chr20	41274053	41276707	2655	58	20.6215517241379	0.219824838235456	0.219824838235456	0.245015916819525	0.245015916819525	hyper	case		0.149183386304408	0.7	0.7	2.8	0.682213840132396	5
chr21	37461134	37465975	4842	70	21.6457142857143	0.316609837106459	0.316609837106459	0.325933104881285	0.325933104881285	hyper	case		0.177084966413706	0.7	0.7	2.8	0.682213840132396	5
chr20	12131690	12133961	2272	60	24.1866666666667	-0.343101820889448	0.343101820889448	-0.330416648950386	0.330416648950386	hypo	case		0.652046969318367	0.7	0.7	2.8	0.682213840132396	5
chr21	5705996	5707150	1155	56	22.4196428571429	-0.268620018600697	0.268620018600697	-0.28185223725777	0.28185223725777	hypo	case		0.627505320933735	0.7	0.7	2.8	0.682213840132396	5
chr21	17079910	17083721	3812	64	22.50625	-0.29546881037183	0.29546881037183	-0.304247598417183	0.304247598417183	hypo	case		0.160182777824323	0.7	0.7	2.8	0.682213840132396	5
chr20	56018368	56021551	3184	66	23.3537878787879	-0.378631779790422	0.378631779790422	-0.359510773097273	0.359510773097273	hypo	case		0.33657102523466	0.7	0.7	2.8	0.682213840132396	5
chr21	20732656	20735453	2798	80	20.584375	-0.312221123119663	0.312221123119663	-0.318077313105828	0.318077313105828	hypo	case		0.146544839385328	0.7	0.7	2.8	0.682213840132396	5
chr20	38080280	38082683	2404	64	22.47734375	-0.29021838230435	0.29021838230435	-0.301288375954809	0.301288375954809	hypo	case		0.0992845245007775	0.7	0.7	2.8	0.682213840132396	5
chr20	25435351	25438850	3500	95	20.6547368421053	-0.382586160724605	0.382586160724605	-0.416382192011093	0.416382192011093	hypo	case		0.29740903615602	0.7	0.7	2.8	0.682213840132396	5
chr21	16744127	16747092	2966	50	21.669	-0.312664017871236	0.312664017871236	-0.302603085492284	0.302603085492284	hypo	case		0.459803892886989	0.7	0.7	2.8	0.682213840132396	5
chr20	64301098	64304868	3771	82	37.7981707317073	-0.324581234200936	0.324581234200936	-0.332930442434645	0.332930442434645	hypo	case		0.331409463908559	0.7	0.7	2.8	0.682213840132396	5
chr20	16200754	16203079	2326	60	22.6316666666667	-0.329414420678149	0.329414420678149	-0.329941402329524	0.329941402329524	hypo	case		0.250273708952196	0.7	0.7	2.8	0.682213840132396	5
chr21	30456411	30458890	2480	67	21.1134328358209	-0.477669215552847	0.477669215552847	-0.464919229446207	0.464919229446207	hypo	case		0.0923718984653617	0.7	0.7	2.8	0.682213840132396	5
chr21	9650446	9653948	3503	50	63.876	0.311778113334176	0.311778113334176	0.29946956106872	0.29946956106872	hyper	case		0.534529276635392	0.7	0.7	2.8	0.682213840132396	5
chr21	28204366	28209233	4868	114	24.509649122807	-0.320856546760644	0.320856546760644	-0.323215999345127	0.323215999345127	hypo	case		0.455348980943573	0.7	0.7	2.8	0.682213840132396	5
chr21	22906910	22910801	3892	56	22.1821428571429	-0.326151185818273	0.326151185818273	-0.355352742277081	0.355352742277081	hypo	case		0.50250914140532	0.7	0.7	2.8	0.682213840132396	5
chr20	44898569	44903281	4713	124	21.8274193548387	-0.281393003204367	0.281393003204367	-0.287341539966209	0.287341539966209	hypo	case		0.195693343930352	0.7	0.7	2.8	0.682213840132396	5
chr20	39902851	39905362	2512	60	18.815	-0.340007656190415	0.340007656190415	-0.366283730210634	0.366283730210634	hypo	case		0.0836974441511076	0.7	0.7	2.8	0.682213840132396	5
chr20	12095995	12098616	2622	50	20.332	-0.303736233975364	0.303736233975364	-0.319052565440876	0.319052565440876	hypo	case		0.28015400564232	0.7	0.7	2.8	0.682213840132396	5
chr21	35399026	35402066	3041	60	21.5583333333333	-0.28754304822195	0.28754304822195	-0.315957330664108	0.315957330664108	hypo	case		0.437618643909269	0.7	0.7	2.8	0.682213840132396	5
chr20	22114223	22117597	3375	51	21.5401960784314	-0.312085878051168	0.312085878051168	-0.335599425468901	0.335599425468901	hypo	case		0.99	0.7	0.99	2.8	0.682213840132396	5
chr20	10344310	10347306	2997	50	21.707	-0.2528844147843	0.2528844147843	-0.280024414159338	0.280024414159338	hypo	case		0.334777021557576	0.7	0.7	2.8	0.682213840132396	5
chr20	34605978	34607483	1506	63	22.8071428571429	-0.327957304936878	0.327957304936878	-0.338354254683013	0.338354254683013	hypo	case		0.945640050461355	0.7	0.945640050461355	2.8	0.682213840132396	5
chr20	18546171	18551021	4851	101	20.769801980198	-0.369013728197969	0.369013728197969	-0.356252593233539	0.356252593233539	hypo	case		0.150868484806047	0.7	0.7	2.8	0.682213840132396	5
chr20	4420058	4424518	4461	101	21.0539603960396	-0.332517254857248	0.332517254857248	-0.334194529040947	0.334194529040947	hypo	case		0.571479085814451	0.7	0.7	2.8	0.682213840132396	5
chr20	30109701	30113324	3624	52	19.8	-0.350807284591652	0.350807284591652	-0.356723610463925	0.356723610463925	hypo	case		0.441440713380111	0.7	0.7	2.8	0.682213840132396	5
chr21	15862094	15866825	4732	72	19.2159722222222	-0.339861800563595	0.339861800563595	-0.366442303738516	0.366442303738516	hypo	case		0.226448610735574	0.7	0.7	2.8	0.682213840132396	5
chr21	24169366	24173062	3697	54	19.0435185185185	-0.369699939336517	0.369699939336517	-0.372975568826871	0.372975568826871	hypo	case		0.183004176982953	0.7	0.7	2.8	0.682213840132396	5
chr20	45556388	45559692	3305	80	23.070625	-0.291114654810141	0.291114654810141	-0.30447117227536	0.30447117227536	hypo	case		0.130708861667232	0.7	0.7	2.8	0.682213840132396	5
chr20	47619419	47622789	3371	86	19.7994186046512	-0.294816895311418	0.294816895311418	-0.326817022727525	0.326817022727525	hypo	case		0.552364103858033	0.7	0.7	2.8	0.682213840132396	5
chr20	53204580	53207274	2695	82	19.9469512195122	-0.32016175624644	0.32016175624644	-0.324473350974579	0.324473350974579	hypo	case		0.567306634629704	0.7	0.7	2.8	0.682213840132396	5
chr20	45357752	45360829	3078	81	21.8512345679012	-0.276657362195793	0.276657362195793	-0.28091539958754	0.28091539958754	hypo	case		0.121314864309751	0.7	0.7	2.8	0.682213840132396	5
chr20	11144171	11148314	4144	68	20.9485294117647	-0.285052354244753	0.285052354244753	-0.281080178736702	0.281080178736702	hypo	case		0.99	0.7	0.99	2.8	0.682213840132396	5
chr20	37732372	37735393	3022	68	21.2286764705882	-0.337171612466133	0.337171612466133	-0.324508044909154	0.324508044909154	hypo	case		0.186170201559101	0.7	0.7	2.8	0.682213840132396	5
chr20	10956868	10959650	2783	64	21.01015625	-0.379863125784096	0.379863125784096	-0.403255603917521	0.403255603917521	hypo	case		0.709784184959385	0.7	0.709784184959385	2.8	0.682213840132396	5
chr20	10455670	10459506	3837	76	23.7388157894737	-0.295332080326853	0.295332080326853	-0.30903058548422	0.30903058548422	hypo	case		0.575093745871662	0.7	0.7	2.8	0.682213840132396	5
chr20	29791834	29794501	2668	52	32.3394230769231	-0.249425362997981	0.249425362997981	-0.259787493748421	0.259787493748421	hypo	case		0.174415284242053	0.7	0.7	2.8	0.682213840132396	5
chr20	45439696	45443946	4251	76	21.8855263157895	-0.331991706559128	0.331991706559128	-0.341025390642145	0.341025390642145	hypo	case		0.65338675846964	0.7	0.7	2.8	0.682213840132396	5
chr21	31166894	31170261	3368	82	21.1390243902439	-0.354211886356372	0.354211886356372	-0.341509173084996	0.341509173084996	hypo	case		0.190072478184989	0.7	0.7	2.8	0.682213840132396	5
chr20	52083041	52086774	3734	176	19.9809659090909	-0.373586779915125	0.373586779915125	-0.388008515907721	0.388008515907721	hypo	case		0.166274591564566	0.7	0.7	2.8	0.682213840132396	5
chr20	37491763	37496194	4432	98	23.6244897959184	-0.392505132712282	0.392505132712282	-0.396771328349039	0.396771328349039	hypo	case		0.474928682653948	0.7	0.7	2.8	0.682213840132396	5
chr20	29565368	29568285	2918	124	12.6286290322581	0.295078347068237	0.295078347068237	0.341837227229874	0.341837227229874	hyper	case		0.558423242913903	0.7	0.7	2.8	0.682213840132396	5
chr20	8632216	8637053	4838	72	22.6013888888889	-0.300131321309098	0.300131321309098	-0.335348497425837	0.335348497425837	hypo	case		0.412134454192522	0.7	0.7	2.8	0.682213840132396	5
chr21	22613988	22616305	2318	52	21.4701923076923	-0.353476338521852	0.353476338521852	-0.336118903106231	0.336118903106231	hypo	case		0.165359926777289	0.7	0.7	2.8	0.682213840132396	5
chr21	15313846	15317397	3552	106	19.9877358490566	-0.354237857081485	0.354237857081485	-0.361714391869505	0.361714391869505	hypo	case		0.825421734365567	0.7	0.825421734365567	2.8	0.682213840132396	5
chr20	54873715	54876099	2385	74	20.502027027027	-0.405261986937448	0.405261986937448	-0.407717274547342	0.407717274547342	hypo	case		0.057727894342349	0.7	0.7	2.8	0.682213840132396	5
chr21	20415275	20418712	3438	50	24.67	-0.313277252352279	0.313277252352279	-0.34975484155422	0.34975484155422	hypo	case		0.135273483146241	0.7	0.7	2.8	0.682213840132396	5
chr20	45300873	45303038	2166	57	19.9377192982456	-0.349228626270877	0.349228626270877	-0.35359172315646	0.35359172315646	hypo	case		0.99	0.7	0.99	2.8	0.682213840132396	5
chr21	28527626	28531042	3417	50	20.716	-0.313980002261007	0.313980002261007	-0.311773121192511	0.311773121192511	hypo	case		0.250577760285011	0.7	0.7	2.8	0.682213840132396	5
chr20	35889047	35892501	3455	122	21.2241803278689	-0.353489878680252	0.353489878680252	-0.365600000030219	0.365600000030219	hypo	case		0.503668785002451	0.7	0.7	2.8	0.682213840132396	5
chr20	7386347	7390453	4107	54	23.4083333333333	-0.297205262551422	0.297205262551422	-0.338006122456884	0.338006122456884	hypo	case		0.459439013751749	0.7	0.7	2.8	0.682213840132396	5
chr21	24659358	24664201	4844	116	21.1090517241379	-0.354366624059726	0.354366624059726	-0.361278139380864	0.361278139380864	hypo	case		0.387551484232881	0.7	0.7	2.8	0.682213840132396	5
chr20	55893599	55897902	4304	68	22.5941176470588	-0.307229271513551	0.307229271513551	-0.331775847062957	0.331775847062957	hypo	case		0.568308590259971	0.7	0.7	2.8	0.682213840132396	5
chr20	47481177	47482793	1617	53	21.1377358490566	-0.35324661565052	0.35324661565052	-0.349157465930671	0.349157465930671	hypo	case		0.389270024033804	0.7	0.7	2.8	0.682213840132396	5
chr21	38519275	38522125	2851	58	24.1974137931035	-0.312868029605004	0.312868029605004	-0.336937034027528	0.336937034027528	hypo	case		0.264016548846979	0.7	0.7	2.8	0.682213840132396	5
chr20	54647010	54649818	2809	84	23.7583333333333	-0.247841554320791	0.247841554320791	-0.279541006292625	0.279541006292625	hypo	case		0.209401204362496	0.7	0.7	2.8	0.682213840132396	5
chr20	31265332	31269006	3675	68	22.8727941176471	0.252736085163552	0.252736085163552	0.271771566248723	0.271771566248723	hyper	case		0.57580474849783	0.7	0.7	2.8	0.682213840132396	5
chr21	20961584	20964126	2543	52	22.8307692307692	-0.301666849619071	0.301666849619071	-0.293829053434052	0.293829053434052	hypo	case		0.36668598284341	0.7	0.7	2.8	0.682213840132396	5
chr20	35841160	35844637	3478	141	20.9280141843972	-0.411656995180602	0.411656995180602	-0.403128111639839	0.403128111639839	hypo	case		0.153554728277601	0.7	0.7	2.8	0.682213840132396	5
chr21	26214596	26216521	1926	60	20.12	-0.396412265637338	0.396412265637338	-0.402865029083727	0.402865029083727	hypo	case		0.0663992783954963	0.7	0.7	2.8	0.682213840132396	5
chr20	54998243	55000421	2179	50	22.33	-0.347315316296227	0.347315316296227	-0.351684592259691	0.351684592259691	hypo	case		0.743955705589986	0.7	0.743955705589986	2.8	0.682213840132396	5
chr20	40524121	40528441	4321	58	20.523275862069	-0.317606892837729	0.317606892837729	-0.339214637434255	0.339214637434255	hypo	case		0.320455092270526	0.7	0.7	2.8	0.682213840132396	5
chr21	21110797	21113937	3141	54	21.037962962963	-0.317570254821437	0.317570254821437	-0.308347597448658	0.308347597448658	hypo	case		0.0873662880709735	0.7	0.7	2.8	0.682213840132396	5
chr20	21045856	21049584	3729	91	21.0181318681319	-0.260561772916722	0.260561772916722	-0.258721292821501	0.258721292821501	hypo	case		0.141563517172675	0.7	0.7	2.8	0.682213840132396	5
chr21	30345778	30347245	1468	54	23.5333333333333	-0.35132232237397	0.35132232237397	-0.384366149075306	0.384366149075306	hypo	case		0.549832284982291	0.7	0.7	2.8	0.682213840132396	5
chr21	13469815	13473074	3260	50	21.747	-0.301369045711571	0.301369045711571	-0.314745479661073	0.314745479661073	hypo	case		0.417457113184915	0.7	0.7	2.8	0.682213840132396	5
chr20	60935906	60940118	4213	133	21.5364661654135	-0.314708917660863	0.314708917660863	-0.321816100935399	0.321816100935399	hypo	case		0.650430588523994	0.7	0.7	2.8	0.682213840132396	5
chr20	33817054	33820165	3112	70	20.6807142857143	0.23952392687014	0.23952392687014	0.241974205988612	0.241974205988612	hyper	case		0.687172216725841	0.7	0.7	2.8	0.682213840132396	5
chr20	13324685	13328882	4198	74	20.8912162162162	-0.304266505830291	0.304266505830291	-0.312718634475044	0.312718634475044	hypo	case		0.624830032485388	0.7	0.7	2.8	0.682213840132396	5
chr20	20328759	20331196	2438	70	22.7157142857143	-0.323721086697105	0.323721086697105	-0.353560264155254	0.353560264155254	hypo	case		0.60506451821865	0.7	0.7	2.8	0.682213840132396	5
chr20	52572259	52576518	4260	74	20.7297297297297	-0.29885061689368	0.29885061689368	-0.3223961921759	0.3223961921759	hypo	case		0.707644227334462	0.7	0.707644227334462	2.8	0.682213840132396	5
chr21	13082003	13085497	3495	58	24.6206896551724	-0.325526807602709	0.325526807602709	-0.364761081379006	0.364761081379006	hypo	case		0.459561177884929	0.7	0.7	2.8	0.682213840132396	5
chr21	30843812	30848436	4625	98	22.2760204081633	-0.335355600731651	0.335355600731651	-0.339569716062915	0.339569716062915	hypo	case		0.70376402235781	0.7	0.70376402235781	2.8	0.682213840132396	5
chr21	22595578	22600343	4766	141	22.4010638297872	-0.355575098459938	0.355575098459938	-0.369372627993833	0.369372627993833	hypo	case		0.204140517897913	0.7	0.7	2.8	0.682213840132396	5
chr21	13673130	13677502	4373	72	11.3243055555556	-0.284263383675148	0.284263383675148	-0.311651723821908	0.311651723821908	hypo	case		0.850348580029996	0.7	0.850348580029996	2.8	0.682213840132396	5
chr20	5301143	5303245	2103	88	22.2698863636364	-0.347148828289259	0.347148828289259	-0.380489842911241	0.380489842911241	hypo	case		0.117220224842107	0.7	0.7	2.8	0.682213840132396	5
chr20	43865927	43870035	4109	82	19.5371951219512	-0.327473212239668	0.327473212239668	-0.34331337877802	0.34331337877802	hypo	case		0.486600321627839	0.7	0.7	2.8	0.682213840132396	5
chr21	40939913	40943628	3716	60	23.0891666666667	-0.349320487645906	0.349320487645906	-0.361691501044192	0.361691501044192	hypo	case		0.113973941610936	0.7	0.7	2.8	0.682213840132396	5
chr21	28266443	28269155	2713	52	22.2990384615385	-0.307862854375213	0.307862854375213	-0.330439651183308	0.330439651183308	hypo	case		0.733573770501559	0.7	0.733573770501559	2.8	0.682213840132396	5
chr20	22254957	22258119	3163	58	21.4594827586207	-0.263632750146198	0.263632750146198	-0.285081219915152	0.285081219915152	hypo	case		0.289617532026312	0.7	0.7	2.8	0.682213840132396	5
chr21	18338956	18343257	4302	60	23.4216666666667	-0.308601388360384	0.308601388360384	-0.309693865311348	0.309693865311348	hypo	case		0.68256317811605	0.7	0.7	2.8	0.682213840132396	5
chr20	9922813	9924883	2071	62	20.6798387096774	-0.327258447342192	0.327258447342192	-0.348116455196499	0.348116455196499	hypo	case		0.99	0.7	0.99	2.8	0.682213840132396	5
chr20	18222822	18225905	3084	62	22.3306451612903	-0.276107076504185	0.276107076504185	-0.285484945755519	0.285484945755519	hypo	case		0.514370030283812	0.7	0.7	2.8	0.682213840132396	5
chr20	9818415	9822425	4011	52	23.7019230769231	-0.310674725660191	0.310674725660191	-0.330329402538199	0.330329402538199	hypo	case		0.190125273722029	0.7	0.7	2.8	0.682213840132396	5
chr21	13450897	13455251	4355	70	21.6621428571429	0.268734938872791	0.268734938872791	0.280373325512204	0.280373325512204	hyper	case		0.325859033822866	0.7	0.7	2.8	0.682213840132396	5
chr20	49389239	49393681	4443	102	22.9671568627451	-0.32445240404658	0.32445240404658	-0.332860773724061	0.332860773724061	hypo	case		0.233847114313189	0.7	0.7	2.8	0.682213840132396	5
chr20	15275486	15277325	1840	54	21.2962962962963	-0.31483457356634	0.31483457356634	-0.333060456518179	0.333060456518179	hypo	case		0.380665803349025	0.7	0.7	2.8	0.682213840132396	5
chr20	39265351	39269737	4387	84	19.6636904761905	-0.225835499638584	0.225835499638584	-0.239725678076874	0.239725678076874	hypo	case		0.235765141398627	0.7	0.7	2.8	0.682213840132396	5
chr20	31674217	31677630	3414	78	22.7583333333333	0.273180431309689	0.273180431309689	0.290197189397111	0.290197189397111	hyper	case		0.335169097337072	0.7	0.7	2.8	0.682213840132396	5
chr20	1109940	1113160	3221	76	24.3526315789474	-0.30382662904364	0.30382662904364	-0.331776951642722	0.331776951642722	hypo	case		0.105685227120059	0.7	0.7	2.8	0.682213840132396	5
chr21	46590467	46594731	4265	82	21.0390243902439	-0.311151076705609	0.311151076705609	-0.303064455444604	0.303064455444604	hypo	case		0.375879064019227	0.7	0.7	2.8	0.682213840132396	5
chr21	32328176	32332835	4660	66	24.1515151515152	-0.352735008691383	0.352735008691383	-0.379592938705989	0.379592938705989	hypo	case		0.216046701945801	0.7	0.7	2.8	0.682213840132396	5
chr20	4378237	4383148	4912	70	22.6535714285714	-0.255356074352788	0.255356074352788	-0.281996356600636	0.281996356600636	hypo	case		0.08729115060571	0.7	0.7	2.8	0.682213840132396	5
chr20	10251745	10256443	4699	76	23.1802631578947	-0.267549701247427	0.267549701247427	-0.302460476018476	0.302460476018476	hypo	case		0.473099671752752	0.7	0.7	2.8	0.682213840132396	5
chr20	2876447	2879846	3400	66	22.0272727272727	-0.28911799884094	0.28911799884094	-0.30237670593083	0.30237670593083	hypo	case		0.279935121300027	0.7	0.7	2.8	0.682213840132396	5
chr21	40844960	40849926	4967	248	22.1280241935484	0.384348492507468	0.384348492507468	0.375373108930682	0.375373108930682	hyper	case		0.190278164536133	0.7	0.7	2.8	0.682213840132396	5
chr20	534794	538243	3450	82	21.0969512195122	0.274538234572051	0.274538234572051	0.269370553422537	0.269370553422537	hyper	case		0.630857625705266	0.7	0.7	2.8	0.682213840132396	5
chr20	15080326	15084364	4039	50	21.4	-0.328669151360908	0.328669151360908	-0.337809464058031	0.337809464058031	hypo	case		0.282035141076423	0.7	0.7	2.8	0.682213840132396	5
chr21	17657100	17661927	4828	78	11.05	-0.199013379220181	0.199013379220181	-0.238072715843951	0.238072715843951	hypo	case		0.10173403631117	0.7	0.7	2.8	0.682213840132396	5
chr21	39927699	39931709	4011	84	23.6577380952381	-0.247888176532951	0.247888176532951	-0.255755421540264	0.255755421540264	hypo	case		0.48429784815068	0.7	0.7	2.8	0.682213840132396	5
chr20	11721151	11724350	3200	54	22.0212962962963	-0.236407043209772	0.236407043209772	-0.274218421474471	0.274218421474471	hypo	case		0.348426231198546	0.7	0.7	2.8	0.682213840132396	5
chr20	51340860	51343452	2593	56	22.3848214285714	-0.302161112281566	0.302161112281566	-0.321079664088681	0.321079664088681	hypo	case		0.478227421890315	0.7	0.7	2.8	0.682213840132396	5
chr20	55722247	55725358	3112	90	21.2844444444444	-0.374780851341289	0.374780851341289	-0.390335571524962	0.390335571524962	hypo	case		0.0898388566509419	0.7	0.7	2.8	0.682213840132396	5
chr20	31775943	31777035	1093	64	20.19453125	-0.414728652199471	0.414728652199471	-0.43860104812039	0.43860104812039	hypo	case		0.187256758002376	0.7	0.7	2.8	0.682213840132396	5
chr21	29691108	29694710	3603	94	22.9398936170213	-0.338376815881502	0.338376815881502	-0.346166427931762	0.346166427931762	hypo	case		0.148081127107905	0.7	0.7	2.8	0.682213840132396	5
chr21	21073676	21077512	3837	56	21.68125	-0.260564597382027	0.260564597382027	-0.277375050247535	0.277375050247535	hypo	case		0.0623139550689711	0.7	0.7	2.8	0.682213840132396	5
chr20	15015722	15020056	4335	82	22.2780487804878	-0.350930970186164	0.350930970186164	-0.353742093459206	0.353742093459206	hypo	case		0.367056370522605	0.7	0.7	2.8	0.682213840132396	5
chr20	41047004	41051082	4079	56	19.8642857142857	0.259575019954746	0.259575019954746	0.27150748603192	0.27150748603192	hyper	case		0.126999269075481	0.7	0.7	2.8	0.682213840132396	5
chr20	52429005	52431791	2787	53	20.3981132075472	-0.359251298881717	0.359251298881717	-0.382419887634465	0.382419887634465	hypo	case		0.218041418985345	0.7	0.7	2.8	0.682213840132396	5
chr21	26251437	26254586	3150	56	24.3133928571429	-0.318789207253252	0.318789207253252	-0.325029688611451	0.325029688611451	hypo	case		0.789301893304373	0.7	0.789301893304373	2.8	0.682213840132396	5
chr20	11260768	11264860	4093	70	21.5371428571429	-0.315624647476568	0.315624647476568	-0.326500896212622	0.326500896212622	hypo	case		0.523250892877155	0.7	0.7	2.8	0.682213840132396	5
chr21	32053244	32057756	4513	121	21.8599173553719	-0.35127269458811	0.35127269458811	-0.348377703524414	0.348377703524414	hypo	case		0.482313789720713	0.7	0.7	2.8	0.682213840132396	5
chr20	21909569	21914106	4538	69	20.0463768115942	-0.36994568285558	0.36994568285558	-0.358611342761311	0.358611342761311	hypo	case		0.168537369137875	0.7	0.7	2.8	0.682213840132396	5
chr20	36713408	36716520	3113	90	19.8733333333333	-0.38775740909601	0.38775740909601	-0.394021967177052	0.394021967177052	hypo	case		0.378994369688155	0.7	0.7	2.8	0.682213840132396	5
chr21	23073183	23075622	2440	50	23.95	-0.349770644832156	0.349770644832156	-0.351732924893836	0.351732924893836	hypo	case		0.312083106545459	0.7	0.7	2.8	0.682213840132396	5
chr20	29077995	29082540	4546	244	96.0120901639344	0.343344836464229	0.343344836464229	0.34082118882156	0.34082118882156	hyper	case		0.339311873273142	0.7	0.7	2.8	0.682213840132396	5
chr21	9671638	9673677	2040	52	39.6057692307692	-0.293460500061357	0.293460500061357	-0.299499523346526	0.299499523346526	hypo	case		0.199117008186999	0.7	0.7	2.8	0.682213840132396	5
chr21	34046105	34047798	1694	54	20.8435185185185	-0.366477056584415	0.366477056584415	-0.387536676425881	0.387536676425881	hypo	case		0.503189381722703	0.7	0.7	2.8	0.682213840132396	5
chr21	44783952	44788584	4633	151	21.4046357615894	-0.316728836379826	0.316728836379826	-0.346647133891192	0.346647133891192	hypo	case		0.389842741438254	0.7	0.7	2.8	0.682213840132396	5
chr20	15404484	15408852	4369	87	20.9683908045977	-0.417268470603573	0.417268470603573	-0.437895876254425	0.437895876254425	hypo	case		0.593240224087289	0.7	0.7	2.8	0.682213840132396	5
chr20	56303894	56305675	1782	60	20.485	-0.308622838395856	0.308622838395856	-0.319933023073264	0.319933023073264	hypo	case		0.295104630968427	0.7	0.7	2.8	0.682213840132396	5
chr20	22632249	22634969	2721	56	18.8241071428571	-0.207212809901827	0.207212809901827	-0.243869646999218	0.243869646999218	hypo	case		0.290823199730904	0.7	0.7	2.8	0.682213840132396	5
chr20	28828306	28832511	4206	66	25.0628787878788	0.301737851722505	0.301737851722505	0.288100005474292	0.288100005474292	hyper	case		0.805507312549335	0.7	0.805507312549335	2.8	0.682213840132396	5
chr21	25611646	25614589	2944	78	23.050641025641	-0.341632214047715	0.341632214047715	-0.340233721696615	0.340233721696615	hypo	case		0.477836868769653	0.7	0.7	2.8	0.682213840132396	5
chr21	35705513	35709230	3718	69	21.7688405797101	-0.307066445919873	0.307066445919873	-0.342718337569978	0.342718337569978	hypo	case		0.527118043137666	0.7	0.7	2.8	0.682213840132396	5
chr21	13582968	13585268	2301	50	23.108	-0.288684626152649	0.288684626152649	-0.316738581219809	0.316738581219809	hypo	case		0.394894594075296	0.7	0.7	2.8	0.682213840132396	5
chr21	21984509	21987337	2829	68	21.8463235294118	-0.371193666250321	0.371193666250321	-0.384218017679353	0.384218017679353	hypo	case		0.350030651826864	0.7	0.7	2.8	0.682213840132396	5
chr20	26161597	26165419	3823	56	23.0678571428571	-0.315071276308386	0.315071276308386	-0.333766400095738	0.333766400095738	hypo	case		0.190755305680273	0.7	0.7	2.8	0.682213840132396	5
chr20	11710667	11714367	3701	77	24.4084415584416	-0.313868319474979	0.313868319474979	-0.334558369075622	0.334558369075622	hypo	case		0.200525685881701	0.7	0.7	2.8	0.682213840132396	5
chr20	55302557	55307260	4704	66	20.7037878787879	-0.344299889294969	0.344299889294969	-0.340203627022585	0.340203627022585	hypo	case		0.390972147643563	0.7	0.7	2.8	0.682213840132396	5
chr21	28868447	28873151	4705	84	21.3785714285714	-0.344257228974751	0.344257228974751	-0.364252664417151	0.364252664417151	hypo	case		0.617415510871056	0.7	0.7	2.8	0.682213840132396	5
chr20	39819895	39824537	4643	88	22.4073863636364	-0.294306537243412	0.294306537243412	-0.307870440948644	0.307870440948644	hypo	case		0.433047892982715	0.7	0.7	2.8	0.682213840132396	5
chr21	28604945	28609464	4520	69	20.4507246376812	-0.368174151033124	0.368174151033124	-0.372349842226092	0.372349842226092	hypo	case		0.357785338466498	0.7	0.7	2.8	0.682213840132396	5
chr20	4617362	4619812	2451	62	21.9032258064516	-0.357329838341001	0.357329838341001	-0.35542455052041	0.35542455052041	hypo	case		0.263276699992085	0.7	0.7	2.8	0.682213840132396	5
chr20	35629496	35633046	3551	104	21.1884615384615	-0.311199925775993	0.311199925775993	-0.314028353390428	0.314028353390428	hypo	case		0.321413935946899	0.7	0.7	2.8	0.682213840132396	5
chr21	26564047	26566988	2942	60	19.6783333333333	-0.25986972559187	0.25986972559187	-0.271136079577369	0.271136079577369	hypo	case		0.168610326518358	0.7	0.7	2.8	0.682213840132396	5
chr20	11051067	11054823	3757	54	21.1509259259259	-0.241522912106039	0.241522912106039	-0.254237313661621	0.254237313661621	hypo	case		0.166635055887317	0.7	0.7	2.8	0.682213840132396	5
chr20	41008431	41010435	2005	76	22.6796052631579	-0.382789972632422	0.382789972632422	-0.405493003974295	0.405493003974295	hypo	case		0.432062007969664	0.7	0.7	2.8	0.682213840132396	5
chr21	17523897	17526336	2440	59	21.5889830508475	-0.350016400944594	0.350016400944594	-0.379235512873915	0.379235512873915	hypo	case		0.450052158818443	0.7	0.7	2.8	0.682213840132396	5
chr20	19204142	19206698	2557	66	21.3909090909091	-0.238011152401952	0.238011152401952	-0.275730442103569	0.275730442103569	hypo	case		0.439042168150732	0.7	0.7	2.8	0.682213840132396	5
chr20	13304352	13308870	4519	72	22.8645833333333	-0.348939008999334	0.348939008999334	-0.364930604298239	0.364930604298239	hypo	case		0.209170309281702	0.7	0.7	2.8	0.682213840132396	5
chr20	45673590	45675454	1865	60	21.1508333333333	-0.349849945618282	0.349849945618282	-0.338660508399671	0.338660508399671	hypo	case		0.544762790625992	0.7	0.7	2.8	0.682213840132396	5
chr20	14672256	14675579	3324	56	25.4330357142857	-0.450720821301395	0.450720821301395	-0.451043022953787	0.451043022953787	hypo	case		0.200612695177835	0.7	0.7	2.8	0.682213840132396	5
chr21	23913840	23914998	1159	60	22.4416666666667	-0.405863065480448	0.405863065480448	-0.409626058053383	0.409626058053383	hypo	case		0.291707220577165	0.7	0.7	2.8	0.682213840132396	5
chr20	151555	155372	3818	66	21.1492424242424	-0.314568088465888	0.314568088465888	-0.334059529787504	0.334059529787504	hypo	case		0.118650250926182	0.7	0.7	2.8	0.682213840132396	5
chr21	18514028	18518859	4832	86	22.6604651162791	-0.313465997439379	0.313465997439379	-0.309079210751298	0.309079210751298	hypo	case		0.378532843409851	0.7	0.7	2.8	0.682213840132396	5
chr21	19020681	19024176	3496	114	19.9890350877193	-0.349068970969329	0.349068970969329	-0.372236205240756	0.372236205240756	hypo	case		0.396344355558455	0.7	0.7	2.8	0.682213840132396	5
chr21	37664760	37669349	4590	159	18.1031446540881	-0.277422167417692	0.277422167417692	-0.292872272528454	0.292872272528454	hypo	case		0.211328871917947	0.7	0.7	2.8	0.682213840132396	5
chr20	17276823	17280036	3214	60	24.1791666666667	-0.272733892422329	0.272733892422329	-0.280621375032931	0.280621375032931	hypo	case		0.0627284227692327	0.7	0.7	2.8	0.682213840132396	5
chr20	40189845	40193535	3691	87	18.6804597701149	-0.328192875146148	0.328192875146148	-0.338096483910681	0.338096483910681	hypo	case		0.165929131435034	0.7	0.7	2.8	0.682213840132396	5
chr21	37492228	37495646	3419	76	24.5138157894737	-0.281420836237038	0.281420836237038	-0.296413729441831	0.296413729441831	hypo	case		0.185402800360698	0.7	0.7	2.8	0.682213840132396	5
chr20	52107707	52112069	4363	182	22.4271978021978	-0.374471172123344	0.374471172123344	-0.38474615813856	0.38474615813856	hypo	case		0.99	0.7	0.99	2.8	0.682213840132396	5
chr21	20737913	20740788	2876	64	21.25078125	-0.326452723238325	0.326452723238325	-0.336552802055739	0.336552802055739	hypo	case		0.0969993997444198	0.7	0.7	2.8	0.682213840132396	5
chr20	11575825	11578415	2591	54	19.825	-0.411437483537528	0.411437483537528	-0.429555504067839	0.429555504067839	hypo	case		0.511575389248728	0.7	0.7	2.8	0.682213840132396	5
chr20	42659111	42662382	3272	56	20.6392857142857	-0.358544598380288	0.358544598380288	-0.386997203303679	0.386997203303679	hypo	case		0.115254056779311	0.7	0.7	2.8	0.682213840132396	5
chr20	17059415	17063641	4227	54	21.8657407407407	-0.29350395694017	0.29350395694017	-0.304205355383327	0.304205355383327	hypo	case		0.328038545923492	0.7	0.7	2.8	0.682213840132396	5
chr21	40111389	40115597	4209	62	24.9362903225807	-0.349411327589566	0.349411327589566	-0.34462570776424	0.34462570776424	hypo	case		0.157582756567173	0.7	0.7	2.8	0.682213840132396	5
chr20	44555860	44558382	2523	71	21.6133802816901	-0.321477263995857	0.321477263995857	-0.343503785723125	0.343503785723125	hypo	case		0.259468090195768	0.7	0.7	2.8	0.682213840132396	5
chr20	47020954	47024668	3715	108	23.0800925925926	-0.337702974925675	0.337702974925675	-0.342007137265761	0.342007137265761	hypo	case		0.0291824163771699	0.7	0.7	2.8	0.682213840132396	5
chr20	9089973	9093913	3941	54	18.6851851851852	0.282274197022321	0.282274197022321	0.289811712798472	0.289811712798472	hyper	case		0.99	0.7	0.99	2.8	0.682213840132396	5
chr20	53584395	53587181	2787	60	22.825	-0.284092986363096	0.284092986363096	-0.273382537826066	0.273382537826066	hypo	case		0.30671943536347	0.7	0.7	2.8	0.682213840132396	5
chr21	30889030	30892705	3676	52	21.8932692307692	-0.304246185122122	0.304246185122122	-0.287856383808329	0.287856383808329	hypo	case		0.193231592325446	0.7	0.7	2.8	0.682213840132396	5
chr20	12381889	12385346	3458	84	21.7761904761905	-0.335842423887353	0.335842423887353	-0.344745530431648	0.344745530431648	hypo	case		0.486859895408264	0.7	0.7	2.8	0.682213840132396	5
chr20	23063351	23066070	2720	52	23.0903846153846	-0.296879799563412	0.296879799563412	-0.307884810129097	0.307884810129097	hypo	case		0.626562049141423	0.7	0.7	2.8	0.682213840132396	5
chr20	42399854	42403201	3348	62	22.4822580645161	-0.405273676057726	0.405273676057726	-0.421385056874051	0.421385056874051	hypo	case		0.220416181913412	0.7	0.7	2.8	0.682213840132396	5
chr21	21409216	21411001	1786	58	18.8810344827586	-0.35131880963557	0.35131880963557	-0.347186012052874	0.347186012052874	hypo	case		0.263961990128889	0.7	0.7	2.8	0.682213840132396	5
chr20	37580381	37585027	4647	116	23.4978448275862	-0.341809247062214	0.341809247062214	-0.344050234398644	0.344050234398644	hypo	case		0.189257595677903	0.7	0.7	2.8	0.682213840132396	5
chr20	18541843	18543381	1539	54	21.812962962963	-0.316949629907495	0.316949629907495	-0.288555846548731	0.288555846548731	hypo	case		0.0512522557565111	0.7	0.7	2.8	0.682213840132396	5
chr20	22103609	22106174	2566	52	23.8576923076923	-0.309577422916337	0.309577422916337	-0.335417718564261	0.335417718564261	hypo	case		0.513114890877493	0.7	0.7	2.8	0.682213840132396	5
chr20	19342727	19345911	3185	68	19.3977941176471	-0.32476481588839	0.32476481588839	-0.331323139898044	0.331323139898044	hypo	case		0.0576790943638708	0.7	0.7	2.8	0.682213840132396	5
chr21	16496451	16501194	4744	54	21.4166666666667	-0.369964313625783	0.369964313625783	-0.340787290487652	0.340787290487652	hypo	case		0.463834822205837	0.7	0.7	2.8	0.682213840132396	5
chr21	40359814	40362984	3171	82	22.5609756097561	-0.359899789415122	0.359899789415122	-0.351146369505149	0.351146369505149	hypo	case		0.524066411879583	0.7	0.7	2.8	0.682213840132396	5
chr20	35704485	35708889	4405	116	24.2081896551724	-0.348876761117633	0.348876761117633	-0.34779736407319	0.34779736407319	hypo	case		0.592313535244896	0.7	0.7	2.8	0.682213840132396	5
chr20	50555383	50558115	2733	70	23.8421428571429	-0.330385024213516	0.330385024213516	-0.313435805093366	0.313435805093366	hypo	case		0.101830021307931	0.7	0.7	2.8	0.682213840132396	5
chr20	9387724	9391103	3380	50	21.493	-0.212953451966876	0.212953451966876	-0.207133702321805	0.207133702321805	hypo	case		0.171707181018426	0.7	0.7	2.8	0.682213840132396	5
chr21	35223517	35228381	4865	130	20.3961538461538	-0.286351010946888	0.286351010946888	-0.30179504462639	0.30179504462639	hypo	case		0.120194489683423	0.7	0.7	2.8	0.682213840132396	5
chr20	1475857	1479069	3213	76	21.8289473684211	-0.340850618054587	0.340850618054587	-0.331330247674312	0.331330247674312	hypo	case		0.282941638942965	0.7	0.7	2.8	0.682213840132396	5
chr20	2481777	2484218	2442	72	21.8659722222222	-0.339790206300514	0.339790206300514	-0.353245650009035	0.353245650009035	hypo	case		0.428407644300369	0.7	0.7	2.8	0.682213840132396	5
chr21	9975231	9978898	3668	50	56.839	0.305239481795618	0.305239481795618	0.319092671738637	0.319092671738637	hyper	case		0.163304552174682	0.7	0.7	2.8	0.682213840132396	5
chr21	17850968	17854135	3168	52	19.8221153846154	-0.242762058077511	0.242762058077511	-0.273231537107318	0.273231537107318	hypo	case		0.148403517894378	0.7	0.7	2.8	0.682213840132396	5
chr20	46290413	46292734	2322	57	18.0140350877193	-0.272048459921273	0.272048459921273	-0.305891080214885	0.305891080214885	hypo	case		0.447970410987472	0.7	0.7	2.8	0.682213840132396	5
chr21	8703982	8706601	2620	54	13.3296296296296	-0.3437195795466	0.3437195795466	-0.371494095343458	0.371494095343458	hypo	case		0.225681271036978	0.7	0.7	2.8	0.682213840132396	5
chr20	16225498	16230286	4789	285	21.8778947368421	-0.417406442241969	0.417406442241969	-0.429335122060378	0.429335122060378	hypo	case		0.716288354299867	0.7	0.716288354299867	2.8	0.682213840132396	5
chr20	17136443	17138992	2550	64	20.06328125	-0.381626230300101	0.381626230300101	-0.408111279453926	0.408111279453926	hypo	case		0.293762559765284	0.7	0.7	2.8	0.682213840132396	5
chr20	64319824	64323346	3523	64	29.86640625	-0.294816323804819	0.294816323804819	-0.309915237037629	0.309915237037629	hypo	case		0.319782928886594	0.7	0.7	2.8	0.682213840132396	5
chr21	18318190	18322944	4755	112	22.759375	-0.375264418320038	0.375264418320038	-0.39309718695944	0.39309718695944	hypo	case		0.593772235780922	0.7	0.7	2.8	0.682213840132396	5
chr21	27858253	27862187	3935	76	22.6269736842105	-0.311902048297738	0.311902048297738	-0.324321329707134	0.324321329707134	hypo	case		0.240141844943294	0.7	0.7	2.8	0.682213840132396	5
chr21	10635743	10639622	3880	55	53.7054545454546	-0.27585393177667	0.27585393177667	-0.314769310224598	0.314769310224598	hypo	case		0.673494572829157	0.7	0.7	2.8	0.682213840132396	5
chr21	23336019	23339419	3401	59	23.1694915254237	-0.305066766478531	0.305066766478531	-0.307841153279649	0.307841153279649	hypo	case		0.320135792530962	0.7	0.7	2.8	0.682213840132396	5
chr20	34635597	34638129	2533	62	22.05	-0.348976144005319	0.348976144005319	-0.359162971157703	0.359162971157703	hypo	case		0.165707534575965	0.7	0.7	2.8	0.682213840132396	5
chr20	55943609	55948459	4851	132	19.3723484848485	-0.362449572641822	0.362449572641822	-0.363333938523829	0.363333938523829	hypo	case		0.509271247971156	0.7	0.7	2.8	0.682213840132396	5
chr21	18797440	18802052	4613	96	21.9703125	-0.368593944687934	0.368593944687934	-0.372465433031201	0.372465433031201	hypo	case		0.343464684010113	0.7	0.7	2.8	0.682213840132396	5
chr21	9548849	9552413	3565	112	28.6875	-0.313011501268601	0.313011501268601	-0.325274543153674	0.325274543153674	hypo	case		0.486428893232221	0.7	0.7	2.8	0.682213840132396	5
chr20	56047969	56051686	3718	86	21.946511627907	-0.303374032940463	0.303374032940463	-0.322325228982105	0.322325228982105	hypo	case		0.280507097079239	0.7	0.7	2.8	0.682213840132396	5
