seqnames	start	end	width	num_sites	cov	delta_beta	delta_beta_abs	intended_delta_beta	intended_delta_beta_abs	direction	case_group	genome	background_corr_target	expected_correlation	corr_target	corr_sd_used	corr_metric_estimate	neighbor_window
chr20	11648586	11648750	165	5	17.79	-0.334802769003354	0.334802769003354	-0.321933487767768	0.321933487767768	hypo	case		0.202056563252034	0.78	0.78	2.8	0.699178745142492	5
chr21	21059688	21060084	397	5	22.06	0.134842532467532	0.134842532467532	0.172296639433318	0.172296639433318	hyper	case		0.4579994186067	0.78	0.78	2.8	0.699178745142492	5
chr20	55958955	55959308	354	5	21.88	0.154880082607381	0.154880082607381	0.159915656559794	0.159915656559794	hyper	case		0.273223854188846	0.78	0.78	2.8	0.699178745142492	5
chr21	22412386	22412973	588	15	21.8733333333333	-0.253293137572699	0.253293137572699	-0.292007316140336	0.292007316140336	hypo	case		0.263570863739826	0.78	0.78	2.8	0.699178745142492	5
chr20	40035269	40037033	1765	15	20.02	-0.280458941905873	0.280458941905873	-0.342090752688827	0.342090752688827	hypo	case		0.122495643893974	0.78	0.78	2.8	0.699178745142492	5
chr21	21240479	21240575	97	5	18.07	0.120846339928211	0.120846339928211	0.0884230038469934	0.0884230038469934	hyper	case		0.608002773849955	0.78	0.78	2.8	0.699178745142492	5
chr21	14990970	14991212	243	8	20.7875	-0.20923486574355	0.20923486574355	-0.221287585556575	0.221287585556575	hypo	case		0.345322956267444	0.78	0.78	2.8	0.699178745142492	5
chr20	4521204	4522605	1402	49	21.5132653061225	-0.249687848466462	0.249687848466462	-0.273109428411347	0.273109428411347	hypo	case		0.203994507471933	0.78	0.78	2.8	0.699178745142492	5
chr20	26169317	26170165	849	7	20.3214285714286	0.119571763633683	0.119571763633683	0.199233520247517	0.199233520247517	hyper	case		0.523937186324582	0.78	0.78	2.8	0.699178745142492	5
chr20	39694243	39695445	1203	11	22.8681818181818	0.144493546258807	0.144493546258807	0.170217998955879	0.170217998955879	hyper	case		0.593085720896431	0.78	0.78	2.8	0.699178745142492	5
chr21	23580153	23580587	435	10	20.86	-0.238424428138214	0.238424428138214	-0.241281336681333	0.241281336681333	hypo	case		0.330343678221137	0.78	0.78	2.8	0.699178745142492	5
chr20	20703121	20704296	1176	10	22.535	-0.23267316678414	0.23267316678414	-0.244153437973137	0.244153437973137	hypo	case		0.112412085938774	0.78	0.78	2.8	0.699178745142492	5
chr21	24812939	24814478	1540	25	23.322	-0.230399031373683	0.230399031373683	-0.245381645239021	0.245381645239021	hypo	case		0.449517927564705	0.78	0.78	2.8	0.699178745142492	5
chr20	23472456	23473716	1261	24	21.81875	-0.292691694349566	0.292691694349566	-0.2988778172691	0.2988778172691	hypo	case		0.476355417244276	0.78	0.78	2.8	0.699178745142492	5
chr20	34379087	34380054	968	32	21.1984375	-0.21671995932531	0.21671995932531	-0.232754031892888	0.232754031892888	hypo	case		0.317859796702888	0.78	0.78	2.8	0.699178745142492	5
chr20	15649279	15649650	372	5	21.71	0.112474511570874	0.112474511570874	0.174507331861274	0.174507331861274	hyper	case		0.528074651746488	0.78	0.78	2.8	0.699178745142492	5
chr21	13177211	13178392	1182	12	20.675	-0.297024572973236	0.297024572973236	-0.248903611324859	0.248903611324859	hypo	case		0.315484517947774	0.78	0.78	2.8	0.699178745142492	5
chr21	15123686	15124772	1087	17	21.0323529411765	-0.262898879738714	0.262898879738714	-0.227739695588188	0.227739695588188	hypo	case		0.388415135577133	0.78	0.78	2.8	0.699178745142492	5
chr20	25351644	25352969	1326	16	24.540625	0.232295836469229	0.232295836469229	0.216033260072458	0.216033260072458	hyper	case		0.250339671670023	0.78	0.78	2.8	0.699178745142492	5
chr20	18486691	18487111	421	5	20.25	-0.18721882631706	0.18721882631706	-0.2281880595239	0.2281880595239	hypo	case		0.300097539092972	0.78	0.78	2.8	0.699178745142492	5
chr20	28613759	28614551	793	9	38.9333333333333	0.168501739339167	0.168501739339167	0.187986464305887	0.187986464305887	hyper	case		0.289760061460635	0.78	0.78	2.8	0.699178745142492	5
chr21	7586949	7587839	891	5	29.33	-0.106546272306526	0.106546272306526	-0.133059772941457	0.151183959544864	hypo	case		0.340785705260124	0.78	0.78	2.8	0.699178745142492	5
chr21	35669069	35669964	896	19	21.1736842105263	-0.255223316986177	0.255223316986177	-0.276430639972677	0.276430639972677	hypo	case		0.201107388912059	0.78	0.78	2.8	0.699178745142492	5
chr20	39907883	39908203	321	5	19.13	0.160000514718257	0.160000514718257	0.18250555568692	0.18250555568692	hyper	case		0.20067628662891	0.78	0.78	2.8	0.699178745142492	5
chr20	10539389	10540837	1449	16	22.246875	-0.179938681342071	0.179938681342071	-0.213651191405273	0.213651191405273	hypo	case		0.293980989670342	0.78	0.78	2.8	0.699178745142492	5
chr21	16258600	16259320	721	13	21.5	0.221448063467376	0.221448063467376	0.184379370114454	0.184379370114454	hyper	case		0.251704532587777	0.78	0.78	2.8	0.699178745142492	5
chr20	43882761	43884120	1360	20	21.1725	-0.29182101262406	0.29182101262406	-0.309185731058472	0.309185731058472	hypo	case		0.179688172533835	0.78	0.78	2.8	0.699178745142492	5
chr20	42003232	42003541	310	5	20.3	0.119006497028943	0.119006497028943	0.114921130161456	0.163900681128488	hyper	case		0.2216134664341	0.78	0.78	2.8	0.699178745142492	5
chr21	10167448	10168547	1100	8	10.9	0.2375882131392	0.2375882131392	0.182535982467536	0.182535982467536	hyper	case		0.499369689172586	0.78	0.78	2.8	0.699178745142492	5
chr20	28767130	28768123	994	12	24.2708333333333	-0.2002583996322	0.2002583996322	-0.282193094733201	0.282193094733201	hypo	case		0.587601571033468	0.78	0.78	2.8	0.699178745142492	5
chr20	15319566	15320368	803	12	22.3125	-0.337880021352531	0.337880021352531	-0.314398550590067	0.314398550590067	hypo	case		0.0897966203046265	0.78	0.78	2.8	0.699178745142492	5
chr20	9157809	9158597	789	11	24.7318181818182	-0.237364895269231	0.237364895269231	-0.234675126968014	0.234675126968014	hypo	case		0.460681964860178	0.78	0.78	2.8	0.699178745142492	5
chr20	9829325	9829816	492	5	25.35	-0.17198815410996	0.17198815410996	-0.133139308975751	0.133139308975751	hypo	case		0.475351359549946	0.78	0.78	2.8	0.699178745142492	5
chr21	23411445	23412081	637	5	19.73	-0.219410339211681	0.219410339211681	-0.213547717917999	0.213547717917999	hypo	case		0.760347680064024	0.78	0.78	2.8	0.699178745142492	5
chr21	26691698	26692057	360	5	22.35	-0.32199136680899	0.32199136680899	-0.346646159547957	0.346646159547957	hypo	case		0.188536774833901	0.78	0.78	2.8	0.699178745142492	5
chr21	29486896	29487001	106	5	22.29	0.118444676699467	0.118444676699467	0.133573608455252	0.133573608455252	hyper	case		0.789154889757077	0.78	0.789154889757077	2.8	0.699178745142492	5
chr21	7801942	7803378	1437	45	17.3577777777778	-0.305688372085431	0.305688372085431	-0.32352253492919	0.32352253492919	hypo	case		0.392408989981202	0.78	0.78	2.8	0.699178745142492	5
chr21	23153145	23154284	1140	11	22.0363636363636	-0.20819703149457	0.20819703149457	-0.217240301499719	0.217240301499719	hypo	case		0.139294621416004	0.78	0.78	2.8	0.699178745142492	5
chr20	12320183	12320474	292	5	20.16	-0.199531309699073	0.199531309699073	-0.211241534398346	0.211241534398346	hypo	case		0.30024143598952	0.78	0.78	2.8	0.699178745142492	5
chr21	14322783	14323022	240	8	22.8375	-0.307477184306453	0.307477184306453	-0.285850902248889	0.285850902248889	hypo	case		0.069341062728241	0.78	0.78	2.8	0.699178745142492	5
chr21	37581552	37583190	1639	29	22.1086206896552	-0.253104152871029	0.253104152871029	-0.299011203683116	0.299011203683116	hypo	case		0.334395165960628	0.78	0.78	2.8	0.699178745142492	5
chr20	29579759	29580172	414	6	16.6166666666667	-0.20457099089763	0.20457099089763	-0.220608152590992	0.220608152590992	hypo	case		0.0607490818553943	0.78	0.78	2.8	0.699178745142492	5
chr20	55115949	55116146	198	5	17.73	-0.20521553367924	0.20521553367924	-0.193688897590097	0.193688897590097	hypo	case		0.634689146203633	0.78	0.78	2.8	0.699178745142492	5
chr21	28272755	28273048	294	7	22.0357142857143	-0.340697653144957	0.340697653144957	-0.314740030931193	0.314740030931193	hypo	case		0.462567246655701	0.78	0.78	2.8	0.699178745142492	5
chr20	60598508	60600314	1807	91	20.3873626373626	-0.27952503378974	0.27952503378974	-0.269717156833601	0.269717156833601	hypo	case		0.488662744133907	0.78	0.78	2.8	0.699178745142492	5
chr20	20590665	20591388	724	17	21.2558823529412	0.179415848068219	0.179415848068219	0.189232897440529	0.189232897440529	hyper	case		0.341432690412393	0.78	0.78	2.8	0.699178745142492	5
chr20	9189808	9190322	515	6	20.45	0.138189744676491	0.138189744676491	0.199764979902926	0.199764979902926	hyper	case		0.315340898234333	0.78	0.78	2.8	0.699178745142492	5
chr21	37819929	37821455	1527	19	22.7842105263158	-0.266957685306719	0.266957685306719	-0.241493994100126	0.241493994100126	hypo	case		0.69374590233921	0.78	0.78	2.8	0.699178745142492	5
chr21	21102317	21103082	766	7	17.8	-0.173661187936843	0.173661187936843	-0.166783338219681	0.166783338219681	hypo	case		0.181759120550415	0.78	0.78	2.8	0.699178745142492	5
chr21	40857250	40858078	829	16	22.15625	-0.312104261959191	0.312104261959191	-0.3186016026153	0.3186016026153	hypo	case		0.590232401946344	0.78	0.78	2.8	0.699178745142492	5
chr20	32850590	32851210	621	21	23.4119047619048	-0.274314864632951	0.274314864632951	-0.296675226942271	0.296675226942271	hypo	case		0.196388726724491	0.78	0.78	2.8	0.699178745142492	5
chr20	12354570	12354744	175	8	21.68125	0.185719502118054	0.185719502118054	0.207688052389837	0.207688052389837	hyper	case		0.273755666058999	0.78	0.78	2.8	0.699178745142492	5
chr21	13960359	13960561	203	5	17.07	-0.0616304068420773	0.0616304068420773	-0.093598482945971	0.093598482945971	hypo	case		0.253279791923494	0.78	0.78	2.8	0.699178745142492	5
chr21	46589256	46589961	706	10	20.5	-0.203836494516825	0.203836494516825	-0.211535835625222	0.211535835625222	hypo	case		0.157889686520885	0.78	0.78	2.8	0.699178745142492	5
chr20	90190	90640	451	8	22.625	-0.340971243360998	0.340971243360998	-0.376068536985488	0.376068536985488	hypo	case		0.151450483890414	0.78	0.78	2.8	0.699178745142492	5
chr20	30204230	30204827	598	30	25.4766666666667	-0.278006130897488	0.278006130897488	-0.26209921842805	0.26209921842805	hypo	case		0.332035394811407	0.78	0.78	2.8	0.699178745142492	5
chr20	29489440	29489917	478	5	18.7	0.04366307560752	0.04366307560752	0.0624879584125286	0.110899374103927	hyper	case		0.17915574398378	0.78	0.78	2.8	0.699178745142492	5
chr21	9903763	9905167	1405	10	65.64	-0.197998525628667	0.197998525628667	-0.22204974404761	0.22204974404761	hypo	case		0.481904245090067	0.78	0.78	2.8	0.699178745142492	5
chr20	2487727	2488248	522	8	19.88125	-0.358966923835538	0.358966923835538	-0.348661745121398	0.348661745121398	hypo	case		0.180792865008961	0.78	0.78	2.8	0.699178745142492	5
chr21	9606030	9606565	536	9	40.0833333333333	-0.175639248089675	0.175639248089675	-0.207248725611815	0.207248725611815	hypo	case		0.267264553054644	0.78	0.78	2.8	0.699178745142492	5
chr20	8178765	8180154	1390	62	21.891935483871	-0.280602020741645	0.280602020741645	-0.275038421995227	0.275038421995227	hypo	case		0.577951091088333	0.78	0.78	2.8	0.699178745142492	5
chr20	223146	223992	847	5	22.75	-0.0991549053050868	0.0991549053050868	-0.118647356629962	0.118647356629962	hypo	case		0.277168474896005	0.78	0.78	2.8	0.699178745142492	5
chr21	25549875	25551391	1517	35	21.2771428571429	-0.365726048881364	0.365726048881364	-0.342631769050423	0.342631769050423	hypo	case		0.0446450520057576	0.78	0.78	2.8	0.699178745142492	5
chr20	22970310	22970906	597	5	23.33	0.165302851933652	0.165302851933652	0.168391466354859	0.168391466354859	hyper	case		0.448293654372416	0.78	0.78	2.8	0.699178745142492	5
chr21	19321384	19322503	1120	14	23.2214285714286	0.223790809430719	0.223790809430719	0.204027814232034	0.204027814232034	hyper	case		0.165451048620959	0.78	0.78	2.8	0.699178745142492	5
chr21	17875476	17876515	1040	5	19.93	0.0854391539537	0.0854391539537	0.0651540680298544	0.110364185802869	hyper	case		0.181031056019298	0.78	0.78	2.8	0.699178745142492	5
chr20	21874253	21874756	504	8	19.975	-0.204201645719835	0.204201645719835	-0.195969226595356	0.195969226595356	hypo	case		0.873372060081782	0.78	0.873372060081782	2.8	0.699178745142492	5
chr21	16978121	16979227	1107	14	19.575	-0.276059328981212	0.276059328981212	-0.269432659034563	0.269432659034563	hypo	case		0.238027086805572	0.78	0.78	2.8	0.699178745142492	5
chr21	32683206	32683372	167	5	22.94	0.169667751271952	0.169667751271952	0.16810290578819	0.16810290578819	hyper	case		0.162353038761647	0.78	0.78	2.8	0.699178745142492	5
chr20	42005632	42005807	176	5	21.66	-0.198843783097906	0.198843783097906	-0.155587225070466	0.155587225070466	hypo	case		0.433602815569861	0.78	0.78	2.8	0.699178745142492	5
chr20	29399175	29399924	750	5	27.97	-0.0452600434204701	0.0452600434204701	0.105413606335281	0.146856084217673	hypo	case		0.171543571695945	0.78	0.78	2.8	0.699178745142492	5
chr21	28479731	28480836	1106	12	21.075	-0.242841196241513	0.242841196241513	-0.27865426901402	0.27865426901402	hypo	case		0.517108291346126	0.78	0.78	2.8	0.699178745142492	5
chr21	19438254	19438824	571	5	21.25	-0.181635572042996	0.181635572042996	-0.249588981381678	0.249588981381678	hypo	case		0.361402022644618	0.78	0.78	2.8	0.699178745142492	5
chr20	16846160	16846598	439	5	23.16	0.149631121802174	0.149631121802174	0.129486430468918	0.129486430468918	hyper	case		0.389827022169541	0.78	0.78	2.8	0.699178745142492	5
chr20	9138009	9138256	248	6	23.875	-0.233174890212348	0.233174890212348	-0.343824508256618	0.343824508256618	hypo	case		0.0942724229830626	0.78	0.78	2.8	0.699178745142492	5
chr20	55841962	55842995	1034	9	21.45	-0.24668706111794	0.24668706111794	-0.239232820948801	0.239232820948801	hypo	case		0.323187116369551	0.78	0.78	2.8	0.699178745142492	5
chr20	30473919	30474296	378	5	21.67	0.0793499707612338	0.0793499707612338	0.155190999256252	0.155190999256252	hyper	case		0.197166128973998	0.78	0.78	2.8	0.699178745142492	5
chr21	14685614	14686977	1364	31	20.3064516129032	-0.246830807814348	0.246830807814348	-0.279177307443671	0.279177307443671	hypo	case		0.830685461872874	0.78	0.830685461872874	2.8	0.699178745142492	5
chr20	60044257	60045108	852	5	18.18	-0.153361680113682	0.153361680113682	-0.139026187589549	0.139026187589549	hypo	case		0.346073905431998	0.78	0.78	2.8	0.699178745142492	5
chr21	25386803	25386991	189	5	22.36	0.0541962118518215	0.0541962118518215	0.0585251561820973	0.0585251561820973	hyper	case		0.530554669289933	0.78	0.78	2.8	0.699178745142492	5
chr20	39827296	39827961	666	5	19.28	0.156413090406898	0.156413090406898	0.141297943478694	0.14818434724444	hyper	case		0.553084109689163	0.78	0.78	2.8	0.699178745142492	5
chr21	35619243	35619624	382	5	23.01	0.153765356229509	0.153765356229509	0.0853857907675355	0.0853857907675355	hyper	case		0.356291488600087	0.78	0.78	2.8	0.699178745142492	5
chr20	20842505	20843572	1068	41	23.0768292682927	-0.310903588644406	0.310903588644406	-0.292638059070793	0.292638059070793	hypo	case		0.866894390259192	0.78	0.866894390259192	2.8	0.699178745142492	5
chr21	22107549	22107990	442	5	18.18	-0.0534390951948497	0.0534390951948497	-0.151617795865612	0.193513220204619	hypo	case		0.403725647578833	0.78	0.78	2.8	0.699178745142492	5
chr21	28798101	28798804	704	13	21.5269230769231	-0.261054867801347	0.261054867801347	-0.243086041521198	0.243086041521198	hypo	case		0.42634987131522	0.78	0.78	2.8	0.699178745142492	5
chr21	24386350	24387515	1166	8	20.8	-0.208857294725322	0.208857294725322	-0.199074230417871	0.199074230417871	hypo	case		0.942124604006921	0.78	0.942124604006921	2.8	0.699178745142492	5
chr20	2587826	2588265	440	5	23.77	-0.27567494689537	0.27567494689537	-0.280959460738899	0.280959460738899	hypo	case		0.442353696846471	0.78	0.78	2.8	0.699178745142492	5
chr20	9792321	9793039	719	11	21.7272727272727	-0.205025942545433	0.205025942545433	-0.211460923006591	0.211460923006591	hypo	case		0.305459233850769	0.78	0.78	2.8	0.699178745142492	5
chr20	57816251	57817451	1201	8	23.925	0.190041778068598	0.190041778068598	0.168539491788452	0.168539491788452	hyper	case		0.417937363457713	0.78	0.78	2.8	0.699178745142492	5
chr20	14295153	14295396	244	5	20.1	-0.151268791094984	0.151268791094984	-0.132324223155879	0.132324223155879	hypo	case		0.737226392860733	0.78	0.78	2.8	0.699178745142492	5
chr21	13236226	13236417	192	5	22.82	-0.225824791078972	0.225824791078972	-0.256697885418266	0.256697885418266	hypo	case		0.359279418968238	0.78	0.78	2.8	0.699178745142492	5
chr21	20425146	20426152	1007	51	25.9539215686275	-0.256084325131922	0.256084325131922	-0.267004690046326	0.267004690046326	hypo	case		0.18029815636671	0.78	0.78	2.8	0.699178745142492	5
chr21	13032109	13032408	300	5	44.73	0.0580688930645787	0.0580688930645787	0.0923758394249305	0.113433312289755	hyper	case		0.669876952914584	0.78	0.78	2.8	0.699178745142492	5
chr20	26145952	26146644	693	11	24.1	-0.302678838384696	0.302678838384696	-0.293230345490714	0.293230345490714	hypo	case		0.292146805564893	0.78	0.78	2.8	0.699178745142492	5
chr20	17357863	17358127	265	9	23.5055555555556	0.177817737972076	0.177817737972076	0.204687505254086	0.204687505254086	hyper	case		0.443037220813013	0.78	0.78	2.8	0.699178745142492	5
chr21	14424812	14425046	235	5	23.09	-0.162271126233588	0.162271126233588	-0.166611528096255	0.166611528096255	hypo	case		0.142175321568029	0.78	0.78	2.8	0.699178745142492	5
chr21	35640898	35641080	183	5	22.17	0.099742910325168	0.099742910325168	0.141777421377773	0.141777421377773	hyper	case		0.744485001174846	0.78	0.78	2.8	0.699178745142492	5
chr21	20640331	20641615	1285	44	24.0443181818182	-0.275721295600019	0.275721295600019	-0.26172642627313	0.26172642627313	hypo	case		0.451698628321058	0.78	0.78	2.8	0.699178745142492	5
chr21	25616128	25616901	774	12	24.9125	0.146011932179631	0.146011932179631	0.183664742510175	0.192755370604944	hyper	case		0.340616682732611	0.78	0.78	2.8	0.699178745142492	5
chr20	31436981	31438476	1496	46	21.0217391304348	-0.301066543159713	0.301066543159713	-0.287936477452859	0.287936477452859	hypo	case		0.722314273409844	0.78	0.78	2.8	0.699178745142492	5
chr21	15419421	15419882	462	5	23.37	0.17406040614549	0.17406040614549	0.139783700790015	0.139783700790015	hyper	case		0.314408855717722	0.78	0.78	2.8	0.699178745142492	5
chr21	33569240	33570135	896	25	21.158	-0.241977265015611	0.241977265015611	-0.326264357476662	0.326264357476662	hypo	case		0.165472544315853	0.78	0.78	2.8	0.699178745142492	5
chr21	7419148	7419476	329	8	16.85625	-0.200002382514981	0.200002382514981	-0.206835001282471	0.206835001282471	hypo	case		0.2320293391607	0.78	0.78	2.8	0.699178745142492	5
chr21	6045360	6046495	1136	7	9.93571428571429	-0.263423243423244	0.263423243423244	-0.303357447081829	0.303357447081829	hypo	case		0.20862221487611	0.78	0.78	2.8	0.699178745142492	5
chr20	39811511	39812566	1056	12	23.2416666666667	0.19767676282002	0.19767676282002	0.224344437234079	0.224344437234079	hyper	case		0.292505194221858	0.78	0.78	2.8	0.699178745142492	5
chr21	25318398	25319880	1483	11	21.3454545454545	0.184692102273372	0.184692102273372	0.174560550322244	0.174560550322244	hyper	case		0.587548297819409	0.78	0.78	2.8	0.699178745142492	5
chr21	13580743	13581064	322	6	21.55	0.159212044865631	0.159212044865631	0.181021705490189	0.210577848784734	hyper	case		0.214073841813284	0.78	0.78	2.8	0.699178745142492	5
chr20	25563944	25565146	1203	29	25.2327586206897	-0.234203202603982	0.234203202603982	-0.23107745821225	0.23107745821225	hypo	case		0.976087773962526	0.78	0.976087773962526	2.8	0.699178745142492	5
chr20	26114612	26115025	414	14	26.8178571428571	-0.256075826055859	0.256075826055859	-0.271991404542322	0.271991404542322	hypo	case		0.190047914468489	0.78	0.78	2.8	0.699178745142492	5
chr21	33460748	33461781	1034	8	13.58125	0.165480836993925	0.165480836993925	0.207025066535645	0.207025066535645	hyper	case		0.456239023202494	0.78	0.78	2.8	0.699178745142492	5
chr21	11881449	11882866	1418	10	10.565	0.179515215713939	0.179515215713939	0.237074737916931	0.237074737916931	hyper	case		0.415192616468533	0.78	0.78	2.8	0.699178745142492	5
chr21	18708278	18708705	428	5	17.85	-0.158805963901939	0.158805963901939	-0.187970463327461	0.187970463327461	hypo	case		0.545681737754338	0.78	0.78	2.8	0.699178745142492	5
chr21	30321486	30322644	1159	15	21.32	0.17524041936642	0.17524041936642	0.19128785449019	0.19128785449019	hyper	case		0.18515518760281	0.78	0.78	2.8	0.699178745142492	5
chr21	9161562	9162449	888	8	16.2625	-0.196960814928778	0.196960814928778	-0.198426804725843	0.198426804725843	hypo	case		0.759755786122513	0.78	0.78	2.8	0.699178745142492	5
chr21	28335478	28335964	487	5	23.48	-0.243258455017699	0.243258455017699	-0.19130340161499	0.19130340161499	hypo	case		0.353597753211538	0.78	0.78	2.8	0.699178745142492	5
chr20	24456698	24457137	440	10	24.58	-0.289539416343909	0.289539416343909	-0.337789031210603	0.337789031210603	hypo	case		0.394445998485325	0.78	0.78	2.8	0.699178745142492	5
chr20	21409527	21410619	1093	16	23.159375	-0.299647148232849	0.299647148232849	-0.301410797423109	0.301410797423109	hypo	case		0.36323335713637	0.78	0.78	2.8	0.699178745142492	5
chr21	23088728	23089185	458	7	21.0428571428571	0.214984463100699	0.214984463100699	0.207487782698587	0.207487782698587	hyper	case		0.244416690177699	0.78	0.78	2.8	0.699178745142492	5
chr21	29971977	29972019	43	6	23.0416666666667	-0.219678447561318	0.219678447561318	-0.203926039176182	0.203926039176182	hypo	case		0.0463592804836103	0.78	0.78	2.8	0.699178745142492	5
chr21	30696238	30697560	1323	7	24.1642857142857	0.220444013145902	0.220444013145902	0.227846693297499	0.227846693297499	hyper	case		0.469330439862262	0.78	0.78	2.8	0.699178745142492	5
chr21	23072219	23072626	408	5	24.66	0.00888169523535043	0.00888169523535043	0.0663012886731965	0.0663012886731965	hyper	case		0.189839703741709	0.78	0.78	2.8	0.699178745142492	5
chr21	9554961	9556630	1670	24	31.6979166666667	0.184393786717376	0.184393786717376	0.17881202507877	0.17881202507877	hyper	case		0.110695234775465	0.78	0.78	2.8	0.699178745142492	5
chr20	45710204	45710355	152	5	21.45	-0.207171002984359	0.207171002984359	-0.215375417088007	0.215375417088007	hypo	case		0.0908895047571171	0.78	0.78	2.8	0.699178745142492	5
chr20	55795160	55796081	922	24	23.5166666666667	-0.270789529785793	0.270789529785793	-0.283662391062543	0.283662391062543	hypo	case		0.275867903703784	0.78	0.78	2.8	0.699178745142492	5
chr20	34165505	34167373	1869	49	23.084693877551	-0.24462659511265	0.24462659511265	-0.245082546206109	0.245082546206109	hypo	case		0.247414381765039	0.78	0.78	2.8	0.699178745142492	5
chr20	9885607	9885782	176	12	22.4291666666667	-0.227497932892813	0.227497932892813	-0.20647905034231	0.20647905034231	hypo	case		0.155819916626769	0.78	0.78	2.8	0.699178745142492	5
chr21	28533146	28533841	696	5	20.57	-0.128196941010943	0.128196941010943	-0.121056864339255	0.121056864339255	hypo	case		0.358919533020002	0.78	0.78	2.8	0.699178745142492	5
chr20	16878142	16878633	492	5	22.91	-0.386109257860459	0.386109257860459	-0.398370308986647	0.398370308986647	hypo	case		0.256728427880496	0.78	0.78	2.8	0.699178745142492	5
chr20	43808686	43810492	1807	24	22.2041666666667	-0.296242050050503	0.296242050050503	-0.301576494666878	0.301576494666878	hypo	case		0.208781949314719	0.78	0.78	2.8	0.699178745142492	5
chr20	12355425	12355895	471	8	24.1125	-0.229126683872727	0.229126683872727	-0.284597425099673	0.284597425099673	hypo	case		0.200203165317802	0.78	0.78	2.8	0.699178745142492	5
chr21	30550907	30552420	1514	12	20.6958333333333	-0.194959909778467	0.194959909778467	-0.216019313885005	0.216019313885005	hypo	case		0.204728319789419	0.78	0.78	2.8	0.699178745142492	5
chr20	47552359	47554068	1710	24	25.2979166666667	0.208031100864062	0.208031100864062	0.199722357118365	0.199722357118365	hyper	case		0.696249185935247	0.78	0.78	2.8	0.699178745142492	5
chr21	13991676	13992072	397	8	23.0125	-0.181374515266805	0.181374515266805	-0.227857224051681	0.227857224051681	hypo	case		0.587844622473417	0.78	0.78	2.8	0.699178745142492	5
chr20	14633018	14634425	1408	14	21.9214285714286	0.17933286899198	0.17933286899198	0.178299496515206	0.178299496515206	hyper	case		0.415292907976236	0.78	0.78	2.8	0.699178745142492	5
chr20	52719179	52720460	1282	23	22.0739130434783	-0.251118267818161	0.251118267818161	-0.248663162637235	0.248663162637235	hypo	case		0.471318953714685	0.78	0.78	2.8	0.699178745142492	5
chr20	5342174	5342389	216	5	17.44	0.126539675903806	0.126539675903806	0.21605532518945	0.21605532518945	hyper	case		0.622157386602448	0.78	0.78	2.8	0.699178745142492	5
chr20	24218728	24218936	209	5	24.3	-0.1783870448897	0.1783870448897	-0.154038785517939	0.154038785517939	hypo	case		0.385396913131391	0.78	0.78	2.8	0.699178745142492	5
chr21	21975212	21976348	1137	15	21.4966666666667	-0.299600077278231	0.299600077278231	-0.288940635405638	0.288940635405638	hypo	case		0.49588192555485	0.78	0.78	2.8	0.699178745142492	5
chr20	16312280	16312927	648	7	23.6928571428571	-0.174372744691108	0.174372744691108	-0.175849162345702	0.175849162345702	hypo	case		0.168617020776556	0.78	0.78	2.8	0.699178745142492	5
chr20	24192916	24193109	194	5	19.55	-0.0668427361037656	0.0668427361037656	-0.081216312607612	0.094947304437213	hypo	case		0.536190304956779	0.78	0.78	2.8	0.699178745142492	5
chr21	38870371	38870737	367	5	22.82	-0.139828182923441	0.139828182923441	-0.15570605848797	0.15570605848797	hypo	case		0.291766340588664	0.78	0.78	2.8	0.699178745142492	5
chr20	10832734	10833797	1064	9	21.3	-0.266460695578258	0.266460695578258	-0.233832639178653	0.233832639178653	hypo	case		0.347754270344197	0.78	0.78	2.8	0.699178745142492	5
chr21	6633733	6635324	1592	16	13.56875	-0.284313273515681	0.284313273515681	-0.27036274328113	0.27036274328113	hypo	case		0.99	0.78	0.99	2.8	0.699178745142492	5
chr20	15908189	15908711	523	5	18.79	-0.200533838531323	0.200533838531323	-0.119298951831247	0.119298951831247	hypo	case		0.164646082316373	0.78	0.78	2.8	0.699178745142492	5
chr21	35394302	35395711	1410	30	20.8116666666667	-0.255571872796928	0.255571872796928	-0.27958857161449	0.27958857161449	hypo	case		0.0666515352280053	0.78	0.78	2.8	0.699178745142492	5
chr21	23794871	23795199	329	5	21.49	-0.305340634988311	0.305340634988311	-0.291697497802463	0.291697497802463	hypo	case		0.812355147726219	0.78	0.812355147726219	2.8	0.699178745142492	5
chr20	45212533	45213388	856	10	21.25	-0.225461654343355	0.225461654343355	-0.239026133687988	0.239026133687988	hypo	case		0.99	0.78	0.99	2.8	0.699178745142492	5
chr20	23810443	23811251	809	9	20.6277777777778	-0.301348841925801	0.301348841925801	-0.308912085911659	0.308912085911659	hypo	case		0.325921824822179	0.78	0.78	2.8	0.699178745142492	5
chr20	13968207	13968631	425	6	22.725	0.189059534995842	0.189059534995842	0.225916406586809	0.225916406586809	hyper	case		0.420327870509574	0.78	0.78	2.8	0.699178745142492	5
chr21	29270257	29272161	1905	49	20.1948979591837	-0.324795028902463	0.324795028902463	-0.31155759361408	0.31155759361408	hypo	case		0.384100070585999	0.78	0.78	2.8	0.699178745142492	5
chr21	34659005	34660313	1309	18	20.9277777777778	-0.347679831204595	0.347679831204595	-0.354148067159086	0.354148067159086	hypo	case		0.519291111858476	0.78	0.78	2.8	0.699178745142492	5
chr20	30465507	30466438	932	7	22.35	0.213658712959241	0.213658712959241	0.260525451705561	0.260525451705561	hyper	case		0.142503821753015	0.78	0.78	2.8	0.699178745142492	5
chr21	13050263	13050787	525	5	21.1	0.0926159999626314	0.0926159999626314	0.113464268053345	0.126881285573051	hyper	case		0.271744842093574	0.78	0.78	2.8	0.699178745142492	5
chr21	9748040	9748160	121	5	57.92	0.102425134270935	0.102425134270935	0.106248694671372	0.106248694671372	hyper	case		0.188225172199538	0.78	0.78	2.8	0.699178745142492	5
chr21	22763652	22764837	1186	16	20.2625	0.194330138484224	0.194330138484224	0.220970714953287	0.220970714953287	hyper	case		0.467955035364002	0.78	0.78	2.8	0.699178745142492	5
chr20	55714718	55716315	1598	12	18.8833333333333	0.145250547240178	0.145250547240178	0.194450080972148	0.195958313832045	hyper	case		0.478612503143335	0.78	0.78	2.8	0.699178745142492	5
chr21	10546271	10547163	893	11	41.4954545454546	0.210419845529954	0.210419845529954	0.250582013284319	0.250582013284319	hyper	case		0.0819373205377895	0.78	0.78	2.8	0.699178745142492	5
chr21	20611073	20611265	193	5	21.97	0.0231051915920337	0.0231051915920337	0.0634555445260578	0.0965813279328169	hyper	case		0.207616236922859	0.78	0.78	2.8	0.699178745142492	5
chr20	14648075	14649505	1431	12	21.7833333333333	-0.325679856737592	0.325679856737592	-0.331347291692259	0.331347291692259	hypo	case		0.247238241856618	0.78	0.78	2.8	0.699178745142492	5
chr21	15231564	15233435	1872	15	24.3766666666667	-0.32756797472408	0.32756797472408	-0.31381022119098	0.31381022119098	hypo	case		0.599047195527173	0.78	0.78	2.8	0.699178745142492	5
chr21	27667050	27667622	573	9	21.3611111111111	-0.338602680284182	0.338602680284182	-0.366759936186005	0.366759936186005	hypo	case		0.201409766172689	0.78	0.78	2.8	0.699178745142492	5
chr20	16084432	16085251	820	5	20.74	0.00134997084958388	0.00134997084958388	-0.0451206974870574	0.0985058078100809	hyper	case		0.0949304841970653	0.78	0.78	2.8	0.699178745142492	5
chr21	27277643	27278029	387	5	22.41	0.111482235100676	0.111482235100676	0.0921593209759393	0.0921593209759393	hyper	case		0.230323023076453	0.78	0.78	2.8	0.699178745142492	5
chr21	23242646	23243763	1118	17	19.8588235294118	-0.265567214393706	0.265567214393706	-0.235905831681293	0.235905831681293	hypo	case		0.117204892355341	0.78	0.78	2.8	0.699178745142492	5
chr21	14784763	14785700	938	17	22.7588235294118	-0.261386483724618	0.261386483724618	-0.270778515642098	0.270778515642098	hypo	case		0.405597524242226	0.78	0.78	2.8	0.699178745142492	5
chr21	24962310	24963528	1219	14	21.075	-0.243410024631671	0.243410024631671	-0.24586265669642	0.24586265669642	hypo	case		0.135959102656318	0.78	0.78	2.8	0.699178745142492	5
chr20	8096043	8096261	219	6	17.5166666666667	0.221590027161928	0.221590027161928	0.291142635188162	0.291142635188162	hyper	case		0.578584216564099	0.78	0.78	2.8	0.699178745142492	5
chr21	27059970	27060318	349	5	16.95	-0.0951979910206396	0.0951979910206396	-0.0680885229674173	0.0782391663547198	hypo	case		0.340199243446153	0.78	0.78	2.8	0.699178745142492	5
chr20	54597599	54598812	1214	11	20.7227272727273	-0.346278265958253	0.346278265958253	-0.400400148758054	0.400400148758054	hypo	case		0.285634278125234	0.78	0.78	2.8	0.699178745142492	5
chr20	26274577	26274790	214	5	20.69	-0.15546700697823	0.15546700697823	-0.146690403238386	0.146690403238386	hypo	case		0.271114859411743	0.78	0.78	2.8	0.699178745142492	5
chr21	37712981	37713506	526	9	21.8777777777778	-0.237484021419542	0.237484021419542	-0.237731987868666	0.237731987868666	hypo	case		0.265221438264994	0.78	0.78	2.8	0.699178745142492	5
chr21	14744066	14745605	1540	24	20.55625	-0.313619574518995	0.313619574518995	-0.308150032241051	0.308150032241051	hypo	case		0.340729085260399	0.78	0.78	2.8	0.699178745142492	5
chr21	16833770	16834824	1055	12	19.175	-0.228606973944843	0.228606973944843	-0.228422448312805	0.228422448312805	hypo	case		0.107577747321907	0.78	0.78	2.8	0.699178745142492	5
chr20	6403694	6404351	658	19	22.5078947368421	-0.345656398558247	0.345656398558247	-0.339027334107016	0.339027334107016	hypo	case		0.199878972849001	0.78	0.78	2.8	0.699178745142492	5
chr21	23057875	23058035	161	5	19.61	0.123051320131162	0.123051320131162	0.131648216369105	0.131648216369105	hyper	case		0.411799955337068	0.78	0.78	2.8	0.699178745142492	5
chr20	17042939	17044061	1123	16	21.296875	-0.216760733994347	0.216760733994347	-0.233020278165609	0.233020278165609	hypo	case		0.282765213800811	0.78	0.78	2.8	0.699178745142492	5
chr21	13817759	13818768	1010	12	22.7375	-0.205337858198888	0.205337858198888	-0.22976092361595	0.22976092361595	hypo	case		0.437552368655368	0.78	0.78	2.8	0.699178745142492	5
chr20	15154266	15154739	474	5	22.41	0.19704765403803	0.19704765403803	0.135711947779784	0.135711947779784	hyper	case		0.725047349753802	0.78	0.78	2.8	0.699178745142492	5
chr20	48411260	48412225	966	13	21.8961538461538	0.232372528787002	0.232372528787002	0.243092276989418	0.243092276989418	hyper	case		0.0743489090146859	0.78	0.78	2.8	0.699178745142492	5
chr20	8617542	8618202	661	12	20.8166666666667	-0.356068280508182	0.356068280508182	-0.363669988589524	0.363669988589524	hypo	case		0.78155138734413	0.78	0.78155138734413	2.8	0.699178745142492	5
chr20	39375969	39377709	1741	9	21.9	0.16282061826968	0.16282061826968	0.208770903884788	0.208770903884788	hyper	case		0.148141992816797	0.78	0.78	2.8	0.699178745142492	5
chr21	30285114	30287041	1928	20	21.2775	-0.190509334324535	0.190509334324535	-0.200883402448461	0.200883402448461	hypo	case		0.147709551466678	0.78	0.78	2.8	0.699178745142492	5
chr20	11503949	11505878	1930	53	19.5537735849057	-0.272320161627084	0.272320161627084	-0.262361392991247	0.262361392991247	hypo	case		0.328983205527933	0.78	0.78	2.8	0.699178745142492	5
chr20	11907713	11908124	412	5	19.6	-0.116429475015813	0.116429475015813	-0.149006504317545	0.149006504317545	hypo	case		0.0648921124172089	0.78	0.78	2.8	0.699178745142492	5
chr21	13866481	13867909	1429	8	20.7375	0.199568979947576	0.199568979947576	0.192189626095195	0.192189626095195	hyper	case		0.213036978612442	0.78	0.78	2.8	0.699178745142492	5
chr20	985797	986984	1188	14	23.6678571428571	-0.232716902011196	0.232716902011196	-0.24012669831237	0.24012669831237	hypo	case		0.54284969041215	0.78	0.78	2.8	0.699178745142492	5
chr21	20376527	20377748	1222	11	24.0363636363636	-0.193000016324147	0.193000016324147	-0.208764847084379	0.208764847084379	hypo	case		0.30703384991214	0.78	0.78	2.8	0.699178745142492	5
chr21	23001296	23002416	1121	16	23.68125	-0.246270506504521	0.246270506504521	-0.252232488283172	0.252232488283172	hypo	case		0.0984434671739635	0.78	0.78	2.8	0.699178745142492	5
chr21	18334745	18334970	226	5	23.69	-0.209701814862331	0.209701814862331	-0.167636544432345	0.167636544432345	hypo	case		0.178491986776203	0.78	0.78	2.8	0.699178745142492	5
chr20	60832367	60833463	1097	15	23.22	-0.322847029561426	0.322847029561426	-0.316207644591808	0.316207644591808	hypo	case		0.631776644052003	0.78	0.78	2.8	0.699178745142492	5
chr21	23161268	23161700	433	5	21.03	0.100635297373267	0.100635297373267	0.144233614048382	0.144233614048382	hyper	case		0.222540733375228	0.78	0.78	2.8	0.699178745142492	5
chr20	53007295	53007738	444	16	23.46875	-0.240725825881981	0.240725825881981	-0.214465350534426	0.214465350534426	hypo	case		0.348437908107	0.78	0.78	2.8	0.699178745142492	5
chr20	45713717	45714851	1135	21	22.3452380952381	-0.319869990049307	0.319869990049307	-0.306710854649579	0.306710854649579	hypo	case		0.16338982689933	0.78	0.78	2.8	0.699178745142492	5
chr21	8819087	8820873	1787	90	36.0066666666667	0.206728487719914	0.206728487719914	0.197241472593495	0.197241472593495	hyper	case		0.445120146283614	0.78	0.78	2.8	0.699178745142492	5
chr20	7349091	7349629	539	16	20.378125	-0.295679835238118	0.295679835238118	-0.323613638384164	0.323613638384164	hypo	case		0.126924028504316	0.78	0.78	2.8	0.699178745142492	5
chr20	21341974	21343335	1362	13	21.7615384615385	-0.221308843305508	0.221308843305508	-0.229796709224277	0.229796709224277	hypo	case		0.0938993016228144	0.78	0.78	2.8	0.699178745142492	5
chr20	40162808	40164219	1412	7	18.4928571428571	-0.250443535276487	0.250443535276487	-0.278501876911012	0.278501876911012	hypo	case		0.387072951236956	0.78	0.78	2.8	0.699178745142492	5
chr20	34589393	34591008	1616	67	23.3925373134328	-0.31804118814444	0.31804118814444	-0.317540101642749	0.317540101642749	hypo	case		0.926354598265801	0.78	0.926354598265801	2.8	0.699178745142492	5
chr20	21966925	21967859	935	11	23.4363636363636	-0.167518457157876	0.167518457157876	-0.189592355055176	0.189592355055176	hypo	case		0.349230490391278	0.78	0.78	2.8	0.699178745142492	5
chr20	29811867	29811971	105	5	20.12	0.248610717622142	0.248610717622142	0.241384617106583	0.241384617106583	hyper	case		0.27341647536113	0.78	0.78	2.8	0.699178745142492	5
chr21	45772665	45774368	1704	33	22.9166666666667	-0.330901189784391	0.330901189784391	-0.345413244777751	0.345413244777751	hypo	case		0.345151706249297	0.78	0.78	2.8	0.699178745142492	5
chr21	38200770	38201169	400	6	26.05	-0.195441061239039	0.195441061239039	-0.177837163525899	0.177837163525899	hypo	case		0.164751524277684	0.78	0.78	2.8	0.699178745142492	5
chr21	10089153	10090106	954	5	43.08	0.176362002886743	0.176362002886743	0.159081180909966	0.159081180909966	hyper	case		0.379870507637621	0.78	0.78	2.8	0.699178745142492	5
chr20	9177249	9178252	1004	17	18.2352941176471	-0.215451674568682	0.215451674568682	-0.216139582155053	0.216139582155053	hypo	case		0.272025644703564	0.78	0.78	2.8	0.699178745142492	5
chr21	23673284	23674223	940	41	21.8646341463415	-0.273411476001313	0.273411476001313	-0.294154322983459	0.294154322983459	hypo	case		0.568386153310016	0.78	0.78	2.8	0.699178745142492	5
chr20	45570622	45570975	354	7	20.6	0.233077653811949	0.233077653811949	0.229050270153656	0.229050270153656	hyper	case		0.329838427163486	0.78	0.78	2.8	0.699178745142492	5
chr20	18929681	18930600	920	5	23.27	-0.0950145301154134	0.0950145301154134	-0.153327450194413	0.153327450194413	hypo	case		0.440290527398202	0.78	0.78	2.8	0.699178745142492	5
chr21	7483921	7484566	646	5	9.84	-0.161062747505762	0.161062747505762	-0.294232229950718	0.294232229950718	hypo	case		0.460135373805474	0.78	0.78	2.8	0.699178745142492	5
chr20	29271236	29272416	1181	5	21.67	0.0360820100615497	0.0360820100615497	0.0770609401294513	0.0968309663926753	hyper	case		0.490532687816366	0.78	0.78	2.8	0.699178745142492	5
chr21	14662943	14663343	401	7	21.4285714285714	-0.28689047584757	0.28689047584757	-0.334690845181666	0.334690845181666	hypo	case		0.378411584461135	0.78	0.78	2.8	0.699178745142492	5
chr21	18673327	18673753	427	6	20.2333333333333	-0.354486808622384	0.354486808622384	-0.318538674685696	0.318538674685696	hypo	case		0.28570375624723	0.78	0.78	2.8	0.699178745142492	5
chr20	934411	934719	309	14	20.9285714285714	0.25669785908101	0.25669785908101	0.222767845314227	0.222767845314227	hyper	case		0.117887452721524	0.78	0.78	2.8	0.699178745142492	5
chr21	28760645	28761774	1130	12	22.5666666666667	-0.294799436497442	0.294799436497442	-0.319108177722185	0.319108177722185	hypo	case		0.249749475015857	0.78	0.78	2.8	0.699178745142492	5
chr21	22983312	22983521	210	5	22.14	0.117539302642978	0.117539302642978	0.10819551121365	0.10819551121365	hyper	case		0.0304657820802287	0.78	0.78	2.8	0.699178745142492	5
chr20	55202671	55202811	141	10	21.345	-0.310094551168123	0.310094551168123	-0.299451447560166	0.299451447560166	hypo	case		0.431591917130991	0.78	0.78	2.8	0.699178745142492	5
chr21	29415273	29415505	233	5	19.18	-0.27343303798959	0.27343303798959	-0.277568742437446	0.277568742437446	hypo	case		0.136698852143119	0.78	0.78	2.8	0.699178745142492	5
chr20	16922920	16923174	255	5	21.99	0.135396550517615	0.135396550517615	0.162636166392592	0.162636166392592	hyper	case		0.239350526532908	0.78	0.78	2.8	0.699178745142492	5
chr20	12887997	12889119	1123	30	20.7783333333333	-0.279840192480092	0.279840192480092	-0.310842508738767	0.310842508738767	hypo	case		0.154619262481501	0.78	0.78	2.8	0.699178745142492	5
chr21	30065169	30065890	722	9	22.8	-0.249056831020193	0.249056831020193	-0.246796397906586	0.246796397906586	hypo	case		0.336252161583548	0.78	0.78	2.8	0.699178745142492	5
chr21	10066761	10066987	227	10	28.565	-0.232180460169478	0.232180460169478	-0.25499091557085	0.25499091557085	hypo	case		0.251690560010168	0.78	0.78	2.8	0.699178745142492	5
chr20	13552136	13553164	1029	13	20.8153846153846	0.25668894973373	0.25668894973373	0.312731462088712	0.312731462088712	hyper	case		0.4245672692124	0.78	0.78	2.8	0.699178745142492	5
chr21	5217431	5218678	1248	10	48.45	-0.24999567692369	0.24999567692369	-0.194108048503868	0.194108048503868	hypo	case		0.301105694193306	0.78	0.78	2.8	0.699178745142492	5
chr20	7107102	7107627	526	7	22.15	-0.14436387624914	0.14436387624914	-0.184835262317153	0.184835262317153	hypo	case		0.830671178430202	0.78	0.830671178430202	2.8	0.699178745142492	5
chr20	10754448	10755028	581	6	22.3333333333333	0.16153887255269	0.16153887255269	0.181548091737758	0.181548091737758	hyper	case		0.429572838765716	0.78	0.78	2.8	0.699178745142492	5
chr21	36636164	36636741	578	5	20.91	-0.343466848751897	0.343466848751897	-0.33512971266346	0.33512971266346	hypo	case		0.267892087139367	0.78	0.78	2.8	0.699178745142492	5
chr20	29086314	29086570	257	7	130.185714285714	-0.152943934865174	0.152943934865174	-0.158564625438877	0.172376504355968	hypo	case		0.403662703895343	0.78	0.78	2.8	0.699178745142492	5
chr21	23774257	23774699	443	9	23	-0.416499005646729	0.416499005646729	-0.408728896128189	0.408728896128189	hypo	case		0.268500072475284	0.78	0.78	2.8	0.699178745142492	5
chr20	30226408	30227613	1206	9	20.5833333333333	-0.196144509039611	0.196144509039611	-0.27186349925331	0.27186349925331	hypo	case		0.581556842499805	0.78	0.78	2.8	0.699178745142492	5
chr20	14256142	14257195	1054	8	20.7375	-0.253243106991641	0.253243106991641	-0.26135247844881	0.26135247844881	hypo	case		0.99	0.78	0.99	2.8	0.699178745142492	5
chr21	30965433	30966196	764	8	23.23125	-0.271123931828557	0.271123931828557	-0.263008238059094	0.263008238059094	hypo	case		0.511071889295089	0.78	0.78	2.8	0.699178745142492	5
chr20	166747	167168	422	10	22.38	0.266154501412922	0.266154501412922	0.259690796324215	0.259690796324215	hyper	case		0.64857760839087	0.78	0.78	2.8	0.699178745142492	5
chr21	18486568	18487155	588	14	19.1857142857143	-0.264932101225989	0.264932101225989	-0.260665104043542	0.260665104043542	hypo	case		0.226723446088466	0.78	0.78	2.8	0.699178745142492	5
chr20	11251375	11251708	334	12	18.8666666666667	-0.231480143592106	0.231480143592106	-0.288779352395973	0.288779352395973	hypo	case		0.5124170164129	0.78	0.78	2.8	0.699178745142492	5
chr21	13997565	13997777	213	5	22.03	0.0176149430718663	0.0176149430718663	0.0308418005890807	0.0722998019462761	hyper	case		0.80121581551442	0.78	0.80121581551442	2.8	0.699178745142492	5
chr20	14953345	14954411	1067	29	21.0793103448276	-0.242850867989816	0.242850867989816	-0.247484917296841	0.247484917296841	hypo	case		0.340718412755249	0.78	0.78	2.8	0.699178745142492	5
chr21	23563905	23564455	551	5	18.67	-0.0910514186535858	0.0910514186535858	-0.0250615904140852	0.0339270675605686	hypo	case		0.518776581004944	0.78	0.78	2.8	0.699178745142492	5
chr20	21217935	21218295	361	6	19.9166666666667	-0.270998063761642	0.270998063761642	-0.285946420121457	0.285946420121457	hypo	case		0.172845499786935	0.78	0.78	2.8	0.699178745142492	5
chr20	30927549	30928813	1265	11	23.7045454545455	-0.22765735658018	0.22765735658018	-0.19691368951504	0.19691368951504	hypo	case		0.353935059816654	0.78	0.78	2.8	0.699178745142492	5
chr20	39360484	39361956	1473	19	21.4	-0.301233609884218	0.301233609884218	-0.320999035455995	0.320999035455995	hypo	case		0.164667605358548	0.78	0.78	2.8	0.699178745142492	5
chr20	39883504	39883941	438	6	21.6416666666667	0.29090974873381	0.29090974873381	0.279289329354802	0.279289329354802	hyper	case		0.490286704013343	0.78	0.78	2.8	0.699178745142492	5
chr21	9959501	9959611	111	6	60.625	-0.176863880881039	0.176863880881039	-0.198085120667443	0.198085120667443	hypo	case		0.0825867035327809	0.78	0.78	2.8	0.699178745142492	5
chr20	17293077	17294402	1326	22	19.5727272727273	0.188254549860595	0.188254549860595	0.180950446986893	0.191096330406457	hyper	case		0.0920843905791046	0.78	0.78	2.8	0.699178745142492	5
chr21	9050505	9051048	544	5	23.73	-0.226854393814802	0.226854393814802	-0.206314508373862	0.206314508373862	hypo	case		0.313080798345435	0.78	0.78	2.8	0.699178745142492	5
chr20	7379439	7380614	1176	28	22.2875	-0.285792288312984	0.285792288312984	-0.290901833451553	0.290901833451553	hypo	case		0.138787424070384	0.78	0.78	2.8	0.699178745142492	5
chr20	54503961	54505014	1054	16	20.846875	-0.313400572792465	0.313400572792465	-0.334081038383118	0.334081038383118	hypo	case		0.562462307142543	0.78	0.78	2.8	0.699178745142492	5
chr20	8101371	8102315	945	6	22.45	0.226901485540664	0.226901485540664	0.231310132809775	0.231310132809775	hyper	case		0.322565233988554	0.78	0.78	2.8	0.699178745142492	5
chr20	17291886	17292102	217	5	20.08	-0.287383346067434	0.287383346067434	-0.305092286564967	0.305092286564967	hypo	case		0.19522775125691	0.78	0.78	2.8	0.699178745142492	5
chr21	9879798	9880963	1166	8	63.04375	0.342432988000727	0.342432988000727	0.339862566085339	0.339862566085339	hyper	case		0.443753732262446	0.78	0.78	2.8	0.699178745142492	5
chr21	18972402	18973977	1576	14	19.1107142857143	-0.327198259105559	0.327198259105559	-0.321124642277313	0.321124642277313	hypo	case		0.448070932214319	0.78	0.78	2.8	0.699178745142492	5
chr20	31293595	31293878	284	5	23.5	0.12424822443493	0.12424822443493	0.15149327923235	0.15149327923235	hyper	case		0.305723270817288	0.78	0.78	2.8	0.699178745142492	5
chr21	20660918	20661427	510	7	24.4357142857143	0.299838687007277	0.299838687007277	0.256512479537565	0.256512479537565	hyper	case		0.969329293513306	0.78	0.969329293513306	2.8	0.699178745142492	5
chr20	14096037	14096620	584	7	21.2714285714286	0.236881620271713	0.236881620271713	0.253698488860143	0.253698488860143	hyper	case		0.462287260401562	0.78	0.78	2.8	0.699178745142492	5
chr21	24018002	24018267	266	5	21.12	0.00309975079302105	0.00309975079302105	0.0665338937296093	0.102644178045767	hyper	case		0.261490849561154	0.78	0.78	2.8	0.699178745142492	5
chr20	45430694	45431831	1138	18	22.125	-0.351996290962621	0.351996290962621	-0.333681488095449	0.333681488095449	hypo	case		0.173834465798693	0.78	0.78	2.8	0.699178745142492	5
chr20	55168693	55168889	197	6	21.5666666666667	-0.273491184404691	0.273491184404691	-0.313577138456232	0.313577138456232	hypo	case		0.125716995640011	0.78	0.78	2.8	0.699178745142492	5
chr20	43996261	43996446	186	10	22.3	-0.179332249921018	0.179332249921018	-0.218385481336867	0.218385481336867	hypo	case		0.543058010844565	0.78	0.78	2.8	0.699178745142492	5
chr20	25911780	25911921	142	5	23.58	-0.162725256877056	0.162725256877056	-0.172802383895689	0.172802383895689	hypo	case		0.25301532084852	0.78	0.78	2.8	0.699178745142492	5
chr21	30672244	30673555	1312	12	21.5833333333333	-0.189987460387697	0.189987460387697	-0.166796996300153	0.176106546256147	hypo	case		0.051421871544889	0.78	0.78	2.8	0.699178745142492	5
chr20	42335827	42337236	1410	14	20.5714285714286	-0.2911682109672	0.2911682109672	-0.281542082266382	0.281542082266382	hypo	case		0.144299970602417	0.78	0.78	2.8	0.699178745142492	5
chr20	25755823	25757169	1347	31	28.258064516129	-0.261459041588775	0.261459041588775	-0.280651507674572	0.280651507674572	hypo	case		0.102135778968142	0.78	0.78	2.8	0.699178745142492	5
chr21	23485398	23485831	434	5	20.98	-0.0705412605414085	0.0705412605414085	-0.0771929195630036	0.153369691899832	hypo	case		0.0601964152488412	0.78	0.78	2.8	0.699178745142492	5
chr20	6221884	6223032	1149	11	19.1545454545455	0.127905069710195	0.127905069710195	0.182788789537915	0.182788789537915	hyper	case		0.17671942637367	0.78	0.78	2.8	0.699178745142492	5
chr21	23159314	23160707	1394	39	21.1897435897436	-0.29064375952708	0.29064375952708	-0.287707451713377	0.287707451713377	hypo	case		0.102808393553875	0.78	0.78	2.8	0.699178745142492	5
chr21	25243825	25244363	539	13	23.7230769230769	-0.200886603037559	0.200886603037559	-0.230868089939705	0.230868089939705	hypo	case		0.340226787230473	0.78	0.78	2.8	0.699178745142492	5
chr21	13246026	13246350	325	6	21.4583333333333	-0.255220447747137	0.255220447747137	-0.290299207658658	0.290299207658658	hypo	case		0.225350059112948	0.78	0.78	2.8	0.699178745142492	5
chr20	21474478	21475920	1443	26	21.7403846153846	-0.261181172639118	0.261181172639118	-0.288249267727502	0.288249267727502	hypo	case		0.598188961892168	0.78	0.78	2.8	0.699178745142492	5
chr21	41576399	41576610	212	5	23.56	0.13992767838365	0.13992767838365	0.192823468480368	0.192823468480368	hyper	case		0.0690390465425164	0.78	0.78	2.8	0.699178745142492	5
chr21	5321059	5321576	518	7	19.95	0.129585945981084	0.129585945981084	0.164935078243553	0.164935078243553	hyper	case		0.99	0.78	0.99	2.8	0.699178745142492	5
chr20	15499708	15501407	1700	23	23.3239130434783	-0.222661630355682	0.222661630355682	-0.213159715196361	0.213159715196361	hypo	case		0.237830386095823	0.78	0.78	2.8	0.699178745142492	5
chr21	8609078	8609516	439	6	10.5666666666667	-0.214205162178508	0.214205162178508	-0.195177237845639	0.195177237845639	hypo	case		0.36967401129267	0.78	0.78	2.8	0.699178745142492	5
chr20	16051057	16051673	617	12	23.9875	-0.372528036811012	0.372528036811012	-0.365417022630186	0.365417022630186	hypo	case		0.204148534287102	0.78	0.78	2.8	0.699178745142492	5
chr20	29124848	29125577	730	5	32.75	0.124008295625943	0.124008295625943	0.215068032129723	0.215068032129723	hyper	case		0.162179736258702	0.78	0.78	2.8	0.699178745142492	5
chr20	55401291	55401641	351	5	21.51	0.107324001643841	0.107324001643841	0.103212212667055	0.148437553306831	hyper	case		0.181470214295259	0.78	0.78	2.8	0.699178745142492	5
chr20	6299068	6300265	1198	24	22.7729166666667	-0.316489975436968	0.316489975436968	-0.307086240493076	0.307086240493076	hypo	case		0.356444598069116	0.78	0.78	2.8	0.699178745142492	5
chr20	31304683	31304956	274	5	23.89	0.167983798934087	0.167983798934087	0.233168897177947	0.233168897177947	hyper	case		0.316597835391759	0.78	0.78	2.8	0.699178745142492	5
chr20	19390862	19391114	253	5	24.19	-0.0632699160714021	0.0632699160714021	-0.0912613827947937	0.0912613827947937	hypo	case		0.126174776933457	0.78	0.78	2.8	0.699178745142492	5
chr20	1486133	1487126	994	16	21.6875	-0.178926090363267	0.178926090363267	-0.195361761327209	0.195361761327209	hypo	case		0.215958238902394	0.78	0.78	2.8	0.699178745142492	5
chr20	10495425	10495591	167	5	20.88	0.236825758401273	0.236825758401273	0.221360407492668	0.221360407492668	hyper	case		0.316747139358227	0.78	0.78	2.8	0.699178745142492	5
chr21	14339704	14340111	408	5	23.06	-0.12136207889325	0.12136207889325	-0.123271857425621	0.123271857425621	hypo	case		0.0671971832092497	0.78	0.78	2.8	0.699178745142492	5
chr21	16863137	16864273	1137	9	22.1833333333333	0.162794907465215	0.162794907465215	0.211273524728076	0.211273524728076	hyper	case		0.228045582933411	0.78	0.78	2.8	0.699178745142492	5
chr21	24079680	24081497	1818	19	21.7947368421053	-0.264615029578265	0.264615029578265	-0.302246987690356	0.302246987690356	hypo	case		0.551878430963264	0.78	0.78	2.8	0.699178745142492	5
chr21	13549922	13550460	539	10	19.395	0.210568340668274	0.210568340668274	0.223504878291262	0.223504878291262	hyper	case		0.213570444776658	0.78	0.78	2.8	0.699178745142492	5
chr21	20140100	20140336	237	5	20.27	-0.23784655654093	0.23784655654093	-0.292110552994132	0.292110552994132	hypo	case		0.406025709315213	0.78	0.78	2.8	0.699178745142492	5
chr20	29334771	29335317	547	6	74.8583333333333	0.00098086629093222	0.00098086629093222	-0.00337443584582565	0.167077821047446	hyper	case		0.490387264766631	0.78	0.78	2.8	0.699178745142492	5
chr20	12699950	12701591	1642	32	21.228125	-0.297622653403588	0.297622653403588	-0.291328466388871	0.291328466388871	hypo	case		0.149917472873868	0.78	0.78	2.8	0.699178745142492	5
chr20	55757457	55758624	1168	29	21.9620689655172	-0.280316327083584	0.280316327083584	-0.276168573129852	0.276168573129852	hypo	case		0.102415698988944	0.78	0.78	2.8	0.699178745142492	5
chr20	55142117	55143550	1434	14	20.9928571428571	-0.308278990560219	0.308278990560219	-0.257047942287593	0.257047942287593	hypo	case		0.347350854177172	0.78	0.78	2.8	0.699178745142492	5
chr20	19065641	19067595	1955	22	22.7659090909091	-0.23965103219235	0.23965103219235	-0.242808623879506	0.242808623879506	hypo	case		0.233744930810201	0.78	0.78	2.8	0.699178745142492	5
chr21	26999056	26999947	892	9	21.25	0.18467792024055	0.18467792024055	0.164092691314218	0.171524612353588	hyper	case		0.469442970442832	0.78	0.78	2.8	0.699178745142492	5
chr21	10809312	10810139	828	6	121.483333333333	-0.24817407191165	0.24817407191165	-0.236406709976635	0.236406709976635	hypo	case		0.595909381505455	0.78	0.78	2.8	0.699178745142492	5
chr21	34892925	34893448	524	9	21.8666666666667	-0.185916495229464	0.185916495229464	-0.251071688058882	0.251071688058882	hypo	case		0.387991626611629	0.78	0.78	2.8	0.699178745142492	5
chr20	8490183	8491399	1217	9	24.5722222222222	0.178512091712898	0.178512091712898	0.248694041808092	0.248694041808092	hyper	case		0.30634247083026	0.78	0.78	2.8	0.699178745142492	5
chr20	41529009	41530972	1964	25	23.484	-0.199472391409553	0.199472391409553	-0.236315217643383	0.236315217643383	hypo	case		0.368740043897334	0.78	0.78	2.8	0.699178745142492	5
chr21	30701813	30702230	418	5	23.62	-0.303499204592158	0.303499204592158	-0.306553117121745	0.306553117121745	hypo	case		0.0573581740167632	0.78	0.78	2.8	0.699178745142492	5
chr20	27716100	27716585	486	8	12.6375	-0.419048208059841	0.419048208059841	-0.443401409501248	0.443401409501248	hypo	case		0.866349527604507	0.78	0.866349527604507	2.8	0.699178745142492	5
chr20	8045188	8045781	594	17	22.7117647058824	0.164182499221193	0.164182499221193	0.199793246612005	0.199793246612005	hyper	case		0.481043164326516	0.78	0.78	2.8	0.699178745142492	5
chr20	21988977	21989704	728	10	25.3	0.196555445406076	0.196555445406076	0.195871423799779	0.195871423799779	hyper	case		0.228979080080884	0.78	0.78	2.8	0.699178745142492	5
chr21	8997718	8998454	737	5	90	-0.146395847456489	0.146395847456489	-0.148572482323861	0.148572482323861	hypo	case		0.123662105274682	0.78	0.78	2.8	0.699178745142492	5
chr21	35678629	35679728	1100	9	21.3666666666667	-0.253431590752243	0.253431590752243	-0.304884581601734	0.304884581601734	hypo	case		0.200722759030083	0.78	0.78	2.8	0.699178745142492	5
chr21	17238985	17239955	971	13	13.7576923076923	-0.332233973134708	0.332233973134708	-0.34322414497903	0.34322414497903	hypo	case		0.144811870167581	0.78	0.78	2.8	0.699178745142492	5
chr21	13782578	13783437	860	5	15.14	-0.224790262680646	0.224790262680646	-0.163810392605321	0.165136244170121	hypo	case		0.231203004712882	0.78	0.78	2.8	0.699178745142492	5
chr21	22552977	22553707	731	8	21.74375	-0.216123649534771	0.216123649534771	-0.178544671747972	0.178544671747972	hypo	case		0.680315841840623	0.78	0.78	2.8	0.699178745142492	5
chr21	22350194	22351760	1567	38	19.8447368421053	-0.343178630469131	0.343178630469131	-0.3321612493488	0.3321612493488	hypo	case		0.551408434310116	0.78	0.78	2.8	0.699178745142492	5
chr21	13958697	13959752	1056	10	16.99	-0.247511366683971	0.247511366683971	-0.280063258977492	0.280063258977492	hypo	case		0.429726507739448	0.78	0.78	2.8	0.699178745142492	5
chr20	42288770	42290554	1785	30	24.7966666666667	-0.237235276876307	0.237235276876307	-0.263742588949165	0.263742588949165	hypo	case		0.573852721776238	0.78	0.78	2.8	0.699178745142492	5
chr21	13955538	13956956	1419	20	18.78	-0.267100952423548	0.267100952423548	-0.261125644954111	0.261125644954111	hypo	case		0.173067322960329	0.78	0.78	2.8	0.699178745142492	5
chr20	23408704	23409195	492	5	21.44	0.0483549660678597	0.0483549660678597	0.132736489700708	0.132736489700708	hyper	case		0.261309760340987	0.78	0.78	2.8	0.699178745142492	5
chr20	23056063	23056333	271	5	19.57	-0.134952160842254	0.134952160842254	-0.248172304110868	0.248172304110868	hypo	case		0.190545297154724	0.78	0.78	2.8	0.699178745142492	5
chr21	9923233	9923376	144	5	56.77	-0.235273733187133	0.235273733187133	-0.163646633732553	0.20744955040426	hypo	case		0.978170583392418	0.78	0.978170583392418	2.8	0.699178745142492	5
chr20	52401828	52402009	182	7	22.9	-0.21874541811389	0.21874541811389	-0.186112287924384	0.186112287924384	hypo	case		0.345057608773231	0.78	0.78	2.8	0.699178745142492	5
chr20	8972268	8973372	1105	12	24.0416666666667	-0.36632256776456	0.36632256776456	-0.381899909429693	0.381899909429693	hypo	case		0.408751789009632	0.78	0.78	2.8	0.699178745142492	5
chr20	55155822	55156267	446	5	20.38	0.0920678494447676	0.0920678494447676	0.0759548010711296	0.0759548010711296	hyper	case		0.236171221239274	0.78	0.78	2.8	0.699178745142492	5
chr20	29773278	29774126	849	10	21.89	0.140213504901503	0.140213504901503	0.201636294873632	0.201636294873632	hyper	case		0.297464562867996	0.78	0.78	2.8	0.699178745142492	5
chr20	39620131	39620916	786	5	22.11	0.263034000308743	0.263034000308743	0.213996095838394	0.213996095838394	hyper	case		0.383253561206058	0.78	0.78	2.8	0.699178745142492	5
chr20	39748160	39748388	229	5	22	0.0636597642708061	0.0636597642708061	0.106357812958516	0.106357812958516	hyper	case		0.56489468918317	0.78	0.78	2.8	0.699178745142492	5
chr20	30365354	30366223	870	17	26.1264705882353	-0.234883071361853	0.234883071361853	-0.24249533436124	0.24249533436124	hypo	case		0.2822305243987	0.78	0.78	2.8	0.699178745142492	5
chr20	17049660	17050976	1317	18	22.175	-0.272484999474421	0.272484999474421	-0.256017823289116	0.256017823289116	hypo	case		0.166771173005179	0.78	0.78	2.8	0.699178745142492	5
chr20	29573147	29574001	855	9	17.4222222222222	-0.147496068072925	0.147496068072925	-0.155167341121131	0.161332736110425	hypo	case		0.242027947577876	0.78	0.78	2.8	0.699178745142492	5
chr21	33750991	33751316	326	5	22.69	-0.15987568341058	0.15987568341058	-0.071425615724926	0.071425615724926	hypo	case		0.310059109146762	0.78	0.78	2.8	0.699178745142492	5
chr20	55762626	55763387	762	10	22.55	0.283602771251148	0.283602771251148	0.233900937661274	0.233900937661274	hyper	case		0.4655455723294	0.78	0.78	2.8	0.699178745142492	5
chr20	14428316	14429217	902	10	20.11	-0.263269922895068	0.263269922895068	-0.255263063245543	0.255263063245543	hypo	case		0.13202285047767	0.78	0.78	2.8	0.699178745142492	5
chr20	39968679	39970028	1350	19	18.0447368421053	-0.309165197251834	0.309165197251834	-0.307078399453088	0.307078399453088	hypo	case		0.757048240599734	0.78	0.78	2.8	0.699178745142492	5
chr21	32168989	32169674	686	5	21.33	0.127091085351467	0.127091085351467	0.194852782413945	0.194852782413945	hyper	case		0.217120775419191	0.78	0.78	2.8	0.699178745142492	5
chr20	40363898	40365137	1240	12	20.025	-0.198643056611357	0.198643056611357	-0.2128780987183	0.2128780987183	hypo	case		0.0821491243997923	0.78	0.78	2.8	0.699178745142492	5
chr20	6555901	6557147	1247	13	20.8423076923077	-0.399820219019295	0.399820219019295	-0.433219347138828	0.433219347138828	hypo	case		0.615943663428135	0.78	0.78	2.8	0.699178745142492	5
chr21	16219972	16220887	916	19	22.2789473684211	-0.364213032275444	0.364213032275444	-0.362172940260384	0.362172940260384	hypo	case		0.0912190146951909	0.78	0.78	2.8	0.699178745142492	5
chr20	43418026	43418604	579	6	21.925	-0.261861271691443	0.261861271691443	-0.235690587377221	0.235690587377221	hypo	case		0.363088745008535	0.78	0.78	2.8	0.699178745142492	5
chr20	9080887	9081206	320	5	20.62	-0.224913129942626	0.224913129942626	-0.207958297806306	0.207958297806306	hypo	case		0.0772478224858768	0.78	0.78	2.8	0.699178745142492	5
chr20	25733376	25733693	318	5	24.66	-0.285840470409586	0.285840470409586	-0.267347674741884	0.267347674741884	hypo	case		0.133444043021414	0.78	0.78	2.8	0.699178745142492	5
chr21	22481195	22481754	560	14	23.2607142857143	-0.225060345514631	0.225060345514631	-0.226236806101727	0.226236806101727	hypo	case		0.409483375263797	0.78	0.78	2.8	0.699178745142492	5
chr20	16818779	16820292	1514	12	23.1583333333333	-0.207069521641476	0.207069521641476	-0.212589126574644	0.212589126574644	hypo	case		0.284319209333667	0.78	0.78	2.8	0.699178745142492	5
chr21	21619353	21620282	930	13	19.1192307692308	0.198206512079061	0.198206512079061	0.213364291777973	0.213364291777973	hyper	case		0.298359895492206	0.78	0.78	2.8	0.699178745142492	5
chr20	8402560	8402799	240	15	23.7866666666667	-0.308774251789112	0.308774251789112	-0.239045711231866	0.239045711231866	hypo	case		0.503549735558295	0.78	0.78	2.8	0.699178745142492	5
chr20	15914209	15915131	923	17	19.8352941176471	-0.198672447435605	0.198672447435605	-0.263305188427291	0.263305188427291	hypo	case		0.957002349594891	0.78	0.957002349594891	2.8	0.699178745142492	5
chr20	16024635	16026132	1498	19	23.171052631579	-0.336110825157767	0.336110825157767	-0.280336079484891	0.280336079484891	hypo	case		0.944266856140487	0.78	0.944266856140487	2.8	0.699178745142492	5
chr20	29774916	29776213	1298	21	21.2428571428571	0.216739829241956	0.216739829241956	0.19048089898155	0.19048089898155	hyper	case		0.481737850784749	0.78	0.78	2.8	0.699178745142492	5
chr20	18618773	18619715	943	28	25.9053571428571	-0.334640742079377	0.334640742079377	-0.349226574390679	0.349226574390679	hypo	case		0.510276920754203	0.78	0.78	2.8	0.699178745142492	5
chr21	25207112	25207806	695	5	20.84	0.185160801804383	0.185160801804383	0.178495239057734	0.178495239057734	hyper	case		0.49898337141519	0.78	0.78	2.8	0.699178745142492	5
chr21	30667198	30667480	283	5	22.37	0.0648096105997994	0.0648096105997994	0.095792831255441	0.127118078002559	hyper	case		0.263819303960189	0.78	0.78	2.8	0.699178745142492	5
chr21	18164794	18166604	1811	23	18.9173913043478	-0.191089264973553	0.191089264973553	-0.222128594314913	0.222128594314913	hypo	case		0.545154981851691	0.78	0.78	2.8	0.699178745142492	5
chr21	14024089	14024491	403	11	20.05	-0.263913068118597	0.263913068118597	-0.314079062965074	0.314079062965074	hypo	case		0.29155289624216	0.78	0.78	2.8	0.699178745142492	5
chr21	22911434	22911571	138	5	20.3	-0.0506410662279471	0.0506410662279471	-0.181011392407047	0.181011392407047	hypo	case		0.315649535247073	0.78	0.78	2.8	0.699178745142492	5
chr21	38740937	38742461	1525	26	21.5076923076923	-0.284942635784838	0.284942635784838	-0.278223793918614	0.278223793918614	hypo	case		0.454236075375474	0.78	0.78	2.8	0.699178745142492	5
chr21	21588326	21589373	1048	9	25.4222222222222	-0.219718379305032	0.219718379305032	-0.175438392323975	0.175438392323975	hypo	case		0.269168939059804	0.78	0.78	2.8	0.699178745142492	5
chr21	16335138	16336205	1068	34	23.4735294117647	-0.289112808265067	0.289112808265067	-0.323184477091561	0.323184477091561	hypo	case		0.356735428053378	0.78	0.78	2.8	0.699178745142492	5
chr20	42503252	42503877	626	5	19.76	0.0727467242511888	0.0727467242511888	0.0531525239560926	0.0531525239560926	hyper	case		0.293944173490664	0.78	0.78	2.8	0.699178745142492	5
chr20	34792922	34794081	1160	7	21.8714285714286	0.20908826034735	0.20908826034735	0.258297517198077	0.258297517198077	hyper	case		0.608093766008283	0.78	0.78	2.8	0.699178745142492	5
chr21	24291438	24291581	144	5	20.37	0.213182014163333	0.213182014163333	0.230293919194474	0.230293919194474	hyper	case		0.19721782759261	0.78	0.78	2.8	0.699178745142492	5
chr21	20064089	20064817	729	5	20.15	-0.0599104591290647	0.0599104591290647	-0.124649173519546	0.150769970714	hypo	case		0.164448282965376	0.78	0.78	2.8	0.699178745142492	5
chr20	1550094	1550441	348	5	21.87	0.154006285626072	0.154006285626072	0.157587847681392	0.157587847681392	hyper	case		0.142889004087565	0.78	0.78	2.8	0.699178745142492	5
chr20	59650380	59652188	1809	15	22.53	-0.183424481619846	0.183424481619846	-0.175497134394911	0.175497134394911	hypo	case		0.165753343126452	0.78	0.78	2.8	0.699178745142492	5
chr21	18625717	18626044	328	6	20.6916666666667	-0.211349282928861	0.211349282928861	-0.230016976197151	0.230016976197151	hypo	case		0.2581243526299	0.78	0.78	2.8	0.699178745142492	5
chr20	16606149	16606593	445	6	20.9083333333333	-0.282372109286166	0.282372109286166	-0.314042831219949	0.314042831219949	hypo	case		0.390013401428566	0.78	0.78	2.8	0.699178745142492	5
chr20	28380847	28382022	1176	15	11.1966666666667	-0.322559173712425	0.322559173712425	-0.317704542643297	0.317704542643297	hypo	case		0.246187198123839	0.78	0.78	2.8	0.699178745142492	5
chr20	6204750	6205553	804	5	23.16	0.123633538431505	0.123633538431505	0.0621398663957712	0.116448344165723	hyper	case		0.333500730687979	0.78	0.78	2.8	0.699178745142492	5
chr20	8438860	8440140	1281	11	23.2454545454545	-0.194399051656405	0.194399051656405	-0.176019429447237	0.176019429447237	hypo	case		0.173503309578313	0.78	0.78	2.8	0.699178745142492	5
chr20	60785924	60786832	909	20	22.0025	0.170168092413125	0.170168092413125	0.179245696695979	0.179245696695979	hyper	case		0.438815322357048	0.78	0.78	2.8	0.699178745142492	5
chr20	9981948	9983361	1414	13	24.6769230769231	0.251105887503057	0.251105887503057	0.267646400855842	0.267646400855842	hyper	case		0.296019332811207	0.78	0.78	2.8	0.699178745142492	5
chr21	28534777	28536064	1288	13	19.6384615384615	-0.195733385078973	0.195733385078973	-0.231976756042597	0.231976756042597	hypo	case		0.297485159303526	0.78	0.78	2.8	0.699178745142492	5
chr20	55162212	55163886	1675	26	21.3769230769231	-0.273495987924603	0.273495987924603	-0.246740635050856	0.246740635050856	hypo	case		0.542453771789102	0.78	0.78	2.8	0.699178745142492	5
chr20	15132318	15132494	177	5	19.95	-0.172709796516954	0.172709796516954	-0.178732720571584	0.178732720571584	hypo	case		0.544124013144937	0.78	0.78	2.8	0.699178745142492	5
chr20	24457669	24458319	651	5	22.66	-0.154594336531239	0.154594336531239	-0.17408106257412	0.17408106257412	hypo	case		0.0952406643749863	0.78	0.78	2.8	0.699178745142492	5
chr20	14476459	14478040	1582	28	20.9392857142857	-0.251376354974762	0.251376354974762	-0.246171721849912	0.246171721849912	hypo	case		0.107926280742208	0.78	0.78	2.8	0.699178745142492	5
chr20	29611587	29612770	1184	9	18.6	-0.20253592045871	0.20253592045871	-0.213999248063012	0.213999248063012	hypo	case		0.3053098882449	0.78	0.78	2.8	0.699178745142492	5
chr21	23229353	23229754	402	5	21.68	0.117581160536851	0.117581160536851	0.126241841185639	0.126241841185639	hyper	case		0.103322559823834	0.78	0.78	2.8	0.699178745142492	5
chr20	20983139	20983710	572	5	25.57	-0.330223519500469	0.330223519500469	-0.231834719970019	0.231834719970019	hypo	case		0.611619387843049	0.78	0.78	2.8	0.699178745142492	5
chr20	7049529	7050138	610	8	20.29375	-0.23306565313994	0.23306565313994	-0.231818649223603	0.231818649223603	hypo	case		0.205691370106314	0.78	0.78	2.8	0.699178745142492	5
chr20	40046137	40046788	652	5	20.98	0.163291924106166	0.163291924106166	0.174134116045003	0.174134116045003	hyper	case		0.518145431481059	0.78	0.78	2.8	0.699178745142492	5
chr20	20354219	20354548	330	10	23.46	-0.315423185482856	0.315423185482856	-0.336984375098383	0.336984375098383	hypo	case		0.379755288763066	0.78	0.78	2.8	0.699178745142492	5
chr20	52510022	52510835	814	13	20.7653846153846	-0.19348780001351	0.19348780001351	-0.210164918725436	0.210164918725436	hypo	case		0.208348407319849	0.78	0.78	2.8	0.699178745142492	5
chr21	29612332	29613145	814	5	18.78	0.260324705002774	0.260324705002774	0.170968093181437	0.170968093181437	hyper	case		0.289506623564445	0.78	0.78	2.8	0.699178745142492	5
chr20	6417103	6417456	354	5	23.19	0.200921285187943	0.200921285187943	0.14038774256975	0.14038774256975	hyper	case		0.757753481191722	0.78	0.78	2.8	0.699178745142492	5
chr20	30639336	30639724	389	5	25.29	0.093724741560194	0.093724741560194	0.14111795454379	0.14111795454379	hyper	case		0.508365304184629	0.78	0.78	2.8	0.699178745142492	5
chr21	25671650	25672032	383	5	26.7	-0.206024413667044	0.206024413667044	-0.171665421492896	0.171665421492896	hypo	case		0.144241020554748	0.78	0.78	2.8	0.699178745142492	5
chr21	20348931	20349474	544	7	20.5857142857143	0.16928362149758	0.16928362149758	0.194743835539888	0.194743835539888	hyper	case		0.284619049017675	0.78	0.78	2.8	0.699178745142492	5
chr21	30504018	30505059	1042	12	22.2208333333333	-0.244895612339095	0.244895612339095	-0.25859622263437	0.25859622263437	hypo	case		0.279379708083806	0.78	0.78	2.8	0.699178745142492	5
chr21	20748305	20749275	971	5	20.4	-0.146865958816783	0.146865958816783	-0.17359118270928	0.17359118270928	hypo	case		0.642508670443353	0.78	0.78	2.8	0.699178745142492	5
chr20	6799379	6801074	1696	17	20.9735294117647	-0.249504439412385	0.249504439412385	-0.245931733192664	0.245931733192664	hypo	case		0.395127181832399	0.78	0.78	2.8	0.699178745142492	5
chr21	18902813	18903106	294	7	22.8	-0.2519120120076	0.2519120120076	-0.183140159880854	0.183140159880854	hypo	case		0.600049366482741	0.78	0.78	2.8	0.699178745142492	5
chr21	28024526	28025835	1310	21	23.9809523809524	-0.239060938929398	0.239060938929398	-0.253531945059937	0.253531945059937	hypo	case		0.210105527478482	0.78	0.78	2.8	0.699178745142492	5
chr20	40731969	40732438	470	22	23.0227272727273	-0.260926712217381	0.260926712217381	-0.266920074851826	0.266920074851826	hypo	case		0.456229800983918	0.78	0.78	2.8	0.699178745142492	5
chr21	8143436	8144356	921	5	11.92	0.100554510848629	0.100554510848629	0.110632220100317	0.110632220100317	hyper	case		0.188988038583326	0.78	0.78	2.8	0.699178745142492	5
chr21	20294038	20294513	476	5	21.02	-0.239211049206308	0.239211049206308	-0.269385813607948	0.269385813607948	hypo	case		0.240531848467481	0.78	0.78	2.8	0.699178745142492	5
chr20	17066887	17068482	1596	23	21.3152173913043	0.189914874693996	0.189914874693996	0.195527654739384	0.195527654739384	hyper	case		0.272859310107611	0.78	0.78	2.8	0.699178745142492	5
chr20	45154334	45154569	236	5	23.71	0.149430201623157	0.149430201623157	0.138453883746561	0.138453883746561	hyper	case		0.595057591020489	0.78	0.78	2.8	0.699178745142492	5
chr21	25131052	25131845	794	14	25.0142857142857	-0.281838957708978	0.281838957708978	-0.273951405086064	0.273951405086064	hypo	case		0.373010937813611	0.78	0.78	2.8	0.699178745142492	5
chr20	21322842	21324777	1936	12	18.5125	0.207843039728517	0.207843039728517	0.179767863181647	0.199412463646787	hyper	case		0.599201156076134	0.78	0.78	2.8	0.699178745142492	5
chr20	42190375	42191343	969	7	20.3285714285714	0.20365347350448	0.20365347350448	0.266203216155978	0.266203216155978	hyper	case		0.367706791072524	0.78	0.78	2.8	0.699178745142492	5
chr20	14351954	14353170	1217	14	19.1785714285714	-0.263774224916708	0.263774224916708	-0.26585362614412	0.26585362614412	hypo	case		0.619345392675028	0.78	0.78	2.8	0.699178745142492	5
chr20	52327093	52327843	751	13	23.3576923076923	-0.246036814652052	0.246036814652052	-0.252092889067779	0.252092889067779	hypo	case		0.480338131898163	0.78	0.78	2.8	0.699178745142492	5
chr20	30202924	30202969	46	5	22.42	0.262790110272611	0.262790110272611	0.230185911253375	0.230185911253375	hyper	case		0.143417718001191	0.78	0.78	2.8	0.699178745142492	5
chr20	25806295	25808122	1828	10	21.19	-0.291295454845569	0.291295454845569	-0.277447766181382	0.277447766181382	hypo	case		0.35153884032076	0.78	0.78	2.8	0.699178745142492	5
chr21	24590161	24590450	290	5	20.64	0.139715017189989	0.139715017189989	0.146099974727641	0.146099974727641	hyper	case		0.230356930213484	0.78	0.78	2.8	0.699178745142492	5
chr20	43002035	43002412	378	13	23.3192307692308	-0.226413760653822	0.226413760653822	-0.236517743820836	0.236517743820836	hypo	case		0.195138784836978	0.78	0.78	2.8	0.699178745142492	5
chr21	9610718	9611765	1048	21	43.8404761904762	0.226983574171846	0.226983574171846	0.207731230825888	0.207731230825888	hyper	case		0.348863568002643	0.78	0.78	2.8	0.699178745142492	5
chr20	24126940	24127280	341	9	22.8	-0.366131492436827	0.366131492436827	-0.36680641307596	0.36680641307596	hypo	case		0.0990992264745553	0.78	0.78	2.8	0.699178745142492	5
chr21	24350901	24351794	894	20	22.01	-0.270966661590941	0.270966661590941	-0.219662518430658	0.219662518430658	hypo	case		0.99	0.78	0.99	2.8	0.699178745142492	5
chr20	23932557	23933274	718	9	22.5055555555556	-0.215932329552374	0.215932329552374	-0.237078988600575	0.237078988600575	hypo	case		0.339518284460604	0.78	0.78	2.8	0.699178745142492	5
chr21	20726264	20727755	1492	7	21.5928571428571	0.183608183446474	0.183608183446474	0.21662677166718	0.21662677166718	hyper	case		0.255635232646911	0.78	0.78	2.8	0.699178745142492	5
chr21	21710327	21710484	158	9	19.1555555555556	0.173307140614803	0.173307140614803	0.208512149803343	0.208512149803343	hyper	case		0.164276208348662	0.78	0.78	2.8	0.699178745142492	5
chr21	22097766	22098019	254	5	20.62	-0.26382773508741	0.26382773508741	-0.209884803702909	0.209884803702909	hypo	case		0.0114642487576715	0.78	0.78	2.8	0.699178745142492	5
chr20	59872290	59872647	358	5	20.21	-0.155771353546121	0.155771353546121	-0.149863705447788	0.149863705447788	hypo	case		0.33295625400695	0.78	0.78	2.8	0.699178745142492	5
chr21	27279954	27280563	610	35	24.1042857142857	-0.286644848132909	0.286644848132909	-0.306909909332196	0.306909909332196	hypo	case		0.414665303850544	0.78	0.78	2.8	0.699178745142492	5
chr21	21971585	21972753	1169	17	20.4852941176471	0.259875903259855	0.259875903259855	0.250099483734377	0.250099483734377	hyper	case		0.4786675896562	0.78	0.78	2.8	0.699178745142492	5
chr20	11623791	11625035	1245	13	22.8038461538462	-0.152845257634397	0.152845257634397	-0.215682383738361	0.215682383738361	hypo	case		0.99	0.78	0.99	2.8	0.699178745142492	5
chr20	8076977	8077283	307	8	20.56875	-0.279038026926702	0.279038026926702	-0.343312325842233	0.343312325842233	hypo	case		0.268982112712489	0.78	0.78	2.8	0.699178745142492	5
chr21	23606583	23606888	306	5	22.51	-0.29969127778303	0.29969127778303	-0.232462403981249	0.232462403981249	hypo	case		0.59703386509781	0.78	0.78	2.8	0.699178745142492	5
chr21	25202936	25203687	752	12	19.9083333333333	-0.254828826535583	0.254828826535583	-0.210117403799302	0.210117403799302	hypo	case		0.454089006956124	0.78	0.78	2.8	0.699178745142492	5
chr20	13507390	13508025	636	13	21.0038461538462	-0.209970486423086	0.209970486423086	-0.197444881873717	0.197444881873717	hypo	case		0.169608134055083	0.78	0.78	2.8	0.699178745142492	5
chr20	20859217	20860110	894	21	20.3642857142857	-0.185697721914941	0.185697721914941	-0.175238637285352	0.175238637285352	hypo	case		0.469764111064342	0.78	0.78	2.8	0.699178745142492	5
chr20	10305845	10306210	366	8	24.69375	0.16764894150712	0.16764894150712	0.153614558957978	0.153614558957978	hyper	case		0.125583624597197	0.78	0.78	2.8	0.699178745142492	5
chr20	24946245	24946635	391	5	23.07	0.0352460730433841	0.0352460730433841	0.0328778466715266	0.0779828065647161	hyper	case		0.063499311273907	0.78	0.78	2.8	0.699178745142492	5
chr20	7102149	7102454	306	13	25.2730769230769	-0.366871998292882	0.366871998292882	-0.352070067526158	0.352070067526158	hypo	case		0.803075672546596	0.78	0.803075672546596	2.8	0.699178745142492	5
chr21	27708200	27708741	542	6	20.25	-0.314342152356742	0.314342152356742	-0.306712633638428	0.306712633638428	hypo	case		0.46984381637623	0.78	0.78	2.8	0.699178745142492	5
chr20	8082527	8082762	236	5	20.7	0.202384309748924	0.202384309748924	0.215652527050022	0.215652527050022	hyper	case		0.800616149374075	0.78	0.800616149374075	2.8	0.699178745142492	5
chr21	9032354	9033782	1429	10	52.235	0.174525025775223	0.174525025775223	0.18546968083637	0.18546968083637	hyper	case		0.502293577453534	0.78	0.78	2.8	0.699178745142492	5
chr20	6261057	6262091	1035	59	21.6838983050847	-0.341034755749926	0.341034755749926	-0.320020656805405	0.320020656805405	hypo	case		0.199409267277142	0.78	0.78	2.8	0.699178745142492	5
chr21	22347873	22349312	1440	12	19.3791666666667	0.229000520043291	0.229000520043291	0.230122740491424	0.230122740491424	hyper	case		0.178839464459839	0.78	0.78	2.8	0.699178745142492	5
chr21	25037108	25037527	420	8	21.5125	-0.290117619205848	0.290117619205848	-0.274591218266805	0.274591218266805	hypo	case		0.520379161808148	0.78	0.78	2.8	0.699178745142492	5
chr21	13069017	13069179	163	5	23.23	0.153897635029752	0.153897635029752	0.239844899106089	0.239844899106089	hyper	case		0.224100216243498	0.78	0.78	2.8	0.699178745142492	5
chr20	24378776	24379863	1088	13	21.4384615384615	-0.232682862484578	0.232682862484578	-0.225736476227384	0.225736476227384	hypo	case		0.101828566998121	0.78	0.78	2.8	0.699178745142492	5
chr21	8867551	8868043	493	5	14.6	-0.186679627991548	0.186679627991548	-0.188280096136963	0.188280096136963	hypo	case		0.190245749398531	0.78	0.78	2.8	0.699178745142492	5
chr21	15297293	15297780	488	5	19.11	-0.234657317374524	0.234657317374524	-0.220121497443638	0.220121497443638	hypo	case		0.327670429388351	0.78	0.78	2.8	0.699178745142492	5
chr21	15121140	15121757	618	10	22.41	0.193147067281019	0.193147067281019	0.155001007365308	0.155001007365308	hyper	case		0.298976374181484	0.78	0.78	2.8	0.699178745142492	5
chr20	8282575	8282973	399	5	19.28	-0.156161156009453	0.156161156009453	-0.171106776219609	0.171106776219609	hypo	case		0.599313260699514	0.78	0.78	2.8	0.699178745142492	5
chr20	14046127	14046665	539	6	18.575	-0.237958432434374	0.237958432434374	-0.261380284620492	0.261380284620492	hypo	case		0.579998413150265	0.78	0.78	2.8	0.699178745142492	5
chr21	29314439	29314963	525	5	20.38	0.106133323158868	0.106133323158868	0.187799756452317	0.187799756452317	hyper	case		0.220479096153054	0.78	0.78	2.8	0.699178745142492	5
chr20	30188696	30188955	260	5	20.07	0.152312317045904	0.152312317045904	0.163299512728305	0.163299512728305	hyper	case		0.412987596501346	0.78	0.78	2.8	0.699178745142492	5
chr21	25294285	25294696	412	5	22.2	-0.135785781055366	0.135785781055366	-0.15786415097664	0.15786415097664	hypo	case		0.356907996454001	0.78	0.78	2.8	0.699178745142492	5
chr20	14235181	14236532	1352	17	21.4147058823529	-0.209057257485663	0.209057257485663	-0.202480425582075	0.202480425582075	hypo	case		0.510034545189022	0.78	0.78	2.8	0.699178745142492	5
chr21	7305386	7306200	815	8	49.43125	-0.168035946581256	0.168035946581256	-0.173615229969308	0.234749552696531	hypo	case		0.495114009836819	0.78	0.78	2.8	0.699178745142492	5
chr21	33157551	33158374	824	8	22.325	0.200072262854377	0.200072262854377	0.229089472802166	0.229089472802166	hyper	case		0.0992528477659004	0.78	0.78	2.8	0.699178745142492	5
chr20	21867927	21868239	313	5	23.71	0.154912866158538	0.154912866158538	0.183202636551414	0.183202636551414	hyper	case		0.364205840149073	0.78	0.78	2.8	0.699178745142492	5
chr20	1240123	1240917	795	11	22.7727272727273	0.170049099517265	0.170049099517265	0.248549219131944	0.248549219131944	hyper	case		0.143059421300299	0.78	0.78	2.8	0.699178745142492	5
chr21	15283550	15284299	750	11	22.1136363636364	-0.153899523286089	0.153899523286089	-0.178014555207193	0.178014555207193	hypo	case		0.543465739197586	0.78	0.78	2.8	0.699178745142492	5
chr20	5462784	5463771	988	17	22.7823529411765	0.209267027536933	0.209267027536933	0.209284405832869	0.209284405832869	hyper	case		0.31560719272472	0.78	0.78	2.8	0.699178745142492	5
chr21	27010776	27011742	967	9	21.1777777777778	0.132453358441291	0.132453358441291	0.160873987423293	0.160873987423293	hyper	case		0.38015262066041	0.78	0.78	2.8	0.699178745142492	5
chr21	26270313	26271323	1011	9	25.2388888888889	-0.186894332460393	0.186894332460393	-0.253505937168301	0.253505937168301	hypo	case		0.290502033602276	0.78	0.78	2.8	0.699178745142492	5
chr20	47691494	47692046	553	5	21.38	-0.0190128791487151	0.0190128791487151	-0.0415061302623608	0.0482159276128962	hypo	case		0.130010346975573	0.78	0.78	2.8	0.699178745142492	5
chr21	13660861	13661662	802	5	11.13	-0.0827878279808427	0.0827878279808427	-0.116075630015093	0.116075630015093	hypo	case		0.200496658711928	0.78	0.78	2.8	0.699178745142492	5
chr21	19645817	19647491	1675	17	22.1205882352941	-0.216074311204994	0.216074311204994	-0.217830653144435	0.217830653144435	hypo	case		0.169317955200371	0.78	0.78	2.8	0.699178745142492	5
chr20	12173329	12173963	635	5	21.84	-0.0807553464048029	0.0807553464048029	-0.152498419164182	0.152498419164182	hypo	case		0.401031487920737	0.78	0.78	2.8	0.699178745142492	5
chr20	60787464	60788987	1524	14	23.5107142857143	-0.218817529934872	0.218817529934872	-0.203629959260175	0.205270359953854	hypo	case		0.178739719353819	0.78	0.78	2.8	0.699178745142492	5
chr21	25096645	25097668	1024	32	21.5375	-0.321147599044404	0.321147599044404	-0.325957878820804	0.325957878820804	hypo	case		0.431168377671676	0.78	0.78	2.8	0.699178745142492	5
chr20	11398382	11399086	705	6	18.3333333333333	-0.300395954876507	0.300395954876507	-0.288428261820425	0.288428261820425	hypo	case		0.729158097496104	0.78	0.78	2.8	0.699178745142492	5
chr20	20060651	20060985	335	11	21.1227272727273	0.275881260110606	0.275881260110606	0.249431387260107	0.249431387260107	hyper	case		0.371489214975107	0.78	0.78	2.8	0.699178745142492	5
chr21	32778965	32780801	1837	55	17.18	-0.293997410291359	0.293997410291359	-0.277715220291839	0.277715220291839	hypo	case		0.391858660890498	0.78	0.78	2.8	0.699178745142492	5
chr21	8675294	8676543	1250	11	13.2727272727273	0.254087902837903	0.254087902837903	0.306023709296237	0.306023709296237	hyper	case		0.463228888945559	0.78	0.78	2.8	0.699178745142492	5
chr20	39295609	39296836	1228	14	18.4928571428571	-0.194425251608817	0.194425251608817	-0.223930825884132	0.223930825884132	hypo	case		0.426251005524909	0.78	0.78	2.8	0.699178745142492	5
chr20	31305625	31305956	332	5	22.28	0.192678612286095	0.192678612286095	0.210281920985465	0.210281920985465	hyper	case		0.923834870117547	0.78	0.923834870117547	2.8	0.699178745142492	5
chr20	39661289	39661696	408	5	20.49	0.204248641761463	0.204248641761463	0.167904825405775	0.167904825405775	hyper	case		0.0666812432001975	0.78	0.78	2.8	0.699178745142492	5
chr21	27620251	27620474	224	16	20.859375	-0.289798107777762	0.289798107777762	-0.259827326054318	0.259827326054318	hypo	case		0.139853736320969	0.78	0.78	2.8	0.699178745142492	5
chr21	19054133	19055061	929	13	21.2653846153846	-0.303357169796596	0.303357169796596	-0.317391014960593	0.317391014960593	hypo	case		0.309478120437999	0.78	0.78	2.8	0.699178745142492	5
chr21	10116452	10116963	512	5	48.81	0.203482663378489	0.203482663378489	0.212927023524035	0.212927023524035	hyper	case		0.080215090735385	0.78	0.78	2.8	0.699178745142492	5
chr21	29918316	29919826	1511	17	21.5735294117647	-0.266791298618947	0.266791298618947	-0.239675755503995	0.239675755503995	hypo	case		0.354292713826094	0.78	0.78	2.8	0.699178745142492	5
chr21	20413034	20413556	523	5	24.19	-0.0686462926268024	0.0686462926268024	-0.197102017297347	0.197102017297347	hypo	case		0.60944215206795	0.78	0.78	2.8	0.699178745142492	5
chr21	30954789	30954978	190	5	19.57	-0.0666287225491189	0.0666287225491189	0.0101710470115148	0.0149328705556153	hypo	case		0.154726992296176	0.78	0.78	2.8	0.699178745142492	5
chr20	18882132	18882741	610	6	23.9333333333333	-0.304451527126459	0.304451527126459	-0.276693193084429	0.276693193084429	hypo	case		0.245724620183751	0.78	0.78	2.8	0.699178745142492	5
chr20	39698648	39699354	707	8	19.925	-0.00351685707323243	0.00351685707323243	-0.0131334752406828	0.239247864240336	hypo	case		0.711813771620217	0.78	0.78	2.8	0.699178745142492	5
chr21	17149881	17150059	179	5	19.55	-0.178766546047119	0.178766546047119	-0.15303019788382	0.15303019788382	hypo	case		0.428750932474076	0.78	0.78	2.8	0.699178745142492	5
chr20	20032045	20032690	646	20	21.735	-0.257488752492817	0.257488752492817	-0.262670038190102	0.262670038190102	hypo	case		0.99	0.78	0.99	2.8	0.699178745142492	5
chr20	7846262	7846919	658	17	24.9264705882353	-0.297466843772156	0.297466843772156	-0.302406866689633	0.302406866689633	hypo	case		0.20131687724044	0.78	0.78	2.8	0.699178745142492	5
chr21	16678573	16679084	512	5	20.18	0.388552850347542	0.388552850347542	0.445728982066507	0.445728982066507	hyper	case		0.134261037449164	0.78	0.78	2.8	0.699178745142492	5
chr20	25949702	25950095	394	6	23.55	-0.220952228048344	0.220952228048344	-0.205467156508275	0.205467156508275	hypo	case		0.215173432479193	0.78	0.78	2.8	0.699178745142492	5
chr21	37605963	37607547	1585	48	22.7166666666667	-0.352331211822608	0.352331211822608	-0.380378466058751	0.380378466058751	hypo	case		0.183028613243364	0.78	0.78	2.8	0.699178745142492	5
chr20	2010520	2011030	511	12	20.6791666666667	0.222695870997307	0.222695870997307	0.218367403483522	0.218367403483522	hyper	case		0.414474791324963	0.78	0.78	2.8	0.699178745142492	5
chr21	19402186	19402281	96	5	20.68	-0.281614221020621	0.281614221020621	-0.161670309155591	0.161670309155591	hypo	case		0.125163439264831	0.78	0.78	2.8	0.699178745142492	5
chr21	13151902	13152736	835	10	22.825	0.287611360949237	0.287611360949237	0.287228401065565	0.287228401065565	hyper	case		0.37236773668581	0.78	0.78	2.8	0.699178745142492	5
chr21	24136799	24137541	743	7	19.6928571428571	0.204612110988676	0.204612110988676	0.202033487780494	0.202033487780494	hyper	case		0.102921367656663	0.78	0.78	2.8	0.699178745142492	5
chr20	8603268	8604073	806	13	21.1615384615385	0.214954510996815	0.214954510996815	0.225280671062788	0.225280671062788	hyper	case		0.322949264248255	0.78	0.78	2.8	0.699178745142492	5
chr20	41660697	41661574	878	15	21.5333333333333	-0.334985046222006	0.334985046222006	-0.352041756340652	0.352041756340652	hypo	case		0.394322922098708	0.78	0.78	2.8	0.699178745142492	5
chr20	34390035	34390909	875	23	25.445652173913	-0.269318319085821	0.269318319085821	-0.265675198540516	0.265675198540516	hypo	case		0.262680013017652	0.78	0.78	2.8	0.699178745142492	5
chr21	19301759	19302163	405	5	22.49	-0.225272749295646	0.225272749295646	-0.213106560033373	0.213106560033373	hypo	case		0.606406721766997	0.78	0.78	2.8	0.699178745142492	5
chr20	54910669	54910892	224	5	22.71	-0.283620445823461	0.283620445823461	-0.284587308377893	0.284587308377893	hypo	case		0.555981572184813	0.78	0.78	2.8	0.699178745142492	5
chr20	45711091	45711209	119	5	22.35	-0.0395904030180346	0.0395904030180346	-0.0243483348488963	0.07849766010892	hypo	case		0.321594340321881	0.78	0.78	2.8	0.699178745142492	5
chr21	28693323	28693602	280	6	21.4916666666667	-0.172358141195646	0.172358141195646	-0.218193268848305	0.218193268848305	hypo	case		0.328737017307791	0.78	0.78	2.8	0.699178745142492	5
chr20	7256509	7256645	137	5	24.09	-0.00919765110045412	0.00919765110045412	-0.065010735593543	0.0828046817747409	hypo	case		0.450286225126697	0.78	0.78	2.8	0.699178745142492	5
chr21	19757607	19758075	469	5	21.05	0.0523859673294837	0.0523859673294837	0.0441064550606694	0.0586778701590016	hyper	case		0.187063126667716	0.78	0.78	2.8	0.699178745142492	5
chr20	8862337	8862421	85	5	24.46	0.0801062802239925	0.0801062802239925	0.0842829884713904	0.0842829884713904	hyper	case		0.373449486014094	0.78	0.78	2.8	0.699178745142492	5
chr20	20532335	20533463	1129	10	21.845	-0.21107495945353	0.21107495945353	-0.206029110678066	0.206029110678066	hypo	case		0.410688239747562	0.78	0.78	2.8	0.699178745142492	5
chr21	22652897	22654383	1487	21	21.85	-0.207128801570488	0.207128801570488	-0.207454950355989	0.207454950355989	hypo	case		0.652299269225917	0.78	0.78	2.8	0.699178745142492	5
chr21	13466266	13466493	228	5	21.41	-0.0361972952864151	0.0361972952864151	-0.0945166871326002	0.0945166871326002	hypo	case		0.829415738878494	0.78	0.829415738878494	2.8	0.699178745142492	5
chr20	7852305	7853162	858	14	21.2535714285714	-0.25828955167212	0.25828955167212	-0.228489655648394	0.228489655648394	hypo	case		0.667185841767792	0.78	0.78	2.8	0.699178745142492	5
chr20	11294604	11296164	1561	18	20.8166666666667	-0.290920235434301	0.290920235434301	-0.310796535213201	0.310796535213201	hypo	case		0.342863799654444	0.78	0.78	2.8	0.699178745142492	5
chr21	9187842	9189076	1235	5	11.31	0.158781108597285	0.158781108597285	0.195319068043366	0.195319068043366	hyper	case		0.539800523260998	0.78	0.78	2.8	0.699178745142492	5
chr20	7001262	7002033	772	48	21.0989583333333	-0.301943015122671	0.301943015122671	-0.320272731339911	0.320272731339911	hypo	case		0.334268366807097	0.78	0.78	2.8	0.699178745142492	5
chr21	23972575	23973772	1198	26	21.6038461538462	-0.349508566222283	0.349508566222283	-0.29623348573722	0.29623348573722	hypo	case		0.385894549228519	0.78	0.78	2.8	0.699178745142492	5
chr20	23619825	23621721	1897	28	21.35	-0.209059639255862	0.209059639255862	-0.194081484711302	0.194081484711302	hypo	case		0.0944200345067792	0.78	0.78	2.8	0.699178745142492	5
chr21	15409685	15410019	335	5	23.13	-0.260978042577766	0.260978042577766	-0.23523284274598	0.23523284274598	hypo	case		0.368528517477449	0.78	0.78	2.8	0.699178745142492	5
chr20	55254638	55255987	1350	28	23.0767857142857	-0.270449188112384	0.270449188112384	-0.303617458536791	0.303617458536791	hypo	case		0.209364175773331	0.78	0.78	2.8	0.699178745142492	5
chr21	24985908	24986365	458	23	20.9782608695652	-0.3439676747594	0.3439676747594	-0.334045513749977	0.334045513749977	hypo	case		0.465874416323202	0.78	0.78	2.8	0.699178745142492	5
chr21	17920180	17920751	572	6	21.5416666666667	-0.289793437213368	0.289793437213368	-0.319005065290944	0.319005065290944	hypo	case		0.0849945776512744	0.78	0.78	2.8	0.699178745142492	5
chr21	19457008	19457381	374	5	22.3	-0.145333559185962	0.145333559185962	-0.103973024491866	0.103973024491866	hypo	case		0.183258950877513	0.78	0.78	2.8	0.699178745142492	5
chr20	41253765	41254266	502	10	23.775	-0.319298543513958	0.319298543513958	-0.327793504519536	0.327793504519536	hypo	case		0.430160087220224	0.78	0.78	2.8	0.699178745142492	5
chr21	14754779	14755087	309	5	24.04	-0.341303827695788	0.341303827695788	-0.377572885725513	0.377572885725513	hypo	case		0.321955472356172	0.78	0.78	2.8	0.699178745142492	5
chr20	11333014	11333267	254	5	21.35	-0.229921117237231	0.229921117237231	-0.307097598881331	0.307097598881331	hypo	case		0.79998574859647	0.78	0.79998574859647	2.8	0.699178745142492	5
chr20	37690064	37690751	688	12	24.0333333333333	0.218828872271022	0.218828872271022	0.254365914101624	0.254365914101624	hyper	case		0.200488669942026	0.78	0.78	2.8	0.699178745142492	5
chr21	9987909	9988794	886	6	49.8916666666667	0.15136843653011	0.15136843653011	0.166619620773061	0.166619620773061	hyper	case		0.86803768041277	0.78	0.86803768041277	2.8	0.699178745142492	5
chr20	33237786	33239129	1344	27	22.6944444444444	-0.279416181289787	0.279416181289787	-0.285410995815491	0.285410995815491	hypo	case		0.109871999990938	0.78	0.78	2.8	0.699178745142492	5
chr20	24439634	24440154	521	14	21.9785714285714	-0.229613744373507	0.229613744373507	-0.20276022961057	0.20276022961057	hypo	case		0.712937004060461	0.78	0.78	2.8	0.699178745142492	5
chr20	59348889	59349299	411	7	20.8428571428571	-0.217739803650929	0.217739803650929	-0.224219216294312	0.224219216294312	hypo	case		0.246596861135209	0.78	0.78	2.8	0.699178745142492	5
chr21	23350880	23352240	1361	16	23.6875	-0.220905089868878	0.220905089868878	-0.227644707796042	0.227644707796042	hypo	case		0.14222814479851	0.78	0.78	2.8	0.699178745142492	5
chr20	10426474	10427967	1494	17	22.5205882352941	-0.17867476366474	0.17867476366474	-0.180760776262616	0.180760776262616	hypo	case		0.162341043733954	0.78	0.78	2.8	0.699178745142492	5
chr20	13238737	13239230	494	6	21.575	0.143260846731868	0.143260846731868	0.164870882698985	0.164870882698985	hyper	case		0.413716796400544	0.78	0.78	2.8	0.699178745142492	5
chr20	14258635	14259132	498	5	19.97	0.167378527506405	0.167378527506405	0.155900935554645	0.155900935554645	hyper	case		0.0684419974661621	0.78	0.78	2.8	0.699178745142492	5
chr21	13249012	13249814	803	15	21.3933333333333	-0.234407752634696	0.234407752634696	-0.268472007457311	0.268472007457311	hypo	case		0.99	0.78	0.99	2.8	0.699178745142492	5
chr20	7821914	7822378	465	5	21.63	0.186088186778311	0.186088186778311	0.184358047159599	0.184358047159599	hyper	case		0.23484606736121	0.78	0.78	2.8	0.699178745142492	5
chr20	38519607	38520024	418	5	24.37	0.192325247012974	0.192325247012974	0.140283761703459	0.140283761703459	hyper	case		0.434906174994997	0.78	0.78	2.8	0.699178745142492	5
chr20	2568540	2569677	1138	12	21.325	-0.218728275533042	0.218728275533042	-0.229550555953874	0.229550555953874	hypo	case		0.204108628852481	0.78	0.78	2.8	0.699178745142492	5
chr20	31271309	31272368	1060	10	22.5	-0.214214025055248	0.214214025055248	-0.20465586237052	0.267066032324399	hypo	case		0.309457483659354	0.78	0.78	2.8	0.699178745142492	5
chr20	17322924	17323475	552	12	24.9833333333333	-0.192352963514971	0.192352963514971	-0.223725180040394	0.223725180040394	hypo	case		0.378978222216348	0.78	0.78	2.8	0.699178745142492	5
chr21	24412174	24412812	639	11	23	-0.306984583445901	0.306984583445901	-0.297119989869211	0.297119989869211	hypo	case		0.302745653791866	0.78	0.78	2.8	0.699178745142492	5
chr21	8763540	8765517	1978	31	61.0403225806452	0.20878050424657	0.20878050424657	0.231474150399687	0.231474150399687	hyper	case		0.390032282172019	0.78	0.78	2.8	0.699178745142492	5
chr21	27323503	27324132	630	12	22.7041666666667	-0.205133959742785	0.205133959742785	-0.213036912054177	0.213036912054177	hypo	case		0.196075184232712	0.78	0.78	2.8	0.699178745142492	5
chr20	16981893	16982217	325	5	20.87	0.0975849499426987	0.0975849499426987	0.125017961304347	0.125017961304347	hyper	case		0.16577903334063	0.78	0.78	2.8	0.699178745142492	5
chr21	34771646	34771903	258	5	23.82	0.153817001895566	0.153817001895566	0.186020496922596	0.186020496922596	hyper	case		0.104729069096562	0.78	0.78	2.8	0.699178745142492	5
chr20	49329598	49330647	1050	13	22.2346153846154	0.163515234786402	0.163515234786402	0.217017798987342	0.217017798987342	hyper	case		0.99	0.78	0.99	2.8	0.699178745142492	5
chr21	37433545	37434019	475	10	17.125	0.240166181132665	0.240166181132665	0.220990290721734	0.220990290721734	hyper	case		0.153243144769802	0.78	0.78	2.8	0.699178745142492	5
chr21	19933350	19933432	83	7	23.5214285714286	-0.394936322893055	0.394936322893055	-0.367237797418962	0.367237797418962	hypo	case		0.102771297734988	0.78	0.78	2.8	0.699178745142492	5
chr21	28989777	28990057	281	9	22.5888888888889	-0.211750522339905	0.211750522339905	-0.196431893194586	0.196431893194586	hypo	case		0.411297485986034	0.78	0.78	2.8	0.699178745142492	5
chr21	16910575	16911043	469	5	22.15	-0.20914328996258	0.20914328996258	-0.242509891596009	0.242509891596009	hypo	case		0.155222808586998	0.78	0.78	2.8	0.699178745142492	5
chr21	16074302	16074722	421	5	22.29	0.219087954954512	0.219087954954512	0.200121967847011	0.200121967847011	hyper	case		0.452203509691946	0.78	0.78	2.8	0.699178745142492	5
chr21	18346405	18347479	1075	21	22.6095238095238	-0.283461886130168	0.283461886130168	-0.275130169338794	0.275130169338794	hypo	case		0.51447192698938	0.78	0.78	2.8	0.699178745142492	5
chr21	26727747	26728571	825	27	20.1722222222222	-0.259798265618493	0.259798265618493	-0.273169865420621	0.273169865420621	hypo	case		0.308976724559837	0.78	0.78	2.8	0.699178745142492	5
chr21	22799927	22800774	848	12	22.6583333333333	-0.346318301465909	0.346318301465909	-0.326025367575115	0.326025367575115	hypo	case		0.99	0.78	0.99	2.8	0.699178745142492	5
chr21	29889339	29889966	628	6	23.5416666666667	-0.170701951711702	0.170701951711702	-0.222669969845957	0.222669969845957	hypo	case		0.285990045377348	0.78	0.78	2.8	0.699178745142492	5
chr20	45020439	45020958	520	5	20.96	-0.232210109557364	0.232210109557364	-0.175695451926329	0.175695451926329	hypo	case		0.381537779852881	0.78	0.78	2.8	0.699178745142492	5
chr21	13298794	13299719	926	9	21.7388888888889	-0.233992835231588	0.233992835231588	-0.268665350154673	0.268665350154673	hypo	case		0.0389651209286379	0.78	0.78	2.8	0.699178745142492	5
chr20	42506776	42508265	1490	20	20.0125	-0.262294004999029	0.262294004999029	-0.278520688129956	0.278520688129956	hypo	case		0.625241577821724	0.78	0.78	2.8	0.699178745142492	5
chr20	16078056	16078125	70	6	19.8416666666667	-0.228360195667741	0.228360195667741	-0.273936719101296	0.273936719101296	hypo	case		0.983640777144566	0.78	0.983640777144566	2.8	0.699178745142492	5
chr21	21376018	21376924	907	12	19.9291666666667	-0.275098272425117	0.275098272425117	-0.30980968962051	0.30980968962051	hypo	case		0.662774437795791	0.78	0.78	2.8	0.699178745142492	5
chr21	35140246	35141940	1695	53	22.1575471698113	-0.327375668757636	0.327375668757636	-0.332784686341062	0.332784686341062	hypo	case		0.274987288411489	0.78	0.78	2.8	0.699178745142492	5
chr20	46891362	46892246	885	9	21.2722222222222	0.127700948340614	0.127700948340614	0.146027689042303	0.188983396760738	hyper	case		0.208447405095877	0.78	0.78	2.8	0.699178745142492	5
chr21	29956020	29956483	464	6	23.225	-0.376407284699238	0.376407284699238	-0.35806275784169	0.35806275784169	hypo	case		0.302977080334387	0.78	0.78	2.8	0.699178745142492	5
chr20	9377168	9377637	470	5	20.54	0.155906678246075	0.155906678246075	0.166408225676614	0.166408225676614	hyper	case		0.315541285699517	0.78	0.78	2.8	0.699178745142492	5
chr21	15324780	15325058	279	5	18.51	0.209827768335895	0.209827768335895	0.200047749556401	0.200047749556401	hyper	case		0.47316158446906	0.78	0.78	2.8	0.699178745142492	5
chr21	16981035	16982190	1156	10	20.275	-0.244308987408185	0.244308987408185	-0.24855117349823	0.24855117349823	hypo	case		0.557787627704819	0.78	0.78	2.8	0.699178745142492	5
chr20	40568971	40570282	1312	36	22.6291666666667	-0.298484934638485	0.298484934638485	-0.298632571843723	0.298632571843723	hypo	case		0.51802019246644	0.78	0.78	2.8	0.699178745142492	5
chr20	10229271	10230582	1312	7	21.8785714285714	-0.173200248270526	0.173200248270526	-0.190161798191499	0.190161798191499	hypo	case		0.249237705028494	0.78	0.78	2.8	0.699178745142492	5
chr21	18349624	18350513	890	5	22.88	0.179768814968379	0.179768814968379	0.230877601025858	0.230877601025858	hyper	case		0.519411409204053	0.78	0.78	2.8	0.699178745142492	5
chr21	28822616	28823360	745	5	20	0.236655508114301	0.236655508114301	0.220041749185539	0.220041749185539	hyper	case		0.329181335151659	0.78	0.78	2.8	0.699178745142492	5
chr20	46025551	46025911	361	16	23.3875	-0.23781892760766	0.23781892760766	-0.232426000853524	0.232426000853524	hypo	case		0.221591004298358	0.78	0.78	2.8	0.699178745142492	5
chr21	38219239	38220892	1654	20	21.6075	0.194915589786454	0.194915589786454	0.20234196087986	0.20234196087986	hyper	case		0.220206134954618	0.78	0.78	2.8	0.699178745142492	5
chr20	1555731	1555768	38	6	21.5833333333333	-0.220104732319549	0.220104732319549	-0.222640098816439	0.222640098816439	hypo	case		0.201741192646533	0.78	0.78	2.8	0.699178745142492	5
chr20	55206310	55206406	97	5	22.64	-0.0626703825304661	0.0626703825304661	-0.0190601201855628	0.0411367188748821	hypo	case		0.681132900628626	0.78	0.78	2.8	0.699178745142492	5
chr20	47631744	47632971	1228	39	22.9935897435897	-0.351613469996535	0.351613469996535	-0.355546015256821	0.355546015256821	hypo	case		0.2030520710669	0.78	0.78	2.8	0.699178745142492	5
chr20	56236239	56236615	377	5	21.58	-0.111658156980934	0.111658156980934	-0.122708557631796	0.122708557631796	hypo	case		0.777756874838747	0.78	0.78	2.8	0.699178745142492	5
chr20	39482804	39483171	368	5	21.54	0.0950684737780413	0.0950684737780413	0.0995518358833372	0.0995518358833372	hyper	case		0.343280956228049	0.78	0.78	2.8	0.699178745142492	5
chr20	46443597	46443947	351	12	19.8375	-0.357771479650396	0.357771479650396	-0.332770133601992	0.332770133601992	hypo	case		0.42213736956414	0.78	0.78	2.8	0.699178745142492	5
chr20	6624286	6624410	125	5	22.74	0.155185728067486	0.155185728067486	0.168849224160667	0.168849224160667	hyper	case		0.301395270786428	0.78	0.78	2.8	0.699178745142492	5
chr20	15360725	15362513	1789	33	24.2484848484849	-0.328759754543465	0.328759754543465	-0.320076217683793	0.320076217683793	hypo	case		0.286255148618173	0.78	0.78	2.8	0.699178745142492	5
chr21	15675955	15677185	1231	9	20.4277777777778	-0.276232312333172	0.276232312333172	-0.305579886183843	0.305579886183843	hypo	case		0.211493543326623	0.78	0.78	2.8	0.699178745142492	5
chr20	11026963	11027495	533	5	21.69	-0.143772656928289	0.143772656928289	-0.167237125839743	0.167237125839743	hypo	case		0.36555102454934	0.78	0.78	2.8	0.699178745142492	5
chr20	5883048	5883573	526	12	23.4625	-0.250501369425244	0.250501369425244	-0.194853176150933	0.194853176150933	hypo	case		0.401166310451404	0.78	0.78	2.8	0.699178745142492	5
chr20	30214213	30214397	185	5	23.94	0.114523327328896	0.114523327328896	0.131275850125883	0.131275850125883	hyper	case		0.194910258296578	0.78	0.78	2.8	0.699178745142492	5
chr20	7819476	7819569	94	5	21.16	-0.244854865449831	0.244854865449831	-0.272869844713732	0.272869844713732	hypo	case		0.287453313822218	0.78	0.78	2.8	0.699178745142492	5
chr20	55628278	55628377	100	11	21.8454545454545	-0.253122049375919	0.253122049375919	-0.271628297775317	0.271628297775317	hypo	case		0.279496886727033	0.78	0.78	2.8	0.699178745142492	5
chr20	55956885	55957640	756	9	21.8944444444444	-0.227796296686642	0.227796296686642	-0.182495846429645	0.182495846429645	hypo	case		0.288768462925746	0.78	0.78	2.8	0.699178745142492	5
chr20	41845599	41846530	932	10	22.695	-0.291842869403846	0.291842869403846	-0.266578718305289	0.266578718305289	hypo	case		0.422871872097632	0.78	0.78	2.8	0.699178745142492	5
chr21	17288431	17288748	318	8	14.4875	-0.246420401950346	0.246420401950346	-0.289564764927546	0.289564764927546	hypo	case		0.238213116117864	0.78	0.78	2.8	0.699178745142492	5
chr20	58256350	58257158	809	11	19.1772727272727	-0.333541288086785	0.333541288086785	-0.364607837862568	0.364607837862568	hypo	case		0.708061049839109	0.78	0.78	2.8	0.699178745142492	5
chr20	2003563	2004051	489	6	21	0.207803736939693	0.207803736939693	0.192424918462356	0.192424918462356	hyper	case		0.109355980849358	0.78	0.78	2.8	0.699178745142492	5
chr20	6418057	6418592	536	15	22.58	-0.254489288287836	0.254489288287836	-0.23896119243478	0.23896119243478	hypo	case		0.207557867924082	0.78	0.78	2.8	0.699178745142492	5
chr20	51216616	51217390	775	16	21.41875	-0.266769487858027	0.266769487858027	-0.289248049677634	0.289248049677634	hypo	case		0.467164887404449	0.78	0.78	2.8	0.699178745142492	5
chr21	25241069	25241474	406	5	23.95	-0.133275534546524	0.133275534546524	-0.150165258247734	0.150165258247734	hypo	case		0.889506343109621	0.78	0.889506343109621	2.8	0.699178745142492	5
chr21	23027110	23028291	1182	20	18.8175	-0.287189099430342	0.287189099430342	-0.298155789551526	0.298155789551526	hypo	case		0.24698983467161	0.78	0.78	2.8	0.699178745142492	5
chr21	30795264	30796118	855	19	19.7105263157895	-0.312321794605001	0.312321794605001	-0.305758606341593	0.305758606341593	hypo	case		0.117578491137825	0.78	0.78	2.8	0.699178745142492	5
chr20	9996113	9996943	831	11	20.8409090909091	-0.319832159012971	0.319832159012971	-0.314568279836762	0.314568279836762	hypo	case		0.126303699081626	0.78	0.78	2.8	0.699178745142492	5
chr21	30429851	30430736	886	26	21.35	-0.278584675663884	0.278584675663884	-0.29748169252079	0.29748169252079	hypo	case		0.243072126220342	0.78	0.78	2.8	0.699178745142492	5
chr21	15457586	15459121	1536	12	22.6	-0.233336616571266	0.233336616571266	-0.240452872511735	0.240452872511735	hypo	case		0.545303012861144	0.78	0.78	2.8	0.699178745142492	5
chr21	30401131	30401851	721	6	24.4833333333333	-0.195218922903296	0.195218922903296	-0.226520015609316	0.226520015609316	hypo	case		0.303433195373877	0.78	0.78	2.8	0.699178745142492	5
chr20	22167775	22168641	867	5	25.63	-0.00195943108392271	0.00195943108392271	-0.0687929160837785	0.193719149737831	hypo	case		0.322821333542716	0.78	0.78	2.8	0.699178745142492	5
chr21	10533306	10533680	375	5	41.19	-0.134771482542121	0.134771482542121	-0.200581325509534	0.200581325509534	hypo	case		0.450646641473019	0.78	0.78	2.8	0.699178745142492	5
chr21	15475383	15476476	1094	12	19.3291666666667	-0.27809944763868	0.27809944763868	-0.301140468484718	0.301140468484718	hypo	case		0.152432414040309	0.78	0.78	2.8	0.699178745142492	5
chr21	45667979	45668397	419	5	20.44	-0.00377625026618833	0.00377625026618833	0.0660717167332443	0.102599136168951	hypo	case		0.208098766116835	0.78	0.78	2.8	0.699178745142492	5
chr20	2585447	2586713	1267	9	25.0055555555556	-0.179000381631398	0.179000381631398	-0.179046262902872	0.179046262902872	hypo	case		0.4155952130665	0.78	0.78	2.8	0.699178745142492	5
chr21	14592152	14592792	641	6	20.3333333333333	-0.29073024368139	0.29073024368139	-0.202931494725612	0.202931494725612	hypo	case		0.388799738547941	0.78	0.78	2.8	0.699178745142492	5
chr20	17064334	17064779	446	18	21.8055555555556	-0.317103762837796	0.317103762837796	-0.313035509709098	0.313035509709098	hypo	case		0.228633747658846	0.78	0.78	2.8	0.699178745142492	5
chr20	55595664	55596020	357	5	21.13	-0.139204083716097	0.139204083716097	-0.175141545848487	0.175141545848487	hypo	case		0.274693059136025	0.78	0.78	2.8	0.699178745142492	5
chr21	28382054	28382558	505	5	23.49	-0.223885598554106	0.223885598554106	-0.23899236647355	0.23899236647355	hypo	case		0.242856633768444	0.78	0.78	2.8	0.699178745142492	5
chr20	128153	128362	210	5	22.09	0.103151084467648	0.103151084467648	0.1057528291892	0.1057528291892	hyper	case		0.283532650852785	0.78	0.78	2.8	0.699178745142492	5
chr21	14641942	14642714	773	5	21.1	-0.157250455806417	0.157250455806417	-0.184107214878062	0.184107214878062	hypo	case		0.56556456577654	0.78	0.78	2.8	0.699178745142492	5
chr21	17929660	17929880	221	10	20.825	-0.183743954476472	0.183743954476472	-0.22386782474787	0.22386782474787	hypo	case		0.777067493997468	0.78	0.78	2.8	0.699178745142492	5
chr21	24794872	24796121	1250	5	19.74	-0.140597892421439	0.140597892421439	-0.131100630510127	0.147973833716462	hypo	case		0.550049895340164	0.78	0.78	2.8	0.699178745142492	5
chr21	13920518	13920751	234	5	18.76	-0.244639515820437	0.244639515820437	-0.229581930291262	0.229581930291262	hypo	case		0.178282338618725	0.78	0.78	2.8	0.699178745142492	5
chr20	41186029	41186974	946	17	20.4470588235294	-0.224786936701297	0.224786936701297	-0.221931078248282	0.221931078248282	hypo	case		0.421925682038741	0.78	0.78	2.8	0.699178745142492	5
chr20	54963231	54964717	1487	9	22.3222222222222	0.0334485739429204	0.0334485739429204	0.186426811781552	0.204877892078954	hyper	case		0.226348052372013	0.78	0.78	2.8	0.699178745142492	5
chr20	25728742	25729084	343	9	24.4277777777778	-0.247169577283741	0.247169577283741	-0.297080945743503	0.297080945743503	hypo	case		0.646011815658366	0.78	0.78	2.8	0.699178745142492	5
chr21	30646586	30647023	438	10	20.25	-0.183893753436949	0.183893753436949	-0.21862954350137	0.21862954350137	hypo	case		0.27433351113394	0.78	0.78	2.8	0.699178745142492	5
chr20	10948189	10949312	1124	30	22.3416666666667	-0.279657990970105	0.279657990970105	-0.290469419347339	0.290469419347339	hypo	case		0.0679901365950061	0.78	0.78	2.8	0.699178745142492	5
chr20	43308472	43309667	1196	21	24.7119047619048	-0.313034001881957	0.313034001881957	-0.378926724698168	0.378926724698168	hypo	case		0.22936441587598	0.78	0.78	2.8	0.699178745142492	5
chr21	12394637	12395488	852	6	10.175	-0.204881384954914	0.204881384954914	-0.248618210932315	0.248618210932315	hypo	case		0.99	0.78	0.99	2.8	0.699178745142492	5
chr20	40753089	40753974	886	19	22.5578947368421	-0.283798073625104	0.283798073625104	-0.286153464922359	0.286153464922359	hypo	case		0.0586729806154727	0.78	0.78	2.8	0.699178745142492	5
chr20	14727693	14728441	749	5	20.24	-0.240595068294877	0.240595068294877	-0.230280063927009	0.230280063927009	hypo	case		0.813374578753229	0.78	0.813374578753229	2.8	0.699178745142492	5
chr20	8014127	8015396	1270	12	24.6083333333333	0.202799218624565	0.202799218624565	0.218247663072528	0.218247663072528	hyper	case		0.479607720136951	0.78	0.78	2.8	0.699178745142492	5
chr20	49704447	49704899	453	37	24.022972972973	-0.268819171173866	0.268819171173866	-0.29451975034794	0.29451975034794	hypo	case		0.203808443816268	0.78	0.78	2.8	0.699178745142492	5
chr21	22694652	22695536	885	5	21.3	-0.148849247400869	0.148849247400869	-0.228036775466531	0.228036775466531	hypo	case		0.99	0.78	0.99	2.8	0.699178745142492	5
chr20	8222192	8222397	206	5	20.64	-0.163263321856723	0.163263321856723	-0.274613092556531	0.274613092556531	hypo	case		0.391737887781223	0.78	0.78	2.8	0.699178745142492	5
chr20	44994769	44995694	926	10	23.835	-0.220444456605752	0.220444456605752	-0.264209802470687	0.264209802470687	hypo	case		0.0221394691718022	0.78	0.78	2.8	0.699178745142492	5
chr20	60461721	60462216	496	5	24.08	0.0115528091979704	0.0115528091979704	-0.0175191883568444	0.10260639911247	hyper	case		0.115396169343305	0.78	0.78	2.8	0.699178745142492	5
chr21	22947126	22947489	364	5	24.69	-0.0812234627742514	0.0812234627742514	-0.111245639960968	0.111245639960968	hypo	case		0.600949308403322	0.78	0.78	2.8	0.699178745142492	5
chr21	5316161	5316842	682	7	31.4428571428571	-0.132451904791967	0.132451904791967	-0.194185171321697	0.194185171321697	hypo	case		0.358298736916849	0.78	0.78	2.8	0.699178745142492	5
chr20	45158318	45158501	184	5	23.06	-0.163401114146605	0.163401114146605	-0.168026089592198	0.168026089592198	hypo	case		0.229470751847093	0.78	0.78	2.8	0.699178745142492	5
chr20	15625204	15626046	843	14	21.0392857142857	-0.28798983979447	0.28798983979447	-0.289957902010113	0.289957902010113	hypo	case		0.369106181533202	0.78	0.78	2.8	0.699178745142492	5
chr20	39808922	39810448	1527	10	21.315	0.229309375421962	0.229309375421962	0.243900756385266	0.243900756385266	hyper	case		0.3979224841159	0.78	0.78	2.8	0.699178745142492	5
chr20	13411086	13412171	1086	10	23.45	-0.269811843686392	0.269811843686392	-0.225323260096798	0.225323260096798	hypo	case		0.0646168374773243	0.78	0.78	2.8	0.699178745142492	5
chr21	40097316	40098289	974	22	21.6318181818182	-0.269875013487982	0.269875013487982	-0.293371335145165	0.293371335145165	hypo	case		0.771119573069388	0.78	0.78	2.8	0.699178745142492	5
chr21	27212576	27213302	727	5	20.5	0.198615141039693	0.198615141039693	0.194506102785974	0.194506102785974	hyper	case		0.48053901083013	0.78	0.78	2.8	0.699178745142492	5
chr20	32412662	32414495	1834	39	22.3269230769231	-0.300670693129818	0.300670693129818	-0.308613737557549	0.308613737557549	hypo	case		0.429830754755386	0.78	0.78	2.8	0.699178745142492	5
chr20	34259341	34259699	359	8	21.58125	-0.25414027696665	0.25414027696665	-0.230440558389888	0.230440558389888	hypo	case		0.230359710383249	0.78	0.78	2.8	0.699178745142492	5
chr20	221873	222372	500	5	20.5	0.162019543657735	0.162019543657735	0.173525167214401	0.173525167214401	hyper	case		0.316092712557345	0.78	0.78	2.8	0.699178745142492	5
chr21	20943957	20944083	127	5	18.93	0.0677978271728272	0.0677978271728272	0.188613889270292	0.208489668310081	hyper	case		0.354551225866935	0.78	0.78	2.8	0.699178745142492	5
chr20	23380545	23381452	908	14	21.1678571428571	-0.262291264027433	0.262291264027433	-0.229038208322202	0.229038208322202	hypo	case		0.437795940895917	0.78	0.78	2.8	0.699178745142492	5
chr20	41662107	41662725	619	8	21.15625	-0.170311164137124	0.170311164137124	-0.18110310596607	0.18110310596607	hypo	case		0.131350863125435	0.78	0.78	2.8	0.699178745142492	5
chr20	42462380	42463213	834	10	20.055	-0.223441068163164	0.223441068163164	-0.241401802043391	0.241401802043391	hypo	case		0.0990350904356045	0.78	0.78	2.8	0.699178745142492	5
chr21	21126833	21127825	993	10	20.07	-0.232157442490778	0.232157442490778	-0.203112231644778	0.203112231644778	hypo	case		0.443819130815055	0.78	0.78	2.8	0.699178745142492	5
chr21	30575985	30577283	1299	15	19.9966666666667	-0.243482476645949	0.243482476645949	-0.193538804946014	0.193538804946014	hypo	case		0.326840301827111	0.78	0.78	2.8	0.699178745142492	5
chr20	30682261	30684007	1747	15	21.7866666666667	-0.192743877645151	0.192743877645151	-0.178145384853806	0.178145384853806	hypo	case		0.560417887850273	0.78	0.78	2.8	0.699178745142492	5
chr21	26339360	26339926	567	10	22.545	-0.235090459466755	0.235090459466755	-0.24940276842026	0.24940276842026	hypo	case		0.147254565250324	0.78	0.78	2.8	0.699178745142492	5
chr20	40173980	40175084	1105	18	20.425	0.208579028869645	0.208579028869645	0.211036053263419	0.211036053263419	hyper	case		0.99	0.78	0.99	2.8	0.699178745142492	5
chr21	30397831	30398372	542	23	24.4413043478261	-0.242418321539377	0.242418321539377	-0.235893926991423	0.235893926991423	hypo	case		0.99	0.78	0.99	2.8	0.699178745142492	5
chr20	52377030	52377229	200	5	22.72	-0.00822274498186648	0.00822274498186648	-0.0479459031796554	0.128657497098393	hypo	case		0.302894745564485	0.78	0.78	2.8	0.699178745142492	5
chr20	7197120	7197486	367	5	20.68	0.0585275236067088	0.0585275236067088	0.0960825126226446	0.0960825126226446	hyper	case		0.543234042251955	0.78	0.78	2.8	0.699178745142492	5
chr21	26986504	26986748	245	6	19.8083333333333	0.151315653277134	0.151315653277134	0.254663662494694	0.254663662494694	hyper	case		0.99	0.78	0.99	2.8	0.699178745142492	5
chr21	25267026	25267123	98	5	19.73	-0.214211575253554	0.214211575253554	-0.256178523347292	0.256178523347292	hypo	case		0.14603401900189	0.78	0.78	2.8	0.699178745142492	5
chr20	9155613	9157050	1438	11	23.3818181818182	0.236267870435412	0.236267870435412	0.232312935285897	0.232312935285897	hyper	case		0.0469301011776744	0.78	0.78	2.8	0.699178745142492	5
chr20	38680237	38681148	912	8	21.46875	-0.17311435990407	0.17311435990407	-0.167639077246366	0.167639077246366	hypo	case		0.065547326677701	0.78	0.78	2.8	0.699178745142492	5
chr20	13971724	13972114	391	9	21.6722222222222	-0.253182798759409	0.253182798759409	-0.223673158260728	0.223673158260728	hypo	case		0.0816641851554551	0.78	0.78	2.8	0.699178745142492	5
chr20	55460909	55462380	1472	28	24.5107142857143	-0.2144436454494	0.2144436454494	-0.248749391171455	0.248749391171455	hypo	case		0.495075481361005	0.78	0.78	2.8	0.699178745142492	5
chr21	26920566	26920678	113	7	22.4357142857143	-0.318067335351442	0.318067335351442	-0.269341357577963	0.269341357577963	hypo	case		0.20178458059543	0.78	0.78	2.8	0.699178745142492	5
chr20	46656863	46658733	1871	37	21.5486486486487	-0.278602671823647	0.278602671823647	-0.288119459620438	0.288119459620438	hypo	case		0.192123670070573	0.78	0.78	2.8	0.699178745142492	5
chr20	40125577	40126646	1070	28	21.6410714285714	-0.30193937850691	0.30193937850691	-0.316781922741877	0.316781922741877	hypo	case		0.248536622241696	0.78	0.78	2.8	0.699178745142492	5
chr21	10000643	10001446	804	10	56.355	0.266067275648248	0.266067275648248	0.263785479355076	0.263785479355076	hyper	case		0.99	0.78	0.99	2.8	0.699178745142492	5
chr21	31718029	31719796	1768	40	21.00625	-0.232843008580831	0.232843008580831	-0.250110406966772	0.250110406966772	hypo	case		0.428281526921604	0.78	0.78	2.8	0.699178745142492	5
chr20	30246077	30246812	736	14	20.35	0.200202888063376	0.200202888063376	0.191296491298399	0.191296491298399	hyper	case		0.280621257373432	0.78	0.78	2.8	0.699178745142492	5
chr20	7004841	7005472	632	12	22.2583333333333	-0.269993533404537	0.269993533404537	-0.229383980837704	0.229383980837704	hypo	case		0.395311652920798	0.78	0.78	2.8	0.699178745142492	5
chr21	40085970	40086303	334	6	22.225	0.324063693630106	0.324063693630106	0.31641918161413	0.31641918161413	hyper	case		0.100271575428732	0.78	0.78	2.8	0.699178745142492	5
chr20	28782159	28782604	446	5	41.45	-0.0819769128584582	0.0819769128584582	0.114787684051249	0.221282262389611	hypo	case		0.829144453777339	0.78	0.829144453777339	2.8	0.699178745142492	5
chr21	28981511	28982587	1077	19	21.6184210526316	-0.306949000260482	0.306949000260482	-0.310995170962855	0.310995170962855	hypo	case		0.296253536594307	0.78	0.78	2.8	0.699178745142492	5
chr20	55116672	55118338	1667	31	19.7048387096774	-0.303709350898475	0.303709350898475	-0.30310785984747	0.30310785984747	hypo	case		0.626907774686903	0.78	0.78	2.8	0.699178745142492	5
chr21	29916582	29917227	646	11	22.1454545454545	-0.254890875460348	0.254890875460348	-0.256945287225756	0.256945287225756	hypo	case		0.44926428233856	0.78	0.78	2.8	0.699178745142492	5
chr21	21504211	21505121	911	9	21.1833333333333	-0.240369197767418	0.240369197767418	-0.287173888946002	0.287173888946002	hypo	case		0.155000389312283	0.78	0.78	2.8	0.699178745142492	5
chr20	8244135	8244683	549	5	22.6	-0.109278225016783	0.109278225016783	-0.145117678808753	0.145117678808753	hypo	case		0.169746615184323	0.78	0.78	2.8	0.699178745142492	5
chr20	8441107	8442308	1202	14	22.8	0.228084343704533	0.228084343704533	0.227435963854305	0.227435963854305	hyper	case		0.295619221964564	0.78	0.78	2.8	0.699178745142492	5
chr21	19786104	19786800	697	8	21.1625	0.196152249306339	0.196152249306339	0.183404716768832	0.183404716768832	hyper	case		0.162772447932283	0.78	0.78	2.8	0.699178745142492	5
chr21	5855909	5856465	557	11	11.1909090909091	-0.210589435504296	0.210589435504296	-0.22999176031255	0.22999176031255	hypo	case		0.236332404531132	0.78	0.78	2.8	0.699178745142492	5
chr20	23016552	23018159	1608	19	18.7605263157895	-0.26064177652413	0.26064177652413	-0.294427207745743	0.294427207745743	hypo	case		0.14531184980836	0.78	0.78	2.8	0.699178745142492	5
chr20	7351881	7352987	1107	20	20.265	-0.183490961575013	0.183490961575013	-0.184843308167244	0.184843308167244	hypo	case		0.217822271930011	0.78	0.78	2.8	0.699178745142492	5
chr21	15568072	15568311	240	5	19.39	-0.260023301861537	0.260023301861537	-0.187378045631986	0.187378045631986	hypo	case		0.291166652158778	0.78	0.78	2.8	0.699178745142492	5
chr21	16946723	16946998	276	5	20.58	-0.123388117317154	0.123388117317154	-0.163442026730368	0.163442026730368	hypo	case		0.99	0.78	0.99	2.8	0.699178745142492	5
chr20	9683997	9684587	591	5	19.98	-0.0546177561314861	0.0546177561314861	-0.0988356697429892	0.0988356697429892	hypo	case		0.186859478148088	0.78	0.78	2.8	0.699178745142492	5
chr21	10045294	10045491	198	5	29.03	-0.0829156900520001	0.0829156900520001	-0.153429335920435	0.174720729245199	hypo	case		0.471817823528907	0.78	0.78	2.8	0.699178745142492	5
chr20	59844316	59844599	284	6	22.1916666666667	-0.246113345853082	0.246113345853082	-0.271605879529794	0.271605879529794	hypo	case		0.47693792628027	0.78	0.78	2.8	0.699178745142492	5
chr20	8858537	8859507	971	6	21.675	0.248857381189315	0.248857381189315	0.236072436772863	0.236072436772863	hyper	case		0.349077959821254	0.78	0.78	2.8	0.699178745142492	5
chr21	17986272	17986793	522	12	20.2791666666667	-0.309367026351297	0.309367026351297	-0.309149543934873	0.309149543934873	hypo	case		0.306024073472048	0.78	0.78	2.8	0.699178745142492	5
chr21	44742066	44742265	200	5	20.76	-0.197183316758131	0.197183316758131	-0.150484916334584	0.150484916334584	hypo	case		0.265679930287158	0.78	0.78	2.8	0.699178745142492	5
chr20	9354562	9356218	1657	14	23.4928571428571	0.166832759996463	0.166832759996463	0.187801275615157	0.187801275615157	hyper	case		0.0817245502641657	0.78	0.78	2.8	0.699178745142492	5
chr21	23477269	23478218	950	6	22.2083333333333	-0.18482880412952	0.18482880412952	-0.187911792111392	0.187911792111392	hypo	case		0.0702711410781517	0.78	0.78	2.8	0.699178745142492	5
chr21	17599282	17599732	451	13	21.7653846153846	-0.338490085223317	0.338490085223317	-0.327057529316394	0.327057529316394	hypo	case		0.745941938334197	0.78	0.78	2.8	0.699178745142492	5
chr20	23532076	23532223	148	5	18.71	-0.123313766222478	0.123313766222478	-0.119747692752652	0.119747692752652	hypo	case		0.0826445817803874	0.78	0.78	2.8	0.699178745142492	5
chr20	39971979	39972692	714	5	18.28	-0.00268542345167733	0.00268542345167733	0.0752979839697459	0.112622443411321	hypo	case		0.536097623497828	0.78	0.78	2.8	0.699178745142492	5
chr20	29685646	29685780	135	5	18.25	-0.113917583719491	0.113917583719491	-0.0545216512242977	0.0778446059337535	hypo	case		0.495923696707876	0.78	0.78	2.8	0.699178745142492	5
chr20	52297631	52297971	341	24	22.13125	-0.280132408027111	0.280132408027111	-0.316239990421304	0.316239990421304	hypo	case		0.442153603236338	0.78	0.78	2.8	0.699178745142492	5
chr21	18607128	18608327	1200	5	24.39	0.14860072987599	0.14860072987599	0.174094464972386	0.174094464972386	hyper	case		0.263563561103963	0.78	0.78	2.8	0.699178745142492	5
chr20	18319066	18320892	1827	24	24.125	-0.291778604897837	0.291778604897837	-0.267543149582539	0.267543149582539	hypo	case		0.902899518393422	0.78	0.902899518393422	2.8	0.699178745142492	5
chr20	25165771	25165961	191	9	21.1277777777778	-0.232725538704046	0.232725538704046	-0.25570959791991	0.25570959791991	hypo	case		0.432232272905241	0.78	0.78	2.8	0.699178745142492	5
chr21	9649254	9649923	670	8	59.6875	-0.196294104674838	0.196294104674838	-0.181171183454045	0.181171183454045	hypo	case		0.0623516697930949	0.78	0.78	2.8	0.699178745142492	5
chr21	8651800	8653110	1311	17	9.78823529411765	0.181584040959041	0.181584040959041	0.199270441184897	0.199270441184897	hyper	case		0.0908845761044388	0.78	0.78	2.8	0.699178745142492	5
chr21	34287572	34287973	402	5	23.13	0.211524409017855	0.211524409017855	0.240615195123907	0.240615195123907	hyper	case		0.203129840064004	0.78	0.78	2.8	0.699178745142492	5
chr21	25090562	25091570	1009	8	22.94375	0.223573127837469	0.223573127837469	0.202528130259934	0.202786530883674	hyper	case		0.579970816058466	0.78	0.78	2.8	0.699178745142492	5
chr20	10469042	10469202	161	5	20.59	-0.132729015665722	0.132729015665722	-0.0797195443029213	0.0982065833753224	hypo	case		0.249245817636925	0.78	0.78	2.8	0.699178745142492	5
chr21	19490178	19490683	506	5	21.39	0.123822049831755	0.123822049831755	0.126245455810319	0.126245455810319	hyper	case		0.353158165301177	0.78	0.78	2.8	0.699178745142492	5
chr20	45603067	45603756	690	9	21.0055555555556	-0.362959809910374	0.362959809910374	-0.357523737195827	0.357523737195827	hypo	case		0.0745826040424254	0.78	0.78	2.8	0.699178745142492	5
chr20	39857112	39857419	308	5	19.48	0.179044328309846	0.179044328309846	0.170124688718041	0.170124688718041	hyper	case		0.556905352195535	0.78	0.78	2.8	0.699178745142492	5
chr20	55454030	55454358	329	14	21.4428571428571	-0.30655894316727	0.30655894316727	-0.290896530520883	0.290896530520883	hypo	case		0.189872349085288	0.78	0.78	2.8	0.699178745142492	5
chr20	14492907	14493106	200	6	20.8666666666667	-0.341139349413991	0.341139349413991	-0.284465048728873	0.284465048728873	hypo	case		0.344277350624949	0.78	0.78	2.8	0.699178745142492	5
chr21	22476234	22477234	1001	8	23.2	0.238380080562044	0.238380080562044	0.262815782905154	0.262815782905154	hyper	case		0.21779607548213	0.78	0.78	2.8	0.699178745142492	5
chr20	55126904	55128625	1722	10	21.085	0.19462019417438	0.19462019417438	0.224974195016141	0.224974195016141	hyper	case		0.242381384568523	0.78	0.78	2.8	0.699178745142492	5
chr20	6465991	6467799	1809	15	23.02	0.194891237188537	0.194891237188537	0.207070864022921	0.207070864022921	hyper	case		0.437172771710773	0.78	0.78	2.8	0.699178745142492	5
chr21	23479728	23480259	532	6	20.85	0.213230200355054	0.213230200355054	0.202704158944781	0.202704158944781	hyper	case		0.184511852632729	0.78	0.78	2.8	0.699178745142492	5
chr20	10728617	10729756	1140	29	21.6189655172414	-0.28360911874661	0.28360911874661	-0.297401561840278	0.297401561840278	hypo	case		0.528677887136981	0.78	0.78	2.8	0.699178745142492	5
chr21	44672308	44673041	734	25	22.172	-0.324610162762909	0.324610162762909	-0.327460052829796	0.327460052829796	hypo	case		0.168820420005373	0.78	0.78	2.8	0.699178745142492	5
chr20	34816336	34817259	924	14	22.0785714285714	-0.243868406117101	0.243868406117101	-0.230770060887142	0.230770060887142	hypo	case		0.545980842179926	0.78	0.78	2.8	0.699178745142492	5
chr20	44103425	44104233	809	9	20.8555555555556	-0.143768546511034	0.143768546511034	-0.224550682339685	0.257778438697017	hypo	case		0.429800669221512	0.78	0.78	2.8	0.699178745142492	5
chr21	14683539	14684991	1453	35	21.0485714285714	-0.289287392505849	0.289287392505849	-0.311646539237042	0.311646539237042	hypo	case		0.410735379173433	0.78	0.78	2.8	0.699178745142492	5
chr20	7405905	7406853	949	13	20.55	-0.301713376261196	0.301713376261196	-0.291538937799098	0.291538937799098	hypo	case		0.562297321356301	0.78	0.78	2.8	0.699178745142492	5
chr21	41018581	41019740	1160	8	23.45625	-0.218705360722458	0.218705360722458	-0.217578664258851	0.217578664258851	hypo	case		0.20652116231202	0.78	0.78	2.8	0.699178745142492	5
chr20	55659131	55659571	441	8	19.55	-0.268780493034224	0.268780493034224	-0.339025034028795	0.339025034028795	hypo	case		0.516120549639319	0.78	0.78	2.8	0.699178745142492	5
chr21	22747545	22748081	537	5	20.18	-0.214262970777845	0.214262970777845	-0.213092452025363	0.213092452025363	hypo	case		0.367409016971265	0.78	0.78	2.8	0.699178745142492	5
chr21	16493512	16494708	1197	25	22.794	-0.308997655071906	0.308997655071906	-0.353041157782427	0.353041157782427	hypo	case		0.421435650823245	0.78	0.78	2.8	0.699178745142492	5
chr21	20470155	20471746	1592	13	19.7192307692308	-0.220220452792821	0.220220452792821	-0.27864770461287	0.27864770461287	hypo	case		0.184188544725536	0.78	0.78	2.8	0.699178745142492	5
chr20	1147962	1148108	147	5	17.34	0.130774434434171	0.130774434434171	0.07354924844028	0.07354924844028	hyper	case		0.152410115298718	0.78	0.78	2.8	0.699178745142492	5
chr20	6233183	6233605	423	10	23.715	-0.439363378455608	0.439363378455608	-0.469736870184519	0.469736870184519	hypo	case		0.130403094794847	0.78	0.78	2.8	0.699178745142492	5
chr21	25693296	25693935	640	23	24.9282608695652	-0.209518791046682	0.209518791046682	-0.215994505976373	0.215994505976373	hypo	case		0.286525985342187	0.78	0.78	2.8	0.699178745142492	5
chr21	17741075	17742170	1096	16	17.2125	-0.27751537473964	0.27751537473964	-0.282784457996357	0.282784457996357	hypo	case		0.172792988761698	0.78	0.78	2.8	0.699178745142492	5
chr20	55560117	55561859	1743	26	22.1615384615385	-0.276476202030658	0.276476202030658	-0.261833993401813	0.261833993401813	hypo	case		0.70579954965955	0.78	0.78	2.8	0.699178745142492	5
chr20	1791794	1792006	213	5	25.2	0.186616645024656	0.186616645024656	0.24320466083381	0.24320466083381	hyper	case		0.503343051545221	0.78	0.78	2.8	0.699178745142492	5
chr21	18147330	18147995	666	5	21.34	0.162285426356297	0.162285426356297	0.200972899239302	0.200972899239302	hyper	case		0.245735414728357	0.78	0.78	2.8	0.699178745142492	5
chr21	10987399	10987832	434	6	15.375	-0.195500064668821	0.195500064668821	-0.221444998062884	0.221444998062884	hypo	case		0.339188024443434	0.78	0.78	2.8	0.699178745142492	5
chr20	23525554	23526697	1144	25	20.626	-0.264201844960477	0.264201844960477	-0.251953611673765	0.251953611673765	hypo	case		0.285550291699779	0.78	0.78	2.8	0.699178745142492	5
chr21	18064751	18065662	912	12	21.3416666666667	-0.198035124079305	0.198035124079305	-0.21492947525774	0.21492947525774	hypo	case		0.38506638479449	0.78	0.78	2.8	0.699178745142492	5
chr20	11728305	11729498	1194	18	21.6861111111111	-0.289552967455361	0.289552967455361	-0.265600614833136	0.265600614833136	hypo	case		0.84675838153934	0.78	0.84675838153934	2.8	0.699178745142492	5
chr21	38223847	38224477	631	14	21.8142857142857	-0.335275835702257	0.335275835702257	-0.303626200936886	0.303626200936886	hypo	case		0.234432619167092	0.78	0.78	2.8	0.699178745142492	5
chr21	9980944	9981760	817	11	51.8636363636364	-0.290643290994883	0.290643290994883	-0.235975519020266	0.235975519020266	hypo	case		0.430337998192842	0.78	0.78	2.8	0.699178745142492	5
chr21	9982705	9982796	92	5	60.11	0.239929185547113	0.239929185547113	0.27153066874601	0.27153066874601	hyper	case		0.0369081360610582	0.78	0.78	2.8	0.699178745142492	5
chr20	41474374	41475014	641	5	20.51	-0.195233023004426	0.195233023004426	-0.159576251203505	0.159576251203505	hypo	case		0.601393395835133	0.78	0.78	2.8	0.699178745142492	5
chr20	40252847	40253058	212	5	22.11	-0.20713942745439	0.20713942745439	-0.204796314094317	0.204796314094317	hypo	case		0.443733408156009	0.78	0.78	2.8	0.699178745142492	5
chr21	14762565	14763173	609	8	22.23125	0.345148850954698	0.345148850954698	0.331455541960444	0.331455541960444	hyper	case		0.370966249006326	0.78	0.78	2.8	0.699178745142492	5
chr21	22802707	22803162	456	6	22.5666666666667	0.275436039838353	0.275436039838353	0.264524700144992	0.264524700144992	hyper	case		0.972782140335819	0.78	0.972782140335819	2.8	0.699178745142492	5
chr21	21686134	21687099	966	12	22.7791666666667	-0.293976175292654	0.293976175292654	-0.272437040911046	0.272437040911046	hypo	case		0.302711012530371	0.78	0.78	2.8	0.699178745142492	5
chr20	57761403	57761815	413	6	27.2916666666667	-0.238855075899575	0.238855075899575	-0.247265392273231	0.247265392273231	hypo	case		0.369092221710591	0.78	0.78	2.8	0.699178745142492	5
chr20	14611475	14611598	124	5	20.27	-0.205642946023381	0.205642946023381	-0.222294638356938	0.222294638356938	hypo	case		0.0991116852349384	0.78	0.78	2.8	0.699178745142492	5
chr20	34232350	34233443	1094	21	25.2380952380952	-0.327939960235561	0.327939960235561	-0.342592818228461	0.342592818228461	hypo	case		0.431648402961193	0.78	0.78	2.8	0.699178745142492	5
chr20	55481506	55483061	1556	43	22.9313953488372	-0.297038013748339	0.297038013748339	-0.303059731044662	0.303059731044662	hypo	case		0.424114947647719	0.78	0.78	2.8	0.699178745142492	5
chr20	45012844	45013522	679	7	19.4214285714286	-0.26274492563655	0.26274492563655	-0.262707763900866	0.262707763900866	hypo	case		0.218606320382208	0.78	0.78	2.8	0.699178745142492	5
chr21	33572581	33573122	542	11	20.9454545454545	0.257701344113786	0.257701344113786	0.212499358101471	0.212499358101471	hyper	case		0.515466968460105	0.78	0.78	2.8	0.699178745142492	5
chr20	12323051	12324214	1164	26	19.4442307692308	-0.295407751350181	0.295407751350181	-0.293210067740343	0.293210067740343	hypo	case		0.105394466762452	0.78	0.78	2.8	0.699178745142492	5
chr21	13780321	13781724	1404	8	16.625	-0.258803916152333	0.258803916152333	-0.274674507158948	0.274674507158948	hypo	case		0.471246423456107	0.78	0.78	2.8	0.699178745142492	5
chr21	28439178	28440566	1389	18	20.8583333333333	-0.222214285117561	0.222214285117561	-0.205103948802639	0.205103948802639	hypo	case		0.889481789991933	0.78	0.889481789991933	2.8	0.699178745142492	5
chr21	21380814	21381750	937	13	20.9	-0.189409559858618	0.189409559858618	-0.2201105076856	0.2201105076856	hypo	case		0.224075662748295	0.78	0.78	2.8	0.699178745142492	5
chr20	39210133	39211532	1400	30	25.1233333333333	-0.242806130829306	0.242806130829306	-0.223919977185354	0.223919977185354	hypo	case		0.447674859091669	0.78	0.78	2.8	0.699178745142492	5
chr20	212966	213984	1019	37	21.1675675675676	-0.303511767515251	0.303511767515251	-0.290784585993183	0.290784585993183	hypo	case		0.166220432514325	0.78	0.78	2.8	0.699178745142492	5
chr20	55450752	55452497	1746	12	19.925	-0.156472378646933	0.156472378646933	-0.183406419967529	0.183406419967529	hypo	case		0.128689425497181	0.78	0.78	2.8	0.699178745142492	5
chr20	55579931	55580508	578	6	22.7333333333333	-0.176035071208429	0.176035071208429	-0.192017424714465	0.192017424714465	hypo	case		0.521921699330966	0.78	0.78	2.8	0.699178745142492	5
chr20	30757035	30757283	249	16	17.70625	-0.238254207308	0.238254207308	-0.257965940608427	0.257965940608427	hypo	case		0.838726189402278	0.78	0.838726189402278	2.8	0.699178745142492	5
chr21	21033013	21034452	1440	24	22.3520833333333	-0.31905617702613	0.31905617702613	-0.299119654233594	0.299119654233594	hypo	case		0.16181196241083	0.78	0.78	2.8	0.699178745142492	5
chr21	16084565	16086217	1653	22	20.9068181818182	0.186429535491932	0.186429535491932	0.196275983198413	0.196275983198413	hyper	case		0.726956890192773	0.78	0.78	2.8	0.699178745142492	5
chr21	19285804	19286298	495	5	22.85	-0.278848193356963	0.278848193356963	-0.286719485066631	0.286719485066631	hypo	case		0.128835473252657	0.78	0.78	2.8	0.699178745142492	5
chr21	7019618	7020276	659	5	12.77	-0.214990189903873	0.214990189903873	-0.244173887152669	0.244173887152669	hypo	case		0.542200664413832	0.78	0.78	2.8	0.699178745142492	5
chr21	34284666	34285874	1209	14	24.0357142857143	-0.246685049387267	0.246685049387267	-0.256657928949209	0.256657928949209	hypo	case		0.257912552632947	0.78	0.78	2.8	0.699178745142492	5
chr20	8908967	8909440	474	7	16.7928571428571	0.231144584766652	0.231144584766652	0.244964091836553	0.244964091836553	hyper	case		0.393157869128626	0.78	0.78	2.8	0.699178745142492	5
chr20	52404815	52405643	829	10	22.42	-0.26454629282828	0.26454629282828	-0.236775412341181	0.236775412341181	hypo	case		0.428255281186503	0.78	0.78	2.8	0.699178745142492	5
chr20	55839024	55840283	1260	26	20.2961538461538	-0.240775617745499	0.240775617745499	-0.260948316261181	0.260948316261181	hypo	case		0.299080349910797	0.78	0.78	2.8	0.699178745142492	5
chr21	27658783	27659098	316	6	20.4583333333333	-0.227123811260124	0.227123811260124	-0.240944594965758	0.240944594965758	hypo	case		0.437789462336817	0.78	0.78	2.8	0.699178745142492	5
chr20	40299923	40300256	334	5	19.12	-0.190451239691727	0.190451239691727	-0.169531852653882	0.169531852653882	hypo	case		0.195518531679832	0.78	0.78	2.8	0.699178745142492	5
chr20	11575157	11575282	126	7	20.0642857142857	-0.309141562703012	0.309141562703012	-0.315948397594299	0.315948397594299	hypo	case		0.403035036741829	0.78	0.78	2.8	0.699178745142492	5
chr20	42939111	42939349	239	5	21.26	0.164014699386553	0.164014699386553	0.186598591204071	0.186598591204071	hyper	case		0.900921579481416	0.78	0.900921579481416	2.8	0.699178745142492	5
chr21	23187685	23188228	544	5	22.8	0.194471397636508	0.194471397636508	0.155771648870878	0.155771648870878	hyper	case		0.172167501929317	0.78	0.78	2.8	0.699178745142492	5
chr20	2889996	2891414	1419	7	24.9857142857143	-0.169862304141102	0.169862304141102	-0.226130855376667	0.226130855376667	hypo	case		0.395431252825152	0.78	0.78	2.8	0.699178745142492	5
chr21	15263649	15265440	1792	19	23.4894736842105	-0.275987530364884	0.275987530364884	-0.286377165051213	0.286377165051213	hypo	case		0.093521749643783	0.78	0.78	2.8	0.699178745142492	5
chr21	18736397	18738255	1859	21	21.9285714285714	-0.205229413824949	0.205229413824949	-0.236248339106154	0.236248339106154	hypo	case		0.31571823244613	0.78	0.78	2.8	0.699178745142492	5
chr20	55748560	55750097	1538	35	19.7628571428571	-0.244475912698251	0.244475912698251	-0.251973086730184	0.251973086730184	hypo	case		0.0898096506857771	0.78	0.78	2.8	0.699178745142492	5
chr20	41682376	41682620	245	5	22.01	-0.212021068634879	0.212021068634879	-0.205177525873584	0.205177525873584	hypo	case		0.495450194864786	0.78	0.78	2.8	0.699178745142492	5
chr20	8351636	8352786	1151	7	21.1142857142857	-0.198975700720486	0.198975700720486	-0.212469223772786	0.212469223772786	hypo	case		0.548022735225565	0.78	0.78	2.8	0.699178745142492	5
chr20	8347896	8347959	64	5	21.9	-0.215056837798217	0.215056837798217	-0.141997773648149	0.141997773648149	hypo	case		0.0989175054792462	0.78	0.78	2.8	0.699178745142492	5
chr20	23193713	23194319	607	6	23.3666666666667	0.13955990657214	0.13955990657214	0.204315355206105	0.204315355206105	hyper	case		0.717382385529206	0.78	0.78	2.8	0.699178745142492	5
chr21	40552081	40552449	369	5	21.43	-0.302101204698545	0.302101204698545	-0.319528502771381	0.319528502771381	hypo	case		0.904382383803811	0.78	0.904382383803811	2.8	0.699178745142492	5
chr20	59885402	59886250	849	16	19.715625	-0.245899288320253	0.245899288320253	-0.262377693708802	0.262377693708802	hypo	case		0.300487338975107	0.78	0.78	2.8	0.699178745142492	5
chr20	30712325	30713160	836	15	21.3866666666667	-0.296629075539259	0.296629075539259	-0.250147263003829	0.250147263003829	hypo	case		0.348763861884515	0.78	0.78	2.8	0.699178745142492	5
chr20	4474757	4475324	568	8	24.09375	0.15638977753356	0.15638977753356	0.154835439660625	0.154835439660625	hyper	case		0.904119890162984	0.78	0.904119890162984	2.8	0.699178745142492	5
chr20	40452704	40454025	1322	29	21.0224137931035	-0.287932357116989	0.287932357116989	-0.304312968711662	0.304312968711662	hypo	case		0.194578122474017	0.78	0.78	2.8	0.699178745142492	5
chr20	7068619	7068788	170	10	24.11	-0.273763919275692	0.273763919275692	-0.257561456361898	0.257561456361898	hypo	case		0.385806971371588	0.78	0.78	2.8	0.699178745142492	5
chr21	20654588	20654763	176	6	25.6083333333333	0.207609380002782	0.207609380002782	0.277766055617689	0.277766055617689	hyper	case		0.282547895386064	0.78	0.78	2.8	0.699178745142492	5
chr21	23540044	23540428	385	13	21.3923076923077	-0.225494269606296	0.225494269606296	-0.186307771372797	0.186307771372797	hypo	case		0.15210014089033	0.78	0.78	2.8	0.699178745142492	5
chr20	1503499	1504837	1339	25	21.04	0.294930776825514	0.294930776825514	0.307930157889699	0.307930157889699	hyper	case		0.466870672068857	0.78	0.78	2.8	0.699178745142492	5
chr21	10395108	10395811	704	25	73.354	-0.253443535561094	0.253443535561094	-0.295006398043492	0.295006398043492	hypo	case		0.577639599699389	0.78	0.78	2.8	0.699178745142492	5
chr21	39042859	39044260	1402	14	20.8035714285714	-0.239542348074469	0.239542348074469	-0.276196264580647	0.276196264580647	hypo	case		0.238454270065639	0.78	0.78	2.8	0.699178745142492	5
chr21	30165035	30166678	1644	32	22.7890625	-0.225360602354308	0.225360602354308	-0.254623550989918	0.254623550989918	hypo	case		0.99	0.78	0.99	2.8	0.699178745142492	5
chr20	34812209	34813380	1172	13	21.1538461538462	0.132220383141646	0.132220383141646	0.157597043413517	0.162815343355604	hyper	case		0.0433032015321429	0.78	0.78	2.8	0.699178745142492	5
chr21	16461087	16462984	1898	22	24.0954545454545	-0.268274534203896	0.268274534203896	-0.248316826154401	0.248316826154401	hypo	case		0.327573801172227	0.78	0.78	2.8	0.699178745142492	5
chr20	45503096	45504166	1071	18	22.55	-0.272050665220381	0.272050665220381	-0.262334311724216	0.262334311724216	hypo	case		0.228784488928521	0.78	0.78	2.8	0.699178745142492	5
chr21	30426959	30428071	1113	7	23.3571428571429	0.205503331548233	0.205503331548233	0.217051512747373	0.217051512747373	hyper	case		0.206536667217663	0.78	0.78	2.8	0.699178745142492	5
chr20	3521814	3523614	1801	27	21.0222222222222	-0.304395570371836	0.304395570371836	-0.288552021492512	0.288552021492512	hypo	case		0.54910781782614	0.78	0.78	2.8	0.699178745142492	5
chr21	8525962	8526423	462	5	12.18	0.129237560613335	0.129237560613335	0.114039250021087	0.114039250021087	hyper	case		0.204421861816622	0.78	0.78	2.8	0.699178745142492	5
chr20	39734236	39734733	498	5	23.4	-0.132021647880842	0.132021647880842	-0.17761933363555	0.17761933363555	hypo	case		0.490053983898193	0.78	0.78	2.8	0.699178745142492	5
chr21	23853529	23853923	395	5	21.78	0.226480432648125	0.226480432648125	0.182488301088184	0.182488301088184	hyper	case		0.437368976622564	0.78	0.78	2.8	0.699178745142492	5
chr21	23530949	23531271	323	5	22.99	-0.160578579429973	0.160578579429973	-0.123349945304049	0.123349945304049	hypo	case		0.115758661345322	0.78	0.78	2.8	0.699178745142492	5
chr21	22337862	22338233	372	5	18.12	-0.167458457743405	0.167458457743405	-0.211378228803395	0.211378228803395	hypo	case		0.249093496079291	0.78	0.78	2.8	0.699178745142492	5
chr21	28239650	28239742	93	5	18.46	0.185370980442659	0.185370980442659	0.265680734765942	0.265680734765942	hyper	case		0.388000777941882	0.78	0.78	2.8	0.699178745142492	5
chr20	10726103	10727674	1572	29	22.6879310344828	-0.263954357844585	0.263954357844585	-0.271095579553438	0.271095579553438	hypo	case		0.158967164054236	0.78	0.78	2.8	0.699178745142492	5
chr20	30206996	30208123	1128	9	25.4333333333333	-0.234751152858071	0.234751152858071	-0.228249122895369	0.228249122895369	hypo	case		0.531515596251719	0.78	0.78	2.8	0.699178745142492	5
chr21	22678552	22679507	956	16	24.390625	0.195417225486074	0.195417225486074	0.182124787419894	0.190770650520151	hyper	case		0.870948588080467	0.78	0.870948588080467	2.8	0.699178745142492	5
chr20	14904655	14904997	343	6	21.15	-0.170426509615577	0.170426509615577	-0.180506632430538	0.180506632430538	hypo	case		0.346364741516253	0.78	0.78	2.8	0.699178745142492	5
chr21	13562486	13562897	412	6	23.1666666666667	-0.224170749864854	0.224170749864854	-0.24034248542067	0.24034248542067	hypo	case		0.106497579642634	0.78	0.78	2.8	0.699178745142492	5
chr20	39400932	39401631	700	8	28.3625	0.218991735790822	0.218991735790822	0.253226104010517	0.253226104010517	hyper	case		0.135266779161852	0.78	0.78	2.8	0.699178745142492	5
chr21	17010131	17010446	316	5	25.89	-0.162012719256632	0.162012719256632	-0.150171688052464	0.150171688052464	hypo	case		0.480131413771426	0.78	0.78	2.8	0.699178745142492	5
chr20	14552259	14552967	709	5	21.23	-0.156352426914244	0.156352426914244	-0.0805890823061707	0.0805890823061707	hypo	case		0.549357189339247	0.78	0.78	2.8	0.699178745142492	5
chr20	39885975	39886905	931	16	22.928125	0.335003863346415	0.335003863346415	0.370801493515509	0.370801493515509	hyper	case		0.524968303254873	0.78	0.78	2.8	0.699178745142492	5
chr20	30240639	30241169	531	5	17.79	0.110634207285233	0.110634207285233	0.081845984812128	0.0836380466774206	hyper	case		0.518714784321333	0.78	0.78	2.8	0.699178745142492	5
chr20	12378036	12379295	1260	8	20.4	0.202081250266364	0.202081250266364	0.170778401225393	0.170778401225393	hyper	case		0.373601320446646	0.78	0.78	2.8	0.699178745142492	5
chr20	15090828	15092094	1267	10	20.995	-0.305289324815139	0.305289324815139	-0.311759937694758	0.311759937694758	hypo	case		0.302376284999599	0.78	0.78	2.8	0.699178745142492	5
chr21	18519518	18520399	882	8	24.50625	-0.252599160200364	0.252599160200364	-0.246359377139951	0.246359377139951	hypo	case		0.400984611761724	0.78	0.78	2.8	0.699178745142492	5
chr21	16257331	16257517	187	5	20.7	0.0685143496135869	0.0685143496135869	0.0437962901252325	0.129802322794869	hyper	case		0.463838396797473	0.78	0.78	2.8	0.699178745142492	5
chr21	19506874	19507332	459	5	18.45	-0.0996252848829048	0.0996252848829048	-0.170043825691477	0.170043825691477	hypo	case		0.233364645474062	0.78	0.78	2.8	0.699178745142492	5
chr20	54056413	54057306	894	10	22.835	-0.228479716114188	0.228479716114188	-0.245164754310341	0.245164754310341	hypo	case		0.143362745280079	0.78	0.78	2.8	0.699178745142492	5
chr20	10072388	10072602	215	5	18.93	-0.188266953714847	0.188266953714847	-0.180562507907842	0.180562507907842	hypo	case		0.465228412039949	0.78	0.78	2.8	0.699178745142492	5
chr21	19069158	19069797	640	5	21.87	-0.313406243717583	0.313406243717583	-0.317048738096625	0.317048738096625	hypo	case		0.265215477184402	0.78	0.78	2.8	0.699178745142492	5
chr20	15811806	15813274	1469	11	22.3636363636364	-0.245479170930621	0.245479170930621	-0.214833699556126	0.214833699556126	hypo	case		0.439967195358132	0.78	0.78	2.8	0.699178745142492	5
chr20	16015390	16015787	398	5	21.07	-0.0260507106305439	0.0260507106305439	-0.104946354172948	0.200252185110721	hypo	case		0.421937624004752	0.78	0.78	2.8	0.699178745142492	5
chr20	47629316	47629475	160	10	21.4	-0.329456555075204	0.329456555075204	-0.318343548655865	0.318343548655865	hypo	case		0.226007749910206	0.78	0.78	2.8	0.699178745142492	5
chr20	10581926	10582528	603	7	22.9428571428571	0.258022776840712	0.258022776840712	0.245803347023295	0.245803347023295	hyper	case		0.401798944309107	0.78	0.78	2.8	0.699178745142492	5
chr20	39567952	39568311	360	5	22.72	-0.216154088635316	0.216154088635316	-0.23465918242538	0.23465918242538	hypo	case		0.478397886180391	0.78	0.78	2.8	0.699178745142492	5
chr20	23765168	23765858	691	5	22.48	0.162115023378181	0.162115023378181	0.136916286234431	0.136916286234431	hyper	case		0.207656275997257	0.78	0.78	2.8	0.699178745142492	5
chr20	6329194	6329685	492	12	19.7	-0.284282177812539	0.284282177812539	-0.274420208073313	0.274420208073313	hypo	case		0.341715672046081	0.78	0.78	2.8	0.699178745142492	5
chr21	34042036	34042214	179	5	21.67	-0.303578288310872	0.303578288310872	-0.221448467961254	0.221448467961254	hypo	case		0.220440972302439	0.78	0.78	2.8	0.699178745142492	5
chr20	9521754	9522705	952	15	19.22	-0.26384962446108	0.26384962446108	-0.273172779295023	0.273172779295023	hypo	case		0.634996639726294	0.78	0.78	2.8	0.699178745142492	5
chr20	8030374	8030914	541	13	21.2884615384615	-0.244048736252789	0.244048736252789	-0.276925978838469	0.276925978838469	hypo	case		0.360553445320052	0.78	0.78	2.8	0.699178745142492	5
chr21	21810270	21810367	98	5	17.75	0.108473521904316	0.108473521904316	0.201698806048809	0.201698806048809	hyper	case		0.507787611435438	0.78	0.78	2.8	0.699178745142492	5
chr20	64265312	64265643	332	8	14.83125	0.173012914559977	0.173012914559977	0.178354496890087	0.178354496890087	hyper	case		0.295690718119613	0.78	0.78	2.8	0.699178745142492	5
chr20	33120142	33121860	1719	31	22.5193548387097	-0.288575964763325	0.288575964763325	-0.310110075506732	0.310110075506732	hypo	case		0.210242020041983	0.78	0.78	2.8	0.699178745142492	5
chr20	30190706	30191642	937	11	22.8045454545455	0.153436758799274	0.153436758799274	0.214657012927755	0.214657012927755	hyper	case		0.541347494746063	0.78	0.78	2.8	0.699178745142492	5
chr21	13257426	13257936	511	12	21.6541666666667	-0.202819844493192	0.202819844493192	-0.170578540810414	0.170578540810414	hypo	case		0.329901464114548	0.78	0.78	2.8	0.699178745142492	5
chr21	23630105	23631229	1125	8	19.14375	-0.178345129201331	0.178345129201331	-0.204967134431178	0.204967134431178	hypo	case		0.17955635028142	0.78	0.78	2.8	0.699178745142492	5
chr20	11187211	11187816	606	6	21.1	-0.230096444344362	0.230096444344362	-0.246292974312509	0.246292974312509	hypo	case		0.689361690615119	0.78	0.78	2.8	0.699178745142492	5
chr21	34292142	34293808	1667	14	22.2785714285714	-0.230855777938122	0.230855777938122	-0.257133166428214	0.257133166428214	hypo	case		0.452572484137624	0.78	0.78	2.8	0.699178745142492	5
chr21	28679536	28679814	279	7	22.7714285714286	-0.202494932107115	0.202494932107115	-0.211178904259787	0.211178904259787	hypo	case		0.0158724338561985	0.78	0.78	2.8	0.699178745142492	5
chr21	24082272	24082555	284	5	19.72	-0.194174230416052	0.194174230416052	-0.20720736898231	0.20720736898231	hypo	case		0.541714976658105	0.78	0.78	2.8	0.699178745142492	5
chr20	23787840	23788845	1006	11	19.9727272727273	-0.338900778181556	0.338900778181556	-0.32663514000412	0.32663514000412	hypo	case		0.341640704091365	0.78	0.78	2.8	0.699178745142492	5
chr20	38786916	38788405	1490	27	22.0037037037037	-0.299528505969762	0.299528505969762	-0.293651344925777	0.293651344925777	hypo	case		0.459165194897376	0.78	0.78	2.8	0.699178745142492	5
chr21	15043006	15043308	303	6	22.0833333333333	-0.157377426486159	0.157377426486159	-0.15404494106711	0.15404494106711	hypo	case		0.172091725413627	0.78	0.78	2.8	0.699178745142492	5
chr21	20233385	20234313	929	8	20.64375	-0.392629454317823	0.392629454317823	-0.450545482830609	0.450545482830609	hypo	case		0.127675093625755	0.78	0.78	2.8	0.699178745142492	5
chr21	39154974	39155228	255	8	23.4625	-0.283014376554528	0.283014376554528	-0.308059493507897	0.308059493507897	hypo	case		0.550081648535397	0.78	0.78	2.8	0.699178745142492	5
chr20	23899595	23900102	508	11	26.6681818181818	-0.279266174887171	0.279266174887171	-0.292590561135932	0.292590561135932	hypo	case		0.249193796128584	0.78	0.78	2.8	0.699178745142492	5
chr21	22298736	22300439	1704	31	19.7725806451613	-0.288792375208784	0.288792375208784	-0.313936638422494	0.313936638422494	hypo	case		0.99	0.78	0.99	2.8	0.699178745142492	5
chr20	13315098	13315451	354	8	22.08125	-0.380283990101848	0.380283990101848	-0.350975726821036	0.350975726821036	hypo	case		0.103879421494156	0.78	0.78	2.8	0.699178745142492	5
chr21	17282563	17282885	323	6	11	0.324894359113109	0.324894359113109	0.291769368440145	0.291769368440145	hyper	case		0.428076189131312	0.78	0.78	2.8	0.699178745142492	5
chr21	29815438	29816389	952	12	23.0166666666667	-0.278678521312785	0.278678521312785	-0.292356557140771	0.292356557140771	hypo	case		0.341140646664388	0.78	0.78	2.8	0.699178745142492	5
chr20	11527242	11528105	864	29	23.1879310344828	-0.326882818819632	0.326882818819632	-0.3177570115375	0.3177570115375	hypo	case		0.143447782393879	0.78	0.78	2.8	0.699178745142492	5
chr20	54994030	54995234	1205	6	17.95	0.126464812556651	0.126464812556651	0.186390266697581	0.186390266697581	hyper	case		0.422822044836849	0.78	0.78	2.8	0.699178745142492	5
chr20	54824023	54824363	341	6	23.2416666666667	-0.275017555896131	0.275017555896131	-0.227157319848213	0.227157319848213	hypo	case		0.222490178723027	0.78	0.78	2.8	0.699178745142492	5
chr21	28066471	28067181	711	6	23.2416666666667	0.185519375944609	0.185519375944609	0.171278667633526	0.171278667633526	hyper	case		0.142581268953389	0.78	0.78	2.8	0.699178745142492	5
chr20	14404354	14405478	1125	18	22.325	-0.293920477614858	0.293920477614858	-0.287721517018012	0.287721517018012	hypo	case		0.31818806473259	0.78	0.78	2.8	0.699178745142492	5
chr21	15795897	15796499	603	8	20.275	0.261029138854258	0.261029138854258	0.273023456347873	0.273023456347873	hyper	case		0.466649416318711	0.78	0.78	2.8	0.699178745142492	5
chr21	40624018	40624418	401	5	20.02	-0.165178860773366	0.165178860773366	-0.155345145891372	0.155345145891372	hypo	case		0.305836244540163	0.78	0.78	2.8	0.699178745142492	5
chr21	22479183	22479718	536	8	21.8	0.232356981175887	0.232356981175887	0.221863560660364	0.221863560660364	hyper	case		0.585124501327212	0.78	0.78	2.8	0.699178745142492	5
chr20	9228939	9229283	345	5	19.74	-0.108294833234075	0.108294833234075	-0.0758168702532954	0.122428575086363	hypo	case		0.0857997103220992	0.78	0.78	2.8	0.699178745142492	5
chr20	7528330	7528592	263	12	22.8166666666667	-0.284942854325316	0.284942854325316	-0.284461758545681	0.284461758545681	hypo	case		0.245769359002379	0.78	0.78	2.8	0.699178745142492	5
chr20	7489915	7490139	225	35	20.2214285714286	-0.303104001160419	0.303104001160419	-0.310117966919622	0.310117966919622	hypo	case		0.195296383583332	0.78	0.78	2.8	0.699178745142492	5
chr20	60549337	60549639	303	8	17.85	-0.214550467467252	0.214550467467252	-0.213726358906684	0.213726358906684	hypo	case		0.0680874788175905	0.78	0.78	2.8	0.699178745142492	5
chr21	21840750	21842202	1453	19	21.2552631578947	0.204753015320023	0.204753015320023	0.179397197737017	0.179397197737017	hyper	case		0.186636329303316	0.78	0.78	2.8	0.699178745142492	5
chr20	18443372	18445102	1731	47	22.8106382978723	-0.288212036450812	0.288212036450812	-0.297269380929637	0.297269380929637	hypo	case		0.29002335097644	0.78	0.78	2.8	0.699178745142492	5
chr20	12184299	12185859	1561	9	19.55	-0.416783395411492	0.416783395411492	-0.438955029853636	0.438955029853636	hypo	case		0.270694141473136	0.78	0.78	2.8	0.699178745142492	5
chr20	22742068	22743024	957	13	20.4461538461538	-0.294819357109739	0.294819357109739	-0.294623970829709	0.294623970829709	hypo	case		0.383960504870776	0.78	0.78	2.8	0.699178745142492	5
chr21	25105022	25105382	361	5	20.02	0.218231911914457	0.218231911914457	0.175079283162536	0.175079283162536	hyper	case		0.114116674528595	0.78	0.78	2.8	0.699178745142492	5
chr21	27295511	27295616	106	8	21.68125	-0.334683566034705	0.334683566034705	-0.336499141270781	0.336499141270781	hypo	case		0.558686188828625	0.78	0.78	2.8	0.699178745142492	5
chr20	23972019	23973616	1598	29	20.95	-0.271432241670556	0.271432241670556	-0.310041659947171	0.310041659947171	hypo	case		0.133140075462006	0.78	0.78	2.8	0.699178745142492	5
chr21	14331464	14331695	232	5	23.27	-0.268679744383036	0.268679744383036	-0.261729288256613	0.261729288256613	hypo	case		0.169597219035032	0.78	0.78	2.8	0.699178745142492	5
chr21	20228087	20228246	160	5	23.51	-0.126142973215277	0.126142973215277	-0.100886837310903	0.100886837310903	hypo	case		0.308634571448093	0.78	0.78	2.8	0.699178745142492	5
chr20	6393925	6394705	781	27	20.6407407407407	-0.2671567916613	0.2671567916613	-0.266004747092646	0.266004747092646	hypo	case		0.0607523122642363	0.78	0.78	2.8	0.699178745142492	5
chr21	21466362	21467401	1040	10	19.335	-0.151855269203739	0.151855269203739	-0.213956639062089	0.213956639062089	hypo	case		0.139732638256341	0.78	0.78	2.8	0.699178745142492	5
chr21	17664182	17665456	1275	5	11.94	-0.252336325167208	0.252336325167208	-0.195336822969706	0.195336822969706	hypo	case		0.273970059768455	0.78	0.78	2.8	0.699178745142492	5
chr21	30298746	30299715	970	25	22.626	-0.320575079223559	0.320575079223559	-0.323359520604906	0.323359520604906	hypo	case		0.373519957251478	0.78	0.78	2.8	0.699178745142492	5
chr21	37906820	37907604	785	9	23.7666666666667	-0.147427781927782	0.147427781927782	-0.190868128434349	0.190868128434349	hypo	case		0.355839153662323	0.78	0.78	2.8	0.699178745142492	5
chr21	30633057	30634507	1451	27	23.8777777777778	-0.291688754150898	0.291688754150898	-0.343954713789423	0.343954713789423	hypo	case		0.332486109519918	0.78	0.78	2.8	0.699178745142492	5
chr20	23737443	23737647	205	5	23.51	-0.157959069572357	0.157959069572357	-0.131175272606413	0.131175272606413	hypo	case		0.438542847042338	0.78	0.78	2.8	0.699178745142492	5
chr21	21424770	21425209	440	19	21.3921052631579	-0.24820170047344	0.24820170047344	-0.240226981438702	0.240226981438702	hypo	case		0.217739094863209	0.78	0.78	2.8	0.699178745142492	5
chr21	18416875	18416986	112	5	23.82	0.129446193718357	0.129446193718357	0.112260436243378	0.112260436243378	hyper	case		0.99	0.78	0.99	2.8	0.699178745142492	5
chr20	18280098	18281817	1720	24	22.7375	-0.245180003813949	0.245180003813949	-0.245963082588927	0.245963082588927	hypo	case		0.389663765919626	0.78	0.78	2.8	0.699178745142492	5
chr20	55564152	55564309	158	5	20.51	-0.308565136918465	0.308565136918465	-0.313501324283783	0.313501324283783	hypo	case		0.131890873321381	0.78	0.78	2.8	0.699178745142492	5
chr20	42552370	42553120	751	13	23.3769230769231	-0.249844114801209	0.249844114801209	-0.241318385544209	0.241318385544209	hypo	case		0.0468339076315068	0.78	0.78	2.8	0.699178745142492	5
chr21	37093072	37093310	239	19	23.6657894736842	-0.317431337181337	0.317431337181337	-0.315130134007015	0.315130134007015	hypo	case		0.475732374814662	0.78	0.78	2.8	0.699178745142492	5
chr20	12736720	12737943	1224	19	23.4263157894737	-0.26791569644719	0.26791569644719	-0.237862773598852	0.237862773598852	hypo	case		0.234466303298436	0.78	0.78	2.8	0.699178745142492	5
chr21	22712101	22713646	1546	21	22.7333333333333	-0.260384250374715	0.260384250374715	-0.230347404557384	0.230347404557384	hypo	case		0.22289675037709	0.78	0.78	2.8	0.699178745142492	5
chr20	22713377	22713642	266	5	22.06	-0.213478951398589	0.213478951398589	-0.111675617730592	0.111675617730592	hypo	case		0.151545102633415	0.78	0.78	2.8	0.699178745142492	5
chr21	9263354	9264296	943	19	31.8263157894737	-0.270572807319675	0.270572807319675	-0.300912317541656	0.300912317541656	hypo	case		0.207968161554453	0.78	0.78	2.8	0.699178745142492	5
chr21	35433652	35435613	1962	21	19.3690476190476	-0.298957537560479	0.298957537560479	-0.316213808750487	0.316213808750487	hypo	case		0.191144272717849	0.78	0.78	2.8	0.699178745142492	5
chr21	39185862	39186605	744	7	19.3285714285714	0.157655633410277	0.157655633410277	0.219782172695721	0.219782172695721	hyper	case		0.446063753419487	0.78	0.78	2.8	0.699178745142492	5
chr21	28143260	28144058	799	5	20.77	-0.0980186561804208	0.0980186561804208	-0.133143259090304	0.148839134970541	hypo	case		0.352204852735038	0.78	0.78	2.8	0.699178745142492	5
chr20	43871060	43871834	775	10	19.565	-0.245873830666087	0.245873830666087	-0.250754250320474	0.250754250320474	hypo	case		0.242738052232272	0.78	0.78	2.8	0.699178745142492	5
chr21	20344788	20345429	642	8	21.1625	-0.230367458617927	0.230367458617927	-0.234242685114102	0.234242685114102	hypo	case		0.326333833518263	0.78	0.78	2.8	0.699178745142492	5
chr20	11314532	11315420	889	8	21.21875	-0.247565727610048	0.247565727610048	-0.274173928352153	0.274173928352153	hypo	case		0.139941281630853	0.78	0.78	2.8	0.699178745142492	5
chr20	50927675	50927883	209	5	22.48	0.159681944592238	0.159681944592238	0.201929291164366	0.201929291164366	hyper	case		0.544043660913945	0.78	0.78	2.8	0.699178745142492	5
chr20	113072	113357	286	9	24.3666666666667	-0.228533168328231	0.228533168328231	-0.245960339884695	0.245960339884695	hypo	case		0.215841167017691	0.78	0.78	2.8	0.699178745142492	5
chr20	60463367	60463855	489	6	20.9833333333333	-0.308018325702986	0.308018325702986	-0.298403283576733	0.298403283576733	hypo	case		0.122788708435572	0.78	0.78	2.8	0.699178745142492	5
chr21	26467727	26468993	1267	23	21.8782608695652	-0.252642446882485	0.252642446882485	-0.252423774296876	0.252423774296876	hypo	case		0.083908383314	0.78	0.78	2.8	0.699178745142492	5
chr21	6884358	6885596	1239	14	16.3428571428571	0.214856948643819	0.214856948643819	0.243024119148452	0.243024119148452	hyper	case		0.110312759804165	0.78	0.78	2.8	0.699178745142492	5
chr20	15965954	15967585	1632	9	23.5833333333333	0.144504176753615	0.144504176753615	0.168108516032563	0.168108516032563	hyper	case		0.331419828128755	0.78	0.78	2.8	0.699178745142492	5
chr20	4651864	4652562	699	10	21.945	-0.361524888319604	0.361524888319604	-0.327411354832342	0.327411354832342	hypo	case		0.246925079993275	0.78	0.78	2.8	0.699178745142492	5
chr21	46680016	46680335	320	6	22.2	0.223076225724408	0.223076225724408	0.176920460257389	0.176920460257389	hyper	case		0.430274920543955	0.78	0.78	2.8	0.699178745142492	5
chr20	10259824	10260209	386	7	21.9571428571429	0.255487230372814	0.255487230372814	0.230460779283297	0.230460779283297	hyper	case		0.32214455151264	0.78	0.78	2.8	0.699178745142492	5
chr20	30657737	30657985	249	5	23.02	-0.0790550533267811	0.0790550533267811	-0.0912289790484533	0.0912289790484533	hypo	case		0.771536239880175	0.78	0.78	2.8	0.699178745142492	5
chr20	5813997	5814252	256	17	20.9882352941177	-0.237550925879564	0.237550925879564	-0.261782309911617	0.261782309911617	hypo	case		0.486152066407296	0.78	0.78	2.8	0.699178745142492	5
chr20	7477341	7478275	935	10	23.765	-0.195969950750169	0.195969950750169	-0.181182327884181	0.181182327884181	hypo	case		0.471881662850267	0.78	0.78	2.8	0.699178745142492	5
chr20	39775353	39775603	251	8	22.8875	0.39912612130819	0.39912612130819	0.42744197089014	0.42744197089014	hyper	case		0.99	0.78	0.99	2.8	0.699178745142492	5
chr21	24549304	24549396	93	11	24.6409090909091	-0.265886306331257	0.265886306331257	-0.272808938722229	0.272808938722229	hypo	case		0.5612850274015	0.78	0.78	2.8	0.699178745142492	5
chr21	8561603	8562148	546	8	25.1	0.192310649691147	0.192310649691147	0.227888965949685	0.227888965949685	hyper	case		0.412639970704504	0.78	0.78	2.8	0.699178745142492	5
chr20	14193792	14194667	876	8	18.49375	0.217503022384803	0.217503022384803	0.205824593672249	0.205824593672249	hyper	case		0.781413999586311	0.78	0.781413999586311	2.8	0.699178745142492	5
chr21	20523771	20524008	238	5	19.91	0.0445549426207321	0.0445549426207321	0.0482938217638195	0.0482938217638195	hyper	case		0.122040629217378	0.78	0.78	2.8	0.699178745142492	5
chr21	20283225	20283664	440	5	20.48	-0.00738572345267397	0.00738572345267397	-0.0385313975001861	0.0887073147632094	hypo	case		0.201686857328723	0.78	0.78	2.8	0.699178745142492	5
chr20	17359210	17359626	417	5	21.57	0.123909234814034	0.123909234814034	0.0906478048382658	0.0906478048382658	hyper	case		0.340328998560481	0.78	0.78	2.8	0.699178745142492	5
chr21	13950509	13950702	194	5	20.16	-0.322541827984894	0.322541827984894	-0.31888705530989	0.31888705530989	hypo	case		0.166386236366805	0.78	0.78	2.8	0.699178745142492	5
chr20	44892334	44892857	524	6	23.1916666666667	0.257028643395344	0.257028643395344	0.247034535987082	0.247034535987082	hyper	case		0.192126902322813	0.78	0.78	2.8	0.699178745142492	5
chr21	9881554	9881677	124	5	68.83	-0.0887052185082361	0.0887052185082361	-0.145612228027889	0.145612228027889	hypo	case		0.541564056979287	0.78	0.78	2.8	0.699178745142492	5
chr20	13745123	13745864	742	15	21.85	-0.356796445856968	0.356796445856968	-0.331648948080018	0.331648948080018	hypo	case		0.334490582555919	0.78	0.78	2.8	0.699178745142492	5
chr20	9564560	9564871	312	6	20.8916666666667	-0.401445364962601	0.401445364962601	-0.396802682192878	0.396802682192878	hypo	case		0.832062786021973	0.78	0.832062786021973	2.8	0.699178745142492	5
chr20	11658757	11658929	173	5	21.98	-0.0727227520425089	0.0727227520425089	-0.090407860297163	0.090407860297163	hypo	case		0.1503895510398	0.78	0.78	2.8	0.699178745142492	5
chr20	30470976	30471535	560	5	23.86	-0.147680196104769	0.147680196104769	-0.162881356726598	0.162881356726598	hypo	case		0.238073612118108	0.78	0.78	2.8	0.699178745142492	5
chr21	14397531	14398954	1424	12	23.5458333333333	-0.196385691028684	0.196385691028684	-0.245978182911018	0.245978182911018	hypo	case		0.108769903592472	0.78	0.78	2.8	0.699178745142492	5
chr20	29534542	29534894	353	7	23.9428571428571	-0.206508679184923	0.206508679184923	-0.242187955056207	0.242187955056207	hypo	case		0.250329544425112	0.78	0.78	2.8	0.699178745142492	5
chr20	10025919	10026618	700	9	24.6555555555556	-0.349497526503761	0.349497526503761	-0.368487138984248	0.368487138984248	hypo	case		0.623280620930681	0.78	0.78	2.8	0.699178745142492	5
chr21	20663558	20665128	1571	6	25.3333333333333	-0.13571077982589	0.13571077982589	-0.153484024849426	0.153484024849426	hypo	case		0.0898718730312623	0.78	0.78	2.8	0.699178745142492	5
chr20	46956312	46956685	374	6	22.6666666666667	-0.219839682566013	0.219839682566013	-0.219979870327744	0.219979870327744	hypo	case		0.257556244550291	0.78	0.78	2.8	0.699178745142492	5
chr21	24086441	24087426	986	8	19.3875	-0.252902138657266	0.252902138657266	-0.329500297954315	0.329500297954315	hypo	case		0.562034428771709	0.78	0.78	2.8	0.699178745142492	5
chr21	22941956	22942664	709	5	18.68	-0.195627277679156	0.195627277679156	-0.171460962831274	0.171460962831274	hypo	case		0.389447779462081	0.78	0.78	2.8	0.699178745142492	5
chr20	31329397	31330879	1483	16	22.7625	0.153743853882332	0.153743853882332	0.161124096560496	0.167716523938265	hyper	case		0.251757486027539	0.78	0.78	2.8	0.699178745142492	5
chr20	691248	691772	525	7	18.5785714285714	-0.158687506080241	0.158687506080241	-0.209134142184827	0.209134142184827	hypo	case		0.421888446821991	0.78	0.78	2.8	0.699178745142492	5
chr20	54746997	54748968	1972	24	22.1083333333333	-0.222301047534812	0.222301047534812	-0.259310156562609	0.259310156562609	hypo	case		0.244340284216609	0.78	0.78	2.8	0.699178745142492	5
chr21	20932457	20932632	176	5	23.38	-0.206059752297111	0.206059752297111	-0.258407614704384	0.258407614704384	hypo	case		0.297096071487211	0.78	0.78	2.8	0.699178745142492	5
chr20	46085134	46086143	1010	13	21.15	0.306174450807191	0.306174450807191	0.250830927144132	0.250830927144132	hyper	case		0.398203127925156	0.78	0.78	2.8	0.699178745142492	5
chr20	15158849	15159250	402	5	21.51	-0.0849525984055044	0.0849525984055044	-0.0569752794958852	0.0569752794958852	hypo	case		0.194635752032793	0.78	0.78	2.8	0.699178745142492	5
chr21	37487278	37487531	254	7	22.6714285714286	-0.276319376323213	0.276319376323213	-0.234546701496323	0.234546701496323	hypo	case		0.377595756070122	0.78	0.78	2.8	0.699178745142492	5
chr20	20260403	20261219	817	12	21.5333333333333	-0.222527569578641	0.222527569578641	-0.245507350410345	0.245507350410345	hypo	case		0.328373243066248	0.78	0.78	2.8	0.699178745142492	5
chr20	19641469	19642320	852	13	22.0461538461538	-0.274535728214268	0.274535728214268	-0.257019188714938	0.257019188714938	hypo	case		0.249066383848147	0.78	0.78	2.8	0.699178745142492	5
chr21	29828916	29829623	708	12	22.8208333333333	0.267966189142666	0.267966189142666	0.287947361149155	0.287947361149155	hyper	case		0.260753606815751	0.78	0.78	2.8	0.699178745142492	5
chr20	14630019	14630543	525	7	19.6357142857143	-0.220223234630484	0.220223234630484	-0.201642308077013	0.201642308077013	hypo	case		0.695236639434203	0.78	0.78	2.8	0.699178745142492	5
chr21	18937228	18938093	866	15	22.9533333333333	-0.212587944427544	0.212587944427544	-0.209636120191174	0.209636120191174	hypo	case		0.188765764435829	0.78	0.78	2.8	0.699178745142492	5
chr20	5400794	5401285	492	7	19.6071428571429	-0.25907439703556	0.25907439703556	-0.321562602676385	0.321562602676385	hypo	case		0.929486352142182	0.78	0.929486352142182	2.8	0.699178745142492	5
chr20	2634186	2634263	78	5	23.35	0.268996791950739	0.268996791950739	0.226717481297546	0.226717481297546	hyper	case		0.11778904895806	0.78	0.78	2.8	0.699178745142492	5
chr21	30758623	30759469	847	7	22.4	-0.153541169180282	0.153541169180282	-0.184242696278386	0.228348997976081	hypo	case		0.899573783578686	0.78	0.899573783578686	2.8	0.699178745142492	5
chr20	16307796	16308238	443	8	21.625	-0.216123438500568	0.216123438500568	-0.240680343048817	0.240680343048817	hypo	case		0.326407033142282	0.78	0.78	2.8	0.699178745142492	5
chr21	37852280	37852897	618	5	20.82	0.0273699019007943	0.0273699019007943	-0.0489658563984043	0.0526103755390631	hyper	case		0.464203396549382	0.78	0.78	2.8	0.699178745142492	5
chr20	20640080	20640341	262	5	22.11	0.203887565747843	0.203887565747843	0.198338845926751	0.198338845926751	hyper	case		0.169795821268327	0.78	0.78	2.8	0.699178745142492	5
chr21	16841054	16841351	298	5	20.89	-0.225030992964387	0.225030992964387	-0.153473403747295	0.153473403747295	hypo	case		0.348315160516592	0.78	0.78	2.8	0.699178745142492	5
chr20	34795168	34795525	358	10	20.435	-0.174264775789084	0.174264775789084	-0.214492416454627	0.214492416454627	hypo	case		0.176545550838433	0.78	0.78	2.8	0.699178745142492	5
chr21	17622782	17623468	687	5	11.94	-0.247208075185049	0.247208075185049	-0.296462754605804	0.296462754605804	hypo	case		0.257485607219121	0.78	0.78	2.8	0.699178745142492	5
chr20	25613926	25615226	1301	12	25.1125	-0.319881148540781	0.319881148540781	-0.338511777443689	0.338511777443689	hypo	case		0.188923635126822	0.78	0.78	2.8	0.699178745142492	5
chr21	23381373	23381659	287	5	21.48	-0.118364713000324	0.118364713000324	-0.170618905050386	0.170618905050386	hypo	case		0.748113108784579	0.78	0.78	2.8	0.699178745142492	5
chr20	75233	75958	726	5	23.22	-0.147777659832719	0.147777659832719	-0.120849009460149	0.120849009460149	hypo	case		0.290950431754671	0.78	0.78	2.8	0.699178745142492	5
chr21	20001841	20003703	1863	42	21.6452380952381	-0.3051928092428	0.3051928092428	-0.308183231659656	0.308183231659656	hypo	case		0.272394400881439	0.78	0.78	2.8	0.699178745142492	5
chr20	2361894	2362116	223	5	27.51	-0.285584655107728	0.285584655107728	-0.270197471381781	0.270197471381781	hypo	case		0.492874970930954	0.78	0.78	2.8	0.699178745142492	5
chr21	30689498	30690027	530	12	21.075	-0.268329570893783	0.268329570893783	-0.258426447336959	0.258426447336959	hypo	case		0.212046058959154	0.78	0.78	2.8	0.699178745142492	5
chr20	26051816	26053445	1630	23	21.3869565217391	-0.235906651922956	0.235906651922956	-0.272130068589984	0.272130068589984	hypo	case		0.276993924296709	0.78	0.78	2.8	0.699178745142492	5
chr21	5687805	5688047	243	6	12.3916666666667	-0.112786067534762	0.112786067534762	-0.185760106317478	0.185760106317478	hypo	case		0.654260826231273	0.78	0.78	2.8	0.699178745142492	5
chr21	39576549	39576802	254	5	22.96	-0.1659357665475	0.1659357665475	-0.140659136711001	0.140659136711001	hypo	case		0.882706071273294	0.78	0.882706071273294	2.8	0.699178745142492	5
chr20	9165103	9165768	666	11	22.2636363636364	0.221578272295471	0.221578272295471	0.226482842945934	0.226482842945934	hyper	case		0.0774556309773057	0.78	0.78	2.8	0.699178745142492	5
chr20	15503392	15504285	894	12	23.7833333333333	-0.318542792851728	0.318542792851728	-0.32898959189983	0.32898959189983	hypo	case		0.0337627468806382	0.78	0.78	2.8	0.699178745142492	5
chr21	20291424	20293269	1846	33	20.6181818181818	-0.284861939540396	0.284861939540396	-0.275893695346619	0.275893695346619	hypo	case		0.492892409404193	0.78	0.78	2.8	0.699178745142492	5
chr20	12684640	12685728	1089	8	22.64375	-0.267116198525616	0.267116198525616	-0.264705236687184	0.264705236687184	hypo	case		0.0883440885567018	0.78	0.78	2.8	0.699178745142492	5
chr21	29148399	29149543	1145	18	21.2444444444444	-0.299469957098208	0.299469957098208	-0.355008454440166	0.355008454440166	hypo	case		0.285552935160015	0.78	0.78	2.8	0.699178745142492	5
chr21	5262686	5263208	523	7	30.3142857142857	-0.255192374324498	0.255192374324498	-0.253344828866521	0.253344828866521	hypo	case		0.300796438554376	0.78	0.78	2.8	0.699178745142492	5
chr20	45642087	45643954	1868	23	25.5782608695652	-0.228759762143076	0.228759762143076	-0.279132245750034	0.279132245750034	hypo	case		0.258928839483577	0.78	0.78	2.8	0.699178745142492	5
chr20	29467286	29467625	340	5	19.46	0.140826536850468	0.140826536850468	0.164048973988419	0.164048973988419	hyper	case		0.231495066616409	0.78	0.78	2.8	0.699178745142492	5
chr21	9279196	9280211	1016	8	27.46875	-0.170204592079361	0.170204592079361	-0.1816546603481	0.1816546603481	hypo	case		0.696636052621181	0.78	0.78	2.8	0.699178745142492	5
chr20	9083397	9083811	415	5	17.93	-0.242317436535324	0.242317436535324	-0.214895171930844	0.214895171930844	hypo	case		0.291750480375597	0.78	0.78	2.8	0.699178745142492	5
chr21	19449693	19450457	765	8	20.53125	-0.273098206009079	0.273098206009079	-0.256501680666933	0.256501680666933	hypo	case		0.394860516632799	0.78	0.78	2.8	0.699178745142492	5
chr20	39540171	39540796	626	22	22.5590909090909	-0.293654392584349	0.293654392584349	-0.290309888128655	0.290309888128655	hypo	case		0.534131136215708	0.78	0.78	2.8	0.699178745142492	5
chr21	30323718	30323987	270	5	22.76	0.141187956136034	0.141187956136034	0.179001458779706	0.179001458779706	hyper	case		0.558404853993823	0.78	0.78	2.8	0.699178745142492	5
chr21	24215032	24215397	366	7	22.3214285714286	-0.306773258581493	0.306773258581493	-0.355402077139341	0.355402077139341	hypo	case		0.242250416153744	0.78	0.78	2.8	0.699178745142492	5
chr20	55508660	55509370	711	9	22.5666666666667	-0.168868503466594	0.168868503466594	-0.168991813878092	0.168991813878092	hypo	case		0.160339112889618	0.78	0.78	2.8	0.699178745142492	5
chr21	7470221	7471367	1147	18	10.7305555555556	-0.254042978059522	0.254042978059522	-0.291120191626982	0.291120191626982	hypo	case		0.266465796730415	0.78	0.78	2.8	0.699178745142492	5
chr21	13741053	13741590	538	5	11.12	-0.362389121295371	0.362389121295371	-0.347858251332704	0.347858251332704	hypo	case		0.281479949247666	0.78	0.78	2.8	0.699178745142492	5
chr21	28393423	28394020	598	18	19.9722222222222	0.204487049427057	0.204487049427057	0.207618141708855	0.207618141708855	hyper	case		0.227671833607045	0.78	0.78	2.8	0.699178745142492	5
chr20	9976086	9976735	650	5	23.82	-0.0554798540606155	0.0554798540606155	-0.0975463954978951	0.117636795459674	hypo	case		0.182094883284971	0.78	0.78	2.8	0.699178745142492	5
chr21	8864128	8864350	223	8	16.96875	0.142722697309594	0.142722697309594	0.187925552912716	0.187925552912716	hyper	case		0.435690416887147	0.78	0.78	2.8	0.699178745142492	5
chr20	6811047	6812728	1682	16	20.40625	0.191792767074291	0.191792767074291	0.200830847268747	0.200830847268747	hyper	case		0.198486502727297	0.78	0.78	2.8	0.699178745142492	5
chr20	60195581	60196078	498	6	19.9916666666667	-0.138857740255649	0.138857740255649	-0.17247497667132	0.17247497667132	hypo	case		0.276906713564894	0.78	0.78	2.8	0.699178745142492	5
chr21	45727803	45728151	349	5	21.8	0.170367322748066	0.170367322748066	0.132652763569101	0.145266562339473	hyper	case		0.273554836170826	0.78	0.78	2.8	0.699178745142492	5
chr20	60400316	60401094	779	5	20.42	0.0667559909176489	0.0667559909176489	0.0944417529384988	0.107791597455794	hyper	case		0.167071185478481	0.78	0.78	2.8	0.699178745142492	5
chr20	46600943	46601479	537	14	24.0071428571429	-0.294733535600547	0.294733535600547	-0.308291373333157	0.308291373333157	hypo	case		0.749037317437155	0.78	0.78	2.8	0.699178745142492	5
chr20	11283203	11285071	1869	27	24.0962962962963	-0.25709085708727	0.25709085708727	-0.276458260503821	0.276458260503821	hypo	case		0.711898734032866	0.78	0.78	2.8	0.699178745142492	5
chr21	17595779	17597123	1345	8	20.85625	0.182243721600198	0.182243721600198	0.184102865863233	0.184102865863233	hyper	case		0.523066719458427	0.78	0.78	2.8	0.699178745142492	5
chr20	29633722	29634159	438	11	28.7	0.191544482550255	0.191544482550255	0.18459011342761	0.18459011342761	hyper	case		0.283326457943578	0.78	0.78	2.8	0.699178745142492	5
chr21	24617282	24617527	246	5	22.57	0.254689783212381	0.254689783212381	0.224052830009334	0.224052830009334	hyper	case		0.191818602390898	0.78	0.78	2.8	0.699178745142492	5
chr21	9897625	9898212	588	11	63.2545454545455	-0.21833963813323	0.21833963813323	-0.228182445768849	0.228182445768849	hypo	case		0.382899504649917	0.78	0.78	2.8	0.699178745142492	5
chr21	10115458	10115795	338	5	46.26	0.0298412765467839	0.0298412765467839	0.0463132659512898	0.0463132659512898	hyper	case		0.259387047235094	0.78	0.78	2.8	0.699178745142492	5
chr20	7758595	7760215	1621	24	21.2895833333333	-0.320531070000895	0.320531070000895	-0.317899316309403	0.317899316309403	hypo	case		0.111202280189739	0.78	0.78	2.8	0.699178745142492	5
chr20	17014408	17014657	250	8	16.88125	0.191545874032876	0.191545874032876	0.200810822510599	0.200810822510599	hyper	case		0.839469611500897	0.78	0.839469611500897	2.8	0.699178745142492	5
chr21	19977766	19979410	1645	12	22.7333333333333	-0.295526697100381	0.295526697100381	-0.250249819593917	0.250249819593917	hypo	case		0.590072380230664	0.78	0.78	2.8	0.699178745142492	5
chr21	21616169	21616619	451	5	21.72	-0.115283620070982	0.115283620070982	-0.087300874000687	0.138315093416252	hypo	case		0.467325895136869	0.78	0.78	2.8	0.699178745142492	5
chr21	15298546	15299005	460	21	18.602380952381	-0.333136596420585	0.333136596420585	-0.35688882667479	0.35688882667479	hypo	case		0.193736480513136	0.78	0.78	2.8	0.699178745142492	5
chr21	21997020	21997246	227	5	21.23	-0.299744513816899	0.299744513816899	-0.257985575881832	0.257985575881832	hypo	case		0.84072872028841	0.78	0.84072872028841	2.8	0.699178745142492	5
chr21	25193304	25193572	269	5	20.4	0.12757064940331	0.12757064940331	0.092862116668513	0.146904157188435	hyper	case		0.061185243707658	0.78	0.78	2.8	0.699178745142492	5
chr21	13966140	13966547	408	5	23.07	-0.15056605615541	0.15056605615541	-0.17672375693683	0.17672375693683	hypo	case		0.5318268607007	0.78	0.78	2.8	0.699178745142492	5
chr21	33809815	33810256	442	24	21.1145833333333	-0.324458366615394	0.324458366615394	-0.327083206618517	0.327083206618517	hypo	case		0.449453619576994	0.78	0.78	2.8	0.699178745142492	5
chr21	25331643	25332204	562	19	23.7289473684211	-0.313996734295958	0.313996734295958	-0.328271305995083	0.328271305995083	hypo	case		0.302112516608563	0.78	0.78	2.8	0.699178745142492	5
chr21	19526987	19527439	453	8	23.75625	-0.406767967486456	0.406767967486456	-0.38724923007285	0.38724923007285	hypo	case		0.426205709696909	0.78	0.78	2.8	0.699178745142492	5
chr20	14316975	14318333	1359	24	25.3625	-0.284415043367825	0.284415043367825	-0.268606832341563	0.268606832341563	hypo	case		0.332797877696591	0.78	0.78	2.8	0.699178745142492	5
chr21	14567091	14568132	1042	18	22.1444444444444	0.192874532126055	0.192874532126055	0.187794761988437	0.187794761988437	hyper	case		0.240886463132571	0.78	0.78	2.8	0.699178745142492	5
chr20	4256373	4256964	592	11	20.9636363636364	-0.265994252299315	0.265994252299315	-0.282882971709449	0.282882971709449	hypo	case		0.168507432112536	0.78	0.78	2.8	0.699178745142492	5
chr20	61035265	61035352	88	6	20.65	0.221196495733974	0.221196495733974	0.234470493100178	0.234470493100178	hyper	case		0.518770650109053	0.78	0.78	2.8	0.699178745142492	5
chr20	4539685	4539912	228	5	18.11	-0.134716460654928	0.134716460654928	-0.068320388075765	0.0885527960921289	hypo	case		0.675935244666843	0.78	0.78	2.8	0.699178745142492	5
chr20	21369113	21369399	287	5	21.51	-0.127677620809908	0.127677620809908	-0.0591170147980282	0.0736001482341754	hypo	case		0.306899517412493	0.78	0.78	2.8	0.699178745142492	5
chr20	41620243	41620743	501	33	25.2227272727273	-0.287977152621446	0.287977152621446	-0.301627363874901	0.301627363874901	hypo	case		0.116134857943565	0.78	0.78	2.8	0.699178745142492	5
chr21	17317069	17317748	680	5	23.05	-0.110042811939083	0.110042811939083	-0.046716893677134	0.046716893677134	hypo	case		0.591353246309077	0.78	0.78	2.8	0.699178745142492	5
chr20	45204303	45204929	627	5	22.68	0.243381762055098	0.243381762055098	0.204866180173846	0.204866180173846	hyper	case		0.227523084040377	0.78	0.78	2.8	0.699178745142492	5
chr20	39872396	39872677	282	5	23.64	0.143749186192115	0.143749186192115	0.106946252150909	0.106946252150909	hyper	case		0.297415098757949	0.78	0.78	2.8	0.699178745142492	5
chr20	29528675	29529315	641	5	18.96	-0.151250058396108	0.151250058396108	-0.148284896498868	0.148284896498868	hypo	case		0.565990182018934	0.78	0.78	2.8	0.699178745142492	5
chr21	29803857	29804471	615	10	21.13	-0.277861716863179	0.277861716863179	-0.362915822743183	0.362915822743183	hypo	case		0.309947724151135	0.78	0.78	2.8	0.699178745142492	5
chr21	24468676	24468759	84	5	21.23	-0.200668120909691	0.200668120909691	-0.229597211056459	0.229597211056459	hypo	case		0.489492983384632	0.78	0.78	2.8	0.699178745142492	5
chr20	47563821	47564156	336	6	20.9666666666667	-0.18573126682203	0.18573126682203	-0.202774399018928	0.202774399018928	hypo	case		0.396342684018883	0.78	0.78	2.8	0.699178745142492	5
chr20	39293352	39293664	313	6	18.0666666666667	-0.282615820357559	0.282615820357559	-0.300917528182971	0.300917528182971	hypo	case		0.59158764081544	0.78	0.78	2.8	0.699178745142492	5
chr20	8789365	8790606	1242	23	21.8086956521739	0.221553575143392	0.221553575143392	0.242197364754189	0.243073956184559	hyper	case		0.175007128929341	0.78	0.78	2.8	0.699178745142492	5
chr21	23105588	23105902	315	5	19.08	0.126359914744623	0.126359914744623	0.186594431160431	0.186594431160431	hyper	case		0.476188598143912	0.78	0.78	2.8	0.699178745142492	5
chr20	55221582	55221789	208	8	19.04375	-0.205547865843155	0.205547865843155	-0.224733056051592	0.224733056051592	hypo	case		0.278095607906607	0.78	0.78	2.8	0.699178745142492	5
chr21	23524527	23524847	321	6	20.625	-0.167052006356018	0.167052006356018	-0.178218473695318	0.178218473695318	hypo	case		0.263936068095937	0.78	0.78	2.8	0.699178745142492	5
chr21	25028148	25028217	70	6	22.1166666666667	-0.202355190695974	0.202355190695974	-0.187465911579546	0.187465911579546	hypo	case		0.262136445081233	0.78	0.78	2.8	0.699178745142492	5
chr21	27669552	27669977	426	15	21.37	-0.28736708102898	0.28736708102898	-0.318993702131441	0.318993702131441	hypo	case		0.240261796544791	0.78	0.78	2.8	0.699178745142492	5
chr20	7933220	7934506	1287	7	21.0928571428571	0.218748923322824	0.218748923322824	0.183639061125109	0.183639061125109	hyper	case		0.124391919902334	0.78	0.78	2.8	0.699178745142492	5
chr20	30557538	30559040	1503	23	20.7913043478261	-0.246255887704972	0.246255887704972	-0.270131953700398	0.270131953700398	hypo	case		0.504901763858329	0.78	0.78	2.8	0.699178745142492	5
chr21	29979237	29980595	1359	10	21.43	-0.282823111024564	0.282823111024564	-0.316521373243282	0.316521373243282	hypo	case		0.679792598810391	0.78	0.78	2.8	0.699178745142492	5
chr21	22044322	22044554	233	5	20.95	-0.0703083232082483	0.0703083232082483	-0.0577427696513693	0.0577427696513693	hypo	case		0.308714986209335	0.78	0.78	2.8	0.699178745142492	5
chr20	45513872	45514591	720	8	27.14375	-0.33361253842819	0.33361253842819	-0.366481220680601	0.366481220680601	hypo	case		0.155660640564468	0.78	0.78	2.8	0.699178745142492	5
chr20	36819000	36820024	1025	8	21.28125	-0.0487564424026515	0.0487564424026515	-0.152697066274374	0.178627160720889	hypo	case		0.472863237585918	0.78	0.78	2.8	0.699178745142492	5
chr20	23212433	23213284	852	17	22.5117647058824	0.248937677382024	0.248937677382024	0.271773637542609	0.271773637542609	hyper	case		0.218671441229125	0.78	0.78	2.8	0.699178745142492	5
chr21	28194727	28194824	98	5	19.22	-0.251261283947469	0.251261283947469	-0.257505919843282	0.257505919843282	hypo	case		0.851286377882495	0.78	0.851286377882495	2.8	0.699178745142492	5
chr20	54881842	54882632	791	16	22.75625	-0.305009256590679	0.305009256590679	-0.320002091875173	0.320002091875173	hypo	case		0.457087188405555	0.78	0.78	2.8	0.699178745142492	5
chr20	45637545	45637767	223	5	22.67	0.0672228482065439	0.0672228482065439	0.101973547814663	0.101973547814663	hyper	case		0.710398794489082	0.78	0.78	2.8	0.699178745142492	5
chr20	55888583	55889461	879	24	25.7875	-0.248330197228026	0.248330197228026	-0.270318031026659	0.270318031026659	hypo	case		0.165449942504078	0.78	0.78	2.8	0.699178745142492	5
chr21	22959101	22960479	1379	25	23.014	-0.304033830267761	0.304033830267761	-0.326787100917187	0.326787100917187	hypo	case		0.140166709923313	0.78	0.78	2.8	0.699178745142492	5
chr21	20697083	20697820	738	5	22.8	-0.0876122893387149	0.0876122893387149	-0.129285170846154	0.129285170846154	hypo	case		0.103018697579157	0.78	0.78	2.8	0.699178745142492	5
