seqnames	start	end	width	num_sites	cov	delta_beta	delta_beta_abs	intended_delta_beta	intended_delta_beta_abs	direction	case_group	genome	background_corr_target	expected_correlation	corr_target	corr_sd_used	corr_metric_estimate	neighbor_window
chr20	22172455	22172777	323	8	25.2125	-0.325650034149982	0.325650034149982	-0.303515298632763	0.303515298632763	hypo	case		0.152872786721241	0.63	0.63	1.3	0.631196923696201	5
chr21	34892932	34893339	408	9	22.3055555555556	-0.174058498976602	0.174058498976602	-0.273338396959017	0.273338396959017	hypo	case		0.114046114531178	0.63	0.63	1.3	0.631196923696201	5
chr20	30721678	30722076	399	5	21.49	0.0886313006165947	0.0886313006165947	0.153559213062241	0.153559213062241	hyper	case		0.124637212978123	0.63	0.63	1.3	0.631196923696201	5
chr21	30653758	30653969	212	5	20.18	0.168576954256639	0.168576954256639	0.162708431300585	0.162708431300585	hyper	case		0.0708736880644245	0.63	0.63	1.3	0.631196923696201	5
chr21	40971695	40972274	580	6	24.2916666666667	-0.251515112167439	0.251515112167439	-0.274823806466322	0.274823806466322	hypo	case		0.723185240787003	0.63	0.723185240787003	2.8	0.699178745142492	5
chr21	13180914	13181229	316	5	20.92	0.127540812223456	0.127540812223456	0.1670682098157	0.1670682098157	hyper	case		0.245874091555309	0.63	0.63	1.3	0.631196923696201	5
chr21	9984719	9985258	540	5	55.59	0.152476837397831	0.152476837397831	0.184593109311587	0.184593109311587	hyper	case		0.404659902790503	0.63	0.63	1.3	0.631196923696201	5
chr21	40408002	40408762	761	13	21.2769230769231	-0.297470644759946	0.297470644759946	-0.308578536033064	0.308578536033064	hypo	case		0.625364487081575	0.63	0.63	1.3	0.631196923696201	5
chr21	22767459	22768228	770	20	19.4	-0.277293037335624	0.277293037335624	-0.249019987037901	0.249019987037901	hypo	case		0.427791439461052	0.63	0.63	1.3	0.631196923696201	5
chr21	18164794	18166604	1811	28	19.1625	-0.242808089032206	0.242808089032206	-0.270031496175808	0.270031496175808	hypo	case		0.10441523471428	0.63	0.63	1.3	0.631196923696201	5
chr20	9754375	9754923	549	5	22.74	-0.246074729163116	0.246074729163116	-0.247882354471389	0.247882354471389	hypo	case		0.290347371805564	0.63	0.63	1.3	0.631196923696201	5
chr21	25318653	25319588	936	18	21.0333333333333	-0.288314818996996	0.288314818996996	-0.287756702859025	0.287756702859025	hypo	case		0.260229628129006	0.63	0.63	1.3	0.631196923696201	5
chr20	14771296	14772967	1672	19	19.7552631578947	-0.260952684338739	0.260952684338739	-0.276721621722051	0.276721621722051	hypo	case		0.232165806878535	0.63	0.63	1.3	0.631196923696201	5
chr21	22752384	22753587	1204	11	20.4818181818182	-0.246916943064067	0.246916943064067	-0.247224473959238	0.247224473959238	hypo	case		0.11689023474293	0.63	0.63	1.3	0.631196923696201	5
chr21	21833191	21834064	874	15	23.3833333333333	-0.278945592451027	0.278945592451027	-0.284826455883591	0.284826455883591	hypo	case		0.449299103115507	0.63	0.63	1.3	0.631196923696201	5
chr21	45686160	45686328	169	8	24.06875	-0.376687529438493	0.376687529438493	-0.368386732502084	0.368386732502084	hypo	case		0.498672897372829	0.63	0.63	1.3	0.631196923696201	5
chr20	21890470	21891369	900	14	21.7535714285714	-0.25169935765127	0.25169935765127	-0.250314566860904	0.250314566860904	hypo	case		0.230713681806409	0.63	0.63	1.3	0.631196923696201	5
chr21	20598408	20598490	83	5	17.16	-0.19108207078605	0.19108207078605	-0.231431831878804	0.231431831878804	hypo	case		0.530902698705544	0.63	0.63	1.3	0.631196923696201	5
chr20	7911906	7912667	762	24	19.9541666666667	-0.253151518921456	0.253151518921456	-0.240600015187488	0.240600015187488	hypo	case		0.550154521449474	0.63	0.63	1.3	0.631196923696201	5
chr20	28574569	28576041	1473	26	61.2826923076923	-0.2455027569516	0.2455027569516	-0.225880122601996	0.225880122601996	hypo	case		0.304744160689416	0.63	0.63	1.3	0.631196923696201	5
chr20	58668986	58669640	655	37	21.1797297297297	-0.306836071183522	0.306836071183522	-0.327115106289073	0.327115106289073	hypo	case		0.129790782377241	0.63	0.63	1.3	0.631196923696201	5
chr21	34324584	34325245	662	15	22.6566666666667	0.274486587705615	0.274486587705615	0.307134596463882	0.307134596463882	hyper	case		0.244931490955534	0.63	0.63	1.3	0.631196923696201	5
chr20	25650346	25651512	1167	26	25.5211538461539	-0.377337366418571	0.377337366418571	-0.376735590460608	0.376735590460608	hypo	case		0.157092136366551	0.63	0.63	1.3	0.631196923696201	5
chr21	14729145	14729255	111	5	21.45	-0.0739800094803809	0.0739800094803809	-0.0751361805032261	0.0751361805032261	hypo	case		0.262882081918804	0.63	0.63	1.3	0.631196923696201	5
chr21	18935300	18935545	246	10	21.78	-0.291602060027488	0.291602060027488	-0.292677870970121	0.292677870970121	hypo	case		0.246112843393164	0.63	0.63	1.3	0.631196923696201	5
chr20	11665105	11665555	451	10	20.455	-0.238848971225595	0.238848971225595	-0.25102110963077	0.25102110963077	hypo	case		0.301721811915071	0.63	0.63	1.3	0.631196923696201	5
chr21	15244887	15245261	375	5	22.59	-0.188109560946121	0.188109560946121	-0.211410862973848	0.211410862973848	hypo	case		0.122353364185779	0.63	0.63	1.3	0.631196923696201	5
chr20	45977930	45979051	1122	10	20.99	-0.300981001462935	0.300981001462935	-0.30271117472703	0.30271117472703	hypo	case		0.292138116811637	0.63	0.63	1.3	0.631196923696201	5
chr20	23681005	23682213	1209	22	21.9113636363636	-0.367182331309856	0.367182331309856	-0.370414962449358	0.370414962449358	hypo	case		0.386880472777118	0.63	0.63	1.3	0.631196923696201	5
chr21	8858179	8858331	153	5	17.43	0.0820243295623843	0.0820243295623843	0.235130823815116	0.235130823815116	hyper	case		0.178427645991181	0.63	0.63	1.3	0.631196923696201	5
chr20	1264224	1264864	641	5	23.36	0.197512536541098	0.197512536541098	0.223890368069888	0.223890368069888	hyper	case		0.0303253598952707	0.63	0.63	1.3	0.631196923696201	5
chr20	30364992	30366223	1232	18	28.125	-0.2564438085144	0.2564438085144	-0.271988173951072	0.271988173951072	hypo	case		0.509044611449963	0.63	0.63	1.3	0.631196923696201	5
chr20	14126271	14127032	762	8	22.81875	0.267134933397652	0.267134933397652	0.269111972742032	0.269111972742032	hyper	case		0.61958836328741	0.63	0.63	1.3	0.631196923696201	5
chr21	7277853	7278015	163	5	47.93	-0.252152096216735	0.252152096216735	-0.275813887623696	0.275813887623696	hypo	case		0.290750782062013	0.63	0.63	1.3	0.631196923696201	5
chr20	54600228	54600765	538	6	22.05	-0.241203048804422	0.241203048804422	-0.243851660086011	0.243851660086011	hypo	case		0.216936643598739	0.63	0.63	1.3	0.631196923696201	5
chr21	26911665	26912008	344	7	22.3642857142857	-0.253142744462057	0.253142744462057	-0.269693526002093	0.269693526002093	hypo	case		0.280012556602025	0.63	0.63	1.3	0.631196923696201	5
chr21	19116963	19118280	1318	8	23.975	-0.248840322798598	0.248840322798598	-0.222223013746343	0.222223013746343	hypo	case		0.379865220823012	0.63	0.63	1.3	0.631196923696201	5
chr21	16902781	16903113	333	8	22.74375	-0.283096745825418	0.283096745825418	-0.298323605344208	0.298323605344208	hypo	case		0.34629530421212	0.63	0.63	1.3	0.631196923696201	5
chr20	806285	807069	785	16	22.25	-0.264330340183191	0.264330340183191	-0.294330588226623	0.294330588226623	hypo	case		0.192542138298821	0.63	0.63	1.3	0.631196923696201	5
chr20	8798145	8798443	299	5	22.2	-0.207283960202439	0.207283960202439	-0.23988554175895	0.23988554175895	hypo	case		0.512211050550587	0.63	0.63	1.3	0.631196923696201	5
chr20	16924519	16924987	469	16	22.61875	-0.31375712524164	0.31375712524164	-0.303392892300232	0.303392892300232	hypo	case		0.476683413048283	0.63	0.63	1.3	0.631196923696201	5
chr20	56059084	56060055	972	22	20.7068181818182	0.28366167880867	0.28366167880867	0.303314610638423	0.303314610638423	hyper	case		0.272828449119518	0.63	0.63	1.3	0.631196923696201	5
chr21	8567911	8568150	240	5	26.02	-0.274399357586858	0.274399357586858	-0.333481297065127	0.333481297065127	hypo	case		0.543919062006057	0.63	0.63	1.3	0.631196923696201	5
chr21	31148120	31149233	1114	17	21.6323529411765	-0.222207896962888	0.222207896962888	-0.235825071738379	0.235825071738379	hypo	case		0.264993908571499	0.63	0.63	1.3	0.631196923696201	5
chr21	20775115	20775534	420	5	23.96	-0.395475641489573	0.395475641489573	-0.473865810534368	0.473865810534368	hypo	case		0.587652235365078	0.63	0.63	1.3	0.631196923696201	5
chr21	5746997	5747206	210	5	11.86	0.00693882914471156	0.00693882914471156	0.0786955244575936	0.0786955244575936	hyper	case		0.451529668080247	0.63	0.63	1.3	0.631196923696201	5
chr21	28762858	28763814	957	16	23.1375	-0.276906520332858	0.276906520332858	-0.26063847306408	0.26063847306408	hypo	case		0.271128210475034	0.63	0.63	1.3	0.631196923696201	5
chr20	30557538	30558954	1417	26	21.2230769230769	-0.256655847509865	0.256655847509865	-0.261615154585342	0.261615154585342	hypo	case		0.273410015961905	0.63	0.63	1.3	0.631196923696201	5
chr21	23482574	23482787	214	6	22.1666666666667	-0.239470462432398	0.239470462432398	-0.288309157594389	0.288309157594389	hypo	case		0.227745688027768	0.63	0.63	1.3	0.631196923696201	5
chr21	9103052	9103071	20	6	13.9583333333333	-0.263387707369393	0.263387707369393	-0.237385121271356	0.237385121271356	hypo	case		0.138770547090109	0.63	0.63	1.3	0.631196923696201	5
chr21	14683721	14684991	1271	30	21.1383333333333	-0.245936862083616	0.245936862083616	-0.264874459568779	0.264874459568779	hypo	case		0.103623270067095	0.63	0.63	1.3	0.631196923696201	5
chr20	21409902	21410480	579	14	23.5428571428571	-0.334371352616883	0.334371352616883	-0.332635850760788	0.332635850760788	hypo	case		0.109014948321194	0.63	0.63	1.3	0.631196923696201	5
chr20	12810240	12811690	1451	15	20.5866666666667	-0.361426544352065	0.361426544352065	-0.363567253111147	0.363567253111147	hypo	case		0.0461629698050917	0.63	0.63	1.3	0.631196923696201	5
chr20	6387599	6389081	1483	16	22.840625	-0.356790810510686	0.356790810510686	-0.334442486355432	0.334442486355432	hypo	case		0.151342723688092	0.63	0.63	1.3	0.631196923696201	5
chr20	9590315	9591016	702	8	20.39375	-0.238996348080759	0.238996348080759	-0.295180642871452	0.295180642871452	hypo	case		0.0479600013270231	0.63	0.63	1.3	0.631196923696201	5
chr20	54181937	54182801	865	13	24.2307692307692	-0.272377048851997	0.272377048851997	-0.26741113398333	0.26741113398333	hypo	case		0.340859763557115	0.63	0.63	1.3	0.631196923696201	5
chr20	39170268	39171970	1703	26	20.5884615384615	-0.318553797824363	0.318553797824363	-0.292569231882143	0.292569231882143	hypo	case		0.649302497424062	0.63	0.649302497424062	2.4	0.646189152981116	5
chr21	23061651	23063368	1718	64	23.228125	-0.279814172460411	0.279814172460411	-0.27890092026159	0.27890092026159	hypo	case		0.156932060170704	0.63	0.63	1.3	0.631196923696201	5
chr20	38965840	38967135	1296	31	20.6758064516129	-0.275774175807605	0.275774175807605	-0.312194548547592	0.312194548547592	hypo	case		0.850884564056808	0.63	0.850884564056808	2.8	0.699178745142492	5
chr21	16477012	16477757	746	10	23.36	-0.288353772120578	0.288353772120578	-0.244162739599731	0.244162739599731	hypo	case		0.473305061712947	0.63	0.63	1.3	0.631196923696201	5
chr21	23091482	23092397	916	17	22.5352941176471	-0.248439996541575	0.248439996541575	-0.247222145776555	0.247222145776555	hypo	case		0.99	0.63	0.99	2.8	0.699178745142492	5
chr20	58735527	58735827	301	5	22.13	0.208307497241321	0.208307497241321	0.255744217207073	0.255744217207073	hyper	case		0.196427511354	0.63	0.63	1.3	0.631196923696201	5
chr21	18862133	18862732	600	11	24.5409090909091	-0.34775151580506	0.34775151580506	-0.344176677615229	0.344176677615229	hypo	case		0.220734355992736	0.63	0.63	1.3	0.631196923696201	5
chr21	5684437	5685142	706	5	10.79	-0.141168900543901	0.141168900543901	-0.133320553593118	0.133320553593118	hypo	case		0.359161322519351	0.63	0.63	1.3	0.631196923696201	5
chr21	22650981	22652256	1276	16	21.7375	-0.339611942254253	0.339611942254253	-0.340191631574459	0.340191631574459	hypo	case		0.292350668642929	0.63	0.63	1.3	0.631196923696201	5
chr20	54903135	54903840	706	12	21.3541666666667	-0.294648495464272	0.294648495464272	-0.318112255109194	0.318112255109194	hypo	case		0.32507983047042	0.63	0.63	1.3	0.631196923696201	5
chr20	40564508	40565825	1318	22	22.8272727272727	-0.282502238004229	0.282502238004229	-0.262096466901384	0.262096466901384	hypo	case		0.64960421810757	0.63	0.64960421810757	2.4	0.646189152981116	5
chr20	14447050	14448801	1752	37	21.6918918918919	-0.261656918067316	0.261656918067316	-0.273407411272083	0.273407411272083	hypo	case		0.171427161014733	0.63	0.63	1.3	0.631196923696201	5
chr20	52652284	52653380	1097	16	22.55	-0.311124566263759	0.311124566263759	-0.301389716181762	0.301389716181762	hypo	case		0.224285663486766	0.63	0.63	1.3	0.631196923696201	5
chr21	24084322	24085645	1324	28	21.1714285714286	-0.29937846487566	0.29937846487566	-0.293046375167492	0.293046375167492	hypo	case		0.153638047337944	0.63	0.63	1.3	0.631196923696201	5
chr21	16942721	16942926	206	5	20.53	0.194837484900608	0.194837484900608	0.193284873283315	0.193284873283315	hyper	case		0.357550456039862	0.63	0.63	1.3	0.631196923696201	5
chr21	18784674	18785166	493	6	20.5583333333333	-0.314917355632513	0.314917355632513	-0.254038593651189	0.254038593651189	hypo	case		0.444445081960056	0.63	0.63	1.3	0.631196923696201	5
chr20	31256772	31257470	699	10	20.91	0.325810598490976	0.325810598490976	0.310380448163682	0.310380448163682	hyper	case		0.554010629722645	0.63	0.63	1.3	0.631196923696201	5
chr21	26356634	26356890	257	5	24.07	-0.149072302697303	0.149072302697303	-0.206661097680438	0.206661097680438	hypo	case		0.557751172909964	0.63	0.63	1.3	0.631196923696201	5
chr20	158721	159040	320	6	18.2333333333333	0.2713258878558	0.2713258878558	0.279839237754204	0.279839237754204	hyper	case		0.222026789797704	0.63	0.63	1.3	0.631196923696201	5
chr21	5058039	5059723	1685	21	10.8785714285714	-0.258804045219486	0.258804045219486	-0.268227683415608	0.268227683415608	hypo	case		0.452052644944226	0.63	0.63	1.3	0.631196923696201	5
chr21	13813714	13815020	1307	14	22.4285714285714	-0.310719500285174	0.310719500285174	-0.305692946575655	0.305692946575655	hypo	case		0.974686516207134	0.63	0.974686516207134	2.8	0.699178745142492	5
chr20	1683796	1684104	309	14	23.6464285714286	-0.280268437309501	0.280268437309501	-0.302748661690916	0.302748661690916	hypo	case		0.266004457271058	0.63	0.63	1.3	0.631196923696201	5
chr20	16870543	16870891	349	10	24.29	0.236359754099357	0.236359754099357	0.281925519108248	0.281925519108248	hyper	case		0.137434788214083	0.63	0.63	1.3	0.631196923696201	5
chr20	60607464	60607652	189	5	22.69	-0.346392610690945	0.346392610690945	-0.338921526296536	0.338921526296536	hypo	case		0.52177241740324	0.63	0.63	1.3	0.631196923696201	5
chr21	24222203	24223202	1000	20	22.7375	-0.297477368828422	0.297477368828422	-0.284898706892185	0.284898706892185	hypo	case		0.330264942476976	0.63	0.63	1.3	0.631196923696201	5
chr21	24291438	24291581	144	5	20.37	0.149013681785174	0.149013681785174	0.108883391434316	0.108883391434316	hyper	case		0.485709143762093	0.63	0.63	1.3	0.631196923696201	5
chr21	30734871	30735403	533	9	23.3111111111111	-0.215717978639305	0.215717978639305	-0.25005093359391	0.25005093359391	hypo	case		0.21279275028076	0.63	0.63	1.3	0.631196923696201	5
chr21	10992127	10992594	468	5	14.25	0.237910051153186	0.237910051153186	0.132852112553423	0.132852112553423	hyper	case		0.105395325522562	0.63	0.63	1.3	0.631196923696201	5
chr20	6340924	6341287	364	5	20.95	-0.21905014226179	0.21905014226179	-0.165458417381525	0.165458417381525	hypo	case		0.384555073100889	0.63	0.63	1.3	0.631196923696201	5
chr21	10430924	10432159	1236	38	142.298684210526	-0.262037034677086	0.262037034677086	-0.262962272190556	0.262962272190556	hypo	case		0.146484869819414	0.63	0.63	1.3	0.631196923696201	5
chr20	40138841	40140151	1311	6	22.4916666666667	-0.256180814686289	0.256180814686289	-0.237535437573382	0.237535437573382	hypo	case		0.0778356398979065	0.63	0.63	1.3	0.631196923696201	5
chr21	30124333	30124623	291	13	21.5653846153846	-0.239158233859567	0.239158233859567	-0.240116150089172	0.240116150089172	hypo	case		0.258103159094068	0.63	0.63	1.3	0.631196923696201	5
chr20	9260863	9261289	427	5	20.45	-0.121643807652651	0.121643807652651	-0.0656116686130954	0.0656116686130954	hypo	case		0.243284941864346	0.63	0.63	1.3	0.631196923696201	5
chr21	6874887	6876541	1655	28	13.7071428571429	0.281428073488832	0.281428073488832	0.287654950231947	0.287654950231947	hyper	case		0.671661101553613	0.63	0.671661101553613	2.7	0.672386119003475	5
chr20	4551675	4551972	298	7	24.3285714285714	0.314415921805282	0.314415921805282	0.305753280769971	0.305753280769971	hyper	case		0.338074549706689	0.63	0.63	1.3	0.631196923696201	5
chr20	6269405	6270092	688	17	20.0117647058824	0.338502673252673	0.338502673252673	0.344902562210756	0.344902562210756	hyper	case		0.124884862477305	0.63	0.63	1.3	0.631196923696201	5
chr20	45676868	45677369	502	5	22.44	-0.303127188809145	0.303127188809145	-0.277664514208395	0.277664514208395	hypo	case		0.174765910862575	0.63	0.63	1.3	0.631196923696201	5
chr20	22970310	22971412	1103	10	23.11	-0.319414281893107	0.319414281893107	-0.313092101454127	0.313092101454127	hypo	case		0.629746688516488	0.63	0.63	1.3	0.631196923696201	5
chr20	20521128	20521533	406	13	24.1038461538462	0.275240072213723	0.275240072213723	0.263804207145931	0.263804207145931	hyper	case		0.427096340244476	0.63	0.63	1.3	0.631196923696201	5
chr21	22655597	22655965	369	10	22.66	0.252686817450558	0.252686817450558	0.238949256626511	0.238949256626511	hyper	case		0.265712850143337	0.63	0.63	1.3	0.631196923696201	5
chr20	23814816	23815166	351	14	20.7892857142857	-0.369363703173963	0.369363703173963	-0.35685261224153	0.35685261224153	hypo	case		0.311309196286781	0.63	0.63	1.3	0.631196923696201	5
chr20	14193664	14194667	1004	11	19.15	-0.23834743581227	0.23834743581227	-0.217359753427115	0.217359753427115	hypo	case		0.291780817244187	0.63	0.63	1.3	0.631196923696201	5
chr20	10229271	10230313	1043	8	22.19375	-0.23956545990154	0.23956545990154	-0.264771224027126	0.264771224027126	hypo	case		0.267524370578604	0.63	0.63	1.3	0.631196923696201	5
chr21	22377956	22379218	1263	13	17.9230769230769	-0.302388103167902	0.302388103167902	-0.371847674870353	0.371847674870353	hypo	case		0.27352303483593	0.63	0.63	1.3	0.631196923696201	5
chr20	7897277	7897583	307	5	20.63	-0.126105379759164	0.126105379759164	-0.0676241909820207	0.0676241909820207	hypo	case		0.685538764074504	0.63	0.685538764074504	2.2	0.68079466994017	5
chr21	22198667	22199151	485	7	11.0071428571429	-0.379299270990447	0.379299270990447	-0.34532709271865	0.34532709271865	hypo	case		0.371284297126346	0.63	0.63	1.3	0.631196923696201	5
chr21	16451090	16451355	266	5	20.27	0.142038027526695	0.142038027526695	0.108807775645229	0.108807775645229	hyper	case		0.350425751078566	0.63	0.63	1.3	0.631196923696201	5
chr20	16987285	16987447	163	6	18.6666666666667	-0.331591824297707	0.331591824297707	-0.324256910981463	0.324256910981463	hypo	case		0.574766056334761	0.63	0.63	1.3	0.631196923696201	5
chr21	5859227	5860402	1176	14	12.2321428571429	-0.270722672323451	0.270722672323451	-0.304742800724347	0.304742800724347	hypo	case		0.238273190058681	0.63	0.63	1.3	0.631196923696201	5
chr20	21277991	21278876	886	20	22.8525	-0.299922054461145	0.299922054461145	-0.338873146149714	0.338873146149714	hypo	case		0.507565691665328	0.63	0.63	1.3	0.631196923696201	5
chr20	14840970	14842641	1672	18	20.6888888888889	-0.323041869088906	0.323041869088906	-0.358418461788046	0.358418461788046	hypo	case		0.87571722094882	0.63	0.87571722094882	2.8	0.699178745142492	5
chr20	11339737	11340368	632	5	19.85	-0.211815117729143	0.211815117729143	-0.240072627550648	0.240072627550648	hypo	case		0.661026747001193	0.63	0.661026747001193	2.3	0.659306801480108	5
chr20	17394249	17394633	385	11	20.7681818181818	-0.204833555635186	0.204833555635186	-0.238547457891925	0.238547457891925	hypo	case		0.131555942479943	0.63	0.63	1.3	0.631196923696201	5
chr20	8014127	8015057	931	10	24.425	0.240379669456249	0.240379669456249	0.289099150040505	0.289099150040505	hyper	case		0.290928591657598	0.63	0.63	1.3	0.631196923696201	5
chr20	16516170	16516895	726	12	20.4166666666667	-0.337397381717945	0.337397381717945	-0.357755359323768	0.357755359323768	hypo	case		0.852298063591623	0.63	0.852298063591623	2.8	0.699178745142492	5
chr20	12403462	12404068	607	16	22.321875	-0.374228967102537	0.374228967102537	-0.366077519238459	0.366077519238459	hypo	case		0.814191365847742	0.63	0.814191365847742	2.8	0.699178745142492	5
chr20	40352393	40353230	838	5	25.08	-0.112946215808242	0.112946215808242	-0.14762979439947	0.14762979439947	hypo	case		0.380864274056514	0.63	0.63	1.3	0.631196923696201	5
chr20	26181622	26181774	153	5	19.46	-0.164731634339472	0.164731634339472	-0.207248684469803	0.207248684469803	hypo	case		0.387138891752728	0.63	0.63	1.3	0.631196923696201	5
chr21	17070924	17071789	866	16	23.65	-0.243798899704241	0.243798899704241	-0.265745712525266	0.265745712525266	hypo	case		0.524442702231623	0.63	0.63	1.3	0.631196923696201	5
chr21	16841054	16841351	298	5	22.22	-0.189874138656747	0.189874138656747	-0.188464487920822	0.188464487920822	hypo	case		0.23008630399156	0.63	0.63	1.3	0.631196923696201	5
chr20	54393199	54393868	670	8	23.55625	-0.237432937731096	0.237432937731096	-0.265088964189692	0.265088964189692	hypo	case		0.383427450641013	0.63	0.63	1.3	0.631196923696201	5
chr21	38222715	38222949	235	8	22.05	-0.366145365381717	0.366145365381717	-0.330225594314548	0.330225594314548	hypo	case		0.189870118555738	0.63	0.63	1.3	0.631196923696201	5
chr20	8609205	8609672	468	5	19.86	-0.204726555951788	0.204726555951788	-0.246804704572268	0.246804704572268	hypo	case		0.485071244011305	0.63	0.63	1.3	0.631196923696201	5
chr21	18387857	18388722	866	10	18.985	0.279068606181189	0.279068606181189	0.314204587018709	0.314204587018709	hyper	case		0.162729509496947	0.63	0.63	1.3	0.631196923696201	5
chr20	16086831	16087756	926	9	20.8888888888889	-0.303492567623171	0.303492567623171	-0.32103550745018	0.32103550745018	hypo	case		0.123466933368869	0.63	0.63	1.3	0.631196923696201	5
chr20	56236238	56236472	235	5	22.86	-0.311803399636638	0.311803399636638	-0.228581095990237	0.228581095990237	hypo	case		0.377400620871079	0.63	0.63	1.3	0.631196923696201	5
chr20	44203402	44204084	683	9	22.9333333333333	-0.331732072296035	0.331732072296035	-0.303386510421392	0.303386510421392	hypo	case		0.322389389648412	0.63	0.63	1.3	0.631196923696201	5
chr21	24665570	24666016	447	5	21.27	-0.205465257568518	0.205465257568518	-0.17899419428313	0.17899419428313	hypo	case		0.99	0.63	0.99	2.8	0.699178745142492	5
chr21	29547642	29547894	253	9	23.2666666666667	-0.301640647729765	0.301640647729765	-0.256874074404421	0.256874074404421	hypo	case		0.109796321936941	0.63	0.63	1.3	0.631196923696201	5
chr21	28525985	28526969	985	15	22.66	-0.327071599234048	0.327071599234048	-0.317313385762754	0.317313385762754	hypo	case		0.599364463398604	0.63	0.63	1.3	0.631196923696201	5
chr21	20593035	20593308	274	5	20.02	-0.345047302442673	0.345047302442673	-0.347612655828783	0.347612655828783	hypo	case		0.334352223429864	0.63	0.63	1.3	0.631196923696201	5
chr21	23088727	23089007	281	6	21.3583333333333	-0.373178871977844	0.373178871977844	-0.393680981442234	0.393680981442234	hypo	case		0.416047970627481	0.63	0.63	1.3	0.631196923696201	5
chr20	28739371	28739502	132	5	29.75	-0.126433679524961	0.126433679524961	-0.104804812291697	0.104804812291697	hypo	case		0.449695701161521	0.63	0.63	1.3	0.631196923696201	5
chr21	21260218	21260499	282	5	23.72	-0.274918318890415	0.274918318890415	-0.319964593180202	0.319964593180202	hypo	case		0.99	0.63	0.99	2.8	0.699178745142492	5
chr20	45399487	45399724	238	5	20.28	-0.24040350963978	0.24040350963978	-0.252442732201836	0.252442732201836	hypo	case		0.176511072111365	0.63	0.63	1.3	0.631196923696201	5
chr20	12115375	12115906	532	11	19.6227272727273	-0.270588053429772	0.270588053429772	-0.291351924512175	0.291351924512175	hypo	case		0.99	0.63	0.99	2.8	0.699178745142492	5
chr20	8441038	8442004	967	18	22.6527777777778	0.312960857434379	0.312960857434379	0.314867792104907	0.314867792104907	hyper	case		0.0823854561666533	0.63	0.63	1.3	0.631196923696201	5
chr21	10165980	10166722	743	5	13.44	0.255425194001045	0.255425194001045	0.242674663541104	0.242674663541104	hyper	case		0.108698061316153	0.63	0.63	1.3	0.631196923696201	5
chr20	12179592	12180310	719	9	20.7611111111111	0.28223773205309	0.28223773205309	0.236500103801067	0.236500103801067	hyper	case		0.209386100720873	0.63	0.63	1.3	0.631196923696201	5
chr20	30564175	30565793	1619	76	23.0690789473684	-0.25216946356288	0.25216946356288	-0.254208645708571	0.254208645708571	hypo	case		0.301324167294082	0.63	0.63	1.3	0.631196923696201	5
chr21	24175010	24176018	1009	5	20.64	-0.0952661736305901	0.0952661736305901	-0.145604520031932	0.145604520031932	hypo	case		0.906223407483235	0.63	0.906223407483235	2.8	0.699178745142492	5
chr20	56091446	56091631	186	6	21.875	-0.27519099912564	0.27519099912564	-0.299348333325902	0.299348333325902	hypo	case		0.273820144246429	0.63	0.63	1.3	0.631196923696201	5
chr20	24402013	24402432	420	7	20.25	-0.241137603614602	0.241137603614602	-0.262479535438646	0.262479535438646	hypo	case		0.341963784498952	0.63	0.63	1.3	0.631196923696201	5
chr20	9109482	9110137	656	6	20.975	-0.21283372429517	0.21283372429517	-0.243988362578004	0.243988362578004	hypo	case		0.144222183927299	0.63	0.63	1.3	0.631196923696201	5
chr21	18416875	18416986	112	5	23.82	0.178507905985023	0.178507905985023	0.182318820347813	0.182318820347813	hyper	case		0.213291462633499	0.63	0.63	1.3	0.631196923696201	5
chr20	7159617	7159692	76	5	20.9	-0.156420101389473	0.156420101389473	-0.162079890450098	0.162079890450098	hypo	case		0.188754922964577	0.63	0.63	1.3	0.631196923696201	5
chr20	12814122	12814575	454	5	20.16	-0.345335859792382	0.345335859792382	-0.296785435448315	0.296785435448315	hypo	case		0.351292188272636	0.63	0.63	1.3	0.631196923696201	5
chr21	14549991	14550513	523	7	22.0214285714286	0.222645548736796	0.222645548736796	0.209896196100908	0.209896196100908	hyper	case		0.36331201667899	0.63	0.63	1.3	0.631196923696201	5
chr20	30224181	30224558	378	8	35.45	0.31774143204775	0.31774143204775	0.342171508103908	0.342171508103908	hyper	case		0.106353030283593	0.63	0.63	1.3	0.631196923696201	5
chr21	21520576	21521251	676	14	20.3285714285714	-0.231250866815796	0.231250866815796	-0.255500919824303	0.255500919824303	hypo	case		0.464437854021577	0.63	0.63	1.3	0.631196923696201	5
chr20	15290442	15290883	442	8	21.34375	-0.384008679825944	0.384008679825944	-0.339986528808145	0.339986528808145	hypo	case		0.0410082737379152	0.63	0.63	1.3	0.631196923696201	5
chr21	30323719	30323988	270	5	23.26	-0.123377879415956	0.123377879415956	-0.116160742467482	0.116160742467482	hypo	case		0.362266082871991	0.63	0.63	1.3	0.631196923696201	5
chr20	11624023	11625035	1013	11	22.1772727272727	0.306086567750923	0.306086567750923	0.327981866425979	0.327981866425979	hyper	case		0.191904304005351	0.63	0.63	1.3	0.631196923696201	5
chr20	45472225	45473016	792	13	22.25	-0.31327391278089	0.31327391278089	-0.27903136869957	0.27903136869957	hypo	case		0.250817037489413	0.63	0.63	1.3	0.631196923696201	5
chr20	7711739	7712126	388	8	20.35625	-0.273356284325921	0.273356284325921	-0.276671153610808	0.276671153610808	hypo	case		0.125217298175441	0.63	0.63	1.3	0.631196923696201	5
chr20	30188426	30188888	463	5	20.36	-0.252774073197611	0.252774073197611	-0.252025759016786	0.252025759016786	hypo	case		0.177742169619701	0.63	0.63	1.3	0.631196923696201	5
chr20	18672946	18673050	105	11	20.8136363636364	-0.22140105164873	0.22140105164873	-0.264528795194447	0.264528795194447	hypo	case		0.512667201406041	0.63	0.63	1.3	0.631196923696201	5
chr21	24473832	24475104	1273	24	21.6145833333333	-0.278367498123363	0.278367498123363	-0.30596543419174	0.30596543419174	hypo	case		0.288334998419576	0.63	0.63	1.3	0.631196923696201	5
chr20	14632758	14634547	1790	33	21.5242424242424	-0.335506983698604	0.335506983698604	-0.343525845226308	0.343525845226308	hypo	case		0.323596362478067	0.63	0.63	1.3	0.631196923696201	5
chr21	40518159	40518322	164	5	21.75	-0.257045707644459	0.257045707644459	-0.24578526520507	0.24578526520507	hypo	case		0.455867193966277	0.63	0.63	1.3	0.631196923696201	5
chr21	23928084	23928719	636	18	21.9638888888889	-0.301100704021843	0.301100704021843	-0.291263767204718	0.291263767204718	hypo	case		0.179582853861038	0.63	0.63	1.3	0.631196923696201	5
chr21	19769456	19769738	283	28	21.0303571428571	-0.286860832471092	0.286860832471092	-0.290759273433605	0.290759273433605	hypo	case		0.342005437767832	0.63	0.63	1.3	0.631196923696201	5
chr21	10089154	10090106	953	6	44.2833333333333	0.313073316178398	0.313073316178398	0.293427805376468	0.293427805376468	hyper	case		0.541203327031709	0.63	0.63	1.3	0.631196923696201	5
chr20	7258854	7259363	510	13	22.4615384615385	-0.287745432108486	0.287745432108486	-0.324042048310733	0.324042048310733	hypo	case		0.3194846001408	0.63	0.63	1.3	0.631196923696201	5
chr20	16457672	16458904	1233	16	21.840625	0.283859738717365	0.283859738717365	0.274297973640442	0.274297973640442	hyper	case		0.498693198356938	0.63	0.63	1.3	0.631196923696201	5
chr21	13080226	13080323	98	8	23.8125	0.252696564097947	0.252696564097947	0.326784302550348	0.326784302550348	hyper	case		0.609436647398263	0.63	0.63	1.3	0.631196923696201	5
chr20	21262212	21263442	1231	24	23.73125	-0.313148048635572	0.313148048635572	-0.318844975429216	0.318844975429216	hypo	case		0.393681199378569	0.63	0.63	1.3	0.631196923696201	5
chr20	21069142	21069768	627	24	18.95	-0.260446598578014	0.260446598578014	-0.244120005245211	0.244120005245211	hypo	case		0.120478386369157	0.63	0.63	1.3	0.631196923696201	5
chr21	27637413	27638585	1173	21	20.6642857142857	-0.295071107727841	0.295071107727841	-0.316084728632218	0.316084728632218	hypo	case		0.169995909215807	0.63	0.63	1.3	0.631196923696201	5
chr20	55413794	55414019	226	8	21.4875	-0.404140576438244	0.404140576438244	-0.353059153610161	0.353059153610161	hypo	case		0.298569008548511	0.63	0.63	1.3	0.631196923696201	5
chr21	28146032	28146378	347	16	22.4	-0.336274633768392	0.336274633768392	-0.304422760131251	0.304422760131251	hypo	case		0.0650253633701347	0.63	0.63	1.3	0.631196923696201	5
chr21	16831314	16832720	1407	22	20.7363636363636	-0.280230938621175	0.280230938621175	-0.292366245433853	0.292366245433853	hypo	case		0.236189982773898	0.63	0.63	1.3	0.631196923696201	5
chr21	17441041	17441956	916	7	21.0428571428571	0.16083572749529	0.16083572749529	0.215492870022182	0.215492870022182	hyper	case		0.099521246522354	0.63	0.63	1.3	0.631196923696201	5
chr20	22405760	22405916	157	5	24.72	-0.29194668625724	0.29194668625724	-0.33890054770034	0.33890054770034	hypo	case		0.833570692254766	0.63	0.833570692254766	2.8	0.699178745142492	5
chr21	22911434	22911571	138	5	20.3	-0.0624121920628272	0.0624121920628272	-0.111921800869631	0.111921800869631	hypo	case		0.452844713972896	0.63	0.63	1.3	0.631196923696201	5
chr21	21130500	21131675	1176	15	21.11	-0.232798488099	0.232798488099	-0.230890396056636	0.230890396056636	hypo	case		0.429218709001513	0.63	0.63	1.3	0.631196923696201	5
chr20	55070460	55071467	1008	9	22.0555555555556	-0.241875240832581	0.241875240832581	-0.275393252739251	0.275393252739251	hypo	case		0.286324073365883	0.63	0.63	1.3	0.631196923696201	5
chr21	18147329	18147995	667	8	20.875	-0.132082381660345	0.132082381660345	-0.21966363961888	0.21966363961888	hypo	case		0.372022487388107	0.63	0.63	1.3	0.631196923696201	5
chr20	10507028	10507269	242	8	21.65	0.288416783093999	0.288416783093999	0.293715278279065	0.293715278279065	hyper	case		0.544354616412643	0.63	0.63	1.3	0.631196923696201	5
chr20	9582282	9583049	768	13	20.3730769230769	-0.279598118384883	0.279598118384883	-0.290093750600486	0.290093750600486	hypo	case		0.383890622337373	0.63	0.63	1.3	0.631196923696201	5
chr21	25753379	25753808	430	10	22.35	-0.334236445541622	0.334236445541622	-0.351956936019702	0.351956936019702	hypo	case		0.326333750623189	0.63	0.63	1.3	0.631196923696201	5
chr21	18012618	18012933	316	7	19.6	-0.245943648154242	0.245943648154242	-0.28795397366844	0.28795397366844	hypo	case		0.131033877253522	0.63	0.63	1.3	0.631196923696201	5
chr20	39774489	39774723	235	5	23.08	-0.237569093759025	0.237569093759025	-0.250471872155305	0.250471872155305	hypo	case		0.494750237297274	0.63	0.63	1.3	0.631196923696201	5
chr20	40232089	40232325	237	5	22.98	-0.281009889860546	0.281009889860546	-0.207615670284952	0.207615670284952	hypo	case		0.164382715805619	0.63	0.63	1.3	0.631196923696201	5
chr21	12394822	12395488	667	5	10.1	-0.365050990675991	0.365050990675991	-0.399573421790766	0.399573421790766	hypo	case		0.390978421126767	0.63	0.63	1.3	0.631196923696201	5
chr21	33811085	33811227	143	14	20.375	-0.277329287512951	0.277329287512951	-0.340059738838296	0.340059738838296	hypo	case		0.11570574332094	0.63	0.63	1.3	0.631196923696201	5
chr21	20959175	20961012	1838	19	23.95	-0.323842033704037	0.323842033704037	-0.359419225488891	0.359419225488891	hypo	case		0.840109754804404	0.63	0.840109754804404	2.8	0.699178745142492	5
chr21	8864861	8865238	378	5	15.4	0.249982540464352	0.249982540464352	0.27787894663035	0.27787894663035	hyper	case		0.680021937319933	0.63	0.680021937319933	2.2	0.68079466994017	5
chr20	11728305	11729253	949	14	21.25	-0.329302848628176	0.329302848628176	-0.305246018749576	0.305246018749576	hypo	case		0.127462317106437	0.63	0.63	1.3	0.631196923696201	5
chr20	5883347	5883538	192	8	23.50625	-0.29537098005617	0.29537098005617	-0.308742677768688	0.308742677768688	hypo	case		0.33179524898188	0.63	0.63	1.3	0.631196923696201	5
chr20	23971075	23971122	48	5	21.77	-0.246073533707212	0.246073533707212	-0.217427725272935	0.217427725272935	hypo	case		0.529082593243626	0.63	0.63	1.3	0.631196923696201	5
chr21	17896898	17897131	234	6	20.4166666666667	-0.341519584285241	0.341519584285241	-0.370840629510767	0.370840629510767	hypo	case		0.0181679910201802	0.63	0.63	1.3	0.631196923696201	5
chr21	33096593	33097524	932	30	20.75	-0.286520194035423	0.286520194035423	-0.278543813859469	0.278543813859469	hypo	case		0.0876123593439931	0.63	0.63	1.3	0.631196923696201	5
chr20	10981183	10981696	514	5	20.34	-0.292155565627257	0.292155565627257	-0.227138546289545	0.227138546289545	hypo	case		0.657213256698513	0.63	0.657213256698513	1.5	0.657655031919379	5
chr20	2629824	2631069	1246	7	18.0428571428571	-0.31692099997375	0.31692099997375	-0.313623475812342	0.313623475812342	hypo	case		0.32767531703645	0.63	0.63	1.3	0.631196923696201	5
chr21	18432657	18434233	1577	21	25.9928571428571	-0.214285655154263	0.214285655154263	-0.26469853804726	0.26469853804726	hypo	case		0.526054196679308	0.63	0.63	1.3	0.631196923696201	5
chr21	31007050	31007528	479	6	20.9583333333333	-0.255835876357533	0.255835876357533	-0.297180093043313	0.297180093043313	hypo	case		0.0627498046305995	0.63	0.63	1.3	0.631196923696201	5
chr20	54986411	54986879	469	5	18.92	-0.273340141755389	0.273340141755389	-0.308445780888184	0.308445780888184	hypo	case		0.415014646215588	0.63	0.63	1.3	0.631196923696201	5
chr20	1509300	1510181	882	10	22.02	-0.211615733936138	0.211615733936138	-0.254602408103355	0.254602408103355	hypo	case		0.533347390535614	0.63	0.63	1.3	0.631196923696201	5
chr21	20924806	20925873	1068	5	22	0.253206524684928	0.253206524684928	0.24147884461366	0.24147884461366	hyper	case		0.77090495063081	0.63	0.77090495063081	2.8	0.699178745142492	5
chr21	25619525	25620187	663	8	25.16875	-0.256257465561729	0.256257465561729	-0.268529404715738	0.268529404715738	hypo	case		0.208912357320157	0.63	0.63	1.3	0.631196923696201	5
chr20	20198746	20198968	223	5	18.95	-0.236703826867409	0.236703826867409	-0.21516782540862	0.21516782540862	hypo	case		0.361824684707528	0.63	0.63	1.3	0.631196923696201	5
chr20	55752946	55754509	1564	20	19.61	-0.28957598993659	0.28957598993659	-0.280253041891833	0.280253041891833	hypo	case		0.470052615424036	0.63	0.63	1.3	0.631196923696201	5
chr20	47552667	47553969	1303	25	25.422	0.23951114483188	0.23951114483188	0.263765034305434	0.263765034305434	hyper	case		0.568406720846375	0.63	0.63	1.3	0.631196923696201	5
chr21	25126252	25126792	541	6	21.9833333333333	-0.258587453129905	0.258587453129905	-0.231476798488266	0.231476798488266	hypo	case		0.324949020078777	0.63	0.63	1.3	0.631196923696201	5
chr21	14138742	14139031	290	5	21.51	-0.191673922885908	0.191673922885908	-0.165563548436273	0.165563548436273	hypo	case		0.33474894356736	0.63	0.63	1.3	0.631196923696201	5
chr20	60830377	60831809	1433	14	22.5892857142857	-0.329378517148859	0.329378517148859	-0.27326814811669	0.27326814811669	hypo	case		0.40928639880017	0.63	0.63	1.3	0.631196923696201	5
chr20	29281674	29282215	542	13	20.2961538461538	-0.353390134292628	0.353390134292628	-0.345827040244068	0.345827040244068	hypo	case		0.516235305885959	0.63	0.63	1.3	0.631196923696201	5
chr20	13312112	13313119	1008	26	23.3557692307692	-0.295540099546548	0.295540099546548	-0.307846384361436	0.307846384361436	hypo	case		0.310912285321055	0.63	0.63	1.3	0.631196923696201	5
chr20	25731889	25732508	620	6	26.0916666666667	-0.2378615473547	0.2378615473547	-0.273726871270238	0.273726871270238	hypo	case		0.378460341794527	0.63	0.63	1.3	0.631196923696201	5
chr21	22640001	22640628	628	5	22.49	-0.0216432863528652	0.0216432863528652	0.0608761144865638	0.0608761144865638	hypo	case		0.168761501133383	0.63	0.63	1.3	0.631196923696201	5
chr20	39431289	39432466	1178	14	20.2821428571429	0.220874190245636	0.220874190245636	0.236333623678667	0.236333623678667	hyper	case		0.375046614913511	0.63	0.63	1.3	0.631196923696201	5
chr20	9189808	9190322	515	10	21.1	-0.282791158792041	0.282791158792041	-0.247080660752427	0.247080660752427	hypo	case		0.837538909244337	0.63	0.837538909244337	2.8	0.699178745142492	5
chr20	15446542	15447416	875	25	21.306	-0.278293472201174	0.278293472201174	-0.295549620442818	0.295549620442818	hypo	case		0.0623409191772653	0.63	0.63	1.3	0.631196923696201	5
chr20	54866178	54867285	1108	21	19.4404761904762	0.251030600544045	0.251030600544045	0.246934223055206	0.246934223055206	hyper	case		0.441589398573835	0.63	0.63	1.3	0.631196923696201	5
chr20	790948	791399	452	5	21	0.195063941760046	0.195063941760046	0.177437043114083	0.177437043114083	hyper	case		0.125162500649374	0.63	0.63	1.3	0.631196923696201	5
chr21	39814499	39814817	319	5	23.71	-0.127186492643803	0.127186492643803	-0.110474393920117	0.110474393920117	hypo	case		0.142889656382568	0.63	0.63	1.3	0.631196923696201	5
chr20	49267143	49268165	1023	32	24.0359375	-0.287835793278614	0.287835793278614	-0.28274849749103	0.28274849749103	hypo	case		0.341891755830994	0.63	0.63	1.3	0.631196923696201	5
chr21	18218739	18219065	327	6	22.4666666666667	-0.291328037527787	0.291328037527787	-0.314399140870726	0.314399140870726	hypo	case		0.308295733025457	0.63	0.63	1.3	0.631196923696201	5
chr21	30443691	30444066	376	5	21.79	-0.269800679205852	0.269800679205852	-0.256848641814839	0.256848641814839	hypo	case		0.164716691178957	0.63	0.63	1.3	0.631196923696201	5
chr20	42335827	42336990	1164	12	20.2541666666667	-0.29861455937186	0.29861455937186	-0.273340307032191	0.273340307032191	hypo	case		0.174854042845797	0.63	0.63	1.3	0.631196923696201	5
chr20	60197626	60198102	477	6	20.4	0.219589926366037	0.219589926366037	0.204514793202887	0.204514793202887	hyper	case		0.0948826605447477	0.63	0.63	1.3	0.631196923696201	5
chr20	36755932	36756330	399	23	23.2130434782609	-0.354762432053589	0.354762432053589	-0.329043274924828	0.329043274924828	hypo	case		0.319248920993036	0.63	0.63	1.3	0.631196923696201	5
chr21	25401772	25403261	1490	19	21.0921052631579	-0.322633759911287	0.322633759911287	-0.356259776066645	0.356259776066645	hypo	case		0.74951983970976	0.63	0.74951983970976	2.8	0.699178745142492	5
chr20	26206875	26207378	504	5	21.98	-0.214211517630773	0.214211517630773	-0.193145526311292	0.193145526311292	hypo	case		0.17277167067342	0.63	0.63	1.3	0.631196923696201	5
chr21	29463855	29464283	429	12	21.3291666666667	-0.320852395052077	0.320852395052077	-0.308939708830563	0.308939708830563	hypo	case		0.408246806666687	0.63	0.63	1.3	0.631196923696201	5
chr20	55074450	55075078	629	47	20.8457446808511	-0.313187704585016	0.313187704585016	-0.314110657978604	0.314110657978604	hypo	case		0.366195574589734	0.63	0.63	1.3	0.631196923696201	5
chr20	12321318	12322547	1230	10	19.94	-0.322124008728717	0.322124008728717	-0.295758656608316	0.295758656608316	hypo	case		0.177479424682991	0.63	0.63	1.3	0.631196923696201	5
chr20	60588779	60589838	1060	10	19.915	-0.30230036682146	0.30230036682146	-0.282414508897037	0.282414508897037	hypo	case		0.299625485100673	0.63	0.63	1.3	0.631196923696201	5
chr21	27918682	27919075	394	7	20.1785714285714	-0.266843301345447	0.266843301345447	-0.28197772697128	0.28197772697128	hypo	case		0.100100017853674	0.63	0.63	1.3	0.631196923696201	5
chr21	29970237	29970754	518	16	23.81875	-0.290606906258051	0.290606906258051	-0.329912592424959	0.329912592424959	hypo	case		0.203560502747933	0.63	0.63	1.3	0.631196923696201	5
chr20	6559834	6559895	62	6	18.8333333333333	-0.247182401631878	0.247182401631878	-0.278547661426012	0.278547661426012	hypo	case		0.114784816679462	0.63	0.63	1.3	0.631196923696201	5
chr20	40728739	40729221	483	5	21.59	0.101482084432747	0.101482084432747	0.142411122793717	0.142411122793717	hyper	case		0.270101863928253	0.63	0.63	1.3	0.631196923696201	5
chr20	37761091	37761265	175	5	21.99	-0.166645796369787	0.166645796369787	-0.197930244136364	0.197930244136364	hypo	case		0.149483434684416	0.63	0.63	1.3	0.631196923696201	5
chr20	29522302	29522899	598	9	27.45	0.277916441582623	0.277916441582623	0.295019910503284	0.295019910503284	hyper	case		0.218838775779252	0.63	0.63	1.3	0.631196923696201	5
chr20	35195249	35195979	731	12	19.675	-0.2362642898103	0.2362642898103	-0.237816419431099	0.237816419431099	hypo	case		0.0642572025483689	0.63	0.63	1.3	0.631196923696201	5
chr20	47842141	47843637	1497	51	23.4627450980392	-0.282323489185617	0.282323489185617	-0.272227545106729	0.272227545106729	hypo	case		0.0359626447722523	0.63	0.63	1.3	0.631196923696201	5
chr20	45515478	45515943	466	8	25.75625	0.257536783302974	0.257536783302974	0.23216543566755	0.23216543566755	hyper	case		0.404702191103959	0.63	0.63	1.3	0.631196923696201	5
chr21	45189083	45189219	137	5	21.68	-0.173270700981274	0.173270700981274	-0.134415829342193	0.134415829342193	hypo	case		0.757944288397636	0.63	0.757944288397636	2.8	0.699178745142492	5
chr21	17965569	17966978	1410	24	20.8895833333333	-0.260642485213482	0.260642485213482	-0.289769657637011	0.289769657637011	hypo	case		0.615169110406971	0.63	0.63	1.3	0.631196923696201	5
chr20	17321774	17322217	444	5	22.69	0.146314066254035	0.146314066254035	0.0979938416906715	0.0979938416906715	hyper	case		0.689905668865787	0.63	0.689905668865787	1.1	0.6923721055347	5
chr21	9967523	9968378	856	7	55.3214285714286	0.216319605741027	0.216319605741027	0.196909670806626	0.196909670806626	hyper	case		0.429275580829891	0.63	0.63	1.3	0.631196923696201	5
chr21	35088486	35089020	535	5	20.26	0.161285616141796	0.161285616141796	0.142457227837256	0.142457227837256	hyper	case		0.724159980541936	0.63	0.724159980541936	2.8	0.699178745142492	5
chr20	29534542	29534746	205	6	23.1833333333333	-0.238836737500782	0.238836737500782	-0.238689103562988	0.238689103562988	hypo	case		0.624279058492858	0.63	0.63	1.3	0.631196923696201	5
chr21	16257330	16257516	187	5	21.03	-0.227055810936782	0.227055810936782	-0.137120040035531	0.137120040035531	hypo	case		0.0838361229561907	0.63	0.63	1.3	0.631196923696201	5
chr21	20856917	20857775	859	13	21.4615384615385	-0.28411530224264	0.28411530224264	-0.244314136331971	0.244314136331971	hypo	case		0.354311868465891	0.63	0.63	1.3	0.631196923696201	5
chr21	17317070	17317748	679	5	23.18	-0.268004440863531	0.268004440863531	-0.252566780777253	0.252566780777253	hypo	case		0.501748803561111	0.63	0.63	1.3	0.631196923696201	5
chr20	7609899	7610049	151	8	21.53125	-0.28170479103917	0.28170479103917	-0.247621405231802	0.247621405231802	hypo	case		0.612201678705584	0.63	0.63	1.3	0.631196923696201	5
chr21	16478654	16479357	704	7	21.8714285714286	-0.234967234214811	0.234967234214811	-0.230885629561349	0.230885629561349	hypo	case		0.134914817260174	0.63	0.63	1.3	0.631196923696201	5
chr21	18275648	18276081	434	10	20.04	0.236182601494428	0.236182601494428	0.21804363746354	0.21804363746354	hyper	case		0.308724237594307	0.63	0.63	1.3	0.631196923696201	5
chr21	18706694	18707497	804	16	20.178125	-0.285656169479891	0.285656169479891	-0.283260251904435	0.283260251904435	hypo	case		0.335929487940736	0.63	0.63	1.3	0.631196923696201	5
chr20	9339750	9339898	149	5	21.43	-0.296639142022134	0.296639142022134	-0.227663281103263	0.227663281103263	hypo	case		0.250132023867287	0.63	0.63	1.3	0.631196923696201	5
chr20	23972308	23973273	966	24	20.9708333333333	-0.292308141037109	0.292308141037109	-0.289296988938872	0.289296988938872	hypo	case		0.323217698215208	0.63	0.63	1.3	0.631196923696201	5
chr21	29900729	29902325	1597	18	23.1833333333333	-0.295685929815452	0.295685929815452	-0.317334457048952	0.317334457048952	hypo	case		0.99	0.63	0.99	2.8	0.699178745142492	5
chr20	41759004	41759325	322	5	24.31	-0.262385456145643	0.262385456145643	-0.245250665784113	0.245250665784113	hypo	case		0.499360796190565	0.63	0.63	1.3	0.631196923696201	5
chr21	20599266	20600235	970	10	17.52	-0.323445102620454	0.323445102620454	-0.274537432864146	0.274537432864146	hypo	case		0.854918538197483	0.63	0.854918538197483	2.8	0.699178745142492	5
chr21	17875476	17876516	1041	5	20.38	-0.15001951995373	0.15001951995373	-0.13121091875466	0.13121091875466	hypo	case		0.99	0.63	0.99	2.8	0.699178745142492	5
chr21	29724156	29725651	1496	26	21.4	-0.221893658622437	0.221893658622437	-0.251682410274725	0.251682410274725	hypo	case		0.196368093816097	0.63	0.63	1.3	0.631196923696201	5
chr20	28906683	28907044	362	12	37.725	-0.299803398418885	0.299803398418885	-0.31830503419163	0.31830503419163	hypo	case		0.237366607175692	0.63	0.63	1.3	0.631196923696201	5
chr21	18604182	18604640	459	8	23.41875	-0.270236628979067	0.270236628979067	-0.316053066314747	0.316053066314747	hypo	case		0.230736151757891	0.63	0.63	1.3	0.631196923696201	5
chr21	17106629	17106864	236	5	21.34	0.103527730439495	0.103527730439495	0.0943971932618692	0.0943971932618692	hyper	case		0.167754877586812	0.63	0.63	1.3	0.631196923696201	5
chr21	23291153	23291273	121	5	21.02	-0.314257164107779	0.314257164107779	-0.298042918856187	0.298042918856187	hypo	case		0.46649090346653	0.63	0.63	1.3	0.631196923696201	5
chr21	18585136	18585216	81	6	24.85	-0.267994101503298	0.267994101503298	-0.304987440340041	0.304987440340041	hypo	case		0.481355244224462	0.63	0.63	1.3	0.631196923696201	5
chr20	7752886	7753238	353	6	24.425	-0.348805950412219	0.348805950412219	-0.334919426540282	0.334919426540282	hypo	case		0.144783097076168	0.63	0.63	1.3	0.631196923696201	5
chr21	29886772	29887086	315	5	21.65	-0.349327893321816	0.349327893321816	-0.304216110832634	0.304216110832634	hypo	case		0.243624305391254	0.63	0.63	1.3	0.631196923696201	5
chr20	55369191	55370302	1112	18	21.2305555555556	-0.256595501056385	0.256595501056385	-0.26030339486553	0.26030339486553	hypo	case		0.861075337068119	0.63	0.861075337068119	2.8	0.699178745142492	5
chr20	14562096	14562124	29	5	21.42	-0.195143974832905	0.195143974832905	-0.249248154864187	0.249248154864187	hypo	case		0.299396853064257	0.63	0.63	1.3	0.631196923696201	5
chr20	180816	181275	460	5	22.81	0.0461661778707296	0.0461661778707296	0.0811395454711717	0.0811395454711717	hyper	case		0.293089148213852	0.63	0.63	1.3	0.631196923696201	5
chr21	29452813	29453033	221	5	19.5	-0.138733615371083	0.138733615371083	-0.153102227647924	0.153102227647924	hypo	case		0.481263865066986	0.63	0.63	1.3	0.631196923696201	5
chr20	34766340	34766501	162	5	23	0.138131476277186	0.138131476277186	0.22017067106871	0.22017067106871	hyper	case		0.19662921833379	0.63	0.63	1.3	0.631196923696201	5
chr21	10755490	10756731	1242	20	88.0475	0.236516122919529	0.236516122919529	0.248981914387217	0.248981914387217	hyper	case		0.377980288746787	0.63	0.63	1.3	0.631196923696201	5
chr20	2425798	2425861	64	5	19.33	-0.150330825778968	0.150330825778968	-0.16062097117249	0.16062097117249	hypo	case		0.181900977501527	0.63	0.63	1.3	0.631196923696201	5
chr21	13340823	13341780	958	16	20.340625	0.286656777314285	0.286656777314285	0.297869756959019	0.297869756959019	hyper	case		0.269913304381447	0.63	0.63	1.3	0.631196923696201	5
chr20	33577548	33578062	515	5	18.83	0.12099522486053	0.12099522486053	0.094178806309969	0.094178806309969	hyper	case		0.204601426711825	0.63	0.63	1.3	0.631196923696201	5
chr20	5160107	5160619	513	6	20.75	0.222917840246338	0.222917840246338	0.231932513643745	0.231932513643745	hyper	case		0.0685975491694062	0.63	0.63	1.3	0.631196923696201	5
chr21	18680792	18681143	352	8	22.55625	-0.316844252888808	0.316844252888808	-0.376717774159223	0.376717774159223	hypo	case		0.724166011134775	0.63	0.724166011134775	2.8	0.699178745142492	5
chr20	60816848	60816956	109	8	22.025	-0.375796967882358	0.375796967882358	-0.414867400867746	0.414867400867746	hypo	case		0.47975442019658	0.63	0.63	1.3	0.631196923696201	5
chr21	31716243	31716828	586	6	21.3333333333333	0.253646419084547	0.253646419084547	0.2468189182157	0.2468189182157	hyper	case		0.249420687022143	0.63	0.63	1.3	0.631196923696201	5
chr21	17206087	17206190	104	5	12.78	-0.243616745741359	0.243616745741359	-0.306308640716818	0.306308640716818	hypo	case		0.260387966615963	0.63	0.63	1.3	0.631196923696201	5
chr20	12320451	12320474	24	5	19.58	-0.197877813474546	0.197877813474546	-0.193353057829725	0.193353057829725	hypo	case		0.505433720556553	0.63	0.63	1.3	0.631196923696201	5
chr20	60855124	60855538	415	7	19.5785714285714	-0.341600845069143	0.341600845069143	-0.334411648243284	0.334411648243284	hypo	case		0.0946542905330771	0.63	0.63	1.3	0.631196923696201	5
chr20	14398172	14399510	1339	35	22.79	-0.328260748107048	0.328260748107048	-0.352191383909142	0.352191383909142	hypo	case		0.370821671959062	0.63	0.63	1.3	0.631196923696201	5
chr21	41576520	41576680	161	5	23.66	-0.317898346742288	0.317898346742288	-0.290877360883719	0.290877360883719	hypo	case		0.520210355303607	0.63	0.63	1.3	0.631196923696201	5
chr21	27667049	27667443	395	8	21.25625	-0.222320277718648	0.222320277718648	-0.25329088965875	0.25329088965875	hypo	case		0.316723379238323	0.63	0.63	1.3	0.631196923696201	5
chr21	29490186	29491302	1117	19	22.5289473684211	-0.28897569449814	0.28897569449814	-0.260464985529401	0.260464985529401	hypo	case		0.249948902800321	0.63	0.63	1.3	0.631196923696201	5
chr20	38993334	38993980	647	25	20.428	-0.317730349101317	0.317730349101317	-0.32401314462302	0.32401314462302	hypo	case		0.858051195589313	0.63	0.858051195589313	2.8	0.699178745142492	5
chr20	31322792	31323655	864	24	22.4604166666667	-0.298374983377952	0.298374983377952	-0.310072784847254	0.310072784847254	hypo	case		0.346292592585032	0.63	0.63	1.3	0.631196923696201	5
chr21	40744495	40745784	1290	10	22.37	-0.203615379448505	0.203615379448505	-0.248934774987995	0.248934774987995	hypo	case		0.372606178517178	0.63	0.63	1.3	0.631196923696201	5
chr21	13606319	13606621	303	5	9.65	-0.177297861452273	0.177297861452273	-0.189975155240819	0.189975155240819	hypo	case		0.0588178952070182	0.63	0.63	1.3	0.631196923696201	5
chr20	34883998	34884781	784	10	22.32	-0.288033735366833	0.288033735366833	-0.257574254852768	0.257574254852768	hypo	case		0.415688190117849	0.63	0.63	1.3	0.631196923696201	5
chr21	37447666	37447968	303	10	20.12	0.197222409133358	0.197222409133358	0.224399275847969	0.224399275847969	hyper	case		0.269328599054125	0.63	0.63	1.3	0.631196923696201	5
chr20	34412518	34412640	123	5	23.54	0.130148885025721	0.130148885025721	0.109875742480558	0.109875742480558	hyper	case		0.443012746150994	0.63	0.63	1.3	0.631196923696201	5
chr21	23084719	23085747	1029	7	20.2428571428571	0.228667763715398	0.228667763715398	0.25950446671531	0.25950446671531	hyper	case		0.196293806956474	0.63	0.63	1.3	0.631196923696201	5
chr20	45167172	45168178	1007	12	21.5541666666667	0.23988524944573	0.23988524944573	0.311896234619734	0.311896234619734	hyper	case		0.248300275173843	0.63	0.63	1.3	0.631196923696201	5
chr20	29811866	29811971	106	5	20.71	0.190715813720078	0.190715813720078	0.078476487844746	0.078476487844746	hyper	case		0.0849803190663951	0.63	0.63	1.3	0.631196923696201	5
chr20	8950458	8951333	876	24	20.8666666666667	-0.290799411464969	0.290799411464969	-0.294125873648116	0.294125873648116	hypo	case		0.168701622558573	0.63	0.63	1.3	0.631196923696201	5
chr21	34502531	34502988	458	5	22.23	0.189376039620605	0.189376039620605	0.200262154206897	0.200262154206897	hyper	case		0.700850732587786	0.63	0.700850732587786	2.8	0.699178745142492	5
chr21	13154155	13154813	659	15	24.2033333333333	0.267827158510065	0.267827158510065	0.302144567477128	0.302144567477128	hyper	case		0.487230941250587	0.63	0.63	1.3	0.631196923696201	5
chr21	30348088	30348726	639	17	20.7705882352941	-0.306229205792692	0.306229205792692	-0.285269915131402	0.285269915131402	hypo	case		0.354793522774037	0.63	0.63	1.3	0.631196923696201	5
chr21	13246027	13246350	324	5	21.5	-0.0971730092036115	0.0971730092036115	-0.156491121335937	0.156491121335937	hypo	case		0.286152399293273	0.63	0.63	1.3	0.631196923696201	5
chr21	31695852	31696604	753	12	23.2791666666667	-0.428714701283141	0.428714701283141	-0.425675861575684	0.425675861575684	hypo	case		0.287720824593222	0.63	0.63	1.3	0.631196923696201	5
chr21	23142839	23143778	940	7	24.35	-0.278944883618797	0.278944883618797	-0.295562018705325	0.295562018705325	hypo	case		0.479278352718749	0.63	0.63	1.3	0.631196923696201	5
chr21	10814102	10814378	277	7	47.0642857142857	0.22357429297563	0.22357429297563	0.251661592615091	0.251661592615091	hyper	case		0.128540105112091	0.63	0.63	1.3	0.631196923696201	5
chr21	10528178	10529108	931	16	39.859375	-0.267886565368724	0.267886565368724	-0.259385677501371	0.259385677501371	hypo	case		0.305374225577588	0.63	0.63	1.3	0.631196923696201	5
chr20	29114193	29115233	1041	13	90.4230769230769	0.240904172200708	0.240904172200708	0.244302396255498	0.244302396255498	hyper	case		0.778002306661226	0.63	0.778002306661226	2.8	0.699178745142492	5
chr20	8723739	8724126	388	15	23.7666666666667	-0.25731324637732	0.25731324637732	-0.261071693865951	0.261071693865951	hypo	case		0.99	0.63	0.99	2.8	0.699178745142492	5
chr21	25259570	25260409	840	15	22.42	-0.296862933099901	0.296862933099901	-0.268435447085536	0.268435447085536	hypo	case		0.272467359108907	0.63	0.63	1.3	0.631196923696201	5
chr21	20063168	20063385	218	5	21.06	-0.246576686077965	0.246576686077965	-0.160617728520169	0.160617728520169	hypo	case		0.184041977543848	0.63	0.63	1.3	0.631196923696201	5
chr21	27608762	27609672	911	7	22.0285714285714	-0.285091549702991	0.285091549702991	-0.313715902682597	0.313715902682597	hypo	case		0.0534868574545228	0.63	0.63	1.3	0.631196923696201	5
chr21	22063279	22064439	1161	12	21	0.198460102111847	0.198460102111847	0.23268476740168	0.23268476740168	hyper	case		0.36219316244853	0.63	0.63	1.3	0.631196923696201	5
chr20	31315074	31315342	269	33	25.6878787878788	-0.331221322336951	0.331221322336951	-0.344784291022388	0.344784291022388	hypo	case		0.99	0.63	0.99	2.8	0.699178745142492	5
chr21	18937414	18938012	599	16	22.14375	-0.225683908976007	0.225683908976007	-0.277653688392465	0.277653688392465	hypo	case		0.149825557334791	0.63	0.63	1.3	0.631196923696201	5
chr21	15798024	15798387	364	5	21.94	0.21697142023372	0.21697142023372	0.23541850364308	0.23541850364308	hyper	case		0.222228014548196	0.63	0.63	1.3	0.631196923696201	5
chr20	30206996	30207955	960	8	26.66875	-0.219830747398563	0.219830747398563	-0.293423531720303	0.293423531720303	hypo	case		0.614057768631481	0.63	0.63	1.3	0.631196923696201	5
chr20	20840496	20840878	383	5	26.16	-0.280338691850386	0.280338691850386	-0.263719121882443	0.263719121882443	hypo	case		0.335518604891248	0.63	0.63	1.3	0.631196923696201	5
chr20	6364773	6365300	528	11	20.8181818181818	-0.256336533132181	0.256336533132181	-0.270491505962055	0.270491505962055	hypo	case		0.131152047299946	0.63	0.63	1.3	0.631196923696201	5
chr20	61097156	61097533	378	5	23.41	-0.121072001649906	0.121072001649906	-0.0691160837387577	0.0691160837387577	hypo	case		0.275627787900694	0.63	0.63	1.3	0.631196923696201	5
chr20	24600134	24601519	1386	28	21.1285714285714	-0.270588430927632	0.270588430927632	-0.268199565121067	0.268199565121067	hypo	case		0.0478637007557335	0.63	0.63	1.3	0.631196923696201	5
chr20	52777234	52777604	371	11	21.1090909090909	-0.323886872457081	0.323886872457081	-0.350791614151703	0.350791614151703	hypo	case		0.430525998221358	0.63	0.63	1.3	0.631196923696201	5
chr21	22327864	22329006	1143	13	22.0538461538462	-0.263667887455861	0.263667887455861	-0.249414902372489	0.249414902372489	hypo	case		0.414178915023041	0.63	0.63	1.3	0.631196923696201	5
chr21	35833350	35834932	1583	8	21.18125	-0.200361620594217	0.200361620594217	-0.222777962187734	0.222777962187734	hypo	case		0.676182561289735	0.63	0.676182561289735	2.5	0.674207547206528	5
chr20	22188523	22188892	370	5	20.71	-0.122538991334058	0.122538991334058	-0.135369006909702	0.135369006909702	hypo	case		0.294784868978883	0.63	0.63	1.3	0.631196923696201	5
chr21	13086138	13086409	272	6	25.075	0.318432758071281	0.318432758071281	0.315235238164925	0.315235238164925	hyper	case		0.80436702496876	0.63	0.80436702496876	2.8	0.699178745142492	5
chr20	24377168	24377977	810	14	21.5178571428571	-0.314955710374862	0.314955710374862	-0.374793022352536	0.374793022352536	hypo	case		0.160926586042434	0.63	0.63	1.3	0.631196923696201	5
chr20	23193712	23194319	608	12	23.5333333333333	-0.286834660993171	0.286834660993171	-0.26339329930968	0.26339329930968	hypo	case		0.517098282686369	0.63	0.63	1.3	0.631196923696201	5
chr20	5426056	5426205	150	5	21.19	-0.115008200614912	0.115008200614912	-0.147479108901189	0.147479108901189	hypo	case		0.266135299064241	0.63	0.63	1.3	0.631196923696201	5
chr20	24187241	24187608	368	5	18.94	-0.1930697606678	0.1930697606678	-0.197685663140811	0.197685663140811	hypo	case		0.155537864866867	0.63	0.63	1.3	0.631196923696201	5
chr21	30671350	30671653	304	5	22.11	-0.19556457285483	0.19556457285483	-0.120764333148676	0.120764333148676	hypo	case		0.176151390407763	0.63	0.63	1.3	0.631196923696201	5
chr21	29306519	29306614	96	8	23.3625	-0.222463208120689	0.222463208120689	-0.253380948553532	0.253380948553532	hypo	case		0.239754243353161	0.63	0.63	1.3	0.631196923696201	5
chr21	16984235	16984789	555	10	19.515	-0.335736746120779	0.335736746120779	-0.358298751458599	0.358298751458599	hypo	case		0.26094875953854	0.63	0.63	1.3	0.631196923696201	5
chr21	9883749	9884875	1127	18	61.6083333333333	0.237162888200282	0.237162888200282	0.265971156005111	0.265971156005111	hyper	case		0.150539339184986	0.63	0.63	1.3	0.631196923696201	5
chr20	26274576	26274789	214	5	19.54	-0.310266324075535	0.310266324075535	-0.21556644940485	0.21556644940485	hypo	case		0.219422422735043	0.63	0.63	1.3	0.631196923696201	5
chr21	35484596	35486229	1634	22	22.7318181818182	-0.265418920319303	0.265418920319303	-0.291735936291292	0.291735936291292	hypo	case		0.22868238795156	0.63	0.63	1.3	0.631196923696201	5
chr21	26143471	26144064	594	12	21.1625	0.253942517644724	0.253942517644724	0.230410078027763	0.230410078027763	hyper	case		0.107679042636703	0.63	0.63	1.3	0.631196923696201	5
chr21	21233755	21233963	209	6	19.65	-0.235831709061247	0.235831709061247	-0.318027857433816	0.318027857433816	hypo	case		0.415800750432743	0.63	0.63	1.3	0.631196923696201	5
chr20	2568907	2569677	771	11	21.9227272727273	0.285858079722618	0.285858079722618	0.293007470814048	0.293007470814048	hyper	case		0.171058674912781	0.63	0.63	1.3	0.631196923696201	5
chr20	7761469	7762825	1357	23	21.554347826087	-0.225457686144718	0.225457686144718	-0.273371519568961	0.273371519568961	hypo	case		0.276127303731362	0.63	0.63	1.3	0.631196923696201	5
chr20	33987557	33988825	1269	13	22.2461538461538	-0.330823430447	0.330823430447	-0.287920513021082	0.287920513021082	hypo	case		0.134999092258417	0.63	0.63	1.3	0.631196923696201	5
chr21	13107832	13108131	300	5	21.27	-0.386659907672248	0.386659907672248	-0.352448846638226	0.352448846638226	hypo	case		0.492333379292234	0.63	0.63	1.3	0.631196923696201	5
chr21	23562384	23563026	643	12	17.275	0.247987583028327	0.247987583028327	0.281475976024932	0.281475976024932	hyper	case		0.4008048928438	0.63	0.63	1.3	0.631196923696201	5
chr20	4313949	4315520	1572	37	22.727027027027	-0.357821234321234	0.357821234321234	-0.347485851925772	0.347485851925772	hypo	case		0.343893875588533	0.63	0.63	1.3	0.631196923696201	5
chr20	9363139	9363711	573	9	22.9666666666667	-0.214264274875688	0.214264274875688	-0.241527491235317	0.241527491235317	hypo	case		0.382781865047643	0.63	0.63	1.3	0.631196923696201	5
chr21	20865610	20866536	927	11	21.6045454545455	-0.32982774322823	0.32982774322823	-0.29773508877984	0.29773508877984	hypo	case		0.114369447352517	0.63	0.63	1.3	0.631196923696201	5
chr20	12452939	12454186	1248	13	18.9307692307692	-0.378811849700008	0.378811849700008	-0.39258030222662	0.39258030222662	hypo	case		0.426768560644146	0.63	0.63	1.3	0.631196923696201	5
chr21	38005927	38006316	390	9	21.3055555555556	-0.304826415742748	0.304826415742748	-0.295192299011464	0.295192299011464	hypo	case		0.788086826616091	0.63	0.788086826616091	2.8	0.699178745142492	5
chr20	16914707	16914946	240	5	21.7	-0.25190414110663	0.25190414110663	-0.282442318695747	0.282442318695747	hypo	case		0.556319693415547	0.63	0.63	1.3	0.631196923696201	5
chr21	20452553	20453273	721	11	21.6590909090909	-0.354788168521992	0.354788168521992	-0.275659901445614	0.275659901445614	hypo	case		0.389001414325627	0.63	0.63	1.3	0.631196923696201	5
chr21	22008663	22009070	408	11	23.9636363636364	-0.290793836555679	0.290793836555679	-0.310404835474327	0.310404835474327	hypo	case		0.344924428545253	0.63	0.63	1.3	0.631196923696201	5
chr20	26230193	26230662	470	7	22.75	0.236533553276116	0.236533553276116	0.236500145783344	0.236500145783344	hyper	case		0.467610798276774	0.63	0.63	1.3	0.631196923696201	5
chr21	9939551	9940014	464	5	65.72	-0.18198591609652	0.18198591609652	-0.151169155378263	0.151169155378263	hypo	case		0.231221085317136	0.63	0.63	1.3	0.631196923696201	5
chr20	22051652	22051895	244	6	23.95	-0.346451453958493	0.346451453958493	-0.349304109797707	0.349304109797707	hypo	case		0.216486502413111	0.63	0.63	1.3	0.631196923696201	5
chr20	8755624	8755906	283	5	20.65	-0.110938870308436	0.110938870308436	-0.06886980891483	0.06886980891483	hypo	case		0.366011162386566	0.63	0.63	1.3	0.631196923696201	5
chr21	26918534	26919131	598	17	22.8823529411765	0.220028923274887	0.220028923274887	0.226223895812044	0.226223895812044	hyper	case		0.539234101328095	0.63	0.63	1.3	0.631196923696201	5
chr21	22747107	22747610	504	5	20.45	0.225935614907625	0.225935614907625	0.261889143426399	0.261889143426399	hyper	case		0.231442450742422	0.63	0.63	1.3	0.631196923696201	5
chr20	39383938	39384432	495	6	22.1583333333333	-0.298917399719446	0.298917399719446	-0.294525642342512	0.294525642342512	hypo	case		0.412290507339659	0.63	0.63	1.3	0.631196923696201	5
chr20	20510066	20511261	1196	20	23.4325	-0.272661664075644	0.272661664075644	-0.279560144802636	0.279560144802636	hypo	case		0.355854094663443	0.63	0.63	1.3	0.631196923696201	5
chr20	14884531	14884786	256	5	18.58	-0.0288426001137718	0.0288426001137718	-0.0990910631647427	0.0990910631647427	hypo	case		0.0808326822786357	0.63	0.63	1.3	0.631196923696201	5
chr21	23548760	23549369	610	14	22.3642857142857	-0.339723537642676	0.339723537642676	-0.337702885082457	0.337702885082457	hypo	case		0.346730170335553	0.63	0.63	1.3	0.631196923696201	5
chr21	22302031	22302277	247	6	17.725	-0.334157871670672	0.334157871670672	-0.323112778133405	0.323112778133405	hypo	case		0.515720648908635	0.63	0.63	1.3	0.631196923696201	5
chr21	5262686	5263208	523	5	31.16	0.225163262675815	0.225163262675815	0.16445334018326	0.16445334018326	hyper	case		0.359615374932111	0.63	0.63	1.3	0.631196923696201	5
chr20	9080887	9081206	320	5	20.62	0.214728964479789	0.214728964479789	0.24758410966035	0.24758410966035	hyper	case		0.378903285871751	0.63	0.63	1.3	0.631196923696201	5
chr21	26921440	26921903	464	8	22.025	-0.370534513466983	0.370534513466983	-0.398637582792445	0.398637582792445	hypo	case		0.758643938608901	0.63	0.758643938608901	2.8	0.699178745142492	5
chr20	55725941	55727464	1524	14	22.4321428571429	-0.318900273865941	0.318900273865941	-0.329044451005106	0.329044451005106	hypo	case		0.122073488599691	0.63	0.63	1.3	0.631196923696201	5
chr20	14511535	14513007	1473	25	21.978	-0.368497595276384	0.368497595276384	-0.380994463436965	0.380994463436965	hypo	case		0.183118288185242	0.63	0.63	1.3	0.631196923696201	5
chr20	10751733	10752144	412	13	22.0692307692308	-0.357750527433464	0.357750527433464	-0.361329923290644	0.361329923290644	hypo	case		0.310740833519338	0.63	0.63	1.3	0.631196923696201	5
chr21	40132670	40133141	472	12	22.9166666666667	-0.362756456054175	0.362756456054175	-0.373016309365568	0.373016309365568	hypo	case		0.258899729190457	0.63	0.63	1.3	0.631196923696201	5
chr20	25872956	25874213	1258	20	19.9	-0.314235665282284	0.314235665282284	-0.323291988228713	0.323291988228713	hypo	case		0.424930497890989	0.63	0.63	1.3	0.631196923696201	5
chr20	46442359	46442606	248	7	21.0571428571429	-0.306481682872567	0.306481682872567	-0.353631484817934	0.353631484817934	hypo	case		0.391117291517969	0.63	0.63	1.3	0.631196923696201	5
chr21	27476845	27477408	564	5	20.62	-0.071941325603797	0.071941325603797	-0.0759965036438752	0.0759965036438752	hypo	case		0.0918205058627243	0.63	0.63	1.3	0.631196923696201	5
chr20	10051627	10051896	270	6	22.7333333333333	-0.30052563895317	0.30052563895317	-0.320085842723291	0.320085842723291	hypo	case		0.195855636403112	0.63	0.63	1.3	0.631196923696201	5
chr21	30667198	30667459	262	5	22.79	0.114562890655362	0.114562890655362	0.10071070415048	0.10071070415048	hyper	case		0.371013507334889	0.63	0.63	1.3	0.631196923696201	5
chr20	11083784	11084377	594	10	22.85	-0.367185765766399	0.367185765766399	-0.38347736487189	0.38347736487189	hypo	case		0.219874379944601	0.63	0.63	1.3	0.631196923696201	5
chr21	7966189	7967176	988	10	87.99	0.344759402544453	0.344759402544453	0.372318542775147	0.372318542775147	hyper	case		0.758096718053386	0.63	0.758096718053386	2.8	0.699178745142492	5
chr20	54462006	54463524	1519	24	21.8479166666667	-0.328427919844291	0.328427919844291	-0.35890455988356	0.35890455988356	hypo	case		0.30353741223019	0.63	0.63	1.3	0.631196923696201	5
chr21	38556911	38557489	579	8	23.05	-0.301399876676787	0.301399876676787	-0.330292510101846	0.330292510101846	hypo	case		0.327037847429204	0.63	0.63	1.3	0.631196923696201	5
chr21	17251076	17251751	676	10	14	0.282690985148401	0.282690985148401	0.323640086099913	0.323640086099913	hyper	case		0.121157188015039	0.63	0.63	1.3	0.631196923696201	5
chr20	51242953	51244750	1798	44	21.8284090909091	-0.31335303624715	0.31335303624715	-0.30029955589949	0.30029955589949	hypo	case		0.11349088427787	0.63	0.63	1.3	0.631196923696201	5
chr20	29658138	29658314	177	5	23.05	0.108801561583096	0.108801561583096	0.0931448307879982	0.0931448307879982	hyper	case		0.316432448991726	0.63	0.63	1.3	0.631196923696201	5
chr21	17185289	17185975	687	8	12.56875	0.257129395432091	0.257129395432091	0.308623354435674	0.308623354435674	hyper	case		0.210848160943853	0.63	0.63	1.3	0.631196923696201	5
chr21	25062958	25063532	575	20	20.13	-0.328095444387667	0.328095444387667	-0.305153230561572	0.305153230561572	hypo	case		0.27021899225883	0.63	0.63	1.3	0.631196923696201	5
chr21	19077856	19078279	424	15	21.9666666666667	-0.354006921714255	0.354006921714255	-0.358932798485038	0.358932798485038	hypo	case		0.434100834016891	0.63	0.63	1.3	0.631196923696201	5
chr21	41129404	41129967	564	8	23.3875	-0.392285545593276	0.392285545593276	-0.411056011043517	0.411056011043517	hypo	case		0.237111157918145	0.63	0.63	1.3	0.631196923696201	5
chr21	25238915	25239422	508	5	23.72	0.035671833564504	0.035671833564504	0.0589218352038533	0.0589218352038533	hyper	case		0.451498856951306	0.63	0.63	1.3	0.631196923696201	5
chr20	8548304	8548885	582	5	20.29	-0.137243894661061	0.137243894661061	-0.177232914548342	0.177232914548342	hypo	case		0.219293815448287	0.63	0.63	1.3	0.631196923696201	5
chr20	41529348	41530511	1164	30	23.1633333333333	-0.265256079625683	0.265256079625683	-0.266842976936623	0.266842976936623	hypo	case		0.252966348241408	0.63	0.63	1.3	0.631196923696201	5
chr20	13484412	13485715	1304	22	20.5863636363636	-0.256254370339538	0.256254370339538	-0.262025299689496	0.262025299689496	hypo	case		0.353475697278155	0.63	0.63	1.3	0.631196923696201	5
chr21	22959308	22960242	935	20	22.4575	-0.232673394722066	0.232673394722066	-0.249408541135677	0.249408541135677	hypo	case		0.599348537597422	0.63	0.63	1.3	0.631196923696201	5
chr21	20684849	20685322	474	5	17.17	-0.197550442139799	0.197550442139799	-0.231969822202513	0.231969822202513	hypo	case		0.99	0.63	0.99	2.8	0.699178745142492	5
chr20	9655590	9656195	606	5	18.38	-0.183059586182651	0.183059586182651	-0.175094830065529	0.175094830065529	hypo	case		0.637956569354597	0.63	0.637956569354597	1.9	0.633424344274593	5
chr20	30218155	30218766	612	29	42.4206896551724	0.222255787954117	0.222255787954117	0.220037669368676	0.220037669368676	hyper	case		0.169697034087237	0.63	0.63	1.3	0.631196923696201	5
chr21	28945898	28946335	438	5	24.5	-0.28531154846726	0.28531154846726	-0.317957063024819	0.317957063024819	hypo	case		0.387431309494588	0.63	0.63	1.3	0.631196923696201	5
chr20	29532654	29533674	1021	22	19.9954545454545	-0.226238688788195	0.226238688788195	-0.271039186289312	0.271039186289312	hypo	case		0.412896961677318	0.63	0.63	1.3	0.631196923696201	5
chr21	13945837	13946424	588	9	19.6388888888889	-0.230422765752529	0.230422765752529	-0.248042016130955	0.248042016130955	hypo	case		0.462277295304757	0.63	0.63	1.3	0.631196923696201	5
chr21	28498076	28499953	1878	28	20.9767857142857	-0.309169796477545	0.309169796477545	-0.312931819566328	0.312931819566328	hypo	case		0.4445937357955	0.63	0.63	1.3	0.631196923696201	5
chr20	4482806	4483502	697	12	21.4125	0.279387362949382	0.279387362949382	0.335832076280054	0.335832076280054	hyper	case		0.325154882096964	0.63	0.63	1.3	0.631196923696201	5
chr20	6271004	6272185	1182	6	21.025	-0.195032140656602	0.195032140656602	-0.227046485922877	0.227046485922877	hypo	case		0.708880577195561	0.63	0.708880577195561	2.8	0.699178745142492	5
chr20	1147966	1148194	229	6	17.025	-0.269299231828257	0.269299231828257	-0.235083754844878	0.235083754844878	hypo	case		0.423201868629985	0.63	0.63	1.3	0.631196923696201	5
chr20	14543758	14544513	756	9	19.1944444444444	-0.291607023781172	0.291607023781172	-0.334346122225153	0.334346122225153	hypo	case		0.320247810953115	0.63	0.63	1.3	0.631196923696201	5
chr20	42462359	42463213	855	14	20.3357142857143	-0.239280564437998	0.239280564437998	-0.245594170816887	0.245594170816887	hypo	case		0.191636766158989	0.63	0.63	1.3	0.631196923696201	5
chr21	23563906	23564456	551	5	18.72	0.284222882380777	0.284222882380777	0.180297987416204	0.180297987416204	hyper	case		0.279093342140673	0.63	0.63	1.3	0.631196923696201	5
chr20	34106893	34107423	531	25	25.834	-0.320869360334453	0.320869360334453	-0.308560162406594	0.308560162406594	hypo	case		0.723325801465556	0.63	0.723325801465556	2.8	0.699178745142492	5
chr20	22645036	22646563	1528	18	20.6555555555556	-0.296350242626406	0.296350242626406	-0.269731868824359	0.269731868824359	hypo	case		0.33265577908358	0.63	0.63	1.3	0.631196923696201	5
chr20	39202714	39203300	587	5	21.15	-0.192064211607528	0.192064211607528	-0.158912032976901	0.158912032976901	hypo	case		0.252538286712661	0.63	0.63	1.3	0.631196923696201	5
chr20	24276987	24277633	647	23	19.6847826086957	-0.296455070482531	0.296455070482531	-0.295214626729867	0.295214626729867	hypo	case		0.0934227036438553	0.63	0.63	1.3	0.631196923696201	5
chr20	44435796	44437471	1676	42	20.9952380952381	0.255650109697737	0.255650109697737	0.269242987643485	0.269242987643485	hyper	case		0.728988374547372	0.63	0.728988374547372	2.8	0.699178745142492	5
chr21	24897392	24898332	941	10	19.79	-0.318341467977358	0.318341467977358	-0.321109338018931	0.321109338018931	hypo	case		0.421910000610865	0.63	0.63	1.3	0.631196923696201	5
chr21	24649206	24649489	284	16	21.215625	-0.293028419354447	0.293028419354447	-0.301456912223886	0.301456912223886	hypo	case		0.219780471134918	0.63	0.63	1.3	0.631196923696201	5
chr20	23182023	23182609	587	6	25.4	-0.297947575319947	0.297947575319947	-0.304308936919774	0.304308936919774	hypo	case		0.376153584405797	0.63	0.63	1.3	0.631196923696201	5
chr21	28216800	28217285	486	5	23.34	-0.229253498035634	0.229253498035634	-0.208000154132063	0.208000154132063	hypo	case		0.358654419154423	0.63	0.63	1.3	0.631196923696201	5
chr21	13200392	13201317	926	13	20.9	0.319004482622702	0.319004482622702	0.340068551909679	0.340068551909679	hyper	case		0.187284171300728	0.63	0.63	1.3	0.631196923696201	5
chr21	40944143	40944390	248	5	22.56	-0.0591449455388243	0.0591449455388243	-0.0669590148489436	0.0669590148489436	hypo	case		0.421954178338386	0.63	0.63	1.3	0.631196923696201	5
chr20	6637907	6639062	1156	25	21.292	-0.308733819344433	0.308733819344433	-0.285951633113149	0.285951633113149	hypo	case		0.399310521479848	0.63	0.63	1.3	0.631196923696201	5
chr20	15277853	15277965	113	5	18.78	-0.198400023444023	0.198400023444023	-0.267148909869421	0.267148909869421	hypo	case		0.639764634526011	0.63	0.639764634526011	2.1	0.645931533779038	5
chr20	19173938	19174056	119	5	18.36	0.0770414203230699	0.0770414203230699	0.123286193394197	0.123286193394197	hyper	case		0.0213103003022165	0.63	0.63	1.3	0.631196923696201	5
chr20	10073459	10073751	293	5	18.72	0.299752794648928	0.299752794648928	0.327666105937645	0.327666105937645	hyper	case		0.321803710574401	0.63	0.63	1.3	0.631196923696201	5
chr20	41980197	41980565	369	12	20.2375	-0.277913456201462	0.277913456201462	-0.302503218573824	0.302503218573824	hypo	case		0.255053740989339	0.63	0.63	1.3	0.631196923696201	5
chr21	5593294	5594128	835	13	11.2	-0.306198489010989	0.306198489010989	-0.298845522064258	0.298845522064258	hypo	case		0.99	0.63	0.99	2.8	0.699178745142492	5
chr21	13571675	13572764	1090	52	23.3076923076923	-0.321740987763487	0.321740987763487	-0.320874805750464	0.320874805750464	hypo	case		0.518110558995251	0.63	0.63	1.3	0.631196923696201	5
chr20	59860081	59861707	1627	22	20.2159090909091	-0.282822897705019	0.282822897705019	-0.304444310512275	0.304444310512275	hypo	case		0.710107401102836	0.63	0.710107401102836	2.8	0.699178745142492	5
chr21	13861438	13862429	992	21	23.3047619047619	-0.279905428050589	0.279905428050589	-0.320627416845211	0.320627416845211	hypo	case		0.293368180780106	0.63	0.63	1.3	0.631196923696201	5
chr20	23284755	23285261	507	8	20.375	-0.374465994587529	0.374465994587529	-0.376850585739096	0.376850585739096	hypo	case		0.129605814712425	0.63	0.63	1.3	0.631196923696201	5
chr21	17812575	17813376	802	20	19.905	-0.245000841791308	0.245000841791308	-0.273379509823368	0.273379509823368	hypo	case		0.338096751555195	0.63	0.63	1.3	0.631196923696201	5
chr20	21643585	21644126	542	18	26.5972222222222	-0.287297931638763	0.287297931638763	-0.273385117257676	0.273385117257676	hypo	case		0.285662479371637	0.63	0.63	1.3	0.631196923696201	5
chr20	21344113	21344928	816	12	21.4041666666667	-0.274130869051199	0.274130869051199	-0.289215277245123	0.289215277245123	hypo	case		0.414680541548012	0.63	0.63	1.3	0.631196923696201	5
chr21	29401024	29401853	830	14	22.725	-0.246569272793918	0.246569272793918	-0.292106222141342	0.292106222141342	hypo	case		0.109541291421901	0.63	0.63	1.3	0.631196923696201	5
chr20	6663473	6664088	616	14	22.2607142857143	-0.237483309752533	0.237483309752533	-0.266557720804617	0.266557720804617	hypo	case		0.60190009698582	0.63	0.63	1.3	0.631196923696201	5
chr21	30696543	30697776	1234	9	23.5888888888889	0.252460171593264	0.252460171593264	0.254812101363887	0.254812101363887	hyper	case		0.28744056800553	0.63	0.63	1.3	0.631196923696201	5
chr20	4645826	4646651	826	20	19.85	-0.298845145093984	0.298845145093984	-0.335643173507333	0.335643173507333	hypo	case		0.71447351050987	0.63	0.71447351050987	2.8	0.699178745142492	5
chr21	14619800	14620333	534	5	21.37	-0.133417411702147	0.133417411702147	-0.181712936818327	0.181712936818327	hypo	case		0.513943964130163	0.63	0.63	1.3	0.631196923696201	5
chr21	16949868	16950393	526	23	21.4021739130435	-0.21230053100569	0.21230053100569	-0.249404784982797	0.249404784982797	hypo	case		0.408152822992928	0.63	0.63	1.3	0.631196923696201	5
chr21	44691923	44692431	509	5	20.74	-0.148616568066908	0.148616568066908	-0.169220605343313	0.169220605343313	hypo	case		0.375962697309051	0.63	0.63	1.3	0.631196923696201	5
chr21	20528079	20529380	1302	21	20.25	-0.322540047964506	0.322540047964506	-0.317838296040998	0.317838296040998	hypo	case		0.206594000069884	0.63	0.63	1.3	0.631196923696201	5
chr20	21878778	21879370	593	6	21.7583333333333	0.221447762309029	0.221447762309029	0.300852235181231	0.300852235181231	hyper	case		0.37774967785808	0.63	0.63	1.3	0.631196923696201	5
chr20	9304387	9305154	768	17	19.6147058823529	0.208309446685439	0.208309446685439	0.228003487206444	0.228003487206444	hyper	case		0.0660534252874334	0.63	0.63	1.3	0.631196923696201	5
chr20	19649718	19650627	910	12	21.2375	-0.329933007107469	0.329933007107469	-0.370670783347659	0.370670783347659	hypo	case		0.251922674613793	0.63	0.63	1.3	0.631196923696201	5
chr21	21913489	21914052	564	6	20.9333333333333	-0.20969769329291	0.20969769329291	-0.251692025330464	0.251692025330464	hypo	case		0.215904155684779	0.63	0.63	1.3	0.631196923696201	5
chr21	24364364	24364690	327	5	21.9	-0.276175647434081	0.276175647434081	-0.20949156749392	0.20949156749392	hypo	case		0.325124397976788	0.63	0.63	1.3	0.631196923696201	5
chr20	39567952	39568311	360	5	22.72	-0.154466146360824	0.154466146360824	-0.177500071422469	0.177500071422469	hypo	case		0.405398458402878	0.63	0.63	1.3	0.631196923696201	5
chr21	19621185	19621706	522	5	18.93	-0.265689230360283	0.265689230360283	-0.255377084695997	0.255377084695997	hypo	case		0.220850802538669	0.63	0.63	1.3	0.631196923696201	5
chr21	17004006	17004117	112	5	25.87	0.119187089675132	0.119187089675132	0.147916405635362	0.147916405635362	hyper	case		0.272288940674209	0.63	0.63	1.3	0.631196923696201	5
chr21	20104922	20106192	1271	32	23.1328125	-0.313574376086986	0.313574376086986	-0.317544902609617	0.317544902609617	hypo	case		0.317813735233882	0.63	0.63	1.3	0.631196923696201	5
chr20	16078056	16078125	70	5	20.02	-0.0588731186819219	0.0588731186819219	-0.0907111911118469	0.0907111911118469	hypo	case		0.324052997904873	0.63	0.63	1.3	0.631196923696201	5
chr20	6469080	6469809	730	11	22.5954545454545	-0.158215309622338	0.158215309622338	-0.190746489793646	0.190746489793646	hypo	case		0.557440842036019	0.63	0.63	1.3	0.631196923696201	5
chr20	12713012	12713482	471	5	22.42	-0.283525290505338	0.283525290505338	-0.273186876490314	0.273186876490314	hypo	case		0.106014021156907	0.63	0.63	1.3	0.631196923696201	5
chr20	9668127	9668641	515	10	20.14	-0.263313575303975	0.263313575303975	-0.283724271618302	0.283724271618302	hypo	case		0.15807459254627	0.63	0.63	1.3	0.631196923696201	5
chr20	16156307	16156944	638	16	23.91875	-0.294145594874985	0.294145594874985	-0.337480246179268	0.337480246179268	hypo	case		0.523167620150208	0.63	0.63	1.3	0.631196923696201	5
chr20	17223414	17224262	849	15	20.2866666666667	0.256479457333173	0.256479457333173	0.222888418739265	0.222888418739265	hyper	case		0.587117867040729	0.63	0.63	1.3	0.631196923696201	5
chr21	9605946	9606614	669	18	41.2277777777778	0.376680503853195	0.376680503853195	0.372425397579752	0.372425397579752	hyper	case		0.345564390186816	0.63	0.63	1.3	0.631196923696201	5
chr21	37467135	37467981	847	10	23.57	0.25811008378406	0.25811008378406	0.265210465969667	0.265210465969667	hyper	case		0.373999707723175	0.63	0.63	1.3	0.631196923696201	5
chr21	37930006	37931013	1008	12	22.325	-0.284067420818526	0.284067420818526	-0.3166588663224	0.3166588663224	hypo	case		0.390343019984606	0.63	0.63	1.3	0.631196923696201	5
chr21	21500577	21501411	835	9	23.25	-0.273573000212311	0.273573000212311	-0.226721414480453	0.226721414480453	hypo	case		0.0797003555865513	0.63	0.63	1.3	0.631196923696201	5
chr21	37899150	37900565	1416	25	19.204	0.265856698941367	0.265856698941367	0.276976164474493	0.276976164474493	hyper	case		0.533723402724543	0.63	0.63	1.3	0.631196923696201	5
chr21	17703309	17704058	750	14	11.6571428571429	-0.264206753724217	0.264206753724217	-0.275731696430936	0.275731696430936	hypo	case		0.348491232555552	0.63	0.63	1.3	0.631196923696201	5
chr21	29291919	29292712	794	15	22.5366666666667	-0.331339313352553	0.331339313352553	-0.321453030017252	0.321453030017252	hypo	case		0.162186128783203	0.63	0.63	1.3	0.631196923696201	5
chr21	28243086	28243485	400	5	18.3	-0.106781790181894	0.106781790181894	-0.152653110631682	0.152653110631682	hypo	case		0.0966378368693743	0.63	0.63	1.3	0.631196923696201	5
chr21	13316623	13316942	320	5	21.12	-0.161649603201124	0.161649603201124	-0.161464241527711	0.161464241527711	hypo	case		0.19817996917084	0.63	0.63	1.3	0.631196923696201	5
chr20	4384052	4384234	183	5	18.64	-0.141445009097183	0.141445009097183	-0.169172779583932	0.169172779583932	hypo	case		0.258545330830401	0.63	0.63	1.3	0.631196923696201	5
chr20	31294462	31294862	401	5	23.24	0.140910396994459	0.140910396994459	0.116739896240855	0.116739896240855	hyper	case		0.177349950716194	0.63	0.63	1.3	0.631196923696201	5
chr21	18200671	18201081	411	14	22.475	-0.338320615956385	0.338320615956385	-0.293021437609418	0.293021437609418	hypo	case		0.297437807100957	0.63	0.63	1.3	0.631196923696201	5
chr20	14096160	14096980	821	12	20.4083333333333	0.262211613192188	0.262211613192188	0.28014353922188	0.28014353922188	hyper	case		0.321269585697848	0.63	0.63	1.3	0.631196923696201	5
chr20	52991844	52992173	330	7	21.85	-0.300661278652132	0.300661278652132	-0.325074155013046	0.325074155013046	hypo	case		0.22416117751242	0.63	0.63	1.3	0.631196923696201	5
chr20	17290654	17290888	235	6	19.9833333333333	-0.324442436901004	0.324442436901004	-0.311274482803221	0.311274482803221	hypo	case		0.279382199367316	0.63	0.63	1.3	0.631196923696201	5
chr21	27051593	27052169	577	7	19.9785714285714	-0.37395199802329	0.37395199802329	-0.379164165275373	0.379164165275373	hypo	case		0.99	0.63	0.99	2.8	0.699178745142492	5
chr20	14201153	14202101	949	18	20.4055555555556	-0.319423558033832	0.319423558033832	-0.362715866150645	0.362715866150645	hypo	case		0.23802828188575	0.63	0.63	1.3	0.631196923696201	5
chr20	9288125	9288430	306	5	20.81	-0.334574952472412	0.334574952472412	-0.315757665189772	0.315757665189772	hypo	case		0.231750775475716	0.63	0.63	1.3	0.631196923696201	5
chr21	21560331	21560772	442	5	21.42	-0.322660968444661	0.322660968444661	-0.342078512040041	0.342078512040041	hypo	case		0.40254855570539	0.63	0.63	1.3	0.631196923696201	5
chr20	10426321	10427705	1385	25	22.856	0.27075995542078	0.27075995542078	0.2486781208669	0.2486781208669	hyper	case		0.204578206416323	0.63	0.63	1.3	0.631196923696201	5
chr21	26753425	26754292	868	18	18.3027777777778	-0.282861206719728	0.282861206719728	-0.307531038208683	0.307531038208683	hypo	case		0.256145495893076	0.63	0.63	1.3	0.631196923696201	5
chr21	30416931	30417385	455	5	21.65	0.242690224577213	0.242690224577213	0.182480466749415	0.182480466749415	hyper	case		0.502918409150484	0.63	0.63	1.3	0.631196923696201	5
chr20	29640806	29640869	64	6	26.0166666666667	0.207478381167054	0.207478381167054	0.227141551394832	0.227141551394832	hyper	case		0.515174138694439	0.63	0.63	1.3	0.631196923696201	5
chr20	2889995	2891380	1386	13	24.4230769230769	0.278961861968388	0.278961861968388	0.254060047904309	0.254060047904309	hyper	case		0.500721734647757	0.63	0.63	1.3	0.631196923696201	5
chr20	30243828	30244604	777	9	20.0888888888889	-0.308485527747306	0.308485527747306	-0.298973597750615	0.298973597750615	hypo	case		0.222657604706285	0.63	0.63	1.3	0.631196923696201	5
chr21	27534372	27535421	1050	15	23.44	-0.258775204985239	0.258775204985239	-0.314097811172744	0.314097811172744	hypo	case		0.20155993800378	0.63	0.63	1.3	0.631196923696201	5
chr21	7575275	7575733	459	6	17.4333333333333	-0.285144789566838	0.285144789566838	-0.253505238799796	0.253505238799796	hypo	case		0.566133682364911	0.63	0.63	1.3	0.631196923696201	5
chr21	25208616	25209166	551	5	20.44	-0.251299993588787	0.251299993588787	-0.255079418192761	0.255079418192761	hypo	case		0.497729401288571	0.63	0.63	1.3	0.631196923696201	5
chr21	16603338	16604136	799	12	19.9125	-0.220215279458167	0.220215279458167	-0.254372065780982	0.254372065780982	hypo	case		0.16374464910971	0.63	0.63	1.3	0.631196923696201	5
chr21	28100551	28100983	433	13	22.8	0.271716644318969	0.271716644318969	0.281069740462472	0.281069740462472	hyper	case		0.318835924481251	0.63	0.63	1.3	0.631196923696201	5
chr20	40221890	40222218	329	5	23.74	-0.289708909151701	0.289708909151701	-0.305538874527725	0.305538874527725	hypo	case		0.149254009137186	0.63	0.63	1.3	0.631196923696201	5
chr21	28094145	28094603	459	5	22.68	-0.169411336460415	0.169411336460415	-0.150110856922728	0.150110856922728	hypo	case		0.169025875924477	0.63	0.63	1.3	0.631196923696201	5
chr20	19656823	19657055	233	8	20.725	0.262764164290689	0.262764164290689	0.280048646614123	0.280048646614123	hyper	case		0.10772080679076	0.63	0.63	1.3	0.631196923696201	5
chr20	39360483	39361889	1407	18	21.1972222222222	-0.290267247915461	0.290267247915461	-0.303202811852746	0.303202811852746	hypo	case		0.523506375865659	0.63	0.63	1.3	0.631196923696201	5
chr21	19114297	19115432	1136	17	22.7117647058824	-0.258037161255983	0.258037161255983	-0.248390721229782	0.248390721229782	hypo	case		0.425596562923308	0.63	0.63	1.3	0.631196923696201	5
chr21	18658547	18659513	967	10	22	-0.353620172751628	0.353620172751628	-0.412269512283554	0.412269512283554	hypo	case		0.504730474720104	0.63	0.63	1.3	0.631196923696201	5
chr20	18798270	18799176	907	11	22.8545454545455	-0.372878724848494	0.372878724848494	-0.379345330065544	0.379345330065544	hypo	case		0.560170100781491	0.63	0.63	1.3	0.631196923696201	5
chr21	10116544	10117410	867	5	48.76	-0.347311982178137	0.347311982178137	-0.364430374662986	0.364430374662986	hypo	case		0.66075211265282	0.63	0.66075211265282	2.3	0.659306801480108	5
chr21	25003568	25004485	918	16	21.046875	-0.286358003124863	0.286358003124863	-0.276605788455779	0.276605788455779	hypo	case		0.249993648557329	0.63	0.63	1.3	0.631196923696201	5
chr21	26661946	26663013	1068	15	20.1966666666667	-0.259239211771857	0.259239211771857	-0.243570092440215	0.243570092440215	hypo	case		0.540379277085857	0.63	0.63	1.3	0.631196923696201	5
chr20	36160311	36160667	357	13	22.6	0.205923285789132	0.205923285789132	0.268492621524605	0.268492621524605	hyper	case		0.650015749033662	0.63	0.650015749033662	2.4	0.646189152981116	5
chr21	18646638	18647618	981	20	21.3725	-0.366797647754494	0.366797647754494	-0.370669929100268	0.370669929100268	hypo	case		0.623960001320385	0.63	0.63	1.3	0.631196923696201	5
chr21	18709552	18709701	150	8	17.5625	-0.247413608316936	0.247413608316936	-0.312222559926284	0.312222559926284	hypo	case		0.359284648416829	0.63	0.63	1.3	0.631196923696201	5
chr21	46615902	46616113	212	5	24.01	-0.155217055330042	0.155217055330042	-0.170766558110411	0.170766558110411	hypo	case		0.308136925229823	0.63	0.63	1.3	0.631196923696201	5
chr20	12171023	12171873	851	12	22.925	0.275252763251394	0.275252763251394	0.274536636306807	0.274536636306807	hyper	case		0.260920957741042	0.63	0.63	1.3	0.631196923696201	5
chr20	47563702	47564032	331	12	21.9041666666667	0.231535573718783	0.231535573718783	0.245435129506119	0.245435129506119	hyper	case		0.248260216681947	0.63	0.63	1.3	0.631196923696201	5
chr20	8005509	8007046	1538	50	23.566	-0.291496073428478	0.291496073428478	-0.306563170364079	0.306563170364079	hypo	case		0.543557581419481	0.63	0.63	1.3	0.631196923696201	5
chr20	29540341	29540849	509	12	18.5666666666667	0.26047628648123	0.26047628648123	0.25660894654504	0.25660894654504	hyper	case		0.539918572567001	0.63	0.63	1.3	0.631196923696201	5
chr20	11291025	11291891	867	8	22.575	-0.288348709430868	0.288348709430868	-0.32709299569181	0.32709299569181	hypo	case		0.610841292047639	0.63	0.63	1.3	0.631196923696201	5
chr20	15813777	15814165	389	5	22.1	-0.239514665185292	0.239514665185292	-0.197271432859586	0.197271432859586	hypo	case		0.488169217608465	0.63	0.63	1.3	0.631196923696201	5
chr20	22696285	22697707	1423	25	20.074	-0.28991673633766	0.28991673633766	-0.277490876785666	0.277490876785666	hypo	case		0.227020484012612	0.63	0.63	1.3	0.631196923696201	5
chr20	9165103	9165415	313	11	22.0045454545455	-0.272457673721569	0.272457673721569	-0.279781523305464	0.279781523305464	hypo	case		0.116173594347979	0.63	0.63	1.3	0.631196923696201	5
chr20	22066639	22067095	457	5	19.89	0.0895318069505712	0.0895318069505712	0.0755099587225886	0.0755099587225886	hyper	case		0.378716927884271	0.63	0.63	1.3	0.631196923696201	5
chr21	27131666	27132402	737	11	22.3681818181818	-0.318504512653729	0.318504512653729	-0.340359423243965	0.340359423243965	hypo	case		0.99	0.63	0.99	2.8	0.699178745142492	5
chr21	24086607	24086980	374	5	19.48	-0.290873942655088	0.290873942655088	-0.359386969883825	0.359386969883825	hypo	case		0.163527217977632	0.63	0.63	1.3	0.631196923696201	5
chr20	14736619	14737784	1166	15	19.79	-0.227243928671947	0.227243928671947	-0.238757581095279	0.238757581095279	hypo	case		0.808967605623947	0.63	0.808967605623947	2.8	0.699178745142492	5
chr21	13593635	13595059	1425	7	12.7071428571429	0.299013727023273	0.299013727023273	0.319698137087865	0.319698137087865	hyper	case		0.864521223375452	0.63	0.864521223375452	2.8	0.699178745142492	5
chr21	24786713	24788105	1393	16	23.178125	-0.28902588850206	0.28902588850206	-0.311769974570813	0.311769974570813	hypo	case		0.468276577643284	0.63	0.63	1.3	0.631196923696201	5
chr20	6535375	6535670	296	5	23.55	0.222549503655137	0.222549503655137	0.317298423978435	0.317298423978435	hyper	case		0.228583815812817	0.63	0.63	1.3	0.631196923696201	5
chr20	15058868	15059254	387	8	23.78125	-0.365741863279149	0.365741863279149	-0.345611942319108	0.345611942319108	hypo	case		0.482056588431554	0.63	0.63	1.3	0.631196923696201	5
chr20	56317754	56319423	1670	40	21.695	-0.301177660093622	0.301177660093622	-0.298541161337571	0.298541161337571	hypo	case		0.246290809145854	0.63	0.63	1.3	0.631196923696201	5
chr21	17066518	17066988	471	5	21.84	-0.298103674769333	0.298103674769333	-0.308257524883471	0.308257524883471	hypo	case		0.556988683347195	0.63	0.63	1.3	0.631196923696201	5
chr20	40775964	40777550	1587	30	23.54	-0.242311467644248	0.242311467644248	-0.264243176188035	0.264243176188035	hypo	case		0.498527530366734	0.63	0.63	1.3	0.631196923696201	5
chr20	7432818	7433642	825	19	17.1631578947368	-0.341049667138494	0.341049667138494	-0.332492639366612	0.332492639366612	hypo	case		0.169434738787537	0.63	0.63	1.3	0.631196923696201	5
chr20	46025513	46025979	467	26	23.1826923076923	-0.248598380824537	0.248598380824537	-0.263844074427986	0.263844074427986	hypo	case		0.237596546743278	0.63	0.63	1.3	0.631196923696201	5
chr21	21588813	21589374	562	10	25.17	-0.499826638017903	0.499826638017903	-0.486348260526913	0.486348260526913	hypo	case		0.773123209943408	0.63	0.773123209943408	2.8	0.699178745142492	5
chr20	20567828	20569158	1331	18	18.7805555555556	0.218713676411794	0.218713676411794	0.26224613744462	0.26224613744462	hyper	case		0.108204915756474	0.63	0.63	1.3	0.631196923696201	5
chr20	15251279	15251727	449	5	22.63	0.191479187522767	0.191479187522767	0.226962273930335	0.226962273930335	hyper	case		0.420714323754672	0.63	0.63	1.3	0.631196923696201	5
chr21	18474377	18475759	1383	28	21.5553571428571	-0.288203462962833	0.288203462962833	-0.305984122830996	0.305984122830996	hypo	case		0.383833014634136	0.63	0.63	1.3	0.631196923696201	5
chr20	57856869	57858356	1488	15	18.49	-0.247570579955909	0.247570579955909	-0.289854040282334	0.289854040282334	hypo	case		0.99	0.63	0.99	2.8	0.699178745142492	5
chr20	15437418	15438292	875	14	21.925	-0.268835258852473	0.268835258852473	-0.298917441608057	0.298917441608057	hypo	case		0.0826668722774971	0.63	0.63	1.3	0.631196923696201	5
chr21	35436375	35437899	1525	16	20.821875	-0.236814622979454	0.236814622979454	-0.23807019309331	0.23807019309331	hypo	case		0.310053460323475	0.63	0.63	1.3	0.631196923696201	5
chr21	9885625	9886006	382	8	58.91875	-0.252976154282743	0.252976154282743	-0.247222206189532	0.247222206189532	hypo	case		0.125850099178434	0.63	0.63	1.3	0.631196923696201	5
chr21	22758829	22759679	851	5	21.81	-0.160293235330066	0.160293235330066	-0.201016487874051	0.201016487874051	hypo	case		0.314050078778879	0.63	0.63	1.3	0.631196923696201	5
chr20	8972268	8973564	1297	11	23.0909090909091	-0.291203711259102	0.291203711259102	-0.293200256666817	0.293200256666817	hypo	case		0.226492337725614	0.63	0.63	1.3	0.631196923696201	5
chr21	9936691	9937739	1049	15	57.6733333333333	0.276731997223389	0.276731997223389	0.271717715378019	0.271717715378019	hyper	case		0.100262166085774	0.63	0.63	1.3	0.631196923696201	5
chr20	8438645	8439831	1187	30	22.6166666666667	0.270753844526006	0.270753844526006	0.262234133809671	0.262234133809671	hyper	case		0.331646764402943	0.63	0.63	1.3	0.631196923696201	5
chr20	23779418	23780161	744	7	24.0428571428571	-0.397044539563021	0.397044539563021	-0.439457572401872	0.439457572401872	hypo	case		0.578360245339589	0.63	0.63	1.3	0.631196923696201	5
chr20	16947752	16948981	1230	24	23.7125	-0.272080051286787	0.272080051286787	-0.277384353044589	0.277384353044589	hypo	case		0.221378486548136	0.63	0.63	1.3	0.631196923696201	5
chr20	25913701	25914225	525	6	20.9916666666667	0.251092548297332	0.251092548297332	0.240789237608708	0.240789237608708	hyper	case		0.352571103496148	0.63	0.63	1.3	0.631196923696201	5
chr20	38103154	38103340	187	22	23.5568181818182	-0.373318780303726	0.373318780303726	-0.379782598796793	0.379782598796793	hypo	case		0.449295440897715	0.63	0.63	1.3	0.631196923696201	5
chr21	15256474	15256797	324	12	22.1	-0.318113233789845	0.318113233789845	-0.311565184887019	0.311565184887019	hypo	case		0.165832515920872	0.63	0.63	1.3	0.631196923696201	5
chr21	40496876	40498260	1385	11	21.0181818181818	-0.251723015583577	0.251723015583577	-0.229674203705244	0.229674203705244	hypo	case		0.662531462907427	0.63	0.662531462907427	1.6	0.663579574371508	5
chr20	12928762	12930130	1369	13	22.6230769230769	-0.295569248428582	0.295569248428582	-0.254528816253052	0.254528816253052	hypo	case		0.573923489511013	0.63	0.63	1.3	0.631196923696201	5
chr20	55016530	55017542	1013	7	20.65	-0.197864246038731	0.197864246038731	-0.224189993922781	0.224189993922781	hypo	case		0.572781565096593	0.63	0.63	1.3	0.631196923696201	5
chr20	22833023	22834191	1169	22	20.6545454545455	-0.251449187287349	0.251449187287349	-0.243988579774394	0.243988579774394	hypo	case		0.58055863506045	0.63	0.63	1.3	0.631196923696201	5
chr21	9910920	9911294	375	12	62.5166666666667	-0.231328075195767	0.231328075195767	-0.252905949850243	0.252905949850243	hypo	case		0.600057125493033	0.63	0.63	1.3	0.631196923696201	5
chr21	25334211	25335801	1591	32	22.7078125	-0.309937308390306	0.309937308390306	-0.32899164542658	0.32899164542658	hypo	case		0.162649863026372	0.63	0.63	1.3	0.631196923696201	5
chr21	18005084	18006311	1228	25	20.004	-0.273167501642057	0.273167501642057	-0.273568209625755	0.273568209625755	hypo	case		0.331723748281844	0.63	0.63	1.3	0.631196923696201	5
chr20	6412991	6413635	645	12	21.8208333333333	-0.30880326137287	0.30880326137287	-0.34938391967824	0.34938391967824	hypo	case		0.4467519160256	0.63	0.63	1.3	0.631196923696201	5
chr21	35907417	35908793	1377	27	19.4481481481482	-0.313145502285663	0.313145502285663	-0.320079204015235	0.320079204015235	hypo	case		0.361960742211478	0.63	0.63	1.3	0.631196923696201	5
chr20	55113927	55114339	413	5	20.92	-0.268508963860357	0.268508963860357	-0.299961573087319	0.299961573087319	hypo	case		0.273740183358856	0.63	0.63	1.3	0.631196923696201	5
chr21	25426733	25428025	1293	13	21.4192307692308	-0.395477289019068	0.395477289019068	-0.364297325389677	0.364297325389677	hypo	case		0.648075662090107	0.63	0.648075662090107	2.4	0.646189152981116	5
chr20	13408371	13408807	437	6	22.0916666666667	-0.338795430162096	0.338795430162096	-0.323284981978936	0.323284981978936	hypo	case		0.347175831988551	0.63	0.63	1.3	0.631196923696201	5
chr20	34390513	34391111	599	19	25.1315789473684	-0.240410799355532	0.240410799355532	-0.250821746933581	0.250821746933581	hypo	case		0.0919368076508861	0.63	0.63	1.3	0.631196923696201	5
chr20	31423978	31424391	414	7	22.4214285714286	-0.255017441302916	0.255017441302916	-0.269150042271763	0.269150042271763	hypo	case		0.10257132906644	0.63	0.63	1.3	0.631196923696201	5
chr21	31705994	31706804	811	20	23.295	0.266076912461099	0.266076912461099	0.299147695366948	0.299147695366948	hyper	case		0.349744718685337	0.63	0.63	1.3	0.631196923696201	5
chr21	7084340	7085571	1232	5	12.47	-0.253268911510684	0.253268911510684	-0.381652695752565	0.381652695752565	hypo	case		0.201200745147263	0.63	0.63	1.3	0.631196923696201	5
chr20	40041473	40041640	168	5	19.32	0.178129172577197	0.178129172577197	0.106805004164745	0.106805004164745	hyper	case		0.359453240232064	0.63	0.63	1.3	0.631196923696201	5
chr20	11159399	11159843	445	10	19.255	0.256245952246255	0.256245952246255	0.292839692047052	0.292839692047052	hyper	case		0.459025141311648	0.63	0.63	1.3	0.631196923696201	5
chr20	10565332	10565450	119	10	20.695	-0.230196103458461	0.230196103458461	-0.247601158419166	0.247601158419166	hypo	case		0.328916844645925	0.63	0.63	1.3	0.631196923696201	5
chr20	13047331	13047850	520	5	23.16	0.0942389347046842	0.0942389347046842	0.0833900908943193	0.0833900908943193	hyper	case		0.303565507634565	0.63	0.63	1.3	0.631196923696201	5
chr21	41979242	41980128	887	21	19.6785714285714	-0.266345596268197	0.266345596268197	-0.238423260704024	0.238423260704024	hypo	case		0.22000754816748	0.63	0.63	1.3	0.631196923696201	5
chr20	17323021	17323476	456	14	24.8571428571429	0.269554123275144	0.269554123275144	0.252026874458342	0.252026874458342	hyper	case		0.10879471397599	0.63	0.63	1.3	0.631196923696201	5
chr21	18179148	18180571	1424	12	22.3125	-0.274692577906311	0.274692577906311	-0.326860221646823	0.326860221646823	hypo	case		0.99	0.63	0.99	2.8	0.699178745142492	5
chr21	17312711	17313141	431	8	22.225	-0.310614503556687	0.310614503556687	-0.305670731364874	0.305670731364874	hypo	case		0.295670556613304	0.63	0.63	1.3	0.631196923696201	5
chr21	23304098	23304742	645	5	22.07	0.179819774947949	0.179819774947949	0.262050526454138	0.262050526454138	hyper	case		0.306522647893221	0.63	0.63	1.3	0.631196923696201	5
chr20	6236637	6237653	1017	12	24.5333333333333	-0.334386245248365	0.334386245248365	-0.317818374121555	0.317818374121555	hypo	case		0.495235031729968	0.63	0.63	1.3	0.631196923696201	5
chr20	517124	517895	772	14	21.2928571428571	0.302740260909074	0.302740260909074	0.282166188235277	0.282166188235277	hyper	case		0.304247315062073	0.63	0.63	1.3	0.631196923696201	5
chr21	32785495	32785895	401	5	14.53	-0.111336792315268	0.111336792315268	-0.146306306062587	0.146306306062587	hypo	case		0.381481084079989	0.63	0.63	1.3	0.631196923696201	5
chr20	29421765	29422559	795	13	27.3423076923077	-0.210872662682481	0.210872662682481	-0.229188635595371	0.229188635595371	hypo	case		0.217456215083636	0.63	0.63	1.3	0.631196923696201	5
chr20	22531009	22531914	906	18	22.8666666666667	-0.251250459155219	0.251250459155219	-0.268063167202373	0.268063167202373	hypo	case		0.184941213684663	0.63	0.63	1.3	0.631196923696201	5
chr21	19716392	19717320	929	16	21.3375	-0.277490363770587	0.277490363770587	-0.340332936004848	0.340332936004848	hypo	case		0.175952656345512	0.63	0.63	1.3	0.631196923696201	5
chr21	30950939	30951807	869	13	19.35	-0.250380352032399	0.250380352032399	-0.24341867672808	0.24341867672808	hypo	case		0.641088884668587	0.63	0.641088884668587	2.1	0.645931533779038	5
chr20	34780558	34782143	1586	19	21.9657894736842	0.226975679591182	0.226975679591182	0.239750510542875	0.239750510542875	hyper	case		0.177861979246067	0.63	0.63	1.3	0.631196923696201	5
chr21	22612958	22613258	301	12	20.3041666666667	-0.320120592519826	0.320120592519826	-0.321497611713606	0.321497611713606	hypo	case		0.404968075424799	0.63	0.63	1.3	0.631196923696201	5
chr21	24599296	24599543	248	5	21.95	-0.240052578787765	0.240052578787765	-0.24677141741203	0.24677141741203	hypo	case		0.42359409281081	0.63	0.63	1.3	0.631196923696201	5
chr21	23718822	23719435	614	11	21.0590909090909	-0.292047929621807	0.292047929621807	-0.263372263392042	0.263372263392042	hypo	case		0.169335736903501	0.63	0.63	1.3	0.631196923696201	5
chr20	6429625	6429899	275	6	24.2	0.274818906425326	0.274818906425326	0.264431364668306	0.264431364668306	hyper	case		0.4653898807319	0.63	0.63	1.3	0.631196923696201	5
chr20	17238504	17238750	247	5	18.77	0.174153010302391	0.174153010302391	0.186487813473641	0.186487813473641	hyper	case		0.504386971723003	0.63	0.63	1.3	0.631196923696201	5
chr21	20084342	20084537	196	13	21.2384615384615	-0.30476422777927	0.30476422777927	-0.301714617696273	0.301714617696273	hypo	case		0.160104341887828	0.63	0.63	1.3	0.631196923696201	5
chr20	55398108	55398311	204	5	22.98	-0.337151840318326	0.337151840318326	-0.358885486387694	0.358885486387694	hypo	case		0.0970990336059353	0.63	0.63	1.3	0.631196923696201	5
chr20	55956885	55957640	756	12	21.8541666666667	-0.330438123094373	0.330438123094373	-0.310262651687116	0.310262651687116	hypo	case		0.311892648606322	0.63	0.63	1.3	0.631196923696201	5
chr21	22822060	22822739	680	8	21.93125	-0.262242463931689	0.262242463931689	-0.228664415437885	0.228664415437885	hypo	case		0.152278132543739	0.63	0.63	1.3	0.631196923696201	5
chr20	41857665	41858232	568	22	22.8863636363636	-0.337474270894003	0.337474270894003	-0.35496461847569	0.35496461847569	hypo	case		0.247542148005182	0.63	0.63	1.3	0.631196923696201	5
chr20	15188227	15188436	210	6	20.7416666666667	-0.297202253759441	0.297202253759441	-0.230895456747365	0.230895456747365	hypo	case		0.0761520113671447	0.63	0.63	1.3	0.631196923696201	5
chr21	30599489	30601326	1838	27	23.3203703703704	-0.283502542530768	0.283502542530768	-0.302340815106938	0.302340815106938	hypo	case		0.594557238793541	0.63	0.63	1.3	0.631196923696201	5
chr21	41353675	41354372	698	7	23.7214285714286	-0.37966391589378	0.37966391589378	-0.356063414620304	0.356063414620304	hypo	case		0.205525402725214	0.63	0.63	1.3	0.631196923696201	5
chr21	14665893	14666233	341	10	22.335	-0.392895260447127	0.392895260447127	-0.389245934990243	0.389245934990243	hypo	case		0.446029573646806	0.63	0.63	1.3	0.631196923696201	5
chr21	21752902	21753044	143	5	22.83	0.295068509102784	0.295068509102784	0.302425307953504	0.302425307953504	hyper	case		0.290110122500615	0.63	0.63	1.3	0.631196923696201	5
chr21	10604486	10605346	861	5	57.27	0.236555859927314	0.236555859927314	0.190473998514023	0.190473998514023	hyper	case		0.500357144277255	0.63	0.63	1.3	0.631196923696201	5
chr20	7744740	7745177	438	5	19.99	-0.293636706430824	0.293636706430824	-0.240452360765825	0.240452360765825	hypo	case		0.331145292871954	0.63	0.63	1.3	0.631196923696201	5
chr21	8560036	8560321	286	23	16.6695652173913	-0.350423999359685	0.350423999359685	-0.314817515507072	0.314817515507072	hypo	case		0.051284558302011	0.63	0.63	1.3	0.631196923696201	5
chr20	53841834	53842220	387	8	21.225	-0.372766292207127	0.372766292207127	-0.399261873528358	0.399261873528358	hypo	case		0.19826822086325	0.63	0.63	1.3	0.631196923696201	5
chr21	34925616	34926240	625	11	18.9909090909091	-0.381018201140105	0.381018201140105	-0.402105293566572	0.402105293566572	hypo	case		0.173114090388729	0.63	0.63	1.3	0.631196923696201	5
chr20	40383144	40383553	410	12	20.7208333333333	-0.276375978218576	0.276375978218576	-0.308394104631427	0.308394104631427	hypo	case		0.16480823782472	0.63	0.63	1.3	0.631196923696201	5
chr20	934404	934616	213	14	21.0857142857143	-0.275042620654895	0.275042620654895	-0.273601174178425	0.273601174178425	hypo	case		0.0640621870913957	0.63	0.63	1.3	0.631196923696201	5
chr21	13562511	13563186	676	8	23.9375	-0.223080683377799	0.223080683377799	-0.209474820099129	0.209474820099129	hypo	case		0.350803823306618	0.63	0.63	1.3	0.631196923696201	5
chr20	41564053	41564642	590	10	20.735	-0.285800089742496	0.285800089742496	-0.300042006825456	0.300042006825456	hypo	case		0.347926475212766	0.63	0.63	1.3	0.631196923696201	5
chr20	8686374	8688050	1677	22	23.6477272727273	-0.303601555751124	0.303601555751124	-0.309980417533223	0.309980417533223	hypo	case		0.899585713979204	0.63	0.899585713979204	2.8	0.699178745142492	5
chr20	21211266	21212164	899	25	23.216	-0.347462408842689	0.347462408842689	-0.342499902475493	0.342499902475493	hypo	case		0.493685998315916	0.63	0.63	1.3	0.631196923696201	5
chr20	34816335	34817055	721	16	23.4	-0.31827510134813	0.31827510134813	-0.322969469118881	0.322969469118881	hypo	case		0.670993920625173	0.63	0.670993920625173	1	0.669834237506434	5
chr21	25226009	25226550	542	5	19.89	0.164043726454717	0.164043726454717	0.183444391396929	0.183444391396929	hyper	case		0.24120604650058	0.63	0.63	1.3	0.631196923696201	5
chr20	29724030	29724942	913	18	22.9305555555556	0.22633515221762	0.22633515221762	0.24757845950917	0.24757845950917	hyper	case		0.343509583723734	0.63	0.63	1.3	0.631196923696201	5
chr20	42679919	42680247	329	5	20.31	0.0387504039618377	0.0387504039618377	0.020726518959773	0.0243269540864519	hyper	case		0.454040598389731	0.63	0.63	1.3	0.631196923696201	5
chr21	15042991	15043043	53	5	21.65	-0.178660071812246	0.178660071812246	-0.244888980392951	0.244888980392951	hypo	case		0.99	0.63	0.99	2.8	0.699178745142492	5
chr21	18140757	18140895	139	5	21.03	-0.180744533347822	0.180744533347822	-0.23149974728021	0.23149974728021	hypo	case		0.38498674060904	0.63	0.63	1.3	0.631196923696201	5
chr20	41633782	41633887	106	6	19.2083333333333	-0.181644806107293	0.181644806107293	-0.231975174031809	0.231975174031809	hypo	case		0.476814018315553	0.63	0.63	1.3	0.631196923696201	5
chr20	6951917	6952872	956	15	23.2133333333333	-0.338104021267825	0.338104021267825	-0.31865229652921	0.31865229652921	hypo	case		0.217600641540047	0.63	0.63	1.3	0.631196923696201	5
chr21	16439679	16439839	161	6	20.1416666666667	-0.359086461719588	0.359086461719588	-0.357512893971846	0.357512893971846	hypo	case		0.244853286300709	0.63	0.63	1.3	0.631196923696201	5
chr21	34046317	34047797	1481	28	21.0875	-0.315560237622121	0.315560237622121	-0.341803349400056	0.341803349400056	hypo	case		0.99	0.63	0.99	2.8	0.699178745142492	5
chr21	13665086	13665906	821	18	9.54444444444444	-0.342600038850039	0.342600038850039	-0.335462726061653	0.335462726061653	hypo	case		0.46372674502388	0.63	0.63	1.3	0.631196923696201	5
chr21	19137332	19137608	277	5	18.81	-0.303309927550202	0.303309927550202	-0.232110168826641	0.232110168826641	hypo	case		0.244043433468225	0.63	0.63	1.3	0.631196923696201	5
chr20	11338248	11338823	576	5	18.31	-0.278282575772144	0.278282575772144	-0.264471344833641	0.264471344833641	hypo	case		0.3022133722225	0.63	0.63	1.3	0.631196923696201	5
chr21	17790870	17791904	1035	12	22.675	0.272521374034052	0.272521374034052	0.29733112340947	0.29733112340947	hyper	case		0.103104758104874	0.63	0.63	1.3	0.631196923696201	5
chr20	12304846	12305835	990	22	21.3863636363636	-0.336697036029026	0.336697036029026	-0.357466477415637	0.357466477415637	hypo	case		0.183396940028929	0.63	0.63	1.3	0.631196923696201	5
chr21	30067332	30068872	1541	18	21.3027777777778	-0.262423275988066	0.262423275988066	-0.301877248360496	0.301877248360496	hypo	case		0.0618027011417357	0.63	0.63	1.3	0.631196923696201	5
chr20	39940157	39940783	627	5	20.99	-0.126629906443222	0.126629906443222	-0.1625131766869	0.1625131766869	hypo	case		0.446425643043497	0.63	0.63	1.3	0.631196923696201	5
chr21	25280321	25280677	357	6	21.1166666666667	-0.302301264242929	0.302301264242929	-0.312932860788802	0.312932860788802	hypo	case		0.241730575052206	0.63	0.63	1.3	0.631196923696201	5
chr21	23127700	23129087	1388	40	24.68375	-0.315418184694478	0.315418184694478	-0.308335614716835	0.308335614716835	hypo	case		0.160302902770167	0.63	0.63	1.3	0.631196923696201	5
chr20	54880051	54880635	585	20	21.7625	-0.241704517670922	0.241704517670922	-0.27772739829355	0.27772739829355	hypo	case		0.429203206092263	0.63	0.63	1.3	0.631196923696201	5
chr21	16340139	16340392	254	5	23.58	-0.208736204652987	0.208736204652987	-0.25223345101017	0.25223345101017	hypo	case		0.0464318607543324	0.63	0.63	1.3	0.631196923696201	5
chr21	20582364	20583291	928	28	21.9625	-0.349915751717652	0.349915751717652	-0.360097296653508	0.360097296653508	hypo	case		0.528250183355152	0.63	0.63	1.3	0.631196923696201	5
chr21	20728751	20728890	140	6	22.225	-0.253663887298184	0.253663887298184	-0.277264166234076	0.277264166234076	hypo	case		0.594182205486941	0.63	0.63	1.3	0.631196923696201	5
chr20	54782583	54784040	1458	44	21.5829545454545	-0.278451015087195	0.278451015087195	-0.280259492818731	0.280259492818731	hypo	case		0.39970883848163	0.63	0.63	1.3	0.631196923696201	5
chr21	8169857	8170510	654	5	10.97	-0.17117322628352	0.17117322628352	-0.160841824282008	0.160841824282008	hypo	case		0.183199542029454	0.63	0.63	1.3	0.631196923696201	5
chr21	38100594	38101508	915	15	19.02	0.219134312928363	0.219134312928363	0.259527901558686	0.259527901558686	hyper	case		0.389494800893008	0.63	0.63	1.3	0.631196923696201	5
chr20	21966837	21967647	811	17	22.3382352941176	-0.294382613943892	0.294382613943892	-0.248008990827244	0.248008990827244	hypo	case		0.458505828383987	0.63	0.63	1.3	0.631196923696201	5
chr20	3399281	3399944	664	23	22.3586956521739	-0.262236820588207	0.262236820588207	-0.28950761994153	0.28950761994153	hypo	case		0.230901802284824	0.63	0.63	1.3	0.631196923696201	5
chr21	25223678	25224708	1031	10	22.525	0.213368616461982	0.213368616461982	0.235479524418946	0.235479524418946	hyper	case		0.761517951825143	0.63	0.761517951825143	2.8	0.699178745142492	5
chr20	4512399	4513072	674	9	21.5166666666667	-0.231993891551627	0.231993891551627	-0.251866700298952	0.251866700298952	hypo	case		0.154603855484424	0.63	0.63	1.3	0.631196923696201	5
chr20	11815494	11816101	608	6	21.6083333333333	-0.302148454639235	0.302148454639235	-0.326923204581372	0.326923204581372	hypo	case		0.0914703337366463	0.63	0.63	1.3	0.631196923696201	5
chr21	24708763	24709109	347	5	21.22	-0.166196077773595	0.166196077773595	-0.115609158148681	0.115609158148681	hypo	case		0.695443968764623	0.63	0.695443968764623	1.4	0.694391410451815	5
chr20	33950606	33951096	491	5	23.09	-0.186368886392545	0.186368886392545	-0.180122929146374	0.180122929146374	hypo	case		0.224839938506463	0.63	0.63	1.3	0.631196923696201	5
chr21	29190831	29191081	251	6	21.6583333333333	-0.239344263156459	0.239344263156459	-0.29216208629378	0.29216208629378	hypo	case		0.59139885958348	0.63	0.63	1.3	0.631196923696201	5
chr20	29420706	29420937	232	6	26.2916666666667	-0.26780577192174	0.26780577192174	-0.27385364062323	0.27385364062323	hypo	case		0.219807063956008	0.63	0.63	1.3	0.631196923696201	5
chr21	19851791	19852354	564	12	22.7291666666667	-0.220529244231711	0.220529244231711	-0.244915561994876	0.244915561994876	hypo	case		0.317937983322408	0.63	0.63	1.3	0.631196923696201	5
chr20	16323966	16324140	175	5	24.74	0.0826984281398506	0.0826984281398506	0.0766179702084385	0.0766179702084385	hyper	case		0.469352482651762	0.63	0.63	1.3	0.631196923696201	5
chr21	31708000	31708346	347	26	23.4134615384615	-0.316766511382134	0.316766511382134	-0.332368098623795	0.332368098623795	hypo	case		0.717885134399781	0.63	0.717885134399781	2.8	0.699178745142492	5
chr20	32613634	32614002	369	5	21.04	-0.209915263250563	0.209915263250563	-0.14278512941918	0.14278512941918	hypo	case		0.75868972538741	0.63	0.75868972538741	2.8	0.699178745142492	5
chr21	24639014	24640116	1103	24	22.8020833333333	-0.26420192571781	0.26420192571781	-0.257221966983583	0.257221966983583	hypo	case		0.256682927111937	0.63	0.63	1.3	0.631196923696201	5
chr20	7192951	7192991	41	5	22.46	-0.285662791852858	0.285662791852858	-0.290293321116489	0.290293321116489	hypo	case		0.0903419645392862	0.63	0.63	1.3	0.631196923696201	5
chr21	9248820	9249644	825	20	41.02	0.248153889800359	0.248153889800359	0.251783867506657	0.251783867506657	hyper	case		0.551787806957077	0.63	0.63	1.3	0.631196923696201	5
chr20	2921117	2921742	626	12	23.0875	-0.262193258248922	0.262193258248922	-0.223249070157527	0.223249070157527	hypo	case		0.99	0.63	0.99	2.8	0.699178745142492	5
chr21	17947840	17948227	388	6	19.0666666666667	-0.182485493415254	0.182485493415254	-0.201186373834755	0.201186373834755	hypo	case		0.400372197428482	0.63	0.63	1.3	0.631196923696201	5
chr21	21573654	21574723	1070	30	20.02	-0.310672142833928	0.310672142833928	-0.322997378992585	0.322997378992585	hypo	case		0.478214640220506	0.63	0.63	1.3	0.631196923696201	5
chr20	55441583	55443573	1991	31	21.6451612903226	-0.31953867695973	0.31953867695973	-0.297060369938242	0.297060369938242	hypo	case		0.0882085150283491	0.63	0.63	1.3	0.631196923696201	5
chr21	35911761	35913731	1971	30	21.0183333333333	-0.278298251097916	0.278298251097916	-0.277182015907296	0.277182015907296	hypo	case		0.468599534513386	0.63	0.63	1.3	0.631196923696201	5
chr20	8162708	8164016	1309	20	20.6275	-0.242953200743085	0.242953200743085	-0.280879044464986	0.280879044464986	hypo	case		0.154560504098773	0.63	0.63	1.3	0.631196923696201	5
chr21	8861216	8862020	805	10	17.19	-0.337730951258178	0.337730951258178	-0.343099027915477	0.343099027915477	hypo	case		0.316184749261868	0.63	0.63	1.3	0.631196923696201	5
chr20	12627609	12627770	162	5	21.31	-0.250523636991028	0.250523636991028	-0.266472414066142	0.266472414066142	hypo	case		0.0463395458418975	0.63	0.63	1.3	0.631196923696201	5
chr20	23525415	23526535	1121	18	20.5888888888889	-0.415896610629204	0.415896610629204	-0.411147434681825	0.411147434681825	hypo	case		0.741174935246759	0.63	0.741174935246759	2.8	0.699178745142492	5
chr21	13190510	13190707	198	5	21.19	0.17508245663566	0.17508245663566	0.174881527938709	0.174881527938709	hyper	case		0.396111125702497	0.63	0.63	1.3	0.631196923696201	5
chr20	56069280	56070626	1347	20	22.615	-0.28513859362155	0.28513859362155	-0.281239596200216	0.281239596200216	hypo	case		0.510590242180672	0.63	0.63	1.3	0.631196923696201	5
chr20	11170646	11171029	384	5	20.06	0.243266165094969	0.243266165094969	0.227976691700912	0.227976691700912	hyper	case		0.221539201386109	0.63	0.63	1.3	0.631196923696201	5
chr21	26730133	26730699	567	5	19.66	-0.253025793650794	0.253025793650794	-0.254298692245099	0.254298692245099	hypo	case		0.443791532040558	0.63	0.63	1.3	0.631196923696201	5
chr21	18478181	18478317	137	5	21.81	-0.288059340229139	0.288059340229139	-0.330900439702432	0.330900439702432	hypo	case		0.13978246053073	0.63	0.63	1.3	0.631196923696201	5
chr20	16769668	16770718	1051	11	28.4409090909091	-0.341865280804379	0.341865280804379	-0.341589677344665	0.341589677344665	hypo	case		0.243363465743147	0.63	0.63	1.3	0.631196923696201	5
chr21	14771848	14772305	458	15	23.14	-0.318960622879959	0.318960622879959	-0.30611673780875	0.30611673780875	hypo	case		0.0469030602194772	0.63	0.63	1.3	0.631196923696201	5
chr20	49429920	49430364	445	5	21.03	-0.373190834439237	0.373190834439237	-0.287083660777974	0.287083660777974	hypo	case		0.839721630588843	0.63	0.839721630588843	2.8	0.699178745142492	5
chr21	28741745	28743250	1506	23	21.6086956521739	-0.255666076376506	0.255666076376506	-0.272337651251884	0.272337651251884	hypo	case		0.316212408135557	0.63	0.63	1.3	0.631196923696201	5
chr21	16218373	16219082	710	20	22.425	-0.274027858328807	0.274027858328807	-0.291287150922107	0.291287150922107	hypo	case		0.216499995467596	0.63	0.63	1.3	0.631196923696201	5
chr21	7305386	7306486	1101	12	44.925	0.25470403995857	0.25470403995857	0.21850816716901	0.21850816716901	hyper	case		0.249526041012102	0.63	0.63	1.3	0.631196923696201	5
chr20	8754090	8755057	968	5	23.52	0.119077086862939	0.119077086862939	0.156377500802853	0.156377500802853	hyper	case		0.653488822235091	0.63	0.653488822235091	3	0.656090136222712	5
chr20	13724831	13726119	1289	23	22.2478260869565	-0.246191916219137	0.246191916219137	-0.284169282018106	0.284169282018106	hypo	case		0.299221379093114	0.63	0.63	1.3	0.631196923696201	5
chr20	26204554	26206283	1730	13	21.4538461538462	0.215985026033495	0.215985026033495	0.212606371927244	0.212606371927244	hyper	case		0.304596238828192	0.63	0.63	1.3	0.631196923696201	5
chr20	8096143	8096409	267	6	14.7916666666667	0.291949205635425	0.291949205635425	0.312401914438713	0.312401914438713	hyper	case		0.244139956674271	0.63	0.63	1.3	0.631196923696201	5
chr20	45376305	45377921	1617	43	20.5104651162791	-0.292793340923279	0.292793340923279	-0.297396513403556	0.297396513403556	hypo	case		0.587438761953963	0.63	0.63	1.3	0.631196923696201	5
chr20	23464050	23464587	538	8	21.775	-0.304654754707301	0.304654754707301	-0.304541785687712	0.304541785687712	hypo	case		0.563595983289253	0.63	0.63	1.3	0.631196923696201	5
chr20	34379425	34380053	629	26	21.0461538461538	0.281578066303205	0.281578066303205	0.290176194072721	0.290176194072721	hyper	case		0.451126607791891	0.63	0.63	1.3	0.631196923696201	5
chr21	27321733	27322389	657	12	22.2541666666667	-0.269075953229885	0.269075953229885	-0.293845594935579	0.293845594935579	hypo	case		0.270462995155499	0.63	0.63	1.3	0.631196923696201	5
chr20	42288770	42290554	1785	31	24.6	-0.245900144536227	0.245900144536227	-0.250158309318829	0.250158309318829	hypo	case		0.961611496868558	0.63	0.961611496868558	2.8	0.699178745142492	5
chr20	56293410	56293488	79	7	20.7571428571429	-0.318434093684094	0.318434093684094	-0.27543171478158	0.27543171478158	hypo	case		0.182838543442155	0.63	0.63	1.3	0.631196923696201	5
chr20	8640252	8640846	595	16	21.828125	-0.269766003100794	0.269766003100794	-0.26441280061621	0.26441280061621	hypo	case		0.370229266622197	0.63	0.63	1.3	0.631196923696201	5
chr21	23350704	23352240	1537	22	23.4613636363636	-0.247672944344247	0.247672944344247	-0.316055501683186	0.316055501683186	hypo	case		0.259221842287715	0.63	0.63	1.3	0.631196923696201	5
chr20	2967166	2967308	143	5	25.31	-0.140030410524862	0.140030410524862	-0.230957283917187	0.230957283917187	hypo	case		0.290005012168996	0.63	0.63	1.3	0.631196923696201	5
chr20	7343875	7345224	1350	10	19.445	-0.281071265666122	0.281071265666122	-0.30536372458525	0.30536372458525	hypo	case		0.341682447380402	0.63	0.63	1.3	0.631196923696201	5
chr20	39462545	39463862	1318	20	22.1625	-0.276404754258495	0.276404754258495	-0.351668961619455	0.351668961619455	hypo	case		0.99	0.63	0.99	2.8	0.699178745142492	5
chr21	18992521	18993089	569	28	21.9732142857143	-0.338384409536835	0.338384409536835	-0.367130408117559	0.367130408117559	hypo	case		0.749232258150412	0.63	0.749232258150412	2.8	0.699178745142492	5
chr20	14053584	14054022	439	7	20.6642857142857	-0.243972299487005	0.243972299487005	-0.23217418889645	0.23217418889645	hypo	case		0.589529798327218	0.63	0.63	1.3	0.631196923696201	5
chr21	27061477	27061692	216	24	21.8145833333333	-0.336958877528053	0.336958877528053	-0.357435646983279	0.357435646983279	hypo	case		0.555744697552576	0.63	0.63	1.3	0.631196923696201	5
chr20	60461083	60461194	112	5	21.31	-0.168863023823871	0.168863023823871	-0.242977946017528	0.242977946017528	hypo	case		0.663535363374067	0.63	0.663535363374067	1.6	0.663579574371508	5
chr21	10038931	10039614	684	24	34.3270833333333	-0.318170258606194	0.318170258606194	-0.37676270578394	0.37676270578394	hypo	case		0.257552903774566	0.63	0.63	1.3	0.631196923696201	5
chr21	11881449	11882483	1035	12	10.6625	-0.280412580571733	0.280412580571733	-0.305769712730076	0.305769712730076	hypo	case		0.39862702672733	0.63	0.63	1.3	0.631196923696201	5
chr20	13475765	13477309	1545	23	22.1913043478261	-0.290458633081446	0.290458633081446	-0.30063300013368	0.30063300013368	hypo	case		0.282806229200972	0.63	0.63	1.3	0.631196923696201	5
chr20	42912796	42913107	312	6	22	-0.348135619632949	0.348135619632949	-0.366118839144851	0.366118839144851	hypo	case		0.568626738419006	0.63	0.63	1.3	0.631196923696201	5
chr21	33612431	33613153	723	18	22.4666666666667	-0.325210079214128	0.325210079214128	-0.294188839611153	0.294188839611153	hypo	case		0.613115609842852	0.63	0.63	1.3	0.631196923696201	5
chr20	15908319	15909025	707	5	18.92	0.0877153117477073	0.0877153117477073	0.237355770367929	0.237355770367929	hyper	case		0.0867748159382166	0.63	0.63	1.3	0.631196923696201	5
chr21	13778682	13779071	390	5	18.55	0.0138482086090842	0.0138482086090842	0.0468422906835577	0.0468422906835577	hyper	case		0.381321456568922	0.63	0.63	1.3	0.631196923696201	5
chr21	10115458	10115796	339	5	48.38	0.291244308936882	0.291244308936882	0.266967304195153	0.266967304195153	hyper	case		0.218642899258858	0.63	0.63	1.3	0.631196923696201	5
chr20	29649126	29649790	665	9	23.4722222222222	0.324336637381686	0.324336637381686	0.293303851762801	0.293303851762801	hyper	case		0.644547981416463	0.63	0.644547981416463	2.1	0.645931533779038	5
chr20	41562553	41563076	524	10	20.21	-0.232511277316889	0.232511277316889	-0.249933491892374	0.249933491892374	hypo	case		0.908666162043584	0.63	0.908666162043584	2.8	0.699178745142492	5
chr20	11535419	11535529	111	5	23.45	-0.229773375035875	0.229773375035875	-0.172951548801726	0.172951548801726	hypo	case		0.465197134911853	0.63	0.63	1.3	0.631196923696201	5
chr20	29674458	29674948	491	12	28.9875	-0.364801996016848	0.364801996016848	-0.321098875120132	0.321098875120132	hypo	case		0.542474673723544	0.63	0.63	1.3	0.631196923696201	5
chr20	12461530	12462902	1373	18	20.1277777777778	-0.26909369566211	0.26909369566211	-0.274310841592024	0.274310841592024	hypo	case		0.601299174435537	0.63	0.63	1.3	0.631196923696201	5
chr21	23825390	23826200	811	11	18.3318181818182	-0.249904943497049	0.249904943497049	-0.220023842135885	0.220023842135885	hypo	case		0.434218003165273	0.63	0.63	1.3	0.631196923696201	5
chr21	23678417	23678513	97	5	23.08	-0.243899248549627	0.243899248549627	-0.238561199338511	0.238561199338511	hypo	case		0.127617420902278	0.63	0.63	1.3	0.631196923696201	5
chr20	58051813	58052192	380	11	20.9181818181818	-0.333116228553905	0.333116228553905	-0.34535883973835	0.34535883973835	hypo	case		0.355662089258896	0.63	0.63	1.3	0.631196923696201	5
chr21	22250354	22251757	1404	20	19.3125	-0.307630771884061	0.307630771884061	-0.314658401594918	0.314658401594918	hypo	case		0.131822607340808	0.63	0.63	1.3	0.631196923696201	5
chr21	24239733	24240416	684	8	18.50625	-0.281291508910056	0.281291508910056	-0.30674301714906	0.30674301714906	hypo	case		0.179317084995227	0.63	0.63	1.3	0.631196923696201	5
chr21	11117404	11117757	354	9	49.7777777777778	0.329056874890226	0.329056874890226	0.343662817296661	0.343662817296661	hyper	case		0.148160165143661	0.63	0.63	1.3	0.631196923696201	5
chr21	29228847	29230187	1341	13	20.9653846153846	-0.250878586897466	0.250878586897466	-0.277844079019967	0.277844079019967	hypo	case		0.0344589719648788	0.63	0.63	1.3	0.631196923696201	5
chr21	15386746	15388384	1639	16	19.371875	-0.291678490718973	0.291678490718973	-0.302024407919957	0.302024407919957	hypo	case		0.0965595046488181	0.63	0.63	1.3	0.631196923696201	5
chr21	20794481	20794581	101	5	21.14	-0.273809394761996	0.273809394761996	-0.257614207107944	0.257614207107944	hypo	case		0.442655801992811	0.63	0.63	1.3	0.631196923696201	5
chr20	29839812	29840205	394	6	20.6	-0.245282680682184	0.245282680682184	-0.322194434532331	0.322194434532331	hypo	case		0.480913614398694	0.63	0.63	1.3	0.631196923696201	5
chr20	42457379	42457989	611	12	21.1791666666667	-0.271414940981624	0.271414940981624	-0.290394862228183	0.290394862228183	hypo	case		0.606309185618168	0.63	0.63	1.3	0.631196923696201	5
chr20	28949894	28950330	437	5	27.93	0.0867765531255807	0.0867765531255807	0.0657699585346725	0.0657699585346725	hyper	case		0.152516411012599	0.63	0.63	1.3	0.631196923696201	5
chr20	30859865	30859908	44	6	42	0.286534148539172	0.286534148539172	0.298615871545032	0.298615871545032	hyper	case		0.102902421834416	0.63	0.63	1.3	0.631196923696201	5
chr20	23210783	23211738	956	13	22.25	-0.218545412182056	0.218545412182056	-0.225839032223938	0.225839032223938	hypo	case		0.514488595558429	0.63	0.63	1.3	0.631196923696201	5
chr20	10257272	10259021	1750	47	24.8531914893617	-0.320627653898551	0.320627653898551	-0.328602532454403	0.328602532454403	hypo	case		0.276533497845407	0.63	0.63	1.3	0.631196923696201	5
chr21	10086175	10086520	346	5	45.36	0.228317905641839	0.228317905641839	0.213558515364225	0.213558515364225	hyper	case		0.109859358163145	0.63	0.63	1.3	0.631196923696201	5
chr20	8192321	8192448	128	5	22.36	0.150047108018366	0.150047108018366	0.200081050621064	0.200081050621064	hyper	case		0.100499695530975	0.63	0.63	1.3	0.631196923696201	5
chr21	7470299	7471615	1317	13	10.5153846153846	-0.233890862427047	0.233890862427047	-0.266149580058859	0.266149580058859	hypo	case		0.15969051948876	0.63	0.63	1.3	0.631196923696201	5
chr20	41935297	41935684	388	5	17.24	-0.262536796601232	0.262536796601232	-0.291284877444002	0.291284877444002	hypo	case		0.919035661640052	0.63	0.919035661640052	2.8	0.699178745142492	5
chr20	6288299	6288569	271	5	21.43	0.107517001155916	0.107517001155916	0.100554726707629	0.100554726707629	hyper	case		0.479056717892773	0.63	0.63	1.3	0.631196923696201	5
chr20	52917597	52918402	806	5	18.96	-0.187373905147663	0.187373905147663	-0.20590943141149	0.20590943141149	hypo	case		0.218824980857953	0.63	0.63	1.3	0.631196923696201	5
chr21	28479980	28481316	1337	16	20.74375	-0.322203272621376	0.322203272621376	-0.330197296572359	0.330197296572359	hypo	case		0.475509730191759	0.63	0.63	1.3	0.631196923696201	5
chr20	8538938	8539521	584	10	20.875	-0.239337535674739	0.239337535674739	-0.238222310317471	0.238222310317471	hypo	case		0.622607100818177	0.63	0.63	1.3	0.631196923696201	5
chr20	42030507	42030703	197	10	21.225	-0.39912541287619	0.39912541287619	-0.349137748906813	0.349137748906813	hypo	case		0.659588767893544	0.63	0.659588767893544	2.3	0.659306801480108	5
chr20	14182757	14184638	1882	15	19.7566666666667	-0.338610248914126	0.338610248914126	-0.364592919555754	0.364592919555754	hypo	case		0.922986185929634	0.63	0.922986185929634	2.8	0.699178745142492	5
chr21	14490513	14491202	690	11	19.8045454545455	0.349528888667905	0.349528888667905	0.344247715520777	0.344247715520777	hyper	case		0.257428766446263	0.63	0.63	1.3	0.631196923696201	5
chr21	23673323	23674157	835	40	21.91875	-0.268487458461488	0.268487458461488	-0.28616989212396	0.28616989212396	hypo	case		0.285064348459229	0.63	0.63	1.3	0.631196923696201	5
chr20	30225444	30225679	236	5	23.11	0.208430292181566	0.208430292181566	0.249127285296236	0.249127285296236	hyper	case		0.452882224633245	0.63	0.63	1.3	0.631196923696201	5
chr21	15675955	15676449	495	7	21.9	-0.24081832074092	0.24081832074092	-0.237603798911988	0.237603798911988	hypo	case		0.258110823172629	0.63	0.63	1.3	0.631196923696201	5
chr21	33155538	33156495	958	27	23.0462962962963	0.261818772612251	0.261818772612251	0.284823404505517	0.284823404505517	hyper	case		0.080645921967228	0.63	0.63	1.3	0.631196923696201	5
chr20	31329556	31330550	995	14	22.7071428571429	0.229110632609492	0.229110632609492	0.25425430970157	0.25425430970157	hyper	case		0.678042601229684	0.63	0.678042601229684	2.2	0.68079466994017	5
chr20	10407324	10407996	673	15	21.4833333333333	0.310053281654721	0.310053281654721	0.305799193861986	0.305799193861986	hyper	case		0.543949163714567	0.63	0.63	1.3	0.631196923696201	5
chr20	6325576	6326987	1412	11	19.0136363636364	-0.293571336837923	0.293571336837923	-0.331157189814255	0.331157189814255	hypo	case		0.0958267218405224	0.63	0.63	1.3	0.631196923696201	5
chr21	7213056	7213386	331	5	24.86	0.244349296846366	0.244349296846366	0.23973891830639	0.23973891830639	hyper	case		0.619514011483246	0.63	0.63	1.3	0.631196923696201	5
chr21	35454821	35455548	728	11	22.9681818181818	-0.204719823560278	0.204719823560278	-0.253357154105866	0.253357154105866	hypo	case		0.99	0.63	0.99	2.8	0.699178745142492	5
chr21	9279099	9280210	1112	14	26.7821428571429	0.317890064206902	0.317890064206902	0.337886230715786	0.337886230715786	hyper	case		0.466955501341399	0.63	0.63	1.3	0.631196923696201	5
chr20	20130060	20130276	217	9	21.9722222222222	-0.316223334657545	0.316223334657545	-0.317278512253515	0.317278512253515	hypo	case		0.13754833223992	0.63	0.63	1.3	0.631196923696201	5
chr20	17123666	17123897	232	5	22.8	-0.13622813129724	0.13622813129724	-0.166200257193012	0.166200257193012	hypo	case		0.12972506281578	0.63	0.63	1.3	0.631196923696201	5
chr21	10110098	10110705	608	30	46.8916666666667	-0.35136874692945	0.35136874692945	-0.339346916137557	0.339346916137557	hypo	case		0.305366065936613	0.63	0.63	1.3	0.631196923696201	5
chr21	14146928	14147624	697	13	22.3615384615385	-0.353422812582491	0.353422812582491	-0.35036039162165	0.35036039162165	hypo	case		0.370609336175364	0.63	0.63	1.3	0.631196923696201	5
chr21	32421260	32422869	1610	27	19.6203703703704	-0.341409961288394	0.341409961288394	-0.330354121376124	0.330354121376124	hypo	case		0.435325444065026	0.63	0.63	1.3	0.631196923696201	5
chr21	13044152	13044227	76	6	28.2416666666667	0.32296984152127	0.32296984152127	0.288542001207094	0.288542001207094	hyper	case		0.402102063607096	0.63	0.63	1.3	0.631196923696201	5
chr20	9228939	9229248	310	8	20.1125	0.22476717704897	0.22476717704897	0.260374871344705	0.260374871344705	hyper	case		0.20676682114904	0.63	0.63	1.3	0.631196923696201	5
chr20	18331656	18332044	389	6	24.0916666666667	-0.249316688506557	0.249316688506557	-0.240441046652559	0.240441046652559	hypo	case		0.158407236484924	0.63	0.63	1.3	0.631196923696201	5
chr21	30911374	30912387	1014	27	20.2537037037037	-0.348468976871017	0.348468976871017	-0.379081984438785	0.379081984438785	hypo	case		0.448611423814601	0.63	0.63	1.3	0.631196923696201	5
chr20	26104882	26105322	441	12	23.275	-0.343500164379308	0.343500164379308	-0.332436109374154	0.332436109374154	hypo	case		0.56649828411373	0.63	0.63	1.3	0.631196923696201	5
chr20	41272927	41273397	471	5	19.84	-0.277671941954786	0.277671941954786	-0.260214754620307	0.260214754620307	hypo	case		0.327056913382318	0.63	0.63	1.3	0.631196923696201	5
chr21	40721708	40721991	284	6	21.5833333333333	-0.317322517504477	0.317322517504477	-0.378633997764341	0.378633997764341	hypo	case		0.99	0.63	0.99	2.8	0.699178745142492	5
chr21	30518168	30518554	387	5	16.66	-0.141915863727514	0.141915863727514	-0.174668289888828	0.174668289888828	hypo	case		0.226444942752124	0.63	0.63	1.3	0.631196923696201	5
chr20	26243571	26243934	364	7	24.2214285714286	-0.327423573490391	0.327423573490391	-0.339729384654639	0.339729384654639	hypo	case		0.671070332949954	0.63	0.671070332949954	1	0.669834237506434	5
chr20	45412789	45413354	566	9	21.5166666666667	-0.242972130905618	0.242972130905618	-0.238856970822724	0.238856970822724	hypo	case		0.107330427366262	0.63	0.63	1.3	0.631196923696201	5
chr21	15409685	15410019	335	5	23.13	-0.198036419631518	0.198036419631518	-0.17074851802909	0.17074851802909	hypo	case		0.372237659253256	0.63	0.63	1.3	0.631196923696201	5
chr20	16782178	16783127	950	13	22.6346153846154	-0.301276526006948	0.301276526006948	-0.32901119906641	0.32901119906641	hypo	case		0.213691392456072	0.63	0.63	1.3	0.631196923696201	5
chr21	21071010	21072237	1228	41	20.3548780487805	-0.302330748075651	0.302330748075651	-0.318543139290325	0.318543139290325	hypo	case		0.614181626379003	0.63	0.63	1.3	0.631196923696201	5
chr20	19171364	19171461	98	5	18.44	0.22471892910251	0.22471892910251	0.240572003856865	0.240572003856865	hyper	case		0.305048154936745	0.63	0.63	1.3	0.631196923696201	5
chr21	30426959	30427772	814	8	22.3375	0.240868943655075	0.240868943655075	0.258341113702903	0.258341113702903	hyper	case		0.871985318651734	0.63	0.871985318651734	2.8	0.699178745142492	5
chr21	13798994	13799513	520	8	18.625	-0.301826811118691	0.301826811118691	-0.32434932246674	0.32434932246674	hypo	case		0.297270804251968	0.63	0.63	1.3	0.631196923696201	5
chr20	7972535	7973298	764	10	19.76	-0.242954837766834	0.242954837766834	-0.257433908226253	0.257433908226253	hypo	case		0.603778217175771	0.63	0.63	1.3	0.631196923696201	5
chr20	16926666	16926996	331	20	24.405	-0.364743166427965	0.364743166427965	-0.34261719218689	0.34261719218689	hypo	case		0.386959993854964	0.63	0.63	1.3	0.631196923696201	5
chr20	59885402	59886151	750	16	19.115625	-0.274498546489029	0.274498546489029	-0.302308749861101	0.302308749861101	hypo	case		0.259096996522702	0.63	0.63	1.3	0.631196923696201	5
chr21	28715282	28716094	813	5	20.27	0.0820556292692516	0.0820556292692516	0.236600392993027	0.236600392993027	hyper	case		0.99	0.63	0.99	2.8	0.699178745142492	5
chr21	18677172	18677453	282	5	18.39	0.340886027718711	0.340886027718711	0.331524847698817	0.331524847698817	hyper	case		0.854877739838177	0.63	0.854877739838177	2.8	0.699178745142492	5
chr21	24188223	24189264	1042	13	21.3153846153846	-0.296357911141445	0.296357911141445	-0.278550951091429	0.278550951091429	hypo	case		0.0309279872407644	0.63	0.63	1.3	0.631196923696201	5
chr21	18886638	18887024	387	5	24.92	0.394242829801646	0.394242829801646	0.288088367452564	0.288088367452564	hyper	case		0.262528467607706	0.63	0.63	1.3	0.631196923696201	5
chr20	41785333	41785817	485	10	26.615	-0.284553918470172	0.284553918470172	-0.278032838791992	0.278032838791992	hypo	case		0.528648639464801	0.63	0.63	1.3	0.631196923696201	5
chr20	16891192	16892413	1222	12	22.2208333333333	-0.225158459084546	0.225158459084546	-0.236335591885408	0.236335591885408	hypo	case		0.152842266219418	0.63	0.63	1.3	0.631196923696201	5
chr20	25892564	25893070	507	5	24.19	0.265290041343998	0.265290041343998	0.280768178976259	0.280768178976259	hyper	case		0.287591819619987	0.63	0.63	1.3	0.631196923696201	5
chr21	21997019	21997246	228	5	21.32	-0.192780781979403	0.192780781979403	-0.0998036211305492	0.0998036211305492	hypo	case		0.20673818097587	0.63	0.63	1.3	0.631196923696201	5
chr20	6543780	6544749	970	8	21.675	-0.29762758740747	0.29762758740747	-0.304775249272477	0.304775249272477	hypo	case		0.240317710035347	0.63	0.63	1.3	0.631196923696201	5
chr21	29854760	29855240	481	5	19.87	-0.227895093703725	0.227895093703725	-0.205027620223015	0.205027620223015	hypo	case		0.186110806634079	0.63	0.63	1.3	0.631196923696201	5
chr20	56201401	56202929	1529	23	23.795652173913	0.249924115845169	0.249924115845169	0.263340563552099	0.263340563552099	hyper	case		0.527185327677014	0.63	0.63	1.3	0.631196923696201	5
chr20	19147140	19148074	935	52	21.2153846153846	-0.334972649976382	0.334972649976382	-0.328113511137694	0.328113511137694	hypo	case		0.578901887910571	0.63	0.63	1.3	0.631196923696201	5
chr20	44945189	44946714	1526	29	23.3137931034483	-0.291582697641179	0.291582697641179	-0.328805982723285	0.328805982723285	hypo	case		0.604225117820676	0.63	0.63	1.3	0.631196923696201	5
chr20	30956743	30957228	486	11	20.45	-0.231923060855082	0.231923060855082	-0.291819830851356	0.291819830851356	hypo	case		0.298215252528661	0.63	0.63	1.3	0.631196923696201	5
chr20	45224299	45224689	391	5	22.92	-0.363408011610637	0.363408011610637	-0.355528574951827	0.355528574951827	hypo	case		0.576941684834656	0.63	0.63	1.3	0.631196923696201	5
chr21	35059699	35059899	201	8	22.5	-0.348866939253762	0.348866939253762	-0.342953550633423	0.342953550633423	hypo	case		0.19280414188508	0.63	0.63	1.3	0.631196923696201	5
chr20	6101178	6102632	1455	39	20.9653846153846	-0.337643095151609	0.337643095151609	-0.339108190354873	0.339108190354873	hypo	case		0.369229018826759	0.63	0.63	1.3	0.631196923696201	5
chr20	11586625	11587944	1320	23	17.8	-0.280985202662834	0.280985202662834	-0.296213773785431	0.296213773785431	hypo	case		0.461588126316121	0.63	0.63	1.3	0.631196923696201	5
chr20	40160244	40160546	303	12	18.1583333333333	0.273392196486565	0.273392196486565	0.258039722436307	0.258039722436307	hyper	case		0.353089332975428	0.63	0.63	1.3	0.631196923696201	5
chr20	6541924	6541987	64	5	23.55	-0.262747438174595	0.262747438174595	-0.246580430313901	0.246580430313901	hypo	case		0.480657981188182	0.63	0.63	1.3	0.631196923696201	5
chr20	39569342	39569537	196	5	21.29	0.252350226695735	0.252350226695735	0.222908595528398	0.222908595528398	hyper	case		0.415024597420497	0.63	0.63	1.3	0.631196923696201	5
chr21	39145185	39145845	661	7	22.7	-0.305388015804344	0.305388015804344	-0.369977012100291	0.369977012100291	hypo	case		0.141418222636952	0.63	0.63	1.3	0.631196923696201	5
chr21	25159240	25160420	1181	16	23.096875	-0.26430511012469	0.26430511012469	-0.261155395039363	0.261155395039363	hypo	case		0.412844439128567	0.63	0.63	1.3	0.631196923696201	5
chr21	27100343	27101204	862	14	25.625	-0.403821643112546	0.403821643112546	-0.416970293706316	0.416970293706316	hypo	case		0.774386449085776	0.63	0.774386449085776	2.8	0.699178745142492	5
chr20	55958956	55959308	353	5	21.8	-0.157772592118253	0.157772592118253	-0.188909572192218	0.188909572192218	hypo	case		0.323682102292318	0.63	0.63	1.3	0.631196923696201	5
chr20	3386427	3387745	1319	10	22.12	-0.254337268335972	0.254337268335972	-0.244847099451871	0.244847099451871	hypo	case		0.363211243588128	0.63	0.63	1.3	0.631196923696201	5
chr20	39710498	39711586	1089	20	21.42	-0.255958621302926	0.255958621302926	-0.276793338873582	0.276793338873582	hypo	case		0.562975556640693	0.63	0.63	1.3	0.631196923696201	5
chr21	24666821	24668773	1953	29	20.2827586206897	-0.342592473686474	0.342592473686474	-0.342403768335755	0.342403768335755	hypo	case		0.298763554516964	0.63	0.63	1.3	0.631196923696201	5
chr20	26174716	26174775	60	6	23.2166666666667	-0.224553683474745	0.224553683474745	-0.217890848966329	0.217890848966329	hypo	case		0.415092360802665	0.63	0.63	1.3	0.631196923696201	5
chr21	30425867	30426129	263	5	21.56	0.237149649506655	0.237149649506655	0.19859205190785	0.19859205190785	hyper	case		0.965890439345001	0.63	0.965890439345001	2.8	0.699178745142492	5
chr20	16114861	16115426	566	5	19.98	0.100869329945417	0.100869329945417	0.192729161741181	0.192729161741181	hyper	case		0.274607662699052	0.63	0.63	1.3	0.631196923696201	5
chr21	32647288	32647444	157	10	22.6	-0.389987874934724	0.389987874934724	-0.392427175786924	0.392427175786924	hypo	case		0.324415130315316	0.63	0.63	1.3	0.631196923696201	5
chr21	9553386	9553543	158	6	29	0.243797782608674	0.243797782608674	0.227265203485061	0.227265203485061	hyper	case		0.172690518452642	0.63	0.63	1.3	0.631196923696201	5
chr20	8799092	8799398	307	6	22.0916666666667	-0.30044728246447	0.30044728246447	-0.271858051701669	0.271858051701669	hypo	case		0.372275400764239	0.63	0.63	1.3	0.631196923696201	5
chr21	40613613	40614112	500	5	20.16	-0.138004320785281	0.138004320785281	-0.142015279159962	0.142015279159962	hypo	case		0.644602866599908	0.63	0.644602866599908	2.1	0.645931533779038	5
chr21	21533491	21533958	468	5	24.23	-0.221517380716035	0.221517380716035	-0.198388686505466	0.198388686505466	hypo	case		0.389284483165775	0.63	0.63	1.3	0.631196923696201	5
chr20	5246838	5247606	769	11	20.0045454545455	-0.250367630160965	0.250367630160965	-0.234239338452911	0.234239338452911	hypo	case		0.170622556518934	0.63	0.63	1.3	0.631196923696201	5
chr20	18854633	18855038	406	6	24.725	-0.383180786579501	0.383180786579501	-0.429027426527105	0.429027426527105	hypo	case		0.193671951755702	0.63	0.63	1.3	0.631196923696201	5
chr20	7974592	7975241	650	5	19.95	-0.266997332533397	0.266997332533397	-0.238228026933358	0.238228026933358	hypo	case		0.559797128987203	0.63	0.63	1.3	0.631196923696201	5
chr21	34907821	34908474	654	11	20.4318181818182	0.266224234829498	0.266224234829498	0.275187126163724	0.275187126163724	hyper	case		0.0263530911955512	0.63	0.63	1.3	0.631196923696201	5
chr20	48185003	48186517	1515	35	24.0185714285714	-0.39014240622763	0.39014240622763	-0.407850955248594	0.407850955248594	hypo	case		0.14567630534267	0.63	0.63	1.3	0.631196923696201	5
chr21	29979238	29980595	1358	12	21.85	-0.323130250010995	0.323130250010995	-0.376312201232598	0.376312201232598	hypo	case		0.490002736949599	0.63	0.63	1.3	0.631196923696201	5
chr20	20428322	20428432	111	5	18.45	-0.130546225407159	0.130546225407159	-0.169283466364003	0.169283466364003	hypo	case		0.174934695509975	0.63	0.63	1.3	0.631196923696201	5
chr20	39696029	39697315	1287	10	19.74	0.188923229669307	0.188923229669307	0.235308583698616	0.235308583698616	hyper	case		0.687873209616942	0.63	0.687873209616942	1.1	0.6923721055347	5
chr20	25898177	25898917	741	10	22.39	-0.242259507371264	0.242259507371264	-0.244204366267119	0.244204366267119	hypo	case		0.357783649863291	0.63	0.63	1.3	0.631196923696201	5
chr21	10408002	10408472	471	6	38.5083333333333	0.234386267273954	0.234386267273954	0.257541628382758	0.257541628382758	hyper	case		0.557432890041326	0.63	0.63	1.3	0.631196923696201	5
chr20	6757303	6757445	143	6	20.45	0.224777983361263	0.224777983361263	0.24017295059305	0.24017295059305	hyper	case		0.344039592287901	0.63	0.63	1.3	0.631196923696201	5
chr21	25206996	25207885	890	13	19.4307692307692	-0.262201079712747	0.262201079712747	-0.292577826909348	0.292577826909348	hypo	case		0.308610393970875	0.63	0.63	1.3	0.631196923696201	5
chr21	28344860	28346200	1341	16	21.965625	-0.285490645676613	0.285490645676613	-0.273323773377876	0.273323773377876	hypo	case		0.456606002296775	0.63	0.63	1.3	0.631196923696201	5
chr21	23795119	23795199	81	5	21.5	-0.186327787065016	0.186327787065016	-0.206326265057846	0.206326265057846	hypo	case		0.401972668854149	0.63	0.63	1.3	0.631196923696201	5
chr21	10490691	10491219	529	5	38.43	0.206528543515887	0.206528543515887	0.198623631150344	0.198623631150344	hyper	case		0.563337084162542	0.63	0.63	1.3	0.631196923696201	5
chr20	54887222	54887353	132	5	22.09	0.06174672715681	0.06174672715681	0.0787196130266853	0.0787196130266853	hyper	case		0.278798356071421	0.63	0.63	1.3	0.631196923696201	5
chr20	54262715	54264467	1753	32	21.353125	-0.264842737088743	0.264842737088743	-0.261323382315255	0.261323382315255	hypo	case		0.853408435885116	0.63	0.853408435885116	2.8	0.699178745142492	5
chr21	16472567	16473877	1311	18	21.9388888888889	-0.251572454332289	0.251572454332289	-0.274948523621786	0.274948523621786	hypo	case		0.112116070731673	0.63	0.63	1.3	0.631196923696201	5
chr20	241913	242628	716	5	21.55	-0.211434747170041	0.211434747170041	-0.158622007972852	0.158622007972852	hypo	case		0.374090924306077	0.63	0.63	1.3	0.631196923696201	5
chr21	33822078	33822289	212	11	20.2681818181818	-0.287376419840934	0.287376419840934	-0.327752004045121	0.327752004045121	hypo	case		0.106316993226258	0.63	0.63	1.3	0.631196923696201	5
chr21	19679330	19680622	1293	24	19.7041666666667	-0.324792140382096	0.324792140382096	-0.344214745599035	0.344214745599035	hypo	case		0.0925539468269166	0.63	0.63	1.3	0.631196923696201	5
chr20	29664326	29665057	732	7	22.8785714285714	-0.311414880977629	0.311414880977629	-0.29532778591335	0.29532778591335	hypo	case		0.212568533337214	0.63	0.63	1.3	0.631196923696201	5
chr20	14833196	14833650	455	10	21.495	-0.274487874252816	0.274487874252816	-0.302448227978639	0.302448227978639	hypo	case		0.402429658220846	0.63	0.63	1.3	0.631196923696201	5
chr21	9188466	9188739	274	5	10.83	-0.315222857369239	0.315222857369239	-0.306998616906657	0.306998616906657	hypo	case		0.782958700190816	0.63	0.782958700190816	2.8	0.699178745142492	5
chr21	33758021	33758870	850	20	23.895	-0.375228502210353	0.375228502210353	-0.391551637896998	0.391551637896998	hypo	case		0.216351996854387	0.63	0.63	1.3	0.631196923696201	5
chr20	41032128	41033038	911	16	23.609375	0.244007092977389	0.244007092977389	0.304191091145469	0.304191091145469	hyper	case		0.148243834166537	0.63	0.63	1.3	0.631196923696201	5
chr21	22073584	22073911	328	5	17.71	-0.239821903077977	0.239821903077977	-0.154955996187167	0.154955996187167	hypo	case		0.380037542372655	0.63	0.63	1.3	0.631196923696201	5
chr21	9600856	9600926	71	5	35.73	0.0224347368719173	0.0224347368719173	0.0358124265432863	0.0389196846933848	hyper	case		0.176167795967518	0.63	0.63	1.3	0.631196923696201	5
chr20	40396854	40397064	211	8	22.3125	-0.261820915356671	0.261820915356671	-0.310327675914359	0.310327675914359	hypo	case		0.436527319298492	0.63	0.63	1.3	0.631196923696201	5
chr21	9868434	9869373	940	10	63.555	0.188868617006381	0.188868617006381	0.224092225851131	0.224092225851131	hyper	case		0.328226809805069	0.63	0.63	1.3	0.631196923696201	5
chr20	43115474	43116236	763	18	22.4666666666667	-0.296632067763282	0.296632067763282	-0.287069016351995	0.287069016351995	hypo	case		0.509472260633039	0.63	0.63	1.3	0.631196923696201	5
chr20	59842462	59842801	340	8	22.01875	-0.339621638795556	0.339621638795556	-0.368184605096666	0.368184605096666	hypo	case		0.249154757798414	0.63	0.63	1.3	0.631196923696201	5
chr20	44692852	44693340	489	11	19.4954545454545	-0.196205468551057	0.196205468551057	-0.266104532619461	0.266104532619461	hypo	case		0.263168638188128	0.63	0.63	1.3	0.631196923696201	5
chr20	13518345	13519665	1321	20	19.365	-0.379067186156562	0.379067186156562	-0.425449794669735	0.425449794669735	hypo	case		0.642909647992986	0.63	0.642909647992986	2.1	0.645931533779038	5
chr21	20376807	20378015	1209	11	23.7818181818182	0.248061320370728	0.248061320370728	0.237997920416261	0.237997920416261	hyper	case		0.14335487517795	0.63	0.63	1.3	0.631196923696201	5
chr21	33573019	33573331	313	8	21.625	-0.257883010958207	0.257883010958207	-0.305309657012456	0.305309657012456	hypo	case		0.378095488861129	0.63	0.63	1.3	0.631196923696201	5
chr21	19699774	19700346	573	10	21.23	-0.30564702736335	0.30564702736335	-0.331555579528588	0.331555579528588	hypo	case		0.549085903978567	0.63	0.63	1.3	0.631196923696201	5
chr21	5264538	5265037	500	9	25.45	-0.401931383638038	0.401931383638038	-0.315944545394941	0.315944545394941	hypo	case		0.295071770756329	0.63	0.63	1.3	0.631196923696201	5
chr20	56219852	56220135	284	10	21.645	-0.293553121236049	0.293553121236049	-0.304785929476534	0.304785929476534	hypo	case		0.530989493803844	0.63	0.63	1.3	0.631196923696201	5
chr21	23106825	23107231	407	7	18.6571428571429	-0.245045205513749	0.245045205513749	-0.242941370997825	0.242941370997825	hypo	case		0.224396371247471	0.63	0.63	1.3	0.631196923696201	5
chr20	61095590	61096038	449	7	23.6071428571429	-0.329049468214733	0.329049468214733	-0.315742207818001	0.315742207818001	hypo	case		0.255731842680625	0.63	0.63	1.3	0.631196923696201	5
chr20	55257900	55258165	266	5	22.92	-0.252923051100558	0.252923051100558	-0.285188968437449	0.285188968437449	hypo	case		0.599563517431354	0.63	0.63	1.3	0.631196923696201	5
chr20	39052205	39053841	1637	51	22.5323529411765	-0.338734570563154	0.338734570563154	-0.329751131380482	0.329751131380482	hypo	case		0.356577935822798	0.63	0.63	1.3	0.631196923696201	5
chr21	23155228	23155659	432	5	24.75	-0.249692196253109	0.249692196253109	-0.247380616014103	0.247380616014103	hypo	case		0.314688369906168	0.63	0.63	1.3	0.631196923696201	5
chr20	12355425	12355657	233	5	22.68	-0.227498730064189	0.227498730064189	-0.228652305705277	0.228652305705277	hypo	case		0.442272454679208	0.63	0.63	1.3	0.631196923696201	5
chr21	15254134	15254807	674	14	22.7571428571429	-0.286408401766067	0.286408401766067	-0.298269243996506	0.298269243996506	hypo	case		0.227363013649186	0.63	0.63	1.3	0.631196923696201	5
chr21	22333610	22333936	327	11	21.4454545454545	-0.290319563819244	0.290319563819244	-0.303866779914595	0.303866779914595	hypo	case		0.601353855007441	0.63	0.63	1.3	0.631196923696201	5
chr20	8817245	8817882	638	7	21.0428571428571	0.252378493343378	0.252378493343378	0.242255180577168	0.242255180577168	hyper	case		0.532446251223213	0.63	0.63	1.3	0.631196923696201	5
chr20	25088241	25089005	765	20	21.43	-0.311628855109345	0.311628855109345	-0.299570118560911	0.299570118560911	hypo	case		0.448480409334566	0.63	0.63	1.3	0.631196923696201	5
chr20	45537660	45538483	824	17	20.7647058823529	0.239120259685275	0.239120259685275	0.264885692619037	0.264885692619037	hyper	case		0.373820798471899	0.63	0.63	1.3	0.631196923696201	5
chr20	29810843	29811284	442	5	21.47	0.172491385183477	0.172491385183477	0.162548537408135	0.162548537408135	hyper	case		0.168182379278206	0.63	0.63	1.3	0.631196923696201	5
chr21	15467426	15467845	420	5	20.93	0.138743536053319	0.138743536053319	0.120675616090296	0.120675616090296	hyper	case		0.101409680073085	0.63	0.63	1.3	0.631196923696201	5
chr21	19321008	19321987	980	18	22.8888888888889	-0.237296577367937	0.237296577367937	-0.232407441151667	0.232407441151667	hypo	case		0.142801982070714	0.63	0.63	1.3	0.631196923696201	5
chr21	23437909	23438482	574	5	21.05	-0.247952407041524	0.247952407041524	-0.230479715710297	0.230479715710297	hypo	case		0.232890126749026	0.63	0.63	1.3	0.631196923696201	5
chr20	5386693	5387213	521	8	22.10625	0.247256573886523	0.247256573886523	0.248938962611552	0.248938962611552	hyper	case		0.617767232700354	0.63	0.63	1.3	0.631196923696201	5
chr20	34451010	34451889	880	30	22.5316666666667	-0.25581293113313	0.25581293113313	-0.283578234142684	0.283578234142684	hypo	case		0.464927389042521	0.63	0.63	1.3	0.631196923696201	5
chr20	22170937	22171125	189	5	25.57	-0.287518430945061	0.287518430945061	-0.32257068725901	0.32257068725901	hypo	case		0.27484832224205	0.63	0.63	1.3	0.631196923696201	5
chr21	5687792	5688047	256	12	12.4333333333333	-0.227004643640673	0.227004643640673	-0.259279954395192	0.259279954395192	hypo	case		0.289068790174368	0.63	0.63	1.3	0.631196923696201	5
chr21	15929089	15930035	947	12	21.3541666666667	0.221751322341211	0.221751322341211	0.250841180628134	0.250841180628134	hyper	case		0.358943812210881	0.63	0.63	1.3	0.631196923696201	5
chr21	32641745	32642592	848	16	19.09375	0.273204201061703	0.273204201061703	0.302907845551304	0.302907845551304	hyper	case		0.399472420824395	0.63	0.63	1.3	0.631196923696201	5
chr20	20589337	20589769	433	12	21.3541666666667	-0.301033602392315	0.301033602392315	-0.252562764150936	0.252562764150936	hypo	case		0.519263848285162	0.63	0.63	1.3	0.631196923696201	5
chr20	9471420	9472205	786	10	19.82	-0.254938368650763	0.254938368650763	-0.245784902715917	0.245784902715917	hypo	case		0.72849548408628	0.63	0.72849548408628	2.8	0.699178745142492	5
chr21	37906770	37907442	673	15	23.4033333333333	0.25674921974922	0.25674921974922	0.301472945334574	0.301472945334574	hyper	case		0.616118270358025	0.63	0.63	1.3	0.631196923696201	5
chr20	221873	222373	501	5	21.1	-0.192398905616078	0.192398905616078	-0.185429853210931	0.185429853210931	hypo	case		0.139695619347389	0.63	0.63	1.3	0.631196923696201	5
chr20	13041423	13042032	610	10	22.955	-0.256348292146822	0.256348292146822	-0.256565514506975	0.256565514506975	hypo	case		0.0987008078669273	0.63	0.63	1.3	0.631196923696201	5
chr20	107482	107544	63	5	25.85	-0.288154615100188	0.288154615100188	-0.31540351235067	0.31540351235067	hypo	case		0.487122397253051	0.63	0.63	1.3	0.631196923696201	5
chr20	2634186	2634264	79	6	23.3666666666667	-0.29352944220373	0.29352944220373	-0.282959941617157	0.282959941617157	hypo	case		0.07369667995867	0.63	0.63	1.3	0.631196923696201	5
chr20	8490460	8491569	1110	13	24.6615384615385	-0.290989969725264	0.290989969725264	-0.259750517257954	0.259750517257954	hypo	case		0.331735453968885	0.63	0.63	1.3	0.631196923696201	5
chr20	16771953	16772811	859	18	26.8666666666667	-0.326638766503938	0.326638766503938	-0.340947116754458	0.340947116754458	hypo	case		0.144146208430671	0.63	0.63	1.3	0.631196923696201	5
chr20	9233241	9233878	638	7	21.8142857142857	0.364930019883025	0.364930019883025	0.419363716030581	0.419363716030581	hyper	case		0.398256540030653	0.63	0.63	1.3	0.631196923696201	5
chr20	18796248	18796707	460	5	19.92	-0.313858586962869	0.313858586962869	-0.261178672879941	0.261178672879941	hypo	case		0.114456668594063	0.63	0.63	1.3	0.631196923696201	5
chr21	15976614	15978042	1429	11	21.3136363636364	-0.192146309939087	0.192146309939087	-0.28387040656959	0.28387040656959	hypo	case		0.179362643065636	0.63	0.63	1.3	0.631196923696201	5
chr20	55792965	55794578	1614	25	23.758	-0.296111451878051	0.296111451878051	-0.331632674806135	0.331632674806135	hypo	case		0.121471174303454	0.63	0.63	1.3	0.631196923696201	5
chr20	17245184	17246277	1094	15	20.4333333333333	-0.239250954106558	0.239250954106558	-0.260357631669084	0.260357631669084	hypo	case		0.0862517238511459	0.63	0.63	1.3	0.631196923696201	5
chr21	40451057	40452480	1424	27	23.8351851851852	-0.295149852506394	0.295149852506394	-0.311295804769395	0.311295804769395	hypo	case		0.283415945942262	0.63	0.63	1.3	0.631196923696201	5
chr20	45214020	45214232	213	6	22.7583333333333	-0.228730328987866	0.228730328987866	-0.285286410764496	0.285286410764496	hypo	case		0.135406291381986	0.63	0.63	1.3	0.631196923696201	5
chr20	36118222	36118641	420	7	23.7928571428571	-0.262373100065012	0.262373100065012	-0.282616350753902	0.282616350753902	hypo	case		0.414798198961634	0.63	0.63	1.3	0.631196923696201	5
chr20	34792922	34794082	1161	14	21.9642857142857	-0.272859964133212	0.272859964133212	-0.267093736316262	0.267093736316262	hypo	case		0.373626693535824	0.63	0.63	1.3	0.631196923696201	5
chr20	28734606	28735134	529	5	27.27	0.179660852922169	0.179660852922169	0.201129349130411	0.201129349130411	hyper	case		0.940661948579159	0.63	0.940661948579159	2.8	0.699178745142492	5
chr21	24072734	24072873	140	5	21.76	-0.299260262821139	0.299260262821139	-0.187036140889394	0.187036140889394	hypo	case		0.67252396184009	0.63	0.67252396184009	2.7	0.672386119003475	5
chr20	40076133	40076596	464	5	22.53	-0.200241057686074	0.200241057686074	-0.196313379844183	0.196313379844183	hypo	case		0.347134914808867	0.63	0.63	1.3	0.631196923696201	5
chr21	13573702	13573993	292	5	22.95	0.353653748268817	0.353653748268817	0.396914182041482	0.396914182041482	hyper	case		0.122106982425974	0.63	0.63	1.3	0.631196923696201	5
chr21	20736611	20737009	399	8	21.40625	0.314054051196269	0.314054051196269	0.277086159413257	0.277086159413257	hyper	case		0.517779512959566	0.63	0.63	1.3	0.631196923696201	5
chr21	9875702	9876041	340	5	67.2	0.0963765156379515	0.0963765156379515	0.0785847258733896	0.0785847258733896	hyper	case		0.255829745884684	0.63	0.63	1.3	0.631196923696201	5
chr20	14834244	14834519	276	5	19.01	-0.211097357898155	0.211097357898155	-0.189803792469255	0.189803792469255	hypo	case		0.546628260297833	0.63	0.63	1.3	0.631196923696201	5
chr21	10395545	10395811	267	28	80.4660714285714	-0.293105559908632	0.293105559908632	-0.276818098385751	0.276818098385751	hypo	case		0.342058405183464	0.63	0.63	1.3	0.631196923696201	5
chr20	40657251	40657742	492	12	20.0208333333333	-0.31349593474128	0.31349593474128	-0.290118606422274	0.290118606422274	hypo	case		0.105318939684228	0.63	0.63	1.3	0.631196923696201	5
chr21	35519849	35520560	712	17	23.8529411764706	0.232058600390101	0.232058600390101	0.251137962700639	0.251137962700639	hyper	case		0.515154729055451	0.63	0.63	1.3	0.631196923696201	5
chr20	39386291	39386656	366	6	21.0416666666667	-0.366791614938128	0.366791614938128	-0.34430915504789	0.34430915504789	hypo	case		0.601111340420825	0.63	0.63	1.3	0.631196923696201	5
chr20	8198333	8200070	1738	15	21.35	-0.248989863212042	0.248989863212042	-0.243616185509587	0.243616185509587	hypo	case		0.717544863438339	0.63	0.717544863438339	2.8	0.699178745142492	5
chr20	35650181	35651473	1293	24	21.8833333333333	0.243130234611016	0.243130234611016	0.261747901040779	0.261747901040779	hyper	case		0.456897092108761	0.63	0.63	1.3	0.631196923696201	5
chr20	18420111	18421371	1261	27	23.6592592592593	-0.313230412907298	0.313230412907298	-0.314217313257016	0.314217313257016	hypo	case		0.172058171105883	0.63	0.63	1.3	0.631196923696201	5
chr21	38192444	38193141	698	19	24.8605263157895	-0.23798598540139	0.23798598540139	-0.252319353338288	0.252319353338288	hypo	case		0.533415712744414	0.63	0.63	1.3	0.631196923696201	5
chr20	56243090	56243358	269	5	26.33	-0.290937606865079	0.290937606865079	-0.276075026598347	0.276075026598347	hypo	case		0.115814525745979	0.63	0.63	1.3	0.631196923696201	5
chr20	12150768	12151676	909	13	18.9461538461538	-0.328043895497007	0.328043895497007	-0.309984798140778	0.309984798140778	hypo	case		0.133348299103149	0.63	0.63	1.3	0.631196923696201	5
chr20	7215320	7215413	94	5	22.84	-0.325570543844137	0.325570543844137	-0.30256587978518	0.30256587978518	hypo	case		0.240972399120715	0.63	0.63	1.3	0.631196923696201	5
chr21	19289843	19290152	310	5	22.02	-0.131921211841797	0.131921211841797	-0.203931468496377	0.203931468496377	hypo	case		0.190947251927646	0.63	0.63	1.3	0.631196923696201	5
chr20	10566435	10566597	163	9	19.3555555555556	0.187004594820384	0.187004594820384	0.248056538535597	0.248056538535597	hyper	case		0.466352654249512	0.63	0.63	1.3	0.631196923696201	5
chr21	10004573	10004941	369	7	51.7071428571429	-0.225785712520568	0.225785712520568	-0.243728545062392	0.243728545062392	hypo	case		0.31075303687223	0.63	0.63	1.3	0.631196923696201	5
chr20	34510748	34511342	595	11	21.5136363636364	0.239061591930511	0.239061591930511	0.267716383610702	0.267716383610702	hyper	case		0.487481249295004	0.63	0.63	1.3	0.631196923696201	5
chr21	6223388	6224006	619	5	11.9	-0.207056162952545	0.207056162952545	-0.272965207197142	0.272965207197142	hypo	case		0.308819020219433	0.63	0.63	1.3	0.631196923696201	5
chr21	16899475	16899958	484	5	22.3	-0.240854418622479	0.240854418622479	-0.216966376476266	0.216966376476266	hypo	case		0.328622033541245	0.63	0.63	1.3	0.631196923696201	5
chr21	13007506	13007680	175	11	45.2545454545455	0.325517925708482	0.325517925708482	0.313625947414347	0.313625947414347	hyper	case		0.479420813049803	0.63	0.63	1.3	0.631196923696201	5
chr21	8534507	8534822	316	5	19.74	-0.0420182998180074	0.0420182998180074	-0.113165693671528	0.113165693671528	hypo	case		0.0861256370302022	0.63	0.63	1.3	0.631196923696201	5
chr21	10271844	10273501	1658	13	363.261538461539	-0.279033320480689	0.279033320480689	-0.260013509818069	0.260013509818069	hypo	case		0.444938496639957	0.63	0.63	1.3	0.631196923696201	5
chr21	13480146	13480727	582	17	21.05	-0.233374877613242	0.233374877613242	-0.258541341323316	0.258541341323316	hypo	case		0.698722699694641	0.63	0.698722699694641	2.8	0.699178745142492	5
chr20	14314415	14314717	303	7	22.6214285714286	-0.272815285204991	0.272815285204991	-0.239964463799195	0.239964463799195	hypo	case		0.666033358006882	0.63	0.666033358006882	2.9	0.663976794839226	5
chr21	15611587	15611890	304	5	21.73	-0.17043552709138	0.17043552709138	-0.202071534455136	0.202071534455136	hypo	case		0.383218446592216	0.63	0.63	1.3	0.631196923696201	5
chr21	13392655	13393886	1232	16	21.175	-0.23591740689915	0.23591740689915	-0.26597649308321	0.26597649308321	hypo	case		0.422834728190581	0.63	0.63	1.3	0.631196923696201	5
chr21	13231257	13232302	1046	32	25.753125	-0.28238294864066	0.28238294864066	-0.290286096119767	0.290286096119767	hypo	case		0.175869538858556	0.63	0.63	1.3	0.631196923696201	5
chr20	17383892	17385066	1175	26	22.5711538461538	-0.319180307282211	0.319180307282211	-0.278023304364089	0.278023304364089	hypo	case		0.319912647239883	0.63	0.63	1.3	0.631196923696201	5
chr20	22041538	22041895	358	5	21.05	-0.173176250404496	0.173176250404496	-0.179501706411925	0.179501706411925	hypo	case		0.492856832792041	0.63	0.63	1.3	0.631196923696201	5
chr20	22088805	22089025	221	8	23.3875	-0.27174429308199	0.27174429308199	-0.286795749113072	0.286795749113072	hypo	case		0.152666006323382	0.63	0.63	1.3	0.631196923696201	5
chr21	16685776	16685921	146	8	22.28125	0.227987723791075	0.227987723791075	0.250269094863267	0.250269094863267	hyper	case		0.315823597543025	0.63	0.63	1.3	0.631196923696201	5
chr20	14921178	14921542	365	5	24.33	-0.28234148960939	0.28234148960939	-0.168697723088742	0.168697723088742	hypo	case		0.136339247973147	0.63	0.63	1.3	0.631196923696201	5
chr21	6869580	6871416	1837	19	14.7105263157895	-0.199206051502087	0.199206051502087	-0.249394880035241	0.249394880035241	hypo	case		0.22528076668357	0.63	0.63	1.3	0.631196923696201	5
chr20	35375531	35377010	1480	44	23.6090909090909	-0.302067030381999	0.302067030381999	-0.305831324513388	0.305831324513388	hypo	case		0.107707477390031	0.63	0.63	1.3	0.631196923696201	5
chr21	43174066	43174428	363	7	10.6928571428571	-0.227628343878344	0.227628343878344	-0.299157848679974	0.299157848679974	hypo	case		0.393325615914362	0.63	0.63	1.3	0.631196923696201	5
chr21	38365809	38366176	368	5	27.94	-0.351136616621137	0.351136616621137	-0.311391580931055	0.311391580931055	hypo	case		0.228318957322365	0.63	0.63	1.3	0.631196923696201	5
chr20	5337496	5338109	614	5	19.95	0.109282517984928	0.109282517984928	0.0991552340506367	0.166116147031992	hyper	case		0.654738647270134	0.63	0.654738647270134	3	0.656090136222712	5
chr21	15453140	15453220	81	5	21.26	-0.168062011254551	0.168062011254551	-0.198133409127268	0.198133409127268	hypo	case		0.300017304423438	0.63	0.63	1.3	0.631196923696201	5
chr20	5340402	5341307	906	11	18.95	-0.264937757621598	0.264937757621598	-0.328193200305105	0.328193200305105	hypo	case		0.329831470765492	0.63	0.63	1.3	0.631196923696201	5
chr21	17010307	17010445	139	5	24.13	-0.296477877380969	0.296477877380969	-0.274615185905975	0.274615185905975	hypo	case		0.0740933147877428	0.63	0.63	1.3	0.631196923696201	5
chr20	45158317	45158501	185	5	24.08	0.224570177371648	0.224570177371648	0.213994058255323	0.213994058255323	hyper	case		0.483085077986384	0.63	0.63	1.3	0.631196923696201	5
chr21	27092015	27092220	206	10	22.64	-0.367032861906474	0.367032861906474	-0.357626404415249	0.357626404415249	hypo	case		0.501483447168823	0.63	0.63	1.3	0.631196923696201	5
chr20	29336995	29338721	1727	36	63.9361111111111	-0.277007137882969	0.277007137882969	-0.276239540740571	0.276239540740571	hypo	case		0.0914184365331256	0.63	0.63	1.3	0.631196923696201	5
chr21	38410872	38412045	1174	18	21.2111111111111	-0.353740205272099	0.353740205272099	-0.387575945814425	0.387575945814425	hypo	case		0.203456372650715	0.63	0.63	1.3	0.631196923696201	5
chr21	40700318	40700946	629	7	21.2285714285714	-0.291069178925351	0.291069178925351	-0.330007017125813	0.330007017125813	hypo	case		0.149770391594979	0.63	0.63	1.3	0.631196923696201	5
chr21	25267026	25267123	98	5	19.73	-0.12553506380343	0.12553506380343	-0.163530631945964	0.163530631945964	hypo	case		0.180560465559203	0.63	0.63	1.3	0.631196923696201	5
chr20	7213288	7214091	804	12	24.2791666666667	-0.309724913778579	0.309724913778579	-0.307563121743692	0.307563121743692	hypo	case		0.22920517563176	0.63	0.63	1.3	0.631196923696201	5
chr20	59957054	59957343	290	9	21.5388888888889	0.231940839081257	0.231940839081257	0.277781754687068	0.277781754687068	hyper	case		0.5598308794965	0.63	0.63	1.3	0.631196923696201	5
chr20	7197205	7197485	281	5	21.93	-0.209711859676923	0.209711859676923	-0.270872636927869	0.270872636927869	hypo	case		0.312077230560464	0.63	0.63	1.3	0.631196923696201	5
chr20	40832237	40832755	519	7	22.2	-0.427855796379403	0.427855796379403	-0.446496528057967	0.446496528057967	hypo	case		0.327239473604083	0.63	0.63	1.3	0.631196923696201	5
chr20	21259595	21260026	432	12	21.9416666666667	0.274382953309674	0.274382953309674	0.278254082458275	0.278254082458275	hyper	case		0.782491325124801	0.63	0.782491325124801	2.8	0.699178745142492	5
chr21	19840257	19841553	1297	11	21.9545454545455	-0.303810197150085	0.303810197150085	-0.278143527196357	0.278143527196357	hypo	case		0.24140452523126	0.63	0.63	1.3	0.631196923696201	5
chr20	43918431	43919012	582	10	19.87	-0.352578324130527	0.352578324130527	-0.347304267341163	0.347304267341163	hypo	case		0.256146833301567	0.63	0.63	1.3	0.631196923696201	5
chr21	15121040	15121664	625	13	22.2538461538462	0.243190542466424	0.243190542466424	0.247592580870747	0.247592580870747	hyper	case		0.324740143181774	0.63	0.63	1.3	0.631196923696201	5
chr20	2081046	2081526	481	16	22.3	-0.289938185537841	0.289938185537841	-0.327745413926049	0.327745413926049	hypo	case		0.178830416662327	0.63	0.63	1.3	0.631196923696201	5
chr20	13186301	13186359	59	5	20.76	-0.172979494487765	0.172979494487765	-0.14203268569635	0.14203268569635	hypo	case		0.262664723970267	0.63	0.63	1.3	0.631196923696201	5
chr20	11719395	11720115	721	6	20.7	0.268656924770704	0.268656924770704	0.326925584147415	0.326925584147415	hyper	case		0.220646318670891	0.63	0.63	1.3	0.631196923696201	5
chr21	40366890	40367014	125	6	21.15	-0.197734515890506	0.197734515890506	-0.229939508318242	0.229939508318242	hypo	case		0.165933186031784	0.63	0.63	1.3	0.631196923696201	5
chr20	23932557	23933102	546	8	21.9	0.206656788010091	0.206656788010091	0.240267468379595	0.240267468379595	hyper	case		0.213738665579302	0.63	0.63	1.3	0.631196923696201	5
chr21	20697310	20697820	511	6	23.0916666666667	-0.237889916584518	0.237889916584518	-0.293849942317301	0.293849942317301	hypo	case		0.264986290891663	0.63	0.63	1.3	0.631196923696201	5
chr21	24863342	24864317	976	12	21.6166666666667	-0.233056280099043	0.233056280099043	-0.269400925704373	0.269400925704373	hypo	case		0.407728407070963	0.63	0.63	1.3	0.631196923696201	5
chr21	15738690	15739121	432	19	19.7578947368421	-0.253907289433992	0.253907289433992	-0.277929331768532	0.277929331768532	hypo	case		0.630480341748446	0.63	0.630480341748446	1.3	0.631196923696201	5
chr20	38093610	38094155	546	19	22.8052631578947	-0.37252571040071	0.37252571040071	-0.376227568749155	0.376227568749155	hypo	case		0.220703659912422	0.63	0.63	1.3	0.631196923696201	5
chr21	18825517	18825595	79	5	18.82	-0.133505860827152	0.133505860827152	-0.103557928536318	0.103557928536318	hypo	case		0.102313467061984	0.63	0.63	1.3	0.631196923696201	5
chr20	37783058	37783393	336	5	21.81	-0.239752918195167	0.239752918195167	-0.192916268792272	0.192916268792272	hypo	case		0.137992889703978	0.63	0.63	1.3	0.631196923696201	5
chr20	60818036	60818293	258	9	23.4277777777778	-0.236074684322069	0.236074684322069	-0.225838271745417	0.225838271745417	hypo	case		0.10612762728058	0.63	0.63	1.3	0.631196923696201	5
chr21	13117922	13118119	198	5	20.6	-0.242006189685416	0.242006189685416	-0.274054962914971	0.274054962914971	hypo	case		0.162632316590836	0.63	0.63	1.3	0.631196923696201	5
chr21	14860685	14861923	1239	12	22.3916666666667	-0.206842732832734	0.206842732832734	-0.260553996700958	0.260553996700958	hypo	case		0.232744341920759	0.63	0.63	1.3	0.631196923696201	5
chr20	45711091	45711209	119	5	22.16	0.0844396651717288	0.0844396651717288	0.131021827576576	0.131021827576576	hyper	case		0.32690015372388	0.63	0.63	1.3	0.631196923696201	5
chr20	31295864	31295945	82	5	24.14	-0.226470799097501	0.226470799097501	-0.302529706935632	0.302529706935632	hypo	case		0.99	0.63	0.99	2.8	0.699178745142492	5
chr20	15913927	15915130	1204	16	20.653125	0.314121287488741	0.314121287488741	0.302250556776947	0.302250556776947	hyper	case		0.423167790816385	0.63	0.63	1.3	0.631196923696201	5
chr20	43379852	43380355	504	9	20.7444444444444	-0.277750203987046	0.277750203987046	-0.310365792047658	0.310365792047658	hypo	case		0.252621498944747	0.63	0.63	1.3	0.631196923696201	5
chr20	29487002	29488210	1209	8	17.8	0.242407506799138	0.242407506799138	0.245581716656666	0.245581716656666	hyper	case		0.416391005687493	0.63	0.63	1.3	0.631196923696201	5
chr20	39827296	39827961	666	16	19.915625	-0.259615340112957	0.259615340112957	-0.276590291791631	0.276590291791631	hypo	case		0.242932745294405	0.63	0.63	1.3	0.631196923696201	5
chr21	21594879	21595841	963	13	21.8961538461538	-0.283937882172841	0.283937882172841	-0.28749690437833	0.28749690437833	hypo	case		0.550291057764402	0.63	0.63	1.3	0.631196923696201	5
chr20	17163474	17163855	382	7	21.1571428571429	-0.395614109402427	0.395614109402427	-0.402577954418111	0.402577954418111	hypo	case		0.354914895920127	0.63	0.63	1.3	0.631196923696201	5
chr21	31150318	31150486	169	5	21.76	-0.109812528024381	0.109812528024381	-0.0936698540956707	0.0936698540956707	hypo	case		0.575367067311655	0.63	0.63	1.3	0.631196923696201	5
chr21	19193597	19193907	311	5	20.7	-0.191253334755648	0.191253334755648	-0.1481039880957	0.1481039880957	hypo	case		0.230595371738198	0.63	0.63	1.3	0.631196923696201	5
chr21	29523232	29523662	431	5	21.61	-0.121504679622512	0.121504679622512	-0.0714218418199673	0.0714218418199673	hypo	case		0.31401480165283	0.63	0.63	1.3	0.631196923696201	5
chr20	14611476	14611598	123	5	20.58	-0.0590641276566389	0.0590641276566389	-0.0767149580394895	0.0767149580394895	hypo	case		0.700646960068622	0.63	0.700646960068622	2.8	0.699178745142492	5
chr21	9965692	9966576	885	12	58.9833333333333	0.336710273325375	0.336710273325375	0.344552896475358	0.344552896475358	hyper	case		0.18219521500935	0.63	0.63	1.3	0.631196923696201	5
chr21	16634144	16634774	631	14	22.8892857142857	-0.280440613325397	0.280440613325397	-0.302841683229928	0.302841683229928	hypo	case		0.0546390882426927	0.63	0.63	1.3	0.631196923696201	5
chr20	8747312	8747687	376	9	26.3	-0.256556881823371	0.256556881823371	-0.220743158226261	0.220743158226261	hypo	case		0.624164169904245	0.63	0.63	1.3	0.631196923696201	5
chr20	16301169	16301930	762	20	23.9675	-0.27396242587321	0.27396242587321	-0.272134579132529	0.272134579132529	hypo	case		0.857297814694911	0.63	0.857297814694911	2.8	0.699178745142492	5
chr20	21466363	21467732	1370	12	21.875	-0.233067128123542	0.233067128123542	-0.23713184068579	0.23713184068579	hypo	case		0.262997479031264	0.63	0.63	1.3	0.631196923696201	5
chr20	60379162	60379581	420	8	21.5375	0.25877873632016	0.25877873632016	0.2586544290439	0.2586544290439	hyper	case		0.115475036848505	0.63	0.63	1.3	0.631196923696201	5
chr20	8184751	8184995	245	5	21.52	-0.223724463244587	0.223724463244587	-0.230440011472875	0.230440011472875	hypo	case		0.648381831696754	0.63	0.648381831696754	2.4	0.646189152981116	5
chr21	18925740	18926773	1034	15	21.2466666666667	-0.280717085486267	0.280717085486267	-0.297449090016355	0.297449090016355	hypo	case		0.177899268262489	0.63	0.63	1.3	0.631196923696201	5
chr21	16921344	16922611	1268	14	20.2821428571429	-0.304072552694087	0.304072552694087	-0.274268063147079	0.274268063147079	hypo	case		0.491104346622978	0.63	0.63	1.3	0.631196923696201	5
chr20	12480345	12480553	209	6	18.3666666666667	-0.342372303077563	0.342372303077563	-0.373062661417035	0.373062661417035	hypo	case		0.204874086348964	0.63	0.63	1.3	0.631196923696201	5
chr20	25915668	25916120	453	5	19.29	-0.206873433812048	0.206873433812048	-0.210598663625272	0.210598663625272	hypo	case		0.361827486844666	0.63	0.63	1.3	0.631196923696201	5
chr21	28333675	28334203	529	11	22.8454545454545	0.212611537274032	0.212611537274032	0.245617100416819	0.245617100416819	hyper	case		0.1901415512886	0.63	0.63	1.3	0.631196923696201	5
chr21	28828252	28829133	882	13	20.3807692307692	-0.272334332899698	0.272334332899698	-0.321656946455484	0.321656946455484	hypo	case		0.594018034288408	0.63	0.63	1.3	0.631196923696201	5
chr21	13955826	13957057	1232	23	18.995652173913	-0.335321541073156	0.335321541073156	-0.317689090050087	0.317689090050087	hypo	case		0.393083258624944	0.63	0.63	1.3	0.631196923696201	5
chr21	24929305	24929790	486	5	21.32	-0.131846460019781	0.131846460019781	-0.127651094562677	0.127651094562677	hypo	case		0.425426363024479	0.63	0.63	1.3	0.631196923696201	5
chr21	28693323	28693591	269	6	22.125	-0.288953511204549	0.288953511204549	-0.339156528192853	0.339156528192853	hypo	case		0.54715419543924	0.63	0.63	1.3	0.631196923696201	5
chr21	20603543	20603805	263	14	20.8071428571429	-0.325967827013747	0.325967827013747	-0.317404452057765	0.317404452057765	hypo	case		0.520829294101009	0.63	0.63	1.3	0.631196923696201	5
chr21	18091006	18092116	1111	19	18.7263157894737	-0.278550408354975	0.278550408354975	-0.29597192912981	0.29597192912981	hypo	case		0.179606251585115	0.63	0.63	1.3	0.631196923696201	5
chr21	23775532	23776341	810	17	21.6558823529412	-0.281731695442575	0.281731695442575	-0.322241064620989	0.322241064620989	hypo	case		0.23935187544283	0.63	0.63	1.3	0.631196923696201	5
chr21	9990292	9990971	680	8	60.0375	0.286101919641901	0.286101919641901	0.292050712943843	0.292050712943843	hyper	case		0.302990034974836	0.63	0.63	1.3	0.631196923696201	5
chr20	22866906	22867826	921	8	21.075	-0.33923260713426	0.33923260713426	-0.330161936316481	0.330161936316481	hypo	case		0.506590257862117	0.63	0.63	1.3	0.631196923696201	5
chr20	30634762	30635347	586	6	29.15	-0.210386180793098	0.210386180793098	-0.231242302185843	0.231242302185843	hypo	case		0.171370984216138	0.63	0.63	1.3	0.631196923696201	5
chr21	9986162	9986647	486	5	57.11	-0.257806863027529	0.257806863027529	-0.327297456220688	0.327297456220688	hypo	case		0.086461745740035	0.63	0.63	1.3	0.631196923696201	5
chr21	20926963	20928418	1456	47	21.3606382978723	-0.309766915021302	0.309766915021302	-0.352870728220882	0.352870728220882	hypo	case		0.349878166420252	0.63	0.63	1.3	0.631196923696201	5
chr20	6594411	6595947	1537	33	22.7727272727273	-0.311607093632501	0.311607093632501	-0.343794325596897	0.343794325596897	hypo	case		0.205811304846348	0.63	0.63	1.3	0.631196923696201	5
chr21	24899395	24899888	494	5	18.87	0.178067279458357	0.178067279458357	0.191065211103826	0.191065211103826	hyper	case		0.431279248058928	0.63	0.63	1.3	0.631196923696201	5
chr21	14154278	14155144	867	11	22.9227272727273	-0.303671652343424	0.303671652343424	-0.28364219707929	0.28364219707929	hypo	case		0.99	0.63	0.99	2.8	0.699178745142492	5
chr21	19280066	19280851	786	8	20.94375	-0.249474729952965	0.249474729952965	-0.286769109724197	0.286769109724197	hypo	case		0.549449835480486	0.63	0.63	1.3	0.631196923696201	5
chr21	29282918	29283154	237	5	20.98	-0.171838612876656	0.171838612876656	-0.18043404177485	0.18043404177485	hypo	case		0.157184999215602	0.63	0.63	1.3	0.631196923696201	5
chr21	22412386	22412883	498	12	22.0125	-0.359126514005164	0.359126514005164	-0.342784980627506	0.342784980627506	hypo	case		0.261606979930432	0.63	0.63	1.3	0.631196923696201	5
chr20	7791476	7792304	829	8	21.8	-0.231428726318091	0.231428726318091	-0.215101278247575	0.215101278247575	hypo	case		0.200228322342594	0.63	0.63	1.3	0.631196923696201	5
chr20	24184990	24185424	435	22	20.8909090909091	-0.300720046041229	0.300720046041229	-0.331028654808122	0.331028654808122	hypo	case		0.25052547939321	0.63	0.63	1.3	0.631196923696201	5
chr21	13026369	13026556	188	12	39.8416666666667	-0.296970723022117	0.296970723022117	-0.332694111226747	0.332694111226747	hypo	case		0.106603689332685	0.63	0.63	1.3	0.631196923696201	5
chr21	40099209	40099675	467	10	22.5	-0.24654749313453	0.24654749313453	-0.26756362831182	0.26756362831182	hypo	case		0.283870195000844	0.63	0.63	1.3	0.631196923696201	5
chr21	22746209	22746430	222	5	21.67	-0.238906006938865	0.238906006938865	-0.24711249728641	0.24711249728641	hypo	case		0.44603749491746	0.63	0.63	1.3	0.631196923696201	5
chr20	4268315	4269819	1505	24	24.7625	-0.331066335047278	0.331066335047278	-0.299576028545528	0.299576028545528	hypo	case		0.413294187794978	0.63	0.63	1.3	0.631196923696201	5
chr20	930250	930799	550	5	23.16	0.211901678530162	0.211901678530162	0.269573668426241	0.269573668426241	hyper	case		0.0886826333596074	0.63	0.63	1.3	0.631196923696201	5
chr20	532195	533942	1748	29	20.4724137931035	-0.24852460229339	0.24852460229339	-0.22535401465003	0.22535401465003	hypo	case		0.511416225979989	0.63	0.63	1.3	0.631196923696201	5
chr21	26496830	26497330	501	8	22.025	-0.295926907649581	0.295926907649581	-0.283077440002391	0.283077440002391	hypo	case		0.499003124889769	0.63	0.63	1.3	0.631196923696201	5
chr20	13548839	13549276	438	5	16.56	-0.158936497530247	0.158936497530247	-0.180121629153134	0.180121629153134	hypo	case		0.226996778124892	0.63	0.63	1.3	0.631196923696201	5
chr21	18040802	18041555	754	8	26.36875	0.377508366748594	0.377508366748594	0.377259680205947	0.377259680205947	hyper	case		0.232542269933144	0.63	0.63	1.3	0.631196923696201	5
chr21	21236331	21237165	835	11	20.2272727272727	-0.241703203991534	0.241703203991534	-0.239372373445142	0.239372373445142	hypo	case		0.756749960076236	0.63	0.756749960076236	2.8	0.699178745142492	5
chr20	10105738	10107445	1708	19	22.9684210526316	-0.369789487036999	0.369789487036999	-0.32505092998284	0.32505092998284	hypo	case		0.194716942113968	0.63	0.63	1.3	0.631196923696201	5
chr20	15122598	15123647	1050	9	23.8722222222222	-0.280920511809105	0.280920511809105	-0.305009869374516	0.305009869374516	hypo	case		0.381268025948312	0.63	0.63	1.3	0.631196923696201	5
chr20	56304147	56305469	1323	39	20.1038461538462	0.245456627345789	0.245456627345789	0.258547258459985	0.258547258459985	hyper	case		0.696261608307034	0.63	0.696261608307034	1.4	0.694391410451815	5
chr21	13258759	13259322	564	8	21.1	-0.220104796734354	0.220104796734354	-0.278650059215059	0.278650059215059	hypo	case		0.141414952649593	0.63	0.63	1.3	0.631196923696201	5
chr21	22145749	22146473	725	5	10.63	-0.251651999960824	0.251651999960824	-0.195609785810139	0.195609785810139	hypo	case		0.333687977394776	0.63	0.63	1.3	0.631196923696201	5
chr20	6416365	6416515	151	5	21.29	-0.245621852202017	0.245621852202017	-0.296349199743593	0.296349199743593	hypo	case		0.0436005736814139	0.63	0.63	1.3	0.631196923696201	5
chr20	45502991	45504083	1093	12	20.6	-0.214046391366138	0.214046391366138	-0.230192295698828	0.230192295698828	hypo	case		0.445194952996904	0.63	0.63	1.3	0.631196923696201	5
chr21	17053179	17054849	1671	36	23.9986111111111	-0.256837019374112	0.256837019374112	-0.273884409922741	0.273884409922741	hypo	case		0.646457070330786	0.63	0.646457070330786	2.4	0.646189152981116	5
chr20	42251994	42253800	1807	30	23.125	-0.271999831412064	0.271999831412064	-0.275185977754385	0.275185977754385	hypo	case		0.0614352661188629	0.63	0.63	1.3	0.631196923696201	5
chr21	15457586	15458646	1061	14	22.4107142857143	-0.307129900899717	0.307129900899717	-0.291015252322169	0.291015252322169	hypo	case		0.217562543826048	0.63	0.63	1.3	0.631196923696201	5
chr20	19097198	19097442	245	7	21.25	-0.302507984657416	0.302507984657416	-0.272134824721364	0.272134824721364	hypo	case		0.924712557223623	0.63	0.924712557223623	2.8	0.699178745142492	5
chr20	20113644	20114067	424	5	20.84	-0.215333983850288	0.215333983850288	-0.238541891113515	0.238541891113515	hypo	case		0.448316030075692	0.63	0.63	1.3	0.631196923696201	5
chr20	9614031	9614496	466	6	19.675	-0.221407708489325	0.221407708489325	-0.214033418514883	0.214033418514883	hypo	case		0.981649268214507	0.63	0.981649268214507	2.8	0.699178745142492	5
chr21	15129319	15130515	1197	18	19.0194444444444	-0.300193035082069	0.300193035082069	-0.272376090761816	0.272376090761816	hypo	case		0.436037668195935	0.63	0.63	1.3	0.631196923696201	5
chr21	20653067	20653301	235	8	25.55	-0.248579735443574	0.248579735443574	-0.251048019960391	0.251048019960391	hypo	case		0.125442219197069	0.63	0.63	1.3	0.631196923696201	5
chr21	21182971	21183881	911	14	21.9071428571429	0.189501121159017	0.189501121159017	0.257118597884924	0.257118597884924	hyper	case		0.344175278991243	0.63	0.63	1.3	0.631196923696201	5
chr21	9748693	9748813	121	5	60.94	-0.152192679499591	0.152192679499591	-0.198134367703813	0.198134367703813	hypo	case		0.224955880514823	0.63	0.63	1.3	0.631196923696201	5
chr21	19922314	19922553	240	8	24.30625	-0.265943486024433	0.265943486024433	-0.292565428554397	0.292565428554397	hypo	case		0.252328489722431	0.63	0.63	1.3	0.631196923696201	5
chr21	22246476	22246723	248	5	18.36	0.230677447306493	0.230677447306493	0.203979116440131	0.203979116440131	hyper	case		0.405807169018496	0.63	0.63	1.3	0.631196923696201	5
chr21	23373057	23373719	663	5	22.22	-0.23354014818309	0.23354014818309	-0.200408971197757	0.200408971197757	hypo	case		0.120580479414174	0.63	0.63	1.3	0.631196923696201	5
chr21	16101635	16102289	655	5	20.87	-0.318242756711612	0.318242756711612	-0.322622945127931	0.322622945127931	hypo	case		0.365880486003042	0.63	0.63	1.3	0.631196923696201	5
