seqnames	start	end	width	num_sites	cov	delta_beta	delta_beta_abs	intended_delta_beta	intended_delta_beta_abs	direction	case_group	genome	background_corr_target	expected_correlation	corr_target	corr_sd_used	corr_metric_estimate	neighbor_window
chr21	23987788	23992695	4908	100	24.0085	-0.402467597272696	0.402467597272696	-0.417105998211581	0.417105998211581	hypo	case		0.55281883022457	0.46	0.55281883022457	0.6	0.531925724845128	5
chr20	6473703	6477192	3490	54	22.1462962962963	-0.446157027924709	0.446157027924709	-0.480704802508786	0.480704802508786	hypo	case		0.503015516803809	0.46	0.503015516803809	0.5	0.523027894488147	5
chr20	12857733	12860388	2656	80	21.62875	-0.385439181923843	0.385439181923843	-0.4009442995364	0.4009442995364	hypo	case		0.190766731795124	0.46	0.46	0.4	0.432372621708254	5
chr21	27621200	27625537	4338	98	18.5535714285714	-0.357206111899926	0.357206111899926	-0.374667947034013	0.374667947034013	hypo	case		0.044165273174279	0.46	0.46	0.4	0.432372621708254	5
chr20	23716243	23720718	4476	82	20.9993902439024	-0.411685480895164	0.411685480895164	-0.473492424097615	0.473492424097615	hypo	case		0.254724659648455	0.46	0.46	0.4	0.432372621708254	5
chr20	16786210	16790453	4244	68	23.6014705882353	-0.406400960260283	0.406400960260283	-0.42864550417094	0.42864550417094	hypo	case		0.597544644274573	0.46	0.597544644274573	0.7	0.596779781291671	5
chr21	22361249	22362360	1112	52	22.5375	-0.391151382037887	0.391151382037887	-0.387577815856918	0.387577815856918	hypo	case		0.474404656243744	0.46	0.474404656243744	0.4	0.432372621708254	5
chr20	10755630	10758796	3167	74	25.2297297297297	-0.335718243032422	0.335718243032422	-0.33976330585067	0.33976330585067	hypo	case		0.761713792281282	0.46	0.761713792281282	2.8	0.682213840132396	5
chr20	11617478	11621710	4233	124	20.1225806451613	-0.329067004453808	0.329067004453808	-0.35448671189365	0.35448671189365	hypo	case		0.819788620248883	0.46	0.819788620248883	2.8	0.682213840132396	5
chr20	13582782	13584924	2143	50	20.106	-0.340154162917636	0.340154162917636	-0.372422636406685	0.372422636406685	hypo	case		0.99	0.46	0.99	2.8	0.682213840132396	5
chr20	12662691	12665867	3177	73	20.7116438356164	-0.417026831682623	0.417026831682623	-0.428528650956719	0.428528650956719	hypo	case		0.320274431539999	0.46	0.46	0.4	0.432372621708254	5
chr20	20602707	20606501	3795	74	20.7878378378378	0.338373157047251	0.338373157047251	0.371370934222797	0.371370934222797	hyper	case		0.550013845025124	0.46	0.550013845025124	0.6	0.531925724845128	5
chr21	28964067	28967807	3741	50	22.974	-0.368322660008938	0.368322660008938	-0.422504823641188	0.422504823641188	hypo	case		0.270213989482208	0.46	0.46	0.4	0.432372621708254	5
chr21	35223517	35228381	4865	130	20.3961538461538	-0.432814004587149	0.432814004587149	-0.46701774046711	0.46701774046711	hypo	case		0.384165840426305	0.46	0.46	0.4	0.432372621708254	5
chr20	41125937	41128829	2893	56	20.9339285714286	-0.43657453078398	0.43657453078398	-0.465598258026647	0.465598258026647	hypo	case		0.23999456713291	0.46	0.46	0.4	0.432372621708254	5
chr21	7828153	7832046	3894	216	15.1956018518519	-0.267692502779224	0.267692502779224	-0.288271609712391	0.288271609712391	hypo	case		0.471091618196219	0.46	0.471091618196219	0.4	0.432372621708254	5
chr20	37508784	37512653	3870	80	23.3525	-0.43147207290115	0.43147207290115	-0.470077687397665	0.470077687397665	hypo	case		0.193754923999559	0.46	0.46	0.4	0.432372621708254	5
chr20	41107969	41111757	3789	68	21.4132352941177	-0.389599531753522	0.389599531753522	-0.380094718037025	0.380094718037025	hypo	case		0.44888505323346	0.46	0.46	0.4	0.432372621708254	5
chr20	24091599	24095302	3704	82	23.3231707317073	-0.346080486197133	0.346080486197133	-0.349084135353405	0.349084135353405	hypo	case		0.756344721852011	0.46	0.756344721852011	2.8	0.682213840132396	5
chr20	53584395	53587181	2787	60	22.825	-0.366237281863733	0.366237281863733	-0.377026752787229	0.377026752787229	hypo	case		0.306704741630039	0.46	0.46	0.4	0.432372621708254	5
chr20	17239534	17244141	4608	62	21.0717741935484	0.318737685442822	0.318737685442822	0.32424866223754	0.32424866223754	hyper	case		0.138108471473187	0.46	0.46	0.4	0.432372621708254	5
chr20	10507995	10511769	3775	102	21.0946078431373	-0.334556699809341	0.334556699809341	-0.365579135262446	0.365579135262446	hypo	case		0.645887433966132	0.46	0.645887433966132	2.5	0.648141514174027	5
chr21	9359703	9364662	4960	74	72.3986486486487	-0.378256436578607	0.378256436578607	-0.365672926574219	0.365672926574219	hypo	case		0.374828008046357	0.46	0.46	0.4	0.432372621708254	5
chr21	32778965	32780801	1837	62	17.1379032258065	-0.428186879791175	0.428186879791175	-0.434911127596069	0.434911127596069	hypo	case		0.77563135414694	0.46	0.77563135414694	2.8	0.682213840132396	5
chr20	16814820	16818210	3391	64	24.3	-0.423040674703064	0.423040674703064	-0.466880491934609	0.466880491934609	hypo	case		0.586088750863899	0.46	0.586088750863899	0.7	0.596779781291671	5
chr21	15885248	15889848	4601	76	18.8125	-0.341688491675014	0.341688491675014	-0.346797849485214	0.346797849485214	hypo	case		0.680551433805649	0.46	0.680551433805649	2.8	0.682213840132396	5
chr20	15182485	15187247	4763	60	20.15	-0.386154700678558	0.386154700678558	-0.402117465882251	0.402117465882251	hypo	case		0.276889129301655	0.46	0.46	0.4	0.432372621708254	5
chr21	10486219	10490173	3955	71	36.2359154929577	-0.258334159738869	0.258334159738869	-0.272473066184062	0.272473066184062	hypo	case		0.99	0.46	0.99	2.8	0.682213840132396	5
chr20	39950199	39955046	4848	86	22.0808139534884	-0.406106835576812	0.406106835576812	-0.436651782681412	0.436651782681412	hypo	case		0.0397666220563763	0.46	0.46	0.4	0.432372621708254	5
chr20	32708403	32710405	2003	58	20.676724137931	0.394341589634603	0.394341589634603	0.454491989333626	0.454491989333626	hyper	case		0.383452225820244	0.46	0.46	0.4	0.432372621708254	5
chr21	31075867	31079457	3591	72	23.2458333333333	-0.397543911455731	0.397543911455731	-0.442677114620943	0.442677114620943	hypo	case		0.339787407354148	0.46	0.46	0.4	0.432372621708254	5
chr20	25542633	25545374	2742	70	22.38	-0.321363557778491	0.321363557778491	-0.372311027240856	0.372311027240856	hypo	case		0.402847823131919	0.46	0.46	0.4	0.432372621708254	5
chr20	1676089	1680439	4351	70	22.5392857142857	-0.400822115898095	0.400822115898095	-0.452530097498766	0.452530097498766	hypo	case		0.282007193504177	0.46	0.46	0.4	0.432372621708254	5
chr21	13899266	13903803	4538	58	21.3629310344828	-0.303640642198794	0.303640642198794	-0.318755457884883	0.318755457884883	hypo	case		0.247303256689169	0.46	0.46	0.4	0.432372621708254	5
chr21	45778322	45782207	3886	76	23.3625	-0.388130687311116	0.388130687311116	-0.43014847267139	0.43014847267139	hypo	case		0.275568793493458	0.46	0.46	0.4	0.432372621708254	5
chr21	36615138	36619230	4093	99	22.7636363636364	-0.395301937059692	0.395301937059692	-0.422001819687684	0.422001819687684	hypo	case		0.219943351325927	0.46	0.46	0.4	0.432372621708254	5
chr21	40404230	40407011	2782	54	22.337037037037	-0.351458847207158	0.351458847207158	-0.334093186875957	0.334093186875957	hypo	case		0.487600895550546	0.46	0.487600895550546	0.5	0.523027894488147	5
chr20	49061195	49061975	781	52	19.2451923076923	-0.371689255313456	0.371689255313456	-0.38816504949153	0.38816504949153	hypo	case		0.628059389387035	0.46	0.628059389387035	2	0.628070511372922	5
chr21	25576290	25579379	3090	61	23.8655737704918	-0.354686727174792	0.354686727174792	-0.386602809855827	0.386602809855827	hypo	case		0.593273824972097	0.46	0.593273824972097	0.7	0.596779781291671	5
chr20	28805589	28809703	4115	80	61.19875	-0.355173249302515	0.355173249302515	-0.348472767139939	0.348472767139939	hypo	case		0.335682293189924	0.46	0.46	0.4	0.432372621708254	5
chr20	34771517	34774804	3288	68	22.9845588235294	-0.431871362802669	0.431871362802669	-0.456840119870288	0.456840119870288	hypo	case		0.156273025570125	0.46	0.46	0.4	0.432372621708254	5
chr20	29713563	29718316	4754	90	21.2	-0.359159917977018	0.359159917977018	-0.37633786266527	0.37633786266527	hypo	case		0.250799541871222	0.46	0.46	0.4	0.432372621708254	5
chr20	28828306	28832511	4206	66	25.0628787878788	0.350168633656105	0.350168633656105	0.379674188829139	0.379674188829139	hyper	case		0.143646713510206	0.46	0.46	0.4	0.432372621708254	5
chr20	11207216	11210824	3609	56	20.4535714285714	-0.341597146322404	0.341597146322404	-0.361498333794826	0.361498333794826	hypo	case		0.234841003631852	0.46	0.46	0.4	0.432372621708254	5
chr20	8632216	8637053	4838	72	22.6013888888889	-0.316868231087738	0.316868231087738	-0.353377987624288	0.353377987624288	hypo	case		0.177414061778579	0.46	0.46	0.4	0.432372621708254	5
chr20	5506688	5509318	2631	84	23.0083333333333	-0.325218137603309	0.325218137603309	-0.317525934210668	0.317525934210668	hypo	case		0.506298870254867	0.46	0.506298870254867	0.5	0.523027894488147	5
chr20	13821629	13825715	4087	86	23.3238372093023	-0.388480580735333	0.388480580735333	-0.411873660921353	0.411873660921353	hypo	case		0.101648515147581	0.46	0.46	0.4	0.432372621708254	5
chr21	40705406	40707215	1810	51	18.978431372549	-0.376363766164463	0.376363766164463	-0.438014792727438	0.438014792727438	hypo	case		0.468081975353165	0.46	0.468081975353165	0.4	0.432372621708254	5
chr20	46290413	46292734	2322	57	18.0140350877193	-0.300559481190875	0.300559481190875	-0.340025599985381	0.340025599985381	hypo	case		0.807887119555292	0.46	0.807887119555292	2.8	0.682213840132396	5
chr20	25908350	25911031	2682	60	24.2333333333333	-0.427917697285576	0.427917697285576	-0.447201945746534	0.447201945746534	hypo	case		0.371888474128646	0.46	0.46	0.4	0.432372621708254	5
chr21	46544178	46548364	4187	136	19.3025735294118	-0.419662443011775	0.419662443011775	-0.452059954749208	0.452059954749208	hypo	case		0.417765074746046	0.46	0.46	0.4	0.432372621708254	5
chr21	13868722	13873053	4332	64	25.17109375	-0.300945388041958	0.300945388041958	-0.298649203246849	0.298649203246849	hypo	case		0.760453678147474	0.46	0.760453678147474	2.8	0.682213840132396	5
chr21	13100734	13105124	4391	102	20.8269607843137	-0.35498585754404	0.35498585754404	-0.372348809981265	0.372348809981265	hypo	case		0.557434148765951	0.46	0.557434148765951	0.6	0.531925724845128	5
chr21	20636163	20639647	3485	54	20.7546296296296	-0.403828940394951	0.403828940394951	-0.42948255108726	0.42948255108726	hypo	case		0.193207595637174	0.46	0.46	0.4	0.432372621708254	5
chr20	20206169	20209271	3103	58	21.3068965517241	-0.315485821590493	0.315485821590493	-0.324490018438692	0.324490018438692	hypo	case		0.342373268304307	0.46	0.46	0.4	0.432372621708254	5
chr21	15077594	15081184	3591	60	20.9916666666667	-0.292548553219009	0.292548553219009	-0.292807880117307	0.292807880117307	hypo	case		0.732719482073423	0.46	0.732719482073423	2.8	0.682213840132396	5
chr20	44360795	44363305	2511	60	20.42	-0.327822870904123	0.327822870904123	-0.355373555854235	0.355373555854235	hypo	case		0.308041981428992	0.46	0.46	0.4	0.432372621708254	5
chr21	32783417	32784972	1556	62	15.433064516129	-0.343714195776654	0.343714195776654	-0.371678135910178	0.371678135910178	hypo	case		0.083736499435655	0.46	0.46	0.4	0.432372621708254	5
chr20	54265114	54268781	3668	62	22.8104838709677	-0.415589967438764	0.415589967438764	-0.44512462214071	0.44512462214071	hypo	case		0.199084819588331	0.46	0.46	0.4	0.432372621708254	5
chr21	21823294	21827146	3853	64	20.90859375	-0.412409408074052	0.412409408074052	-0.454906583116079	0.454906583116079	hypo	case		0.147944109045221	0.46	0.46	0.4	0.432372621708254	5
chr21	5705996	5707150	1155	56	22.4196428571429	-0.386315459077543	0.386315459077543	-0.392804089485788	0.392804089485788	hypo	case		0.163484021867019	0.46	0.46	0.4	0.432372621708254	5
chr20	51358325	51361288	2964	66	22.9348484848485	-0.311557922426417	0.311557922426417	-0.339080001643604	0.339080001643604	hypo	case		0.647481749692594	0.46	0.647481749692594	2.5	0.648141514174027	5
chr20	40901029	40904937	3909	68	21.9507352941176	-0.445238205071689	0.445238205071689	-0.459797830462747	0.459797830462747	hypo	case		0.433780728141403	0.46	0.46	0.4	0.432372621708254	5
chr21	26564047	26566988	2942	60	19.6783333333333	-0.379038408705457	0.379038408705457	-0.41084017171326	0.41084017171326	hypo	case		0.0545296734545892	0.46	0.46	0.4	0.432372621708254	5
chr20	19240839	19242805	1967	70	20.9985714285714	-0.359429757610135	0.359429757610135	-0.383061851200979	0.383061851200979	hypo	case		0.324615615857994	0.46	0.46	0.4	0.432372621708254	5
chr20	34594131	34598130	4000	104	22.2004807692308	-0.420482951027417	0.420482951027417	-0.448345525364725	0.448345525364725	hypo	case		0.352653176378544	0.46	0.46	0.4	0.432372621708254	5
chr20	34727288	34729895	2608	56	20.1151785714286	-0.347123868102008	0.347123868102008	-0.354741792411141	0.354741792411141	hypo	case		0.480846381942652	0.46	0.480846381942652	0.5	0.523027894488147	5
chr20	54026418	54029865	3448	100	23.119	-0.333152976641565	0.333152976641565	-0.329466456324687	0.329466456324687	hypo	case		0.772036247883035	0.46	0.772036247883035	2.8	0.682213840132396	5
chr21	26332428	26336372	3945	72	21.7819444444444	-0.428395495638996	0.428395495638996	-0.460441034699209	0.460441034699209	hypo	case		0.153929327210161	0.46	0.46	0.4	0.432372621708254	5
chr21	25953152	25956846	3695	76	20.9934210526316	-0.399876734174628	0.399876734174628	-0.41789256848688	0.41789256848688	hypo	case		0.805683824092423	0.46	0.805683824092423	2.8	0.682213840132396	5
chr20	48880299	48883224	2926	84	22.6619047619048	-0.434651286642022	0.434651286642022	-0.450801478074072	0.450801478074072	hypo	case		0.286839001719484	0.46	0.46	0.4	0.432372621708254	5
chr20	21532354	21536872	4519	90	23.725	0.397253809490219	0.397253809490219	0.433309492562327	0.433309492562327	hyper	case		0.231404775483758	0.46	0.46	0.4	0.432372621708254	5
chr21	26357818	26360816	2999	50	23.791	-0.43289811672747	0.43289811672747	-0.435221316082187	0.435221316082187	hypo	case		0.449612334396216	0.46	0.46	0.4	0.432372621708254	5
chr20	55709356	55714039	4684	68	21.0227941176471	-0.392616902410645	0.392616902410645	-0.408877882207886	0.408877882207886	hypo	case		0.141218434316631	0.46	0.46	0.4	0.432372621708254	5
chr21	25369783	25372979	3197	56	21.4553571428571	-0.316414153234804	0.316414153234804	-0.3426674065717	0.3426674065717	hypo	case		0.145747461435013	0.46	0.46	0.4	0.432372621708254	5
chr20	24828825	24830965	2141	53	21.0283018867925	-0.344854946902581	0.344854946902581	-0.385936316001869	0.385936316001869	hypo	case		0.258864821632534	0.46	0.46	0.4	0.432372621708254	5
chr21	25433634	25436652	3019	50	22.579	-0.445808378154315	0.445808378154315	-0.459944827320192	0.459944827320192	hypo	case		0.430483331722365	0.46	0.46	0.4	0.432372621708254	5
chr21	16726855	16728738	1884	78	22.5230769230769	-0.424450253343364	0.424450253343364	-0.444734470956809	0.444734470956809	hypo	case		0.50295098976353	0.46	0.50295098976353	0.5	0.523027894488147	5
chr20	14274979	14277762	2784	60	22.7783333333333	-0.40769073691576	0.40769073691576	-0.403026566634582	0.403026566634582	hypo	case		0.456387472706025	0.46	0.46	0.4	0.432372621708254	5
chr20	31381480	31384741	3262	80	22.7725	-0.407869143956871	0.407869143956871	-0.46263526387147	0.46263526387147	hypo	case		0.193164887000685	0.46	0.46	0.4	0.432372621708254	5
chr20	31375979	31380674	4696	99	21.4166666666667	-0.359755418589178	0.359755418589178	-0.387057035355996	0.387057035355996	hypo	case		0.387140012412754	0.46	0.46	0.4	0.432372621708254	5
chr21	18572727	18576002	3276	58	23.9224137931035	-0.432822447486825	0.432822447486825	-0.464909895010007	0.464909895010007	hypo	case		0.621782116164479	0.46	0.621782116164479	2.4	0.624549067415542	5
chr21	13582968	13585268	2301	50	23.108	-0.404891655469537	0.404891655469537	-0.415026485671841	0.415026485671841	hypo	case		0.579168703192602	0.46	0.579168703192602	0.7	0.596779781291671	5
chr20	2876447	2879846	3400	66	22.0272727272727	-0.437388445715807	0.437388445715807	-0.449491762064026	0.449491762064026	hypo	case		0.0930325257251144	0.46	0.46	0.4	0.432372621708254	5
chr20	11260768	11264860	4093	70	21.5371428571429	-0.293550736563789	0.293550736563789	-0.311038844540025	0.311038844540025	hypo	case		0.653600141251434	0.46	0.653600141251434	3	0.653607973297379	5
chr20	23997677	23999296	1620	60	19.9275	-0.396700122055671	0.396700122055671	-0.373941284238048	0.373941284238048	hypo	case		0.526612798392854	0.46	0.526612798392854	0.5	0.523027894488147	5
chr20	60935906	60940118	4213	133	21.5364661654135	-0.385814106290596	0.385814106290596	-0.415638279033911	0.415638279033911	hypo	case		0.185200849677808	0.46	0.46	0.4	0.432372621708254	5
chr20	20632055	20633768	1714	72	23.5298611111111	-0.353782416538039	0.353782416538039	-0.377771294759484	0.377771294759484	hypo	case		0.269013870483358	0.46	0.46	0.4	0.432372621708254	5
chr20	37580381	37585027	4647	116	23.4978448275862	-0.324881739006986	0.324881739006986	-0.32295915193569	0.32295915193569	hypo	case		0.890196831202417	0.46	0.890196831202417	2.8	0.682213840132396	5
chr21	13501514	13505044	3531	80	22.408125	-0.305444006969532	0.305444006969532	-0.303014083759469	0.303014083759469	hypo	case		0.539477835153526	0.46	0.539477835153526	0.6	0.531925724845128	5
chr20	32269545	32272744	3200	85	23.0658823529412	-0.306598529335825	0.306598529335825	-0.303840136498887	0.303840136498887	hypo	case		0.0578498669349305	0.46	0.46	0.4	0.432372621708254	5
chr20	35042851	35045832	2982	80	22.69125	-0.398818760669251	0.398818760669251	-0.436969375604455	0.436969375604455	hypo	case		0.442321182493753	0.46	0.46	0.4	0.432372621708254	5
chr20	8322870	8327617	4748	60	22.4641666666667	-0.354226863016957	0.354226863016957	-0.360329888272475	0.360329888272475	hypo	case		0.180569962045824	0.46	0.46	0.4	0.432372621708254	5
chr21	25738189	25740485	2297	82	22.7475609756098	-0.410405789304673	0.410405789304673	-0.45304829523784	0.45304829523784	hypo	case		0.295760289354199	0.46	0.46	0.4	0.432372621708254	5
chr20	23793501	23795257	1757	53	18.7028301886792	-0.331439677888329	0.331439677888329	-0.349919094226441	0.349919094226441	hypo	case		0.298705235311701	0.46	0.46	0.4	0.432372621708254	5
chr21	40368869	40371826	2958	59	20.7881355932203	-0.338527994993512	0.338527994993512	-0.336160565830671	0.336160565830671	hypo	case		0.256847658220916	0.46	0.46	0.4	0.432372621708254	5
chr21	18668957	18670419	1463	50	20.465	-0.31728617055643	0.31728617055643	-0.339510675953989	0.339510675953989	hypo	case		0.367176063686347	0.46	0.46	0.4	0.432372621708254	5
chr21	43120358	43124910	4553	83	13.6355421686747	-0.364718162599355	0.364718162599355	-0.403241167158424	0.403241167158424	hypo	case		0.532385324566059	0.46	0.532385324566059	0.6	0.531925724845128	5
chr21	38414710	38417869	3160	82	19.834756097561	-0.391558838205817	0.391558838205817	-0.420007791888655	0.420007791888655	hypo	case		0.137712218038459	0.46	0.46	0.4	0.432372621708254	5
chr21	10043951	10044576	626	64	34.93515625	-0.414283190778436	0.414283190778436	-0.432565464878677	0.432565464878677	hypo	case		0.189668864255809	0.46	0.46	0.4	0.432372621708254	5
chr20	25930834	25935353	4520	60	23.335	-0.395119386627954	0.395119386627954	-0.439676734715585	0.439676734715585	hypo	case		0.0620273273287659	0.46	0.46	0.4	0.432372621708254	5
chr21	29724149	29725926	1778	52	20.9519230769231	0.390370469223364	0.390370469223364	0.410727368502427	0.410727368502427	hyper	case		0.394825839360034	0.46	0.46	0.4	0.432372621708254	5
chr21	18411694	18415275	3582	69	22.2231884057971	-0.275593295936064	0.275593295936064	-0.299745289459246	0.299745289459246	hypo	case		0.343408091571047	0.46	0.46	0.4	0.432372621708254	5
chr20	39528096	39531877	3782	50	21.168	-0.330434895919445	0.330434895919445	-0.359328495129968	0.359328495129968	hypo	case		0.0616628089292534	0.46	0.46	0.4	0.432372621708254	5
chr21	29834224	29839153	4930	56	22.2169642857143	-0.366689449851995	0.366689449851995	-0.391260011996596	0.391260011996596	hypo	case		0.317831762855982	0.46	0.46	0.4	0.432372621708254	5
chr21	28745038	28748093	3056	68	23.8669117647059	0.291535591036359	0.291535591036359	0.329088133540433	0.329088133540433	hyper	case		0.353239489521647	0.46	0.46	0.4	0.432372621708254	5
chr20	9159674	9164177	4504	76	22.3592105263158	-0.295882345403692	0.295882345403692	-0.34539149366254	0.34539149366254	hypo	case		0.364970237012473	0.46	0.46	0.4	0.432372621708254	5
chr20	39191172	39194709	3538	84	20.5857142857143	-0.35294076654539	0.35294076654539	-0.369029047079862	0.369029047079862	hypo	case		0.0720405508143038	0.46	0.46	0.4	0.432372621708254	5
chr20	20654227	20658013	3787	70	25.9178571428572	-0.395109339437069	0.395109339437069	-0.40414067414207	0.40414067414207	hypo	case		0.47748823624171	0.46	0.47748823624171	0.4	0.432372621708254	5
chr20	50212006	50216786	4781	146	21.9246575342466	-0.410848999077843	0.410848999077843	-0.426151475301194	0.426151475301194	hypo	case		0.100143318322172	0.46	0.46	0.4	0.432372621708254	5
chr20	29400822	29405189	4368	64	32.184375	-0.375666613192331	0.375666613192331	-0.428412927618513	0.428412927618513	hypo	case		0.410231748078559	0.46	0.46	0.4	0.432372621708254	5
chr20	52808036	52811700	3665	52	21.8009615384615	-0.372777561581244	0.372777561581244	-0.380929305345105	0.380929305345105	hypo	case		0.588844100080003	0.46	0.588844100080003	0.7	0.596779781291671	5
chr21	14280687	14282032	1346	52	21.4653846153846	0.393614789331861	0.393614789331861	0.424241649470749	0.424241649470749	hyper	case		0.172845737883092	0.46	0.46	0.4	0.432372621708254	5
chr20	21059229	21062683	3455	76	21.7940789473684	-0.408823660364533	0.408823660364533	-0.412202424886234	0.412202424886234	hypo	case		0.493918464609493	0.46	0.493918464609493	0.5	0.523027894488147	5
chr20	25340768	25345523	4756	88	23.7471590909091	-0.368020178160557	0.368020178160557	-0.37709767911404	0.37709767911404	hypo	case		0.281157691617977	0.46	0.46	0.4	0.432372621708254	5
chr20	35730152	35733996	3845	97	18.8051546391753	0.273618096806363	0.273618096806363	0.313501542980146	0.313501542980146	hyper	case		0.99	0.46	0.99	2.8	0.682213840132396	5
chr21	27858253	27862187	3935	76	22.6269736842105	-0.345732763924263	0.345732763924263	-0.381580951484907	0.381580951484907	hypo	case		0.497641983335471	0.46	0.497641983335471	0.5	0.523027894488147	5
chr20	40852407	40855476	3070	57	20.969298245614	-0.420649836108612	0.420649836108612	-0.448473574701997	0.448473574701997	hypo	case		0.464890421033477	0.46	0.464890421033477	0.4	0.432372621708254	5
chr20	39407129	39411309	4181	66	23.2772727272727	0.258763411156852	0.258763411156852	0.315996653850512	0.315996653850512	hyper	case		0.515493054685282	0.46	0.515493054685282	0.5	0.523027894488147	5
chr21	13932997	13937848	4852	270	22.6264814814815	-0.451924915509937	0.451924915509937	-0.468853883739854	0.468853883739854	hypo	case		0.107857956307727	0.46	0.46	0.4	0.432372621708254	5
chr20	34466542	34470907	4366	82	23.0292682926829	-0.422483750321027	0.422483750321027	-0.446894936276469	0.446894936276469	hypo	case		0.30161750300496	0.46	0.46	0.4	0.432372621708254	5
chr20	17295206	17298055	2850	54	19.6703703703704	0.412515674092286	0.412515674092286	0.446018167651279	0.446018167651279	hyper	case		0.214449075390237	0.46	0.46	0.4	0.432372621708254	5
chr21	39547454	39550545	3092	52	23.5067307692308	-0.329627565401863	0.329627565401863	-0.378085223883515	0.378085223883515	hypo	case		0.291146973768388	0.46	0.46	0.4	0.432372621708254	5
chr20	37501350	37504185	2836	62	24.3491935483871	-0.363123401606454	0.363123401606454	-0.372222157768759	0.372222157768759	hypo	case		0.251996643111502	0.46	0.46	0.4	0.432372621708254	5
chr20	29428950	29431897	2948	148	19.4733108108108	0.437754629480007	0.437754629480007	0.472608962201179	0.472608962201179	hyper	case		0.47179928492277	0.46	0.47179928492277	0.4	0.432372621708254	5
chr20	5922060	5925063	3004	94	23.1893617021277	-0.383020507225841	0.383020507225841	-0.402477867793719	0.402477867793719	hypo	case		0.268292413957129	0.46	0.46	0.4	0.432372621708254	5
chr20	4263253	4267649	4397	76	23.7822368421053	-0.395233872601453	0.395233872601453	-0.421986488230729	0.421986488230729	hypo	case		0.575159514960341	0.46	0.575159514960341	0.7	0.596779781291671	5
chr21	36348135	36351721	3587	82	23.3268292682927	-0.438806213882658	0.438806213882658	-0.457648086939058	0.457648086939058	hypo	case		0.193462077089369	0.46	0.46	0.4	0.432372621708254	5
chr20	55693243	55695464	2222	76	23.3296052631579	-0.42219141999305	0.42219141999305	-0.477177295718966	0.477177295718966	hypo	case		0.125103496889547	0.46	0.46	0.4	0.432372621708254	5
chr21	17850968	17854135	3168	52	19.8221153846154	-0.311242569028913	0.311242569028913	-0.305960111159393	0.305960111159393	hypo	case		0.841934504940008	0.46	0.841934504940008	2.8	0.682213840132396	5
chr20	1093211	1096497	3287	74	22.7047297297297	-0.350551158632716	0.350551158632716	-0.398775164638834	0.398775164638834	hypo	case		0.64395303388243	0.46	0.64395303388243	1.7	0.640327944157213	5
chr20	19691161	19694147	2987	103	23.7218446601942	-0.245755305216058	0.245755305216058	-0.283615462740425	0.283615462740425	hypo	case		0.213707183318626	0.46	0.46	0.4	0.432372621708254	5
chr20	14690655	14694342	3688	54	22.6361111111111	-0.319698348478456	0.319698348478456	-0.307045639216578	0.307045639216578	hypo	case		0.154017618278572	0.46	0.46	0.4	0.432372621708254	5
chr20	29791834	29794501	2668	52	32.3394230769231	0.303812774927067	0.303812774927067	0.311945363098239	0.311945363098239	hyper	case		0.289356001683629	0.46	0.46	0.4	0.432372621708254	5
chr20	11698636	11701932	3297	60	21.015	-0.36819184280816	0.36819184280816	-0.397532396992956	0.397532396992956	hypo	case		0.355573939699504	0.46	0.46	0.4	0.432372621708254	5
chr20	55173845	55178829	4985	62	22.6451612903226	-0.408416785209188	0.408416785209188	-0.472199265015847	0.472199265015847	hypo	case		0.261410167169166	0.46	0.46	0.4	0.432372621708254	5
chr20	6228561	6232659	4099	62	24.5975806451613	-0.39817087806597	0.39817087806597	-0.421692061609474	0.421692061609474	hypo	case		0.21216243979475	0.46	0.46	0.4	0.432372621708254	5
chr21	10642394	10645239	2846	60	58.3858333333333	-0.39726895706129	0.39726895706129	-0.411835388569051	0.411835388569051	hypo	case		0.499444864844581	0.46	0.499444864844581	0.5	0.523027894488147	5
chr20	15404484	15408852	4369	87	20.9683908045977	-0.403528922602452	0.403528922602452	-0.443671853065576	0.443671853065576	hypo	case		0.453683988401239	0.46	0.46	0.4	0.432372621708254	5
chr20	47607867	47610684	2818	64	22.7234375	-0.370722296924491	0.370722296924491	-0.375014930150405	0.375014930150405	hypo	case		0.271692269298723	0.46	0.46	0.4	0.432372621708254	5
chr21	9103700	9108226	4527	86	13.6581395348837	-0.363323553005732	0.363323553005732	-0.413296803644594	0.413296803644594	hypo	case		0.224479580835719	0.46	0.46	0.4	0.432372621708254	5
chr20	12827557	12830603	3047	71	22.4866197183099	-0.333595902329763	0.333595902329763	-0.357091543827243	0.357091543827243	hypo	case		0.245970738617732	0.46	0.46	0.4	0.432372621708254	5
chr20	54966200	54968816	2617	52	20.4557692307692	-0.369542303586313	0.369542303586313	-0.401463107147674	0.401463107147674	hypo	case		0.479109574188366	0.46	0.479109574188366	0.5	0.523027894488147	5
chr21	32394946	32399648	4703	90	23.5044444444445	-0.367913514940075	0.367913514940075	-0.42288129124392	0.42288129124392	hypo	case		0.17288301139929	0.46	0.46	0.4	0.432372621708254	5
chr20	25102767	25107244	4478	126	21.9761904761905	-0.370795785244422	0.370795785244422	-0.401109619885351	0.401109619885351	hypo	case		0.226203455975544	0.46	0.46	0.4	0.432372621708254	5
chr21	22578055	22579451	1397	94	21.2095744680851	-0.411760486121236	0.411760486121236	-0.443711879442192	0.443711879442192	hypo	case		0.39566349202375	0.46	0.46	0.4	0.432372621708254	5
chr20	18714559	18717516	2958	50	21.782	-0.39000241773392	0.39000241773392	-0.427663008351082	0.427663008351082	hypo	case		0.23453312511677	0.46	0.46	0.4	0.432372621708254	5
chr21	9847363	9850661	3299	66	62.55	-0.382920769704132	0.382920769704132	-0.392195082715143	0.392195082715143	hypo	case		0.22229977683072	0.46	0.46	0.4	0.432372621708254	5
chr20	30676256	30679141	2886	56	21.8241071428571	-0.326880474130082	0.326880474130082	-0.337226159002526	0.337226159002526	hypo	case		0.642331840493046	0.46	0.642331840493046	1.7	0.640327944157213	5
chr20	17372161	17376381	4221	80	23.378125	-0.324640079602189	0.324640079602189	-0.323355305761797	0.323355305761797	hypo	case		0.320851607967895	0.46	0.46	0.4	0.432372621708254	5
chr20	12898306	12902304	3999	80	23.415625	-0.316499315130033	0.316499315130033	-0.3459696794597	0.3459696794597	hypo	case		0.750850233670262	0.46	0.750850233670262	2.8	0.682213840132396	5
chr21	21386670	21391316	4647	84	21.3047619047619	-0.470242019582379	0.470242019582379	-0.479038069335655	0.479038069335655	hypo	case		0.260786211748378	0.46	0.46	0.4	0.432372621708254	5
chr21	33933818	33936564	2747	64	21.7578125	-0.346273058703395	0.346273058703395	-0.382529817255394	0.382529817255394	hypo	case		0.335634144651547	0.46	0.46	0.4	0.432372621708254	5
chr20	30951363	30956009	4647	70	21.1471428571429	-0.403195904187794	0.403195904187794	-0.405235432481093	0.405235432481093	hypo	case		0.354626385106426	0.46	0.46	0.4	0.432372621708254	5
chr21	24579209	24583353	4145	70	22.9528571428571	-0.394532435470922	0.394532435470922	-0.423890426533438	0.423890426533438	hypo	case		0.380108678255388	0.46	0.46	0.4	0.432372621708254	5
chr20	13419289	13422675	3387	71	20.8471830985916	-0.423194957585021	0.423194957585021	-0.421882876804994	0.421882876804994	hypo	case		0.210769027428845	0.46	0.46	0.4	0.432372621708254	5
chr20	34039838	34042838	3001	84	23.5357142857143	-0.235034583619602	0.235034583619602	-0.25680419547908	0.25680419547908	hypo	case		0.99	0.46	0.99	2.8	0.682213840132396	5
chr20	12551381	12556151	4771	70	21.3957142857143	-0.249859660472091	0.249859660472091	-0.267097596636542	0.267097596636542	hypo	case		0.387916609171309	0.46	0.46	0.4	0.432372621708254	5
chr21	20261488	20265245	3758	142	18.8116197183099	-0.379263462362794	0.379263462362794	-0.405740828967025	0.405740828967025	hypo	case		0.277054089437028	0.46	0.46	0.4	0.432372621708254	5
chr21	29903665	29906105	2441	74	23.1635135135135	-0.374244266089919	0.374244266089919	-0.385352824947451	0.385352824947451	hypo	case		0.432940184918051	0.46	0.46	0.4	0.432372621708254	5
chr20	52722180	52726802	4623	80	22.65	-0.385446573138309	0.385446573138309	-0.424740311672043	0.424740311672043	hypo	case		0.233778560397223	0.46	0.46	0.4	0.432372621708254	5
chr21	14995501	14999671	4171	68	22.5845588235294	-0.327149916527836	0.327149916527836	-0.357926751434996	0.357926751434996	hypo	case		0.324523162608884	0.46	0.46	0.4	0.432372621708254	5
chr21	35373315	35376778	3464	56	18.7241071428571	-0.345356498989916	0.345356498989916	-0.37702677672785	0.37702677672785	hypo	case		0.336314358060601	0.46	0.46	0.4	0.432372621708254	5
chr20	54876867	54879465	2599	64	23.4015625	-0.43091328183043	0.43091328183043	-0.467816106077384	0.467816106077384	hypo	case		0.603982507459512	0.46	0.603982507459512	0.7	0.596779781291671	5
chr20	13762361	13765138	2778	64	23.36953125	-0.3974716445795	0.3974716445795	-0.419575750235603	0.419575750235603	hypo	case		0.32708467452975	0.46	0.46	0.4	0.432372621708254	5
chr20	5288324	5291703	3380	65	20.0192307692308	-0.404898167436951	0.404898167436951	-0.449481660002829	0.449481660002829	hypo	case		0.586434835655345	0.46	0.586434835655345	0.7	0.596779781291671	5
chr20	7562456	7564186	1731	99	20.3686868686869	-0.339789632627733	0.339789632627733	-0.343616063871697	0.343616063871697	hypo	case		0.327316578821583	0.46	0.46	0.4	0.432372621708254	5
chr21	35347810	35351112	3303	68	21.7676470588235	-0.340151122191723	0.340151122191723	-0.347357724292485	0.347357724292485	hypo	case		0.522389915507326	0.46	0.522389915507326	0.5	0.523027894488147	5
chr20	17059415	17063641	4227	54	21.8657407407407	-0.382860384928421	0.382860384928421	-0.36805419852505	0.36805419852505	hypo	case		0.255046160081313	0.46	0.46	0.4	0.432372621708254	5
chr20	30876331	30879602	3272	60	37.0466666666667	-0.390282715771748	0.390282715771748	-0.430921208814946	0.430921208814946	hypo	case		0.31764755489407	0.46	0.46	0.4	0.432372621708254	5
chr20	14986348	14991221	4874	106	22.0622641509434	-0.387217636140301	0.387217636140301	-0.431160250052862	0.431160250052862	hypo	case		0.134773743913003	0.46	0.46	0.4	0.432372621708254	5
chr20	40847014	40849319	2306	76	24.0355263157895	-0.33123747156733	0.33123747156733	-0.349267664811934	0.349267664811934	hypo	case		0.691479654078929	0.46	0.691479654078929	2.8	0.682213840132396	5
chr20	41223582	41227559	3978	72	20.1229166666667	-0.442039614386138	0.442039614386138	-0.45821900084742	0.45821900084742	hypo	case		0.352253068828784	0.46	0.46	0.4	0.432372621708254	5
chr21	15707652	15709891	2240	58	21.2051724137931	-0.418994650341228	0.418994650341228	-0.454420539834277	0.454420539834277	hypo	case		0.309203796696024	0.46	0.46	0.4	0.432372621708254	5
chr21	21625577	21629833	4257	64	23.2640625	-0.378372617524738	0.378372617524738	-0.391906805506828	0.391906805506828	hypo	case		0.260728878801671	0.46	0.46	0.4	0.432372621708254	5
chr20	30853708	30856304	2597	82	49.0658536585366	-0.351305203898298	0.351305203898298	-0.360973336002578	0.360973336002578	hypo	case		0.128021870457681	0.46	0.46	0.4	0.432372621708254	5
chr20	14974144	14977032	2889	66	18.4060606060606	-0.393317373576571	0.393317373576571	-0.454236689178338	0.454236689178338	hypo	case		0.296479988439572	0.46	0.46	0.4	0.432372621708254	5
chr20	38095162	38097951	2790	58	22.3327586206897	-0.403623676700907	0.403623676700907	-0.415738021794743	0.415738021794743	hypo	case		0.182596106538634	0.46	0.46	0.4	0.432372621708254	5
chr20	6935788	6938758	2971	70	22.58	-0.404682054555295	0.404682054555295	-0.424657491343373	0.424657491343373	hypo	case		0.195014559356002	0.46	0.46	0.4	0.432372621708254	5
chr20	4272441	4275227	2787	52	24.4057692307692	-0.343438523742473	0.343438523742473	-0.332984295016844	0.332984295016844	hypo	case		0.915271326890655	0.46	0.915271326890655	2.8	0.682213840132396	5
chr20	36447638	36449643	2006	54	22.2490740740741	-0.421620176732927	0.421620176732927	-0.465077637763926	0.465077637763926	hypo	case		0.269100189741621	0.46	0.46	0.4	0.432372621708254	5
chr21	37628562	37632745	4184	64	18.60703125	-0.366213622563703	0.366213622563703	-0.383828000729521	0.383828000729521	hypo	case		0.357820939745886	0.46	0.46	0.4	0.432372621708254	5
chr21	9128571	9131811	3241	162	21.587037037037	-0.411726812014563	0.411726812014563	-0.431673027606644	0.431673027606644	hypo	case		0.15798041196369	0.46	0.46	0.4	0.432372621708254	5
chr20	4933210	4937496	4287	148	21.5756756756757	-0.387031883462355	0.387031883462355	-0.432539795990993	0.432539795990993	hypo	case		0.3927469002266	0.46	0.46	0.4	0.432372621708254	5
chr20	30731844	30734951	3108	59	22.6305084745763	-0.403613240412439	0.403613240412439	-0.445865430368771	0.445865430368771	hypo	case		0.344313590764339	0.46	0.46	0.4	0.432372621708254	5
chr20	45244074	45248310	4237	70	22.88	0.326926808882363	0.326926808882363	0.353816491542511	0.353816491542511	hyper	case		0.137183668923289	0.46	0.46	0.4	0.432372621708254	5
chr20	12010560	12015381	4822	106	21.2014150943396	-0.245360434425744	0.245360434425744	-0.263386183981496	0.263386183981496	hypo	case		0.105415256255248	0.46	0.46	0.4	0.432372621708254	5
chr21	23568266	23572504	4239	96	22.2619791666667	-0.39394248046705	0.39394248046705	-0.406679450909419	0.406679450909419	hypo	case		0.367896561167954	0.46	0.46	0.4	0.432372621708254	5
chr20	56275097	56279069	3973	61	21.3696721311475	-0.403732225686757	0.403732225686757	-0.414966854495113	0.414966854495113	hypo	case		0.184020451694716	0.46	0.46	0.4	0.432372621708254	5
chr21	34321740	34323551	1812	54	22.8740740740741	-0.289080041709947	0.289080041709947	-0.311143292267951	0.311143292267951	hypo	case		0.642523984247888	0.46	0.642523984247888	1.7	0.640327944157213	5
chr21	28940218	28943934	3717	50	22.722	-0.419940805958106	0.419940805958106	-0.448876039306057	0.448876039306057	hypo	case		0.495566680972916	0.46	0.495566680972916	0.5	0.523027894488147	5
chr20	8959653	8963100	3448	92	22.9967391304348	-0.437838429475425	0.437838429475425	-0.462085125805138	0.462085125805138	hypo	case		0.315585346316491	0.46	0.46	0.4	0.432372621708254	5
chr20	12717902	12721342	3441	59	20.7957627118644	-0.341955547363526	0.341955547363526	-0.36181315404823	0.36181315404823	hypo	case		0.585639896352038	0.46	0.585639896352038	0.7	0.596779781291671	5
chr20	32521873	32525319	3447	111	21.7166666666667	0.243665761412277	0.243665761412277	0.245217144546536	0.245217144546536	hyper	case		0.202520691733899	0.46	0.46	0.4	0.432372621708254	5
chr20	30109701	30113324	3624	52	19.8	-0.344482652540952	0.344482652540952	-0.393762862364245	0.393762862364245	hypo	case		0.256736142636516	0.46	0.46	0.4	0.432372621708254	5
chr20	5917900	5920636	2737	58	23.3077586206897	-0.395422915503197	0.395422915503197	-0.41599330390825	0.41599330390825	hypo	case		0.254949048773836	0.46	0.46	0.4	0.432372621708254	5
chr20	5378872	5382359	3488	72	21.6131944444444	-0.418289536444753	0.418289536444753	-0.45112179568947	0.45112179568947	hypo	case		0.359175129610153	0.46	0.46	0.4	0.432372621708254	5
chr20	22612149	22615105	2957	56	21.6830357142857	-0.339838940119714	0.339838940119714	-0.381368367752156	0.381368367752156	hypo	case		0.0556520482910903	0.46	0.46	0.4	0.432372621708254	5
chr21	30849020	30853162	4143	79	20.473417721519	-0.417288591550808	0.417288591550808	-0.432566048684042	0.432566048684042	hypo	case		0.354595682211113	0.46	0.46	0.4	0.432372621708254	5
chr20	9222300	9226790	4491	76	19.8625	-0.328044811290361	0.328044811290361	-0.370595609813655	0.370595609813655	hypo	case		0.347661966424588	0.46	0.46	0.4	0.432372621708254	5
chr20	32236208	32239734	3527	76	24.2572368421053	-0.341027154298476	0.341027154298476	-0.367733752650077	0.367733752650077	hypo	case		0.582468687797233	0.46	0.582468687797233	0.7	0.596779781291671	5
chr20	29477042	29480820	3779	55	18.0209090909091	0.290200880898488	0.290200880898488	0.3369979050572	0.3369979050572	hyper	case		0.418556358425121	0.46	0.46	0.4	0.432372621708254	5
chr20	54145035	54147456	2422	52	20.3980769230769	-0.389599129988833	0.389599129988833	-0.400599249966854	0.400599249966854	hypo	case		0.438365957612215	0.46	0.46	0.4	0.432372621708254	5
chr21	23635395	23637575	2181	65	20.2923076923077	-0.435850437778964	0.435850437778964	-0.465784805977439	0.465784805977439	hypo	case		0.171085538245094	0.46	0.46	0.4	0.432372621708254	5
chr20	25669752	25673824	4073	76	21.025	-0.289166557472168	0.289166557472168	-0.29568882847575	0.29568882847575	hypo	case		0.681200802840781	0.46	0.681200802840781	2.8	0.682213840132396	5
chr21	23181996	23186907	4912	66	22.0409090909091	-0.404906591157885	0.404906591157885	-0.456164342396669	0.456164342396669	hypo	case		0.0595642476890325	0.46	0.46	0.4	0.432372621708254	5
chr21	26949814	26953393	3580	56	20.3491071428571	-0.279648546814644	0.279648546814644	-0.32152016236991	0.32152016236991	hypo	case		0.143951727989711	0.46	0.46	0.4	0.432372621708254	5
chr21	8821458	8826454	4997	72	37.1305555555556	0.334932013463917	0.334932013463917	0.345335571490085	0.345335571490085	hyper	case		0.403008175269006	0.46	0.46	0.4	0.432372621708254	5
chr21	5731632	5736111	4480	141	21.4613475177305	-0.453083874326829	0.453083874326829	-0.485479488212452	0.485479488212452	hypo	case		0.226893841300734	0.46	0.46	0.4	0.432372621708254	5
chr20	55436465	55440819	4355	104	21.0495192307692	-0.392681151209136	0.392681151209136	-0.423588384560304	0.423588384560304	hypo	case		0.378484084219062	0.46	0.46	0.4	0.432372621708254	5
chr20	60502120	60504689	2570	80	21.67375	-0.450080754931492	0.450080754931492	-0.471790499743229	0.471790499743229	hypo	case		0.026666335108944	0.46	0.46	0.4	0.432372621708254	5
chr20	39246091	39248805	2715	64	21.4109375	0.275791132710481	0.275791132710481	0.289758705191403	0.289758705191403	hyper	case		0.3919338700354	0.46	0.46	0.4	0.432372621708254	5
chr20	18208422	18211882	3461	134	19.6936567164179	-0.398977053680916	0.398977053680916	-0.432212969517536	0.432212969517536	hypo	case		0.320974158390886	0.46	0.46	0.4	0.432372621708254	5
chr20	30370164	30373195	3032	52	32.9009615384615	-0.409890574967663	0.409890574967663	-0.426932494158268	0.426932494158268	hypo	case		0.220673764741291	0.46	0.46	0.4	0.432372621708254	5
chr20	30948013	30950120	2108	62	21.475	-0.363160329182549	0.363160329182549	-0.376198486592622	0.376198486592622	hypo	case		0.423930869814966	0.46	0.46	0.4	0.432372621708254	5
chr20	26365420	26367262	1843	53	15.8415094339623	-0.353695291469414	0.353695291469414	-0.407219150467556	0.407219150467556	hypo	case		0.390983620991635	0.46	0.46	0.4	0.432372621708254	5
chr21	26896506	26899762	3257	52	22.6923076923077	-0.39908715464131	0.39908715464131	-0.450387523812035	0.450387523812035	hypo	case		0.418461493525349	0.46	0.46	0.4	0.432372621708254	5
chr21	17878044	17880515	2472	74	20.5358108108108	-0.421541152976449	0.421541152976449	-0.450150774864837	0.450150774864837	hypo	case		0.489233305440138	0.46	0.489233305440138	0.5	0.523027894488147	5
chr20	52634012	52637550	3539	50	22.618	-0.39120999016743	0.39120999016743	-0.415721677928249	0.415721677928249	hypo	case		0.365097128112849	0.46	0.46	0.4	0.432372621708254	5
chr21	35229231	35233000	3770	76	21.1611842105263	-0.400247450655824	0.400247450655824	-0.395986507204853	0.395986507204853	hypo	case		0.379585541528774	0.46	0.46	0.4	0.432372621708254	5
chr21	34259546	34263024	3479	56	22.5741071428571	-0.400247365841052	0.400247365841052	-0.443709353517111	0.443709353517111	hypo	case		0.59740473375563	0.46	0.59740473375563	0.7	0.596779781291671	5
chr20	38557369	38561958	4590	91	19.1791208791209	-0.39448330016105	0.39448330016105	-0.41339883612331	0.41339883612331	hypo	case		0.370613744345184	0.46	0.46	0.4	0.432372621708254	5
chr21	40732822	40735341	2520	52	21.7269230769231	-0.387825925535829	0.387825925535829	-0.430724733411634	0.430724733411634	hypo	case		0.0233820362718314	0.46	0.46	0.4	0.432372621708254	5
chr21	22769000	22771989	2990	96	20.2583333333333	-0.343830528086466	0.343830528086466	-0.333994910379292	0.333994910379292	hypo	case		0.658749428207557	0.46	0.658749428207557	1.5	0.657880059533191	5
chr21	42433312	42435559	2248	50	20.571	-0.401194826528361	0.401194826528361	-0.438560014511314	0.438560014511314	hypo	case		0.379655318750996	0.46	0.46	0.4	0.432372621708254	5
chr20	18174414	18176862	2449	79	20.1132911392405	-0.423633189057209	0.423633189057209	-0.443575089164353	0.443575089164353	hypo	case		0.484961305533259	0.46	0.484961305533259	0.5	0.523027894488147	5
chr20	28740007	28744980	4974	58	26.9112068965517	0.279397290248569	0.279397290248569	0.294515570696011	0.294515570696011	hyper	case		0.76863143971216	0.46	0.76863143971216	2.8	0.682213840132396	5
chr20	47010260	47014305	4046	69	23.9217391304348	-0.365412225552501	0.365412225552501	-0.368695212726161	0.368695212726161	hypo	case		0.535872318599373	0.46	0.535872318599373	0.6	0.531925724845128	5
chr20	28833264	28838157	4894	54	23.0638888888889	-0.302759519923688	0.302759519923688	-0.316715162164025	0.316715162164025	hypo	case		0.342654840021186	0.46	0.46	0.4	0.432372621708254	5
chr20	10888324	10891204	2881	56	22.6544642857143	-0.372673358548507	0.372673358548507	-0.396646296245397	0.396646296245397	hypo	case		0.407022470582127	0.46	0.46	0.4	0.432372621708254	5
chr21	37404138	37408383	4246	72	21.0131944444444	-0.253659178448719	0.253659178448719	-0.26617347010494	0.26617347010494	hypo	case		0.99	0.46	0.99	2.8	0.682213840132396	5
chr20	21582808	21584893	2086	55	22.5609090909091	-0.455483346180233	0.455483346180233	-0.489678257615443	0.489678257615443	hypo	case		0.292805591838204	0.46	0.46	0.4	0.432372621708254	5
chr20	33956548	33960017	3470	108	20.9615740740741	-0.40625179707354	0.40625179707354	-0.434108929526452	0.434108929526452	hypo	case		0.280825693538339	0.46	0.46	0.4	0.432372621708254	5
chr20	14573461	14576636	3176	74	21.4824324324324	-0.478068291696048	0.478068291696048	-0.505665984236462	0.505665984236462	hypo	case		0.346271136626181	0.46	0.46	0.4	0.432372621708254	5
chr21	13014332	13017483	3152	54	42.6083333333333	-0.312311614970303	0.312311614970303	-0.321363205605484	0.321363205605484	hypo	case		0.404917949397142	0.46	0.46	0.4	0.432372621708254	5
chr21	27384262	27387595	3334	108	20.2560185185185	-0.419500416488272	0.419500416488272	-0.417304035737529	0.417304035737529	hypo	case		0.654882562118198	0.46	0.654882562118198	1.4	0.653727321184602	5
chr21	23064122	23065715	1594	56	22.6401785714286	-0.451909281051424	0.451909281051424	-0.470369045558735	0.470369045558735	hypo	case		0.400585187891133	0.46	0.46	0.4	0.432372621708254	5
chr21	18276781	18280571	3791	126	22.8222222222222	-0.40393110588437	0.40393110588437	-0.426899353924153	0.426899353924153	hypo	case		0.427577086374082	0.46	0.46	0.4	0.432372621708254	5
chr20	2952650	2954909	2260	74	23.2641891891892	-0.45429252324293	0.45429252324293	-0.468897332132725	0.468897332132725	hypo	case		0.369116055730463	0.46	0.46	0.4	0.432372621708254	5
chr20	54420040	54424961	4922	56	20.5276785714286	-0.415293363203218	0.415293363203218	-0.428994318110882	0.428994318110882	hypo	case		0.433291148753402	0.46	0.46	0.4	0.432372621708254	5
chr21	26904524	26908717	4194	60	23.8491666666667	-0.384576285431613	0.384576285431613	-0.414533770509018	0.414533770509018	hypo	case		0.114544839806679	0.46	0.46	0.4	0.432372621708254	5
chr20	18687671	18691004	3334	60	21.8541666666667	-0.397591278376387	0.397591278376387	-0.425579516326544	0.425579516326544	hypo	case		0.520043406066269	0.46	0.520043406066269	0.5	0.523027894488147	5
chr21	10635743	10639622	3880	55	53.7054545454546	-0.361948600417638	0.361948600417638	-0.397230001971393	0.397230001971393	hypo	case		0.356708145345872	0.46	0.46	0.4	0.432372621708254	5
chr20	49372066	49375785	3720	125	19.5944	-0.436487177094678	0.436487177094678	-0.470068032706071	0.470068032706071	hypo	case		0.280658733132427	0.46	0.46	0.4	0.432372621708254	5
chr20	31689001	31691844	2844	81	23.4246913580247	-0.402048094309334	0.402048094309334	-0.436980152232226	0.436980152232226	hypo	case		0.462119065575926	0.46	0.462119065575926	0.4	0.432372621708254	5
chr20	30691050	30695625	4576	68	24.3610294117647	-0.370470280339288	0.370470280339288	-0.4008686344543	0.4008686344543	hypo	case		0.297006206397321	0.46	0.46	0.4	0.432372621708254	5
chr21	25020332	25022407	2076	62	23.3717741935484	-0.407033484521202	0.407033484521202	-0.400407359826367	0.400407359826367	hypo	case		0.0374048506507288	0.46	0.46	0.4	0.432372621708254	5
chr20	20459009	20463439	4431	72	20.8423611111111	-0.360547482282918	0.360547482282918	-0.388917194899753	0.388917194899753	hypo	case		0.368525993105163	0.46	0.46	0.4	0.432372621708254	5
chr20	58342339	58346512	4174	96	22.396875	-0.345530435978969	0.345530435978969	-0.385225472326297	0.385225472326297	hypo	case		0.339751173071907	0.46	0.46	0.4	0.432372621708254	5
chr20	18800272	18803651	3380	78	22.2403846153846	-0.422145332472984	0.422145332472984	-0.455116338399492	0.455116338399492	hypo	case		0.48777231224036	0.46	0.48777231224036	0.5	0.523027894488147	5
chr20	59541144	59546103	4960	84	23.5553571428571	-0.374527411539117	0.374527411539117	-0.389873600190337	0.389873600190337	hypo	case		0.99	0.46	0.99	2.8	0.682213840132396	5
chr20	10503254	10506272	3019	50	22.795	-0.348383019449329	0.348383019449329	-0.353036617795327	0.353036617795327	hypo	case		0.506586631280776	0.46	0.506586631280776	0.5	0.523027894488147	5
chr20	34806687	34809118	2432	76	22.0026315789474	-0.441805447859686	0.441805447859686	-0.477407725102551	0.477407725102551	hypo	case		0.466792096269455	0.46	0.466792096269455	0.4	0.432372621708254	5
chr21	22714486	22717385	2900	70	23.3714285714286	-0.321012734186243	0.321012734186243	-0.322262896328385	0.322262896328385	hypo	case		0.314045632214143	0.46	0.46	0.4	0.432372621708254	5
chr20	42408087	42411785	3699	72	24.6826388888889	-0.333846324016923	0.333846324016923	-0.362533242642833	0.362533242642833	hypo	case		0.587587591774093	0.46	0.587587591774093	0.7	0.596779781291671	5
chr21	19173608	19176912	3305	66	22.0636363636364	-0.404642477817793	0.404642477817793	-0.432321258507728	0.432321258507728	hypo	case		0.303826389085088	0.46	0.46	0.4	0.432372621708254	5
chr20	58327028	58329606	2579	52	22.0576923076923	-0.33399291389977	0.33399291389977	-0.365486413407859	0.365486413407859	hypo	case		0.141614263521058	0.46	0.46	0.4	0.432372621708254	5
chr21	36352269	36355990	3722	96	24.8276041666667	-0.453238427166439	0.453238427166439	-0.473277612585508	0.473277612585508	hypo	case		0.226417067301496	0.46	0.46	0.4	0.432372621708254	5
chr21	40530769	40533479	2711	68	18.9264705882353	-0.365754055074749	0.365754055074749	-0.388739481363671	0.388739481363671	hypo	case		0.49753050654621	0.46	0.49753050654621	0.5	0.523027894488147	5
chr21	15824655	15827766	3112	66	19.9545454545455	0.324198393433369	0.324198393433369	0.357605743437532	0.357605743437532	hyper	case		0.357175748473739	0.46	0.46	0.4	0.432372621708254	5
chr21	20047189	20050563	3375	72	19.7340277777778	-0.452558395013924	0.452558395013924	-0.486713233470209	0.486713233470209	hypo	case		0.268896613551293	0.46	0.46	0.4	0.432372621708254	5
chr21	37616002	37620302	4301	97	19.7365979381443	-0.408540403627378	0.408540403627378	-0.426261919034908	0.426261919034908	hypo	case		0.302050836862349	0.46	0.46	0.4	0.432372621708254	5
chr20	15504952	15507973	3022	68	25.5132352941176	-0.427387455440829	0.427387455440829	-0.447651398560888	0.447651398560888	hypo	case		0.343062625827854	0.46	0.46	0.4	0.432372621708254	5
chr20	64319824	64323346	3523	64	29.86640625	-0.35818318777614	0.35818318777614	-0.403571050062328	0.403571050062328	hypo	case		0.29807219161998	0.46	0.46	0.4	0.432372621708254	5
chr21	37544338	37547668	3331	164	22.9582317073171	-0.424806567481098	0.424806567481098	-0.456703951599154	0.456703951599154	hypo	case		0.229108085916671	0.46	0.46	0.4	0.432372621708254	5
chr20	54357365	54360992	3628	104	22.5043269230769	-0.473379227790252	0.473379227790252	-0.493210534128601	0.493210534128601	hypo	case		0.196266548034763	0.46	0.46	0.4	0.432372621708254	5
chr21	33196841	33200269	3429	94	20.3372340425532	0.313722742785	0.313722742785	0.312944473239222	0.312944473239222	hyper	case		0.24819638740651	0.46	0.46	0.4	0.432372621708254	5
chr20	40827752	40831636	3885	62	20.9411290322581	-0.385915175340681	0.385915175340681	-0.383114389266198	0.383114389266198	hypo	case		0.654826101283558	0.46	0.654826101283558	1.4	0.653727321184602	5
chr20	59855401	59859553	4153	62	22.4233870967742	-0.422028693638947	0.422028693638947	-0.418183845279608	0.418183845279608	hypo	case		0.611725383630839	0.46	0.611725383630839	2.4	0.624549067415542	5
chr20	52545810	52549685	3876	54	20.0101851851852	-0.398913321782098	0.398913321782098	-0.41207247176566	0.41207247176566	hypo	case		0.293591235427975	0.46	0.46	0.4	0.432372621708254	5
chr21	34622589	34626939	4351	90	20.6288888888889	-0.359237344844585	0.359237344844585	-0.384514923710047	0.384514923710047	hypo	case		0.411595488054729	0.46	0.46	0.4	0.432372621708254	5
chr21	15996473	15998430	1958	52	21.7192307692308	-0.398824759911121	0.398824759911121	-0.42971931535241	0.42971931535241	hypo	case		0.086063301322022	0.46	0.46	0.4	0.432372621708254	5
chr20	28736402	28738608	2207	63	28.4984126984127	-0.420125870216628	0.420125870216628	-0.41690679837182	0.41690679837182	hypo	case		0.325781464316841	0.46	0.46	0.4	0.432372621708254	5
chr20	32327179	32330598	3420	100	20.1385	0.318375884895866	0.318375884895866	0.333733130700255	0.333733130700255	hyper	case		0.77014339549587	0.46	0.77014339549587	2.8	0.682213840132396	5
chr21	13820020	13823456	3437	52	22.5278846153846	0.288505252158116	0.288505252158116	0.323760915856964	0.323760915856964	hyper	case		0.175210595683004	0.46	0.46	0.4	0.432372621708254	5
chr20	1451739	1455063	3325	60	21.9033333333333	-0.42558222799146	0.42558222799146	-0.432759311910865	0.432759311910865	hypo	case		0.362659790428108	0.46	0.46	0.4	0.432372621708254	5
chr20	45517019	45519758	2740	62	25.6661290322581	-0.422064107088455	0.422064107088455	-0.44616490820635	0.44616490820635	hypo	case		0.546152096292802	0.46	0.546152096292802	0.6	0.531925724845128	5
chr21	38612694	38615314	2621	80	21.4425	-0.403668706054151	0.403668706054151	-0.457823700530566	0.457823700530566	hypo	case		0.105583601760753	0.46	0.46	0.4	0.432372621708254	5
chr21	35292217	35294880	2664	64	20.571875	0.288924922679207	0.288924922679207	0.321978442577201	0.321978442577201	hyper	case		0.158760954892041	0.46	0.46	0.4	0.432372621708254	5
chr20	58672054	58676830	4777	206	20.7519417475728	-0.41919095781632	0.41919095781632	-0.436613627327984	0.436613627327984	hypo	case		0.50122518357778	0.46	0.50122518357778	0.5	0.523027894488147	5
chr21	15177374	15182059	4686	108	23.3296296296296	-0.453510913024168	0.453510913024168	-0.479092285315482	0.479092285315482	hypo	case		0.094588772031851	0.46	0.46	0.4	0.432372621708254	5
chr21	14627788	14631645	3858	54	23.0740740740741	-0.320108558964083	0.320108558964083	-0.331132181872635	0.331132181872635	hypo	case		0.342406422532655	0.46	0.46	0.4	0.432372621708254	5
chr20	57146494	57150191	3698	115	22.8082608695652	-0.302444470951931	0.302444470951931	-0.350535195267463	0.350535195267463	hypo	case		0.145152640892646	0.46	0.46	0.4	0.432372621708254	5
chr20	60516401	60519676	3276	63	21.1571428571429	-0.399802286957833	0.399802286957833	-0.404356937724912	0.404356937724912	hypo	case		0.269718458256279	0.46	0.46	0.4	0.432372621708254	5
chr20	2043839	2048343	4505	80	22.790625	-0.329532266833945	0.329532266833945	-0.352764175082823	0.352764175082823	hypo	case		0.99	0.46	0.99	2.8	0.682213840132396	5
chr20	11061697	11066685	4989	56	19.6383928571429	-0.402163646449234	0.402163646449234	-0.428520732377452	0.428520732377452	hypo	case		0.147571377512117	0.46	0.46	0.4	0.432372621708254	5
chr20	19243324	19247668	4345	78	21.7826923076923	-0.389575813018207	0.389575813018207	-0.414294250405935	0.414294250405935	hypo	case		0.456479915707493	0.46	0.46	0.4	0.432372621708254	5
chr20	3370359	3371979	1621	73	21.5958904109589	-0.396407799594451	0.396407799594451	-0.423981492051035	0.423981492051035	hypo	case		0.503405826427089	0.46	0.503405826427089	0.5	0.523027894488147	5
chr20	25747760	25752037	4278	121	24.3425619834711	0.338743510606144	0.338743510606144	0.370829741814661	0.370829741814661	hyper	case		0.580756476004647	0.46	0.580756476004647	0.7	0.596779781291671	5
chr21	29142881	29146372	3492	84	23.8202380952381	-0.407033934196389	0.407033934196389	-0.407744638191842	0.407744638191842	hypo	case		0.158477124387254	0.46	0.46	0.4	0.432372621708254	5
chr20	7131131	7133380	2250	50	21.421	-0.36469003548627	0.36469003548627	-0.410985810322554	0.410985810322554	hypo	case		0.187311526074007	0.46	0.46	0.4	0.432372621708254	5
chr20	13810953	13815293	4341	68	20.9051470588235	-0.387834608336284	0.387834608336284	-0.430928886869462	0.430928886869462	hypo	case		0.359916151908919	0.46	0.46	0.4	0.432372621708254	5
chr20	21645004	21647340	2337	64	26.5953125	-0.419052265229076	0.419052265229076	-0.429837821989235	0.429837821989235	hypo	case		0.258797728757945	0.46	0.46	0.4	0.432372621708254	5
chr20	12511640	12516036	4397	82	20.4067073170732	-0.351647436986433	0.351647436986433	-0.371001795000397	0.371001795000397	hypo	case		0.4061660859379	0.46	0.46	0.4	0.432372621708254	5
chr21	41348274	41353108	4835	148	23.9912162162162	-0.43407562385342	0.43407562385342	-0.461367491546883	0.461367491546883	hypo	case		0.27297528178022	0.46	0.46	0.4	0.432372621708254	5
chr20	19818508	19821113	2606	54	21.8009259259259	-0.360550857811104	0.360550857811104	-0.419199824994701	0.419199824994701	hypo	case		0.571256162277541	0.46	0.571256162277541	0.7	0.596779781291671	5
chr20	8305176	8307815	2640	65	22.7330769230769	0.309428504707479	0.309428504707479	0.327707421407915	0.327707421407915	hyper	case		0.506245752305204	0.46	0.506245752305204	0.5	0.523027894488147	5
chr21	33712464	33714308	1845	78	21.2269230769231	-0.441613734941474	0.441613734941474	-0.450081006605099	0.450081006605099	hypo	case		0.252076544685443	0.46	0.46	0.4	0.432372621708254	5
chr20	16636447	16640859	4413	174	23.773275862069	-0.405748290978585	0.405748290978585	-0.433069837757157	0.433069837757157	hypo	case		0.152753041736613	0.46	0.46	0.4	0.432372621708254	5
chr20	2938100	2942092	3993	91	21.4961538461538	-0.416813981726907	0.416813981726907	-0.452332042284852	0.452332042284852	hypo	case		0.281206964262184	0.46	0.46	0.4	0.432372621708254	5
chr20	39326252	39330685	4434	66	23.3128787878788	-0.455675015883561	0.455675015883561	-0.479905255812394	0.479905255812394	hypo	case		0.394298905477676	0.46	0.46	0.4	0.432372621708254	5
chr20	509076	511273	2198	52	24.0298076923077	0.293521819577766	0.293521819577766	0.311717640195796	0.311717640195796	hyper	case		0.621616279831476	0.46	0.621616279831476	2.4	0.624549067415542	5
chr21	32417683	32420641	2959	56	21.1	-0.387160059834233	0.387160059834233	-0.396807052352918	0.396807052352918	hypo	case		0.144435273618452	0.46	0.46	0.4	0.432372621708254	5
chr21	20036478	20040808	4331	84	22.8029761904762	-0.342502243181662	0.342502243181662	-0.364815685118042	0.364815685118042	hypo	case		0.99	0.46	0.99	2.8	0.682213840132396	5
chr20	9405919	9409553	3635	80	22.413125	-0.319916250363499	0.319916250363499	-0.353240708569657	0.353240708569657	hypo	case		0.348224917652255	0.46	0.46	0.4	0.432372621708254	5
chr20	9466740	9470726	3987	66	21.0772727272727	-0.350046582719599	0.350046582719599	-0.38664173611754	0.38664173611754	hypo	case		0.343382638555442	0.46	0.46	0.4	0.432372621708254	5
chr20	39372568	39375162	2595	50	22.402	-0.423855682329834	0.423855682329834	-0.456855499993275	0.456855499993275	hypo	case		0.432881070716574	0.46	0.46	0.4	0.432372621708254	5
chr21	30459484	30464113	4630	126	19.8769841269841	-0.364360567433537	0.364360567433537	-0.375406997434444	0.375406997434444	hypo	case		0.647226854817657	0.46	0.647226854817657	2.5	0.648141514174027	5
chr20	9089973	9093913	3941	54	18.6851851851852	0.363218258055291	0.363218258055291	0.377542249919067	0.377542249919067	hyper	case		0.0540729976836903	0.46	0.46	0.4	0.432372621708254	5
chr20	46062013	46065870	3858	109	20.0761467889908	-0.397687228883877	0.397687228883877	-0.42328566909237	0.42328566909237	hypo	case		0.269546495833191	0.46	0.46	0.4	0.432372621708254	5
chr21	37625218	37627846	2629	59	19.4601694915254	-0.330086638722475	0.330086638722475	-0.380361700532765	0.380361700532765	hypo	case		0.0575214572444907	0.46	0.46	0.4	0.432372621708254	5
chr21	22569110	22574020	4911	98	21.1571428571429	-0.388205281299881	0.388205281299881	-0.358946763703369	0.358946763703369	hypo	case		0.0899944913764882	0.46	0.46	0.4	0.432372621708254	5
chr20	22091254	22095731	4478	56	24.1669642857143	-0.366514162743526	0.366514162743526	-0.398953237942788	0.398953237942788	hypo	case		0.203091847054127	0.46	0.46	0.4	0.432372621708254	5
chr20	45753000	45755108	2109	64	20.36953125	-0.367829985333948	0.367829985333948	-0.384694603835662	0.384694603835662	hypo	case		0.0822972736475553	0.46	0.46	0.4	0.432372621708254	5
chr21	38106754	38110918	4165	65	20.0892307692308	-0.443773763309872	0.443773763309872	-0.473318393528536	0.473318393528536	hypo	case		0.281466826283388	0.46	0.46	0.4	0.432372621708254	5
chr20	781320	782945	1626	58	20.2	-0.385542480567128	0.385542480567128	-0.393080973224969	0.393080973224969	hypo	case		0.29232602986405	0.46	0.46	0.4	0.432372621708254	5
chr21	29881454	29885863	4410	52	24.5980769230769	-0.405218544863331	0.405218544863331	-0.425519780123691	0.425519780123691	hypo	case		0.289394606989783	0.46	0.46	0.4	0.432372621708254	5
chr20	35991381	35995374	3994	101	22.0054455445545	-0.326454291490762	0.326454291490762	-0.353360980893701	0.353360980893701	hypo	case		0.403557677648036	0.46	0.46	0.4	0.432372621708254	5
chr20	4468366	4471450	3085	55	21.1045454545455	0.29991877963729	0.29991877963729	0.344510196783377	0.344510196783377	hyper	case		0.435496066916735	0.46	0.46	0.4	0.432372621708254	5
chr21	39273677	39276174	2498	68	20.8132352941177	-0.409057813978064	0.409057813978064	-0.407733748859849	0.407733748859849	hypo	case		0.410729774465673	0.46	0.46	0.4	0.432372621708254	5
chr20	21158856	21163244	4389	76	23.1631578947368	-0.449879839764028	0.449879839764028	-0.475353535047323	0.475353535047323	hypo	case		0.250957692106109	0.46	0.46	0.4	0.432372621708254	5
chr21	46503756	46507011	3256	110	21.2886363636364	-0.387111465936232	0.387111465936232	-0.417156841076344	0.417156841076344	hypo	case		0.349510691904936	0.46	0.46	0.4	0.432372621708254	5
chr21	16496451	16501194	4744	54	21.4166666666667	-0.358337750481225	0.358337750481225	-0.370469236730658	0.370469236730658	hypo	case		0.595824449753416	0.46	0.595824449753416	0.7	0.596779781291671	5
chr21	40805566	40808066	2501	54	24.1972222222222	-0.389839372208938	0.389839372208938	-0.403913867657132	0.403913867657132	hypo	case		0.36914879760489	0.46	0.46	0.4	0.432372621708254	5
chr21	15531523	15535791	4269	56	22.4830357142857	-0.398827875614845	0.398827875614845	-0.429173504903273	0.429173504903273	hypo	case		0.18205741414764	0.46	0.46	0.4	0.432372621708254	5
chr20	21606117	21608709	2593	108	21.7902777777778	-0.365048229647294	0.365048229647294	-0.376241332380533	0.376241332380533	hypo	case		0.0510962735007322	0.46	0.46	0.4	0.432372621708254	5
chr21	23619769	23622185	2417	62	20.8354838709677	-0.340885994244021	0.340885994244021	-0.330833358675036	0.330833358675036	hypo	case		0.536437865951162	0.46	0.536437865951162	0.6	0.531925724845128	5
chr20	40107482	40109701	2220	52	20.3576923076923	0.374570001275994	0.374570001275994	0.416481870276617	0.416481870276617	hyper	case		0.2681649375148	0.46	0.46	0.4	0.432372621708254	5
chr21	30176705	30181264	4560	92	20.9304347826087	-0.411999620175145	0.411999620175145	-0.44519679538225	0.44519679538225	hypo	case		0.553436060569355	0.46	0.553436060569355	0.6	0.531925724845128	5
chr21	15519334	15524118	4785	84	22.0154761904762	-0.431720038784993	0.431720038784993	-0.449625002991523	0.449625002991523	hypo	case		0.527169525057067	0.46	0.527169525057067	0.5	0.523027894488147	5
chr20	56147081	56149168	2088	50	21.225	-0.304990421691282	0.304990421691282	-0.319505317579118	0.319505317579118	hypo	case		0.799497345852443	0.46	0.799497345852443	2.8	0.682213840132396	5
chr20	8257049	8261549	4501	72	20.5118055555556	-0.300928806175963	0.300928806175963	-0.308898743860657	0.308898743860657	hypo	case		0.729320618627056	0.46	0.729320618627056	2.8	0.682213840132396	5
chr20	54313526	54317865	4340	76	20.7026315789474	-0.416350246547859	0.416350246547859	-0.453069215041423	0.453069215041423	hypo	case		0.506461656045678	0.46	0.506461656045678	0.5	0.523027894488147	5
chr21	25194399	25195528	1130	50	22.523	-0.407122665364484	0.407122665364484	-0.451624218550044	0.451624218550044	hypo	case		0.471774643853252	0.46	0.471774643853252	0.4	0.432372621708254	5
chr21	28061960	28064957	2998	58	23.6637931034483	-0.35517251883595	0.35517251883595	-0.373535693156471	0.373535693156471	hypo	case		0.112887105654645	0.46	0.46	0.4	0.432372621708254	5
chr21	24163668	24168321	4654	94	17.643085106383	-0.310046477722671	0.310046477722671	-0.327164256643729	0.327164256643729	hypo	case		0.135041951615023	0.46	0.46	0.4	0.432372621708254	5
chr21	46472321	46474976	2656	56	22.3866071428571	-0.429338446566976	0.429338446566976	-0.435652484560866	0.435652484560866	hypo	case		0.337663912799307	0.46	0.46	0.4	0.432372621708254	5
chr20	55636902	55639591	2690	50	20.186	-0.376493388217202	0.376493388217202	-0.394924812850253	0.394924812850253	hypo	case		0.396549832833185	0.46	0.46	0.4	0.432372621708254	5
chr20	13921194	13923733	2540	54	23.4981481481481	-0.25841587589196	0.25841587589196	-0.314969128149244	0.314969128149244	hypo	case		0.348352202602106	0.46	0.46	0.4	0.432372621708254	5
chr21	5300723	5304894	4172	96	32.296875	-0.335535970688266	0.335535970688266	-0.35058555131006	0.35058555131006	hypo	case		0.402994256286692	0.46	0.46	0.4	0.432372621708254	5
chr21	15541283	15545261	3979	57	20.6605263157895	-0.395333406795901	0.395333406795901	-0.419471141271462	0.419471141271462	hypo	case		0.46779212947443	0.46	0.46779212947443	0.4	0.432372621708254	5
chr21	32089033	32093265	4233	86	21.7912790697674	-0.396311681470834	0.396311681470834	-0.411821178298986	0.411821178298986	hypo	case		0.247384976481847	0.46	0.46	0.4	0.432372621708254	5
chr20	23835236	23839387	4152	50	23.285	-0.36088204226484	0.36088204226484	-0.357325753602422	0.357325753602422	hypo	case		0.25387317052053	0.46	0.46	0.4	0.432372621708254	5
chr21	18382585	18385965	3381	50	22.851	-0.300347838634331	0.300347838634331	-0.318581346850736	0.318581346850736	hypo	case		0.281844062430215	0.46	0.46	0.4	0.432372621708254	5
chr20	60598469	60600314	1846	110	20.5059090909091	-0.408145337205657	0.408145337205657	-0.41990755219571	0.41990755219571	hypo	case		0.432157112426402	0.46	0.46	0.4	0.432372621708254	5
chr20	60678586	60681681	3096	72	21.83125	-0.388816493530771	0.388816493530771	-0.4067419574503	0.4067419574503	hypo	case		0.228541616052846	0.46	0.46	0.4	0.432372621708254	5
chr20	8838489	8843009	4521	90	23.0466666666667	-0.348535339649998	0.348535339649998	-0.344429615541102	0.344429615541102	hypo	case		0.406252108125239	0.46	0.46	0.4	0.432372621708254	5
chr20	9410083	9414939	4857	120	22.6666666666667	-0.431523010613704	0.431523010613704	-0.460458206615992	0.460458206615992	hypo	case		0.318654813891664	0.46	0.46	0.4	0.432372621708254	5
chr20	60231675	60235022	3348	62	24.0741935483871	-0.340035117591317	0.340035117591317	-0.381662417414316	0.381662417414316	hypo	case		0.125442360450294	0.46	0.46	0.4	0.432372621708254	5
chr21	18313035	18316982	3948	78	20.7698717948718	-0.446048036235804	0.446048036235804	-0.463762222556907	0.463762222556907	hypo	case		0.0383596639413805	0.46	0.46	0.4	0.432372621708254	5
chr20	47842140	47843857	1718	78	23.6070512820513	-0.377051140944448	0.377051140944448	-0.388737286879498	0.388737286879498	hypo	case		0.107470540737233	0.46	0.46	0.4	0.432372621708254	5
chr20	33847468	33849577	2110	84	20.4303571428571	-0.347895429517063	0.347895429517063	-0.349507668051317	0.349507668051317	hypo	case		0.270033080064512	0.46	0.46	0.4	0.432372621708254	5
chr20	24137125	24140015	2891	52	24.9307692307692	-0.393869777857762	0.393869777857762	-0.393933560193656	0.393933560193656	hypo	case		0.148841421557014	0.46	0.46	0.4	0.432372621708254	5
chr21	27822506	27825322	2817	52	20.9673076923077	-0.365679300866921	0.365679300866921	-0.41382428058819	0.41382428058819	hypo	case		0.355289970223243	0.46	0.46	0.4	0.432372621708254	5
chr21	7961268	7965373	4106	50	80.821	0.372246749265486	0.372246749265486	0.366533319590527	0.366533319590527	hyper	case		0.23205442268137	0.46	0.46	0.4	0.432372621708254	5
chr21	19912070	19915444	3375	79	25.2025316455696	-0.376867931069842	0.376867931069842	-0.385439933301698	0.385439933301698	hypo	case		0.198636195333835	0.46	0.46	0.4	0.432372621708254	5
chr21	15852134	15855872	3739	86	18.7261627906977	-0.381772888698712	0.381772888698712	-0.420103365562015	0.420103365562015	hypo	case		0.0666783577153478	0.46	0.46	0.4	0.432372621708254	5
chr21	13009330	13013728	4399	92	45.0233695652174	-0.42378765047705	0.42378765047705	-0.440578179311984	0.440578179311984	hypo	case		0.280702999563547	0.46	0.46	0.4	0.432372621708254	5
chr20	38500113	38503020	2908	58	21.5137931034483	-0.338711402979445	0.338711402979445	-0.359770842713102	0.359770842713102	hypo	case		0.201430413781809	0.46	0.46	0.4	0.432372621708254	5
chr21	7625133	7628866	3734	188	25.8827127659574	-0.400465215913036	0.400465215913036	-0.446313424752183	0.446313424752183	hypo	case		0.154641772428188	0.46	0.46	0.4	0.432372621708254	5
chr21	22613988	22616305	2318	52	21.4701923076923	-0.413902256166621	0.413902256166621	-0.44942897423937	0.44942897423937	hypo	case		0.266673491849097	0.46	0.46	0.4	0.432372621708254	5
chr20	20287454	20291859	4406	84	21.6125	-0.426466349437713	0.426466349437713	-0.457962789259868	0.457962789259868	hypo	case		0.562571322970659	0.46	0.562571322970659	0.6	0.531925724845128	5
chr20	32287253	32291051	3799	92	20.9625	0.294719732796518	0.294719732796518	0.311062150707643	0.311062150707643	hyper	case		0.652180899187936	0.46	0.652180899187936	3	0.653607973297379	5
chr20	48412931	48415284	2354	54	22.3194444444444	-0.423273135997048	0.423273135997048	-0.443768859939792	0.443768859939792	hypo	case		0.421410575191789	0.46	0.46	0.4	0.432372621708254	5
chr20	10326372	10330776	4405	122	19.7930327868852	-0.397541296490423	0.397541296490423	-0.437931832803179	0.437931832803179	hypo	case		0.519079454333372	0.46	0.519079454333372	0.5	0.523027894488147	5
chr20	11016816	11020750	3935	94	23.7547872340426	-0.428032246303493	0.428032246303493	-0.442399495599293	0.442399495599293	hypo	case		0.178038979949979	0.46	0.46	0.4	0.432372621708254	5
chr20	31674217	31677630	3414	78	22.7583333333333	0.395257757545497	0.395257757545497	0.453533071181197	0.453533071181197	hyper	case		0.227247186762614	0.46	0.46	0.4	0.432372621708254	5
chr20	41565157	41568252	3096	52	20.9048076923077	-0.290348389149052	0.290348389149052	-0.297059238557356	0.297059238557356	hypo	case		0.588831994347374	0.46	0.588831994347374	0.7	0.596779781291671	5
chr21	40939913	40943628	3716	60	23.0891666666667	-0.407160550921972	0.407160550921972	-0.432006210502632	0.432006210502632	hypo	case		0.170620870791043	0.46	0.46	0.4	0.432372621708254	5
chr21	32233373	32237673	4301	94	22.4622340425532	-0.327230099872795	0.327230099872795	-0.349821749414888	0.349821749414888	hypo	case		0.99	0.46	0.99	2.8	0.682213840132396	5
chr20	2481777	2484218	2442	72	21.8659722222222	-0.424975519350759	0.424975519350759	-0.474122892421619	0.474122892421619	hypo	case		0.388384592098158	0.46	0.46	0.4	0.432372621708254	5
chr21	19374566	19376719	2154	77	20.7948051948052	-0.486405837071982	0.486405837071982	-0.506540571702002	0.506540571702002	hypo	case		0.236455306587504	0.46	0.46	0.4	0.432372621708254	5
chr21	40336989	40340255	3267	98	22.3173469387755	0.371557821752344	0.371557821752344	0.410253389907499	0.410253389907499	hyper	case		0.191123750753312	0.46	0.46	0.4	0.432372621708254	5
chr20	22106769	22109926	3158	56	22.4321428571429	-0.346355874788389	0.346355874788389	-0.383263172488652	0.383263172488652	hypo	case		0.511621683024189	0.46	0.511621683024189	0.5	0.523027894488147	5
chr21	27825826	27826902	1077	74	21.0290540540541	-0.451045633784119	0.451045633784119	-0.476093412904987	0.476093412904987	hypo	case		0.195084172934304	0.46	0.46	0.4	0.432372621708254	5
chr21	35745650	35750647	4998	80	20.92125	-0.367368824150153	0.367368824150153	-0.355264211923222	0.355264211923222	hypo	case		0.760013471185234	0.46	0.760013471185234	2.8	0.682213840132396	5
chr20	52128728	52131841	3114	100	20.235	-0.375127414070315	0.375127414070315	-0.372637347739819	0.372637347739819	hypo	case		0.0740152055162081	0.46	0.46	0.4	0.432372621708254	5
chr21	30317561	30320287	2727	64	21.56953125	-0.375318043421231	0.375318043421231	-0.410793257379308	0.410793257379308	hypo	case		0.123547971482959	0.46	0.46	0.4	0.432372621708254	5
chr20	34638684	34642257	3574	80	22.275	-0.367276204883872	0.367276204883872	-0.389980211139003	0.389980211139003	hypo	case		0.408390636018581	0.46	0.46	0.4	0.432372621708254	5
chr21	28864523	28867790	3268	54	23.3398148148148	-0.428180331637637	0.428180331637637	-0.474747629484073	0.474747629484073	hypo	case		0.0409720827125596	0.46	0.46	0.4	0.432372621708254	5
chr20	17344953	17347788	2836	62	22.6217741935484	-0.322187543538331	0.322187543538331	-0.333315638450464	0.333315638450464	hypo	case		0.157931444848806	0.46	0.46	0.4	0.432372621708254	5
chr20	54675139	54677110	1972	60	15.7916666666667	-0.455839999408223	0.455839999408223	-0.461661985462819	0.461661985462819	hypo	case		0.227316453006528	0.46	0.46	0.4	0.432372621708254	5
chr21	26595158	26598025	2868	54	23.6787037037037	-0.471786679519455	0.471786679519455	-0.497243554249428	0.497243554249428	hypo	case		0.396046421425874	0.46	0.46	0.4	0.432372621708254	5
chr20	18187182	18190245	3064	72	19.4645833333333	-0.356946580100552	0.356946580100552	-0.37978930488607	0.37978930488607	hypo	case		0.44080453433163	0.46	0.46	0.4	0.432372621708254	5
chr20	17292927	17294402	1476	71	19.6922535211268	-0.306792881868605	0.306792881868605	-0.332198381107733	0.332198381107733	hypo	case		0.294116816171189	0.46	0.46	0.4	0.432372621708254	5
chr20	29553009	29555844	2836	52	19.0451923076923	-0.355847905326127	0.355847905326127	-0.403043583524281	0.403043583524281	hypo	case		0.548174428783198	0.46	0.548174428783198	0.6	0.531925724845128	5
chr21	37994113	37998519	4407	72	22.15	-0.376934062329278	0.376934062329278	-0.38991406498456	0.38991406498456	hypo	case		0.645969688018902	0.46	0.645969688018902	2.5	0.648141514174027	5
chr20	18190954	18193080	2127	61	18.7237704918033	-0.417647511855619	0.417647511855619	-0.455539327608198	0.455539327608198	hypo	case		0.667025145139812	0.46	0.667025145139812	2.9	0.666693585000217	5
chr20	10321725	10325820	4096	89	20.2033707865169	-0.382093557027768	0.382093557027768	-0.438169850930935	0.438169850930935	hypo	case		0.0416322031138913	0.46	0.46	0.4	0.432372621708254	5
chr21	19728166	19730997	2832	60	22.2316666666667	-0.426082343260829	0.426082343260829	-0.461715298911433	0.461715298911433	hypo	case		0.35522309206336	0.46	0.46	0.4	0.432372621708254	5
chr21	27559192	27561457	2266	62	20.8161290322581	-0.417690725600185	0.417690725600185	-0.432274114649867	0.432274114649867	hypo	case		0.293095398405604	0.46	0.46	0.4	0.432372621708254	5
chr20	1319767	1322110	2344	76	22.6164473684211	-0.358662849831103	0.358662849831103	-0.400779341219098	0.400779341219098	hypo	case		0.117073200475564	0.46	0.46	0.4	0.432372621708254	5
chr20	12361733	12365534	3802	60	22.1	-0.392158545727528	0.392158545727528	-0.450137398198404	0.450137398198404	hypo	case		0.443870275045464	0.46	0.46	0.4	0.432372621708254	5
chr20	42115920	42119962	4043	116	19.4706896551724	-0.364816063420799	0.364816063420799	-0.37413833137018	0.37413833137018	hypo	case		0.253062846540725	0.46	0.46	0.4	0.432372621708254	5
chr20	56237332	56240591	3260	50	22.99	-0.393802647907813	0.393802647907813	-0.40633764640042	0.40633764640042	hypo	case		0.528694408954278	0.46	0.528694408954278	0.6	0.531925724845128	5
chr20	49698043	49700805	2763	70	21.1107142857143	-0.255863242340505	0.255863242340505	-0.262895722874501	0.262895722874501	hypo	case		0.147518368064106	0.46	0.46	0.4	0.432372621708254	5
chr20	18710770	18714046	3277	67	20.989552238806	-0.371631259610379	0.371631259610379	-0.405056217973805	0.405056217973805	hypo	case		0.115037336994895	0.46	0.46	0.4	0.432372621708254	5
chr20	56269048	56272273	3226	52	19.5028846153846	-0.38663003632739	0.38663003632739	-0.407184750765084	0.407184750765084	hypo	case		0.505425762039461	0.46	0.505425762039461	0.5	0.523027894488147	5
chr21	17385149	17388974	3826	60	21.9058333333333	-0.263465610410489	0.263465610410489	-0.247928897656864	0.247928897656864	hypo	case		0.315314491822045	0.46	0.46	0.4	0.432372621708254	5
chr21	32694082	32697780	3699	82	21.8993902439024	-0.427124632213107	0.427124632213107	-0.468617195812424	0.468617195812424	hypo	case		0.39615792628747	0.46	0.46	0.4	0.432372621708254	5
chr20	10500262	10502612	2351	58	22.675	-0.284651431475297	0.284651431475297	-0.295939348828983	0.295939348828983	hypo	case		0.0436756211632223	0.46	0.46	0.4	0.432372621708254	5
chr21	23466764	23470046	3283	68	18.4691176470588	-0.346299087907439	0.346299087907439	-0.399664954455411	0.399664954455411	hypo	case		0.374460468367972	0.46	0.46	0.4	0.432372621708254	5
chr20	22114223	22117597	3375	51	21.5401960784314	-0.318840802484585	0.318840802484585	-0.330697130291097	0.330697130291097	hypo	case		0.99	0.46	0.99	2.8	0.682213840132396	5
chr20	22789103	22793566	4464	62	19.983064516129	-0.327120892931769	0.327120892931769	-0.319119107882982	0.319119107882982	hypo	case		0.445235532311677	0.46	0.46	0.4	0.432372621708254	5
chr21	41541251	41545176	3926	112	25.7772321428571	-0.432988038343013	0.432988038343013	-0.459819587467617	0.459819587467617	hypo	case		0.402400525429667	0.46	0.46	0.4	0.432372621708254	5
chr20	511845	516422	4578	62	22.6629032258065	0.310655491707702	0.310655491707702	0.354379069493609	0.354379069493609	hyper	case		0.506684648635786	0.46	0.506684648635786	0.5	0.523027894488147	5
chr21	15856494	15860298	3805	114	19.7061403508772	-0.302709773022441	0.302709773022441	-0.32685362808703	0.32685362808703	hypo	case		0.394331625053701	0.46	0.46	0.4	0.432372621708254	5
chr20	26175372	26180051	4680	50	23.175	-0.388726527945775	0.388726527945775	-0.442266068767853	0.442266068767853	hypo	case		0.423610839901205	0.46	0.46	0.4	0.432372621708254	5
chr21	18404299	18407816	3518	52	21.8663461538462	-0.400128097809751	0.400128097809751	-0.418388306613082	0.418388306613082	hypo	case		0.0961281722026897	0.46	0.46	0.4	0.432372621708254	5
chr20	49064431	49068594	4164	104	22.2745192307692	-0.348779160932123	0.348779160932123	-0.38170652894092	0.38170652894092	hypo	case		0.151227330332045	0.46	0.46	0.4	0.432372621708254	5
chr21	30778365	30782377	4013	90	22.3316666666667	-0.391076730097903	0.391076730097903	-0.412478308882405	0.412478308882405	hypo	case		0.529054513932818	0.46	0.529054513932818	0.6	0.531925724845128	5
chr20	34891432	34896171	4740	50	20.676	-0.42625849309731	0.42625849309731	-0.436962616322072	0.436962616322072	hypo	case		0.0477247830250692	0.46	0.46	0.4	0.432372621708254	5
chr20	18581399	18583681	2283	60	20.9116666666667	-0.396067401375421	0.396067401375421	-0.387266355911962	0.387266355911962	hypo	case		0.108039598756372	0.46	0.46	0.4	0.432372621708254	5
chr20	15676795	15679278	2484	58	23.7586206896552	-0.393333414644408	0.393333414644408	-0.415973536242282	0.415973536242282	hypo	case		0.263522452062868	0.46	0.46	0.4	0.432372621708254	5
chr21	10618886	10623189	4304	77	54.7084415584416	-0.394300363619989	0.394300363619989	-0.446231250420735	0.446231250420735	hypo	case		0.0401472084407871	0.46	0.46	0.4	0.432372621708254	5
chr20	42192341	42196266	3926	57	21.0175438596491	-0.435535171809259	0.435535171809259	-0.447278844560182	0.447278844560182	hypo	case		0.138889501637502	0.46	0.46	0.4	0.432372621708254	5
chr21	25680796	25684697	3902	110	22.8486363636364	-0.352959310782373	0.352959310782373	-0.39308726914928	0.39308726914928	hypo	case		0.39453238252329	0.46	0.46	0.4	0.432372621708254	5
chr20	61042279	61045928	3650	119	21.3596638655462	-0.41357373595131	0.41357373595131	-0.435557990847313	0.435557990847313	hypo	case		0.127095819546854	0.46	0.46	0.4	0.432372621708254	5
chr20	41635707	41640563	4857	70	24.1171428571429	-0.443710685834264	0.443710685834264	-0.45898866856669	0.45898866856669	hypo	case		0.529038805394098	0.46	0.529038805394098	0.6	0.531925724845128	5
chr20	15133778	15135414	1637	63	22.8888888888889	-0.439201801926473	0.439201801926473	-0.450433576908668	0.450433576908668	hypo	case		0.409922885176886	0.46	0.46	0.4	0.432372621708254	5
chr20	17177111	17180135	3025	65	21.7684615384615	-0.369685498890881	0.369685498890881	-0.380328535900786	0.380328535900786	hypo	case		0.326230130147209	0.46	0.46	0.4	0.432372621708254	5
chr20	29718935	29723436	4502	83	24.4698795180723	-0.37689628582207	0.37689628582207	-0.387321691979071	0.387321691979071	hypo	case		0.490901454576106	0.46	0.490901454576106	0.5	0.523027894488147	5
chr20	10600645	10605004	4360	74	24.797972972973	-0.392432091966127	0.392432091966127	-0.432475365069231	0.432475365069231	hypo	case		0.135226074991801	0.46	0.46	0.4	0.432372621708254	5
chr20	38080280	38082683	2404	64	22.47734375	-0.288312901126696	0.288312901126696	-0.322853621822833	0.322853621822833	hypo	case		0.265540284188254	0.46	0.46	0.4	0.432372621708254	5
chr20	22860317	22863131	2815	90	22.1661111111111	-0.37220132620417	0.37220132620417	-0.418775695823191	0.418775695823191	hypo	case		0.342792148830351	0.46	0.46	0.4	0.432372621708254	5
chr20	15932898	15937502	4605	85	20.5623529411765	-0.40047871254711	0.40047871254711	-0.424136543654276	0.424136543654276	hypo	case		0.144291387560838	0.46	0.46	0.4	0.432372621708254	5
chr21	33537970	33540500	2531	74	23.1439189189189	-0.359135713988142	0.359135713988142	-0.386429229202652	0.386429229202652	hypo	case		0.548163825395726	0.46	0.548163825395726	0.6	0.531925724845128	5
chr21	27924974	27929908	4935	93	20.1532258064516	-0.369057654614251	0.369057654614251	-0.386115957014487	0.386115957014487	hypo	case		0.311941334763581	0.46	0.46	0.4	0.432372621708254	5
chr20	20237217	20241590	4374	72	22.3666666666667	0.286707371511358	0.286707371511358	0.286603919879592	0.286603919879592	hyper	case		0.358349681140873	0.46	0.46	0.4	0.432372621708254	5
chr21	13455930	13458665	2736	56	21.11875	-0.376398383614617	0.376398383614617	-0.397338966699357	0.397338966699357	hypo	case		0.344678049605823	0.46	0.46	0.4	0.432372621708254	5
chr20	26267185	26272066	4882	89	21.3747191011236	-0.381981131613485	0.381981131613485	-0.424100328573714	0.424100328573714	hypo	case		0.222221251098374	0.46	0.46	0.4	0.432372621708254	5
chr20	47257985	47261209	3225	87	22.7574712643678	-0.337447353048726	0.337447353048726	-0.357739318362651	0.357739318362651	hypo	case		0.138219690615567	0.46	0.46	0.4	0.432372621708254	5
chr21	15618093	15622433	4341	72	22.8673611111111	-0.432278039888985	0.432278039888985	-0.463599173547742	0.463599173547742	hypo	case		0.372479834264838	0.46	0.46	0.4	0.432372621708254	5
chr20	4378237	4383148	4912	70	22.6535714285714	-0.350863422588247	0.350863422588247	-0.369426048817509	0.369426048817509	hypo	case		0.170013996709872	0.46	0.46	0.4	0.432372621708254	5
chr21	16574520	16576023	1504	62	24.0016129032258	-0.438523818065226	0.438523818065226	-0.465901670262684	0.465901670262684	hypo	case		0.14750856970332	0.46	0.46	0.4	0.432372621708254	5
chr20	3151525	3154472	2948	66	24.3878787878788	-0.391980201156319	0.391980201156319	-0.417386061855887	0.417386061855887	hypo	case		0.333244080536412	0.46	0.46	0.4	0.432372621708254	5
chr20	52944166	52948563	4398	50	22.189	-0.34056824323819	0.34056824323819	-0.353714222387965	0.353714222387965	hypo	case		0.99	0.46	0.99	2.8	0.682213840132396	5
chr21	18524003	18527914	3912	66	22.7469696969697	-0.399171116308735	0.399171116308735	-0.41580974489758	0.41580974489758	hypo	case		0.250747745656646	0.46	0.46	0.4	0.432372621708254	5
chr20	30495592	30498176	2585	128	20.025	-0.43442864674826	0.43442864674826	-0.452490829308688	0.452490829308688	hypo	case		0.0833310782886152	0.46	0.46	0.4	0.432372621708254	5
chr20	13882183	13886837	4655	140	22.1271428571429	-0.339410884458654	0.339410884458654	-0.35093112354588	0.35093112354588	hypo	case		0.695737715888063	0.46	0.695737715888063	2.8	0.682213840132396	5
chr20	55121144	55125650	4507	100	21.1825	-0.438662286448614	0.438662286448614	-0.46528046192553	0.46528046192553	hypo	case		0.106111224182602	0.46	0.46	0.4	0.432372621708254	5
chr20	33573303	33576079	2777	78	19.3467948717949	-0.291239421149226	0.291239421149226	-0.298818399627089	0.298818399627089	hypo	case		0.218165570936598	0.46	0.46	0.4	0.432372621708254	5
chr20	20548626	20553541	4916	92	20.0679347826087	0.428627470465543	0.428627470465543	0.437033414184691	0.437033414184691	hyper	case		0.526144930402561	0.46	0.526144930402561	0.5	0.523027894488147	5
chr20	45056679	45059599	2921	50	21.512	-0.296840991768502	0.296840991768502	-0.297350066513466	0.297350066513466	hypo	case		0.618930381852798	0.46	0.618930381852798	2.4	0.624549067415542	5
chr20	23619824	23621721	1898	52	21.8625	-0.378194119421876	0.378194119421876	-0.378728404616172	0.378728404616172	hypo	case		0.21206113521637	0.46	0.46	0.4	0.432372621708254	5
chr21	26114987	26119329	4343	88	24.1517045454546	0.321073618406764	0.321073618406764	0.317734779180762	0.317734779180762	hyper	case		0.589452823513649	0.46	0.589452823513649	0.7	0.596779781291671	5
chr20	23874304	23877675	3372	66	23.7704545454545	-0.35086082255337	0.35086082255337	-0.341694550049621	0.341694550049621	hypo	case		0.522821432204445	0.46	0.522821432204445	0.5	0.523027894488147	5
chr20	8853360	8855016	1657	50	21.511	0.287691552458384	0.287691552458384	0.318420015309199	0.318420015309199	hyper	case		0.134775560768917	0.46	0.46	0.4	0.432372621708254	5
chr20	6029244	6034127	4884	100	21.6335	-0.403363480243731	0.403363480243731	-0.419718734723585	0.419718734723585	hypo	case		0.252228174978711	0.46	0.46	0.4	0.432372621708254	5
chr21	31592600	31595473	2874	76	20.6697368421053	-0.40193978400504	0.40193978400504	-0.417728954473151	0.417728954473151	hypo	case		0.145186409376503	0.46	0.46	0.4	0.432372621708254	5
chr20	32525906	32530878	4973	220	21.4875	-0.356840787293559	0.356840787293559	-0.402409014389905	0.402409014389905	hypo	case		0.305652883283207	0.46	0.46	0.4	0.432372621708254	5
chr20	31439766	31441817	2052	80	20.445	-0.352734069486971	0.352734069486971	-0.378734673000966	0.378734673000966	hypo	case		0.211543453162367	0.46	0.46	0.4	0.432372621708254	5
chr20	10232042	10235488	3447	52	23.4721153846154	-0.365123925814022	0.365123925814022	-0.42699652569955	0.42699652569955	hypo	case		0.247257681278038	0.46	0.46	0.4	0.432372621708254	5
chr21	31833229	31836763	3535	53	23.0858490566038	-0.428780162967806	0.428780162967806	-0.469060914837797	0.469060914837797	hypo	case		0.0429648351890493	0.46	0.46	0.4	0.432372621708254	5
chr21	44179876	44183593	3718	92	11.670652173913	-0.416993753687833	0.416993753687833	-0.459226195508671	0.459226195508671	hypo	case		0.541995563552327	0.46	0.541995563552327	0.6	0.531925724845128	5
chr21	13207171	13209376	2206	78	20.9589743589744	-0.417943830196018	0.417943830196018	-0.444262039691418	0.444262039691418	hypo	case		0.173720461677849	0.46	0.46	0.4	0.432372621708254	5
chr21	25042606	25046747	4142	52	22.1634615384615	-0.364963894680637	0.364963894680637	-0.382388936651172	0.382388936651172	hypo	case		0.137751919463655	0.46	0.46	0.4	0.432372621708254	5
chr20	21527217	21531240	4024	98	23.3204081632653	0.326737399623143	0.326737399623143	0.373756268964	0.373756268964	hyper	case		0.181496533325827	0.46	0.46	0.4	0.432372621708254	5
chr21	36651747	36655592	3846	121	20.7855371900826	-0.375729907446815	0.375729907446815	-0.407898187184161	0.407898187184161	hypo	case		0.289225170978488	0.46	0.46	0.4	0.432372621708254	5
chr21	18318190	18322944	4755	112	22.759375	-0.42180655390281	0.42180655390281	-0.425335319733306	0.425335319733306	hypo	case		0.565318523022436	0.46	0.565318523022436	0.7	0.596779781291671	5
chr20	52623278	52627429	4152	94	23.9053191489362	-0.433599742025017	0.433599742025017	-0.476669128998981	0.476669128998981	hypo	case		0.380534378573646	0.46	0.46	0.4	0.432372621708254	5
chr20	42553657	42557728	4072	70	22.8535714285714	-0.404246230856984	0.404246230856984	-0.448671816168092	0.448671816168092	hypo	case		0.559495369659544	0.46	0.559495369659544	0.6	0.531925724845128	5
chr21	13261642	13264629	2988	50	23.537	-0.375811259108559	0.375811259108559	-0.271919207728253	0.271919207728253	hypo	case		0.205082704381305	0.46	0.46	0.4	0.432372621708254	5
chr20	8150409	8155237	4829	52	23.0769230769231	0.349063475936021	0.349063475936021	0.37827781430921	0.37827781430921	hyper	case		0.0949286281824438	0.46	0.46	0.4	0.432372621708254	5
chr20	1576644	1580147	3504	79	14.0240506329114	-0.429246067626289	0.429246067626289	-0.489208070220245	0.489208070220245	hypo	case		0.223325789205167	0.46	0.46	0.4	0.432372621708254	5
chr21	25120369	25123010	2642	54	21.2287037037037	-0.415704555473346	0.415704555473346	-0.424364969229976	0.424364969229976	hypo	case		0.195673382645926	0.46	0.46	0.4	0.432372621708254	5
chr20	53356966	53361091	4126	96	23.1098958333333	-0.415451963979295	0.415451963979295	-0.452251980129825	0.452251980129825	hypo	case		0.186433935650383	0.46	0.46	0.4	0.432372621708254	5
chr21	38123537	38128316	4780	92	22.016847826087	-0.327486691519079	0.327486691519079	-0.368869263895077	0.368869263895077	hypo	case		0.587460947883965	0.46	0.587460947883965	0.7	0.596779781291671	5
chr20	1556499	1559370	2872	62	21.9814516129032	-0.394648901174926	0.394648901174926	-0.40267423088943	0.40267423088943	hypo	case		0.304746065258941	0.46	0.46	0.4	0.432372621708254	5
chr20	5930983	5934946	3964	82	21.2451219512195	-0.368081543786789	0.368081543786789	-0.41556209704447	0.41556209704447	hypo	case		0.177753987156106	0.46	0.46	0.4	0.432372621708254	5
chr21	12966123	12970343	4221	96	38.8453125	-0.324041700556994	0.324041700556994	-0.333582670719087	0.333582670719087	hypo	case		0.728205551689444	0.46	0.728205551689444	2.8	0.682213840132396	5
chr20	39788492	39792965	4474	60	22.2108333333333	-0.3835382312523	0.3835382312523	-0.415208494346754	0.415208494346754	hypo	case		0.516633919916683	0.46	0.516633919916683	0.5	0.523027894488147	5
chr20	34435108	34438018	2911	64	21.996875	-0.357546559139205	0.357546559139205	-0.348447248327071	0.348447248327071	hypo	case		0.99	0.46	0.99	2.8	0.682213840132396	5
chr21	23903453	23906476	3024	64	22.93359375	-0.443373781082243	0.443373781082243	-0.475590747471731	0.475590747471731	hypo	case		0.0592923588197147	0.46	0.46	0.4	0.432372621708254	5
chr20	29574650	29579169	4520	78	17.2961538461538	-0.278919461126258	0.278919461126258	-0.303794710847622	0.303794710847622	hypo	case		0.612525557270592	0.46	0.612525557270592	2.4	0.624549067415542	5
chr21	23068188	23071709	3522	74	23.9067567567568	-0.435730131037951	0.435730131037951	-0.458721421186156	0.458721421186156	hypo	case		0.0403944445207185	0.46	0.46	0.4	0.432372621708254	5
chr20	51518591	51521702	3112	87	21.2959770114943	-0.43894487138174	0.43894487138174	-0.452847749670607	0.452847749670607	hypo	case		0.421983789300546	0.46	0.46	0.4	0.432372621708254	5
chr20	38391462	38395961	4500	90	22.1566666666667	-0.407848697012235	0.407848697012235	-0.442075473756592	0.442075473756592	hypo	case		0.108483889304915	0.46	0.46	0.4	0.432372621708254	5
chr21	13265419	13267938	2520	62	23.9395161290323	-0.237579527010634	0.237579527010634	-0.236674422004504	0.236674422004504	hypo	case		0.679268199705733	0.46	0.679268199705733	2.8	0.682213840132396	5
chr20	30658589	30663419	4831	78	21.9878205128205	-0.346571453589341	0.346571453589341	-0.401988406507922	0.401988406507922	hypo	case		0.170870618509667	0.46	0.46	0.4	0.432372621708254	5
chr20	13259964	13264061	4098	86	23.7813953488372	-0.338788268394712	0.338788268394712	-0.394199453802141	0.394199453802141	hypo	case		0.247751268132983	0.46	0.46	0.4	0.432372621708254	5
chr20	2880681	2883084	2404	62	22.7096774193548	-0.31031652138513	0.31031652138513	-0.33895437966878	0.33895437966878	hypo	case		0.701896199982214	0.46	0.701896199982214	2.8	0.682213840132396	5
chr21	30389906	30393346	3441	52	24.2230769230769	-0.337898846519722	0.337898846519722	-0.414787507145247	0.414787507145247	hypo	case		0.199478421468571	0.46	0.46	0.4	0.432372621708254	5
chr21	11318644	11322061	3418	56	10.95	-0.317160117705461	0.317160117705461	-0.351680457539544	0.351680457539544	hypo	case		0.335301962107911	0.46	0.46	0.4	0.432372621708254	5
chr21	23238760	23241742	2983	58	20.8336206896552	-0.387034467719702	0.387034467719702	-0.414633089312203	0.414633089312203	hypo	case		0.287033823330677	0.46	0.46	0.4	0.432372621708254	5
chr20	46444579	46448731	4153	66	19.575	-0.395618756780715	0.395618756780715	-0.438265928759792	0.438265928759792	hypo	case		0.121976647844001	0.46	0.46	0.4	0.432372621708254	5
chr20	55249986	55253853	3868	113	21.8429203539823	-0.432904753742989	0.432904753742989	-0.447793227644473	0.447793227644473	hypo	case		0.224256267999457	0.46	0.46	0.4	0.432372621708254	5
chr20	53290115	53294291	4177	79	20.1778481012658	-0.389384558241622	0.389384558241622	-0.44238936393932	0.44238936393932	hypo	case		0.32802676797622	0.46	0.46	0.4	0.432372621708254	5
chr21	37838014	37841249	3236	58	20.8129310344828	-0.386950125523958	0.386950125523958	-0.422292367951042	0.422292367951042	hypo	case		0.455990631722464	0.46	0.46	0.4	0.432372621708254	5
chr20	20855044	20858434	3391	82	21.2323170731707	-0.333505126722063	0.333505126722063	-0.340713184703344	0.340713184703344	hypo	case		0.685159641466287	0.46	0.685159641466287	2.8	0.682213840132396	5
chr20	45632099	45635999	3901	52	23.8278846153846	-0.394710168260408	0.394710168260408	-0.403183928380073	0.403183928380073	hypo	case		0.445657128310583	0.46	0.46	0.4	0.432372621708254	5
chr20	12003295	12004294	1000	54	20.8925925925926	-0.4096972746251	0.4096972746251	-0.415202721195251	0.415202721195251	hypo	case		0.191737791464135	0.46	0.46	0.4	0.432372621708254	5
chr21	27930933	27933256	2324	57	21.0184210526316	-0.443602974753743	0.443602974753743	-0.456829843028888	0.456829843028888	hypo	case		0.307591987092198	0.46	0.46	0.4	0.432372621708254	5
chr20	45322389	45323691	1303	60	19.2658333333333	-0.282140847528779	0.282140847528779	-0.28927993381271	0.28927993381271	hypo	case		0.496890448964125	0.46	0.496890448964125	0.5	0.523027894488147	5
chr20	2427594	2429763	2170	58	21.9129310344828	-0.364506175592989	0.364506175592989	-0.398894419208304	0.398894419208304	hypo	case		0.176656174926987	0.46	0.46	0.4	0.432372621708254	5
chr20	19576477	19580967	4491	102	23.5759803921569	-0.355542399221831	0.355542399221831	-0.392079294729952	0.392079294729952	hypo	case		0.390304996918629	0.46	0.46	0.4	0.432372621708254	5
chr20	14336851	14338954	2104	62	21.3379032258065	0.31872521057906	0.31872521057906	0.332342216867656	0.332342216867656	hyper	case		0.242649651364132	0.46	0.46	0.4	0.432372621708254	5
chr20	23887578	23891358	3781	72	24.3902777777778	-0.322592742988818	0.322592742988818	-0.342035525701727	0.342035525701727	hypo	case		0.410822113500545	0.46	0.46	0.4	0.432372621708254	5
chr20	12620285	12623877	3593	98	22.8688775510204	-0.448555366247824	0.448555366247824	-0.46093681827986	0.46093681827986	hypo	case		0.307013088857959	0.46	0.46	0.4	0.432372621708254	5
chr21	27134412	27137958	3547	66	22.6939393939394	-0.373494971122726	0.373494971122726	-0.40869606237656	0.40869606237656	hypo	case		0.26712399683037	0.46	0.46	0.4	0.432372621708254	5
chr20	12500772	12504944	4173	62	22.6379032258065	-0.376419832732817	0.376419832732817	-0.387731113448066	0.387731113448066	hypo	case		0.504537702310368	0.46	0.504537702310368	0.5	0.523027894488147	5
chr20	18300630	18304727	4098	52	24.2788461538462	-0.383704034763288	0.383704034763288	-0.427593994609241	0.427593994609241	hypo	case		0.203119575446217	0.46	0.46	0.4	0.432372621708254	5
chr20	59611375	59615666	4292	138	19.1228260869565	-0.275082112475321	0.275082112475321	-0.307564628565639	0.307564628565639	hypo	case		0.909156191179464	0.46	0.909156191179464	2.8	0.682213840132396	5
chr21	37775538	37778965	3428	65	21.7592307692308	-0.280225616796038	0.280225616796038	-0.290564738498954	0.290564738498954	hypo	case		0.730182836016581	0.46	0.730182836016581	2.8	0.682213840132396	5
chr21	9796825	9801493	4669	86	51.1093023255814	-0.359565067455578	0.359565067455578	-0.367482348450537	0.367482348450537	hypo	case		0.136437042459279	0.46	0.46	0.4	0.432372621708254	5
chr21	7617328	7618482	1155	56	26.3017857142857	-0.384814582684104	0.384814582684104	-0.390518121278448	0.390518121278448	hypo	case		0.0434814054076832	0.46	0.46	0.4	0.432372621708254	5
chr20	40014513	40018357	3845	55	22.3527272727273	-0.38459370846654	0.38459370846654	-0.397179787332118	0.397179787332118	hypo	case		0.0366943832864705	0.46	0.46	0.4	0.432372621708254	5
chr20	56259836	56264444	4609	82	21.4134146341463	-0.351506852053541	0.351506852053541	-0.369874566568745	0.369874566568745	hypo	case		0.289440507332802	0.46	0.46	0.4	0.432372621708254	5
chr20	23060109	23062589	2481	50	20.723	-0.326940991120065	0.326940991120065	-0.338038442671054	0.338038442671054	hypo	case		0.297696341883048	0.46	0.46	0.4	0.432372621708254	5
chr20	35646013	35648020	2008	70	22.6092857142857	-0.407970200072541	0.407970200072541	-0.418740615572375	0.418740615572375	hypo	case		0.177209797569349	0.46	0.46	0.4	0.432372621708254	5
chr21	16468415	16472018	3604	62	21.4814516129032	-0.403407459053426	0.403407459053426	-0.43777151784751	0.43777151784751	hypo	case		0.479660174598862	0.46	0.479660174598862	0.5	0.523027894488147	5
chr20	60395891	60399704	3814	97	20.4979381443299	-0.40341600150079	0.40341600150079	-0.425513206845917	0.425513206845917	hypo	case		0.101909268345461	0.46	0.46	0.4	0.432372621708254	5
chr21	30649966	30652800	2835	50	20.404	-0.335061574619062	0.335061574619062	-0.391563108163412	0.391563108163412	hypo	case		0.0599305296855104	0.46	0.46	0.4	0.432372621708254	5
chr20	24238925	24243006	4082	90	21.1322222222222	-0.405452908396527	0.405452908396527	-0.459606531868635	0.459606531868635	hypo	case		0.148881168298838	0.46	0.46	0.4	0.432372621708254	5
chr21	38026570	38029794	3225	54	21.037962962963	-0.36021646773206	0.36021646773206	-0.400968677586049	0.400968677586049	hypo	case		0.222148400514957	0.46	0.46	0.4	0.432372621708254	5
chr20	41047004	41051082	4079	56	19.8642857142857	0.326373244467213	0.326373244467213	0.373390900576304	0.373390900576304	hyper	case		0.192459615766895	0.46	0.46	0.4	0.432372621708254	5
chr20	41572222	41575761	3540	70	23.075	-0.396718320472234	0.396718320472234	-0.452425945161486	0.452425945161486	hypo	case		0.4631512779834	0.46	0.4631512779834	0.4	0.432372621708254	5
chr20	46580804	46584209	3406	74	20.7878378378378	-0.444545242737899	0.444545242737899	-0.445099808549878	0.445099808549878	hypo	case		0.241156977475197	0.46	0.46	0.4	0.432372621708254	5
chr20	35827131	35830210	3080	118	23.0173728813559	-0.346108584857497	0.346108584857497	-0.367097398392241	0.367097398392241	hypo	case		0.136788562325634	0.46	0.46	0.4	0.432372621708254	5
chr21	19606184	19610525	4342	58	18.0094827586207	-0.228785032321965	0.228785032321965	-0.234741021536008	0.234741021536008	hypo	case		0.99	0.46	0.99	2.8	0.682213840132396	5
chr21	37061928	37064795	2868	58	21.9551724137931	0.345609215743852	0.345609215743852	0.346562412318298	0.346562412318298	hyper	case		0.648681382853361	0.46	0.648681382853361	2.5	0.648141514174027	5
chr20	33951619	33955886	4268	85	21.5305882352941	-0.393957478975494	0.393957478975494	-0.448185957121742	0.448185957121742	hypo	case		0.168381056671886	0.46	0.46	0.4	0.432372621708254	5
chr20	34090787	34092965	2179	70	22.2257142857143	-0.430538175595448	0.430538175595448	-0.449906087510507	0.449906087510507	hypo	case		0.13834467589416	0.46	0.46	0.4	0.432372621708254	5
chr20	51985480	51987510	2031	130	21.7	-0.407972692546297	0.407972692546297	-0.432882248031149	0.432882248031149	hypo	case		0.20377701473248	0.46	0.46	0.4	0.432372621708254	5
chr20	151555	155372	3818	66	21.1492424242424	-0.419295824247965	0.419295824247965	-0.469228851417056	0.469228851417056	hypo	case		0.0746068696863205	0.46	0.46	0.4	0.432372621708254	5
chr21	10588525	10592534	4010	64	61.77890625	0.37533889466502	0.37533889466502	0.404420689420815	0.404420689420815	hyper	case		0.366098993089344	0.46	0.46	0.4	0.432372621708254	5
chr21	29112804	29116507	3704	94	20.6643617021277	-0.340895159138521	0.340895159138521	-0.356489610514896	0.356489610514896	hypo	case		0.10337812343793	0.46	0.46	0.4	0.432372621708254	5
chr21	27281091	27284017	2927	54	23.1314814814815	-0.367446156727025	0.367446156727025	-0.395801268962288	0.395801268962288	hypo	case		0.471120723264957	0.46	0.471120723264957	0.4	0.432372621708254	5
chr21	17143207	17147191	3985	50	21.322	-0.263865768066493	0.263865768066493	-0.288494799230509	0.288494799230509	hypo	case		0.154773185710231	0.46	0.46	0.4	0.432372621708254	5
chr21	13555487	13559579	4093	50	23.468	-0.322929394351305	0.322929394351305	-0.331728464009559	0.331728464009559	hypo	case		0.482785270436171	0.46	0.482785270436171	0.5	0.523027894488147	5
chr20	36713408	36716520	3113	90	19.8733333333333	-0.440273363124735	0.440273363124735	-0.437416961499378	0.437416961499378	hypo	case		0.595274004744884	0.46	0.595274004744884	0.7	0.596779781291671	5
chr20	52803761	52807392	3632	64	20.73515625	0.272513394527763	0.272513394527763	0.293892288284507	0.293892288284507	hyper	case		0.739910896543429	0.46	0.739910896543429	2.8	0.682213840132396	5
chr21	15001055	15004778	3724	70	24.2992857142857	0.414532117496758	0.414532117496758	0.432968423716672	0.432968423716672	hyper	case		0.0600828097854487	0.46	0.46	0.4	0.432372621708254	5
chr20	34170730	34174198	3469	140	21.8960714285714	-0.388411288615215	0.388411288615215	-0.419307889538547	0.419307889538547	hypo	case		0.477512263763046	0.46	0.477512263763046	0.4	0.432372621708254	5
chr20	35380804	35382806	2003	58	23.4258620689655	-0.332284416368431	0.332284416368431	-0.346513022342999	0.346513022342999	hypo	case		0.421266833412928	0.46	0.46	0.4	0.432372621708254	5
chr21	40295315	40297730	2416	66	22.8863636363636	-0.398220272144058	0.398220272144058	-0.405532096838414	0.405532096838414	hypo	case		0.492563546687252	0.46	0.492563546687252	0.5	0.523027894488147	5
chr21	6864631	6867980	3350	64	14.71953125	-0.269932601511549	0.269932601511549	-0.301075321395385	0.301075321395385	hypo	case		0.685748720971838	0.46	0.685748720971838	2.8	0.682213840132396	5
chr20	23382343	23385961	3619	64	20.39453125	-0.396216125104527	0.396216125104527	-0.421555456899733	0.421555456899733	hypo	case		0.427961662025566	0.46	0.46	0.4	0.432372621708254	5
chr20	18605331	18609432	4102	75	24.65	-0.452486606814824	0.452486606814824	-0.486309676049724	0.486309676049724	hypo	case		0.149350819886586	0.46	0.46	0.4	0.432372621708254	5
chr20	41427996	41432638	4643	86	24.1953488372093	-0.414864835454708	0.414864835454708	-0.42922856930038	0.42922856930038	hypo	case		0.231697426651845	0.46	0.46	0.4	0.432372621708254	5
chr20	43891382	43896179	4798	94	20.3510638297872	-0.318201147409049	0.318201147409049	-0.299732211649915	0.299732211649915	hypo	case		0.146462934534526	0.46	0.46	0.4	0.432372621708254	5
chr20	8298918	8303801	4884	78	22.1961538461538	-0.313867961262886	0.313867961262886	-0.311773400312794	0.311773400312794	hypo	case		0.740881828281274	0.46	0.740881828281274	2.8	0.682213840132396	5
chr21	9714906	9716685	1780	58	40.7534482758621	-0.397644204861458	0.397644204861458	-0.408806411435475	0.408806411435475	hypo	case		0.662924031568353	0.46	0.662924031568353	1.3	0.662728703476138	5
chr21	30214931	30216478	1548	52	21.3298076923077	-0.465195159697655	0.465195159697655	-0.490165350794453	0.490165350794453	hypo	case		0.548471607787547	0.46	0.548471607787547	0.6	0.531925724845128	5
chr20	44507817	44511210	3394	70	23.2785714285714	-0.384770902058649	0.384770902058649	-0.38781003773993	0.38781003773993	hypo	case		0.220311046373048	0.46	0.46	0.4	0.432372621708254	5
chr20	32933700	32936667	2968	68	23.2036764705882	-0.437269803721104	0.437269803721104	-0.465062643731806	0.465062643731806	hypo	case		0.520787737203023	0.46	0.520787737203023	0.5	0.523027894488147	5
chr21	16387940	16391437	3498	75	22.246	-0.412464330128089	0.412464330128089	-0.438788247706861	0.438788247706861	hypo	case		0.264245061589796	0.46	0.46	0.4	0.432372621708254	5
chr20	11613435	11616794	3360	50	20.404	-0.371037772185538	0.371037772185538	-0.40831333265312	0.40831333265312	hypo	case		0.150844667863741	0.46	0.46	0.4	0.432372621708254	5
chr21	20221544	20224536	2993	80	23.416875	-0.396487888142374	0.396487888142374	-0.413819522542824	0.413819522542824	hypo	case		0.330045145055423	0.46	0.46	0.4	0.432372621708254	5
chr20	7386347	7390453	4107	54	23.4083333333333	-0.362412027563843	0.362412027563843	-0.400523961548073	0.400523961548073	hypo	case		0.0896637288133731	0.46	0.46	0.4	0.432372621708254	5
chr20	10567418	10572270	4853	106	21.9688679245283	-0.35661175209199	0.35661175209199	-0.353044703068614	0.353044703068614	hypo	case		0.99	0.46	0.99	2.8	0.682213840132396	5
chr20	6483116	6487742	4627	67	21.9768656716418	-0.378927782102163	0.378927782102163	-0.443645871402512	0.443645871402512	hypo	case		0.294031312151797	0.46	0.46	0.4	0.432372621708254	5
chr20	28637262	28640278	3017	55	52.6563636363636	-0.353944645934519	0.353944645934519	-0.387872047122213	0.387872047122213	hypo	case		0.0925609991874592	0.46	0.46	0.4	0.432372621708254	5
chr20	1109940	1113160	3221	76	24.3526315789474	-0.31670320641732	0.31670320641732	-0.347877050523465	0.347877050523465	hypo	case		0.307635626700801	0.46	0.46	0.4	0.432372621708254	5
chr20	29514375	29517707	3333	99	54.9449494949495	-0.358371082238321	0.358371082238321	-0.378421019531353	0.378421019531353	hypo	case		0.230045180600221	0.46	0.46	0.4	0.432372621708254	5
chr20	45740460	45743663	3204	60	20.5916666666667	-0.431335766296694	0.431335766296694	-0.468056351425359	0.468056351425359	hypo	case		0.0894475517889886	0.46	0.46	0.4	0.432372621708254	5
chr21	20387454	20391614	4161	78	21.8301282051282	-0.359941670668552	0.359941670668552	-0.409236645137342	0.409236645137342	hypo	case		0.402751853817927	0.46	0.46	0.4	0.432372621708254	5
chr20	6349560	6354021	4462	98	20.7479591836735	-0.410106216090471	0.410106216090471	-0.444609549363528	0.444609549363528	hypo	case		0.242854279997732	0.46	0.46	0.4	0.432372621708254	5
chr20	30172088	30176764	4677	107	22.7789719626168	-0.357307689348453	0.357307689348453	-0.398093880665773	0.398093880665773	hypo	case		0.114720508056494	0.46	0.46	0.4	0.432372621708254	5
chr20	23189236	23190762	1527	56	24.9098214285714	-0.31595674932244	0.31595674932244	-0.310074158698354	0.310074158698354	hypo	case		0.777777927972301	0.46	0.777777927972301	2.8	0.682213840132396	5
chr21	30294815	30298022	3208	52	22.3884615384615	-0.382359385657019	0.382359385657019	-0.361133819369634	0.361133819369634	hypo	case		0.172462931282167	0.46	0.46	0.4	0.432372621708254	5
chr20	35641628	35645433	3806	60	21.6825	-0.398472844927461	0.398472844927461	-0.416846885910393	0.416846885910393	hypo	case		0.169583080957387	0.46	0.46	0.4	0.432372621708254	5
chr21	40093075	40096663	3589	66	21.6030303030303	-0.368442626899644	0.368442626899644	-0.415419721431267	0.415419721431267	hypo	case		0.494575721003461	0.46	0.494575721003461	0.5	0.523027894488147	5
chr20	33242256	33246977	4722	84	21.6761904761905	-0.31418451437442	0.31418451437442	-0.370513938590847	0.370513938590847	hypo	case		0.878045065827697	0.46	0.878045065827697	2.8	0.682213840132396	5
chr20	42958803	42962090	3288	56	22.3991071428571	-0.356065661309744	0.356065661309744	-0.39751296934953	0.39751296934953	hypo	case		0.3545664586384	0.46	0.46	0.4	0.432372621708254	5
chr21	40243570	40247109	3540	78	21.0782051282051	-0.356716200546511	0.356716200546511	-0.399244481945624	0.399244481945624	hypo	case		0.102060810019946	0.46	0.46	0.4	0.432372621708254	5
chr20	25996698	26001457	4760	118	21.0487288135593	-0.39069603467479	0.39069603467479	-0.423758265693575	0.423758265693575	hypo	case		0.464419207032463	0.46	0.464419207032463	0.4	0.432372621708254	5
chr20	26211442	26215224	3783	54	20.4046296296296	0.290939753179073	0.290939753179073	0.336367726620732	0.336367726620732	hyper	case		0.195062969040149	0.46	0.46	0.4	0.432372621708254	5
chr21	29586740	29590413	3674	74	19.5040540540541	-0.397709203486647	0.397709203486647	-0.40838990763654	0.40838990763654	hypo	case		0.187131236127298	0.46	0.46	0.4	0.432372621708254	5
chr20	23230667	23234961	4295	119	22.3302521008403	-0.345424807421518	0.345424807421518	-0.366254160119804	0.366254160119804	hypo	case		0.0750645611153763	0.46	0.46	0.4	0.432372621708254	5
chr21	45682275	45684797	2523	54	24.0564814814815	-0.43945058535883	0.43945058535883	-0.463966996271538	0.463966996271538	hypo	case		0.193351582208144	0.46	0.46	0.4	0.432372621708254	5
chr21	20821096	20825837	4742	74	19.8912162162162	-0.330545856642028	0.330545856642028	-0.380479520100585	0.380479520100585	hypo	case		0.0491972849850951	0.46	0.46	0.4	0.432372621708254	5
chr21	5241974	5245505	3532	90	63.6572222222222	-0.36690530829347	0.36690530829347	-0.349307497706631	0.349307497706631	hypo	case		0.333739030669876	0.46	0.46	0.4	0.432372621708254	5
chr21	28868447	28873151	4705	84	21.3785714285714	-0.404547714809705	0.404547714809705	-0.421486324759045	0.421486324759045	hypo	case		0.259028944102144	0.46	0.46	0.4	0.432372621708254	5
chr20	30348130	30352491	4362	72	23.1569444444444	-0.379695242159689	0.379695242159689	-0.41523786520191	0.41523786520191	hypo	case		0.387633553609348	0.46	0.46	0.4	0.432372621708254	5
chr20	42659111	42662382	3272	56	20.6392857142857	-0.383609671595868	0.383609671595868	-0.418088241759037	0.418088241759037	hypo	case		0.0851692461694615	0.46	0.46	0.4	0.432372621708254	5
chr20	1818861	1821749	2889	72	22.0201388888889	-0.397588867509546	0.397588867509546	-0.411758161226905	0.411758161226905	hypo	case		0.24719852884489	0.46	0.46	0.4	0.432372621708254	5
chr20	6954009	6958177	4169	50	21.399	-0.367502301308883	0.367502301308883	-0.373805172765388	0.373805172765388	hypo	case		0.676488284341823	0.46	0.676488284341823	1.1	0.67423733188773	5
chr21	24248099	24250848	2750	59	22.4525423728814	-0.290310846259374	0.290310846259374	-0.311285966432594	0.311285966432594	hypo	case		0.486668047702516	0.46	0.486668047702516	0.5	0.523027894488147	5
chr21	21495121	21499463	4343	76	21.7644736842105	-0.390730321349434	0.390730321349434	-0.408152702398443	0.408152702398443	hypo	case		0.019495864111808	0.46	0.46	0.4	0.432372621708254	5
chr21	26694306	26697962	3657	50	22.072	-0.41544088688948	0.41544088688948	-0.432901003073868	0.432901003073868	hypo	case		0.220198036660924	0.46	0.46	0.4	0.432372621708254	5
chr21	13242966	13245475	2510	52	20.4980769230769	-0.330632944223393	0.330632944223393	-0.370489099097048	0.370489099097048	hypo	case		0.0996362830412686	0.46	0.46	0.4	0.432372621708254	5
chr20	57778234	57781226	2993	68	21.8220588235294	-0.391476931116054	0.391476931116054	-0.422717063607593	0.422717063607593	hypo	case		0.31825289576952	0.46	0.46	0.4	0.432372621708254	5
chr20	33560775	33565215	4441	135	19.6122222222222	0.304888527768727	0.304888527768727	0.335305603663123	0.335305603663123	hyper	case		0.309368707871235	0.46	0.46	0.4	0.432372621708254	5
chr20	4492533	4496432	3900	66	21.7462121212121	-0.357631720185473	0.357631720185473	-0.38942262807857	0.38942262807857	hypo	case		0.551084318586405	0.46	0.551084318586405	0.6	0.531925724845128	5
chr20	40181377	40184975	3599	54	19.1814814814815	-0.290080396238434	0.290080396238434	-0.302334835721453	0.302334835721453	hypo	case		0.173982732095645	0.46	0.46	0.4	0.432372621708254	5
chr20	37624144	37627690	3547	60	23.2283333333333	0.245596276521477	0.245596276521477	0.245545095685205	0.245545095685205	hyper	case		0.729939049591991	0.46	0.729939049591991	2.8	0.682213840132396	5
chr21	30786980	30789074	2095	68	22.7691176470588	-0.372580763124284	0.372580763124284	-0.389997246291759	0.389997246291759	hypo	case		0.102307138092313	0.46	0.46	0.4	0.432372621708254	5
chr20	28623837	28626903	3067	56	37.7955357142857	-0.348432973195012	0.348432973195012	-0.383213714220231	0.383213714220231	hypo	case		0.458053408591351	0.46	0.46	0.4	0.432372621708254	5
chr20	38314515	38319167	4653	58	21.8836206896552	-0.381462319291757	0.381462319291757	-0.42176132359005	0.42176132359005	hypo	case		0.252901982055808	0.46	0.46	0.4	0.432372621708254	5
chr20	5783293	5786689	3397	146	24.0743150684932	-0.422483190195976	0.422483190195976	-0.431193280200773	0.431193280200773	hypo	case		0.112726850886749	0.46	0.46	0.4	0.432372621708254	5
chr20	2576415	2580650	4236	104	21.2966346153846	-0.397399003804504	0.397399003804504	-0.411535446744934	0.411535446744934	hypo	case		0.319194344583845	0.46	0.46	0.4	0.432372621708254	5
chr21	31166894	31170261	3368	82	21.1390243902439	-0.372659934363721	0.372659934363721	-0.38993385092399	0.38993385092399	hypo	case		0.456808343957128	0.46	0.46	0.4	0.432372621708254	5
chr20	17006482	17009341	2860	50	20.561	-0.450313159354979	0.450313159354979	-0.447549341093094	0.447549341093094	hypo	case		0.0507772068035023	0.46	0.46	0.4	0.432372621708254	5
chr20	60902541	60904683	2143	60	21.7358333333333	0.289509553084917	0.289509553084917	0.307174564779851	0.307174564779851	hyper	case		0.149095051111743	0.46	0.46	0.4	0.432372621708254	5
chr20	20442112	20445466	3355	74	21.4966216216216	-0.344690610303373	0.344690610303373	-0.397349738558304	0.397349738558304	hypo	case		0.462206602984689	0.46	0.462206602984689	0.4	0.432372621708254	5
chr20	8339492	8340784	1293	70	22.9157142857143	-0.340325750675069	0.340325750675069	-0.345981925014035	0.345981925014035	hypo	case		0.0841889784571079	0.46	0.46	0.4	0.432372621708254	5
chr20	42024350	42027755	3406	64	20.3078125	-0.379699983568838	0.379699983568838	-0.428787729501507	0.428787729501507	hypo	case		0.282564602039716	0.46	0.46	0.4	0.432372621708254	5
chr21	14283934	14286779	2846	60	22.005	-0.262812263505846	0.262812263505846	-0.26352420905204	0.26352420905204	hypo	case		0.498722881577125	0.46	0.498722881577125	0.5	0.523027894488147	5
chr21	5368063	5372037	3975	52	13.6413461538462	0.312868019646557	0.312868019646557	0.346571742648348	0.346571742648348	hyper	case		0.345544909616462	0.46	0.46	0.4	0.432372621708254	5
chr20	4295198	4300135	4938	94	21.7228723404255	-0.380648346329251	0.380648346329251	-0.423518630478016	0.423518630478016	hypo	case		0.256856899915498	0.46	0.46	0.4	0.432372621708254	5
chr20	14302296	14306397	4102	66	22.8924242424242	-0.3521474613473	0.3521474613473	-0.358382662781832	0.358382662781832	hypo	case		0.286093356460533	0.46	0.46	0.4	0.432372621708254	5
chr20	8511259	8514657	3399	74	22.1304054054054	-0.38480085588447	0.38480085588447	-0.396707103538096	0.396707103538096	hypo	case		0.372792539401338	0.46	0.46	0.4	0.432372621708254	5
chr21	21063243	21067335	4093	70	21.4307142857143	-0.357355178898503	0.357355178898503	-0.395728190175519	0.395728190175519	hypo	case		0.562884359080758	0.46	0.562884359080758	0.6	0.531925724845128	5
chr21	37471313	37474771	3459	66	21.8310606060606	0.368833358967392	0.368833358967392	0.421453647018795	0.421453647018795	hyper	case		0.366327864012256	0.46	0.46	0.4	0.432372621708254	5
chr20	40560521	40563667	3147	80	23.634375	-0.400508628551081	0.400508628551081	-0.446597442761455	0.446597442761455	hypo	case		0.561531476752594	0.46	0.561531476752594	0.6	0.531925724845128	5
chr21	13459201	13461889	2689	52	21.7519230769231	-0.372375745113401	0.372375745113401	-0.40379939332857	0.40379939332857	hypo	case		0.455872840097846	0.46	0.46	0.4	0.432372621708254	5
chr21	21799552	21804255	4704	58	20.3387931034483	-0.345581180724501	0.345581180724501	-0.38994595924158	0.38994595924158	hypo	case		0.324939766457824	0.46	0.46	0.4	0.432372621708254	5
chr21	36103859	36106848	2990	82	21.0469512195122	0.396401391048258	0.396401391048258	0.442666087635006	0.442666087635006	hyper	case		0.607002079916914	0.46	0.607002079916914	0.7	0.596779781291671	5
chr20	14729276	14733012	3737	59	20.9779661016949	-0.408093246303285	0.408093246303285	-0.462223189549118	0.462223189549118	hypo	case		0.578015086826079	0.46	0.578015086826079	0.7	0.596779781291671	5
chr21	17756002	17758245	2244	113	23.8274336283186	-0.401213622609623	0.401213622609623	-0.434332238570706	0.434332238570706	hypo	case		0.414702145935225	0.46	0.46	0.4	0.432372621708254	5
chr20	54505873	54510132	4260	90	22.6538888888889	-0.416583553457613	0.416583553457613	-0.450555570887056	0.450555570887056	hypo	case		0.497750839886141	0.46	0.497750839886141	0.5	0.523027894488147	5
chr21	10749894	10754548	4655	80	115.98875	-0.268169181781794	0.268169181781794	-0.282274209132175	0.282274209132175	hypo	case		0.239236938851554	0.46	0.46	0.4	0.432372621708254	5
chr21	30234194	30239103	4910	84	22.2607142857143	-0.421870288684493	0.421870288684493	-0.435855220024438	0.435855220024438	hypo	case		0.576554270826578	0.46	0.576554270826578	0.7	0.596779781291671	5
chr21	29307823	29312594	4772	62	22.7838709677419	-0.31661845074469	0.31661845074469	-0.356653377765849	0.356653377765849	hypo	case		0.282142741027509	0.46	0.46	0.4	0.432372621708254	5
chr21	6259522	6262280	2759	78	13.0948717948718	-0.410623944768682	0.410623944768682	-0.456112597081871	0.456112597081871	hypo	case		0.164628320821088	0.46	0.46	0.4	0.432372621708254	5
chr20	47296677	47301403	4727	122	23.7299180327869	-0.407784449184692	0.407784449184692	-0.439522976338309	0.439522976338309	hypo	case		0.246047174134521	0.46	0.46	0.4	0.432372621708254	5
chr20	22254957	22258119	3163	58	21.4594827586207	-0.313860063333896	0.313860063333896	-0.379448513533703	0.379448513533703	hypo	case		0.220331171142057	0.46	0.46	0.4	0.432372621708254	5
chr20	25972807	25975360	2554	54	22.3787037037037	-0.389888675868262	0.389888675868262	-0.399869575976091	0.399869575976091	hypo	case		0.301672965116816	0.46	0.46	0.4	0.432372621708254	5
chr21	29494220	29497156	2937	50	22.079	-0.348160832368856	0.348160832368856	-0.353478320371899	0.353478320371899	hypo	case		0.179115937919433	0.46	0.46	0.4	0.432372621708254	5
chr20	2715511	2716525	1015	64	24.6828125	-0.358184155351346	0.358184155351346	-0.376472043940079	0.376472043940079	hypo	case		0.644299371042668	0.46	0.644299371042668	2.5	0.648141514174027	5
chr20	25439410	25441872	2463	58	20.9836206896552	-0.457400178657682	0.457400178657682	-0.474761361105808	0.474761361105808	hypo	case		0.0769182692989957	0.46	0.46	0.4	0.432372621708254	5
chr20	7035274	7039796	4523	68	20.5860294117647	-0.347382904559734	0.347382904559734	-0.407280144851517	0.407280144851517	hypo	case		0.489173925452863	0.46	0.489173925452863	0.5	0.523027894488147	5
chr21	9535204	9537964	2761	60	26.015	-0.397041826491376	0.397041826491376	-0.437970726219714	0.437970726219714	hypo	case		0.219834312004976	0.46	0.46	0.4	0.432372621708254	5
chr20	29565368	29568285	2918	124	12.6286290322581	0.392447857225334	0.392447857225334	0.431205062455974	0.431205062455974	hyper	case		0.427386077812896	0.46	0.46	0.4	0.432372621708254	5
chr21	24766605	24769603	2999	98	21.5367346938776	-0.438692332093441	0.438692332093441	-0.463598851456972	0.463598851456972	hypo	case		0.103187715511871	0.46	0.46	0.4	0.432372621708254	5
chr21	34482559	34487477	4919	86	13.6017441860465	-0.286735600619533	0.286735600619533	-0.274301284670212	0.274301284670212	hypo	case		0.138190734481315	0.46	0.46	0.4	0.432372621708254	5
chr21	20556242	20560651	4410	54	21.0731481481481	-0.407615922545415	0.407615922545415	-0.447769366773388	0.447769366773388	hypo	case		0.127327929838312	0.46	0.46	0.4	0.432372621708254	5
chr21	23553923	23557469	3547	69	20.4166666666667	-0.441087740109038	0.441087740109038	-0.484964867561316	0.484964867561316	hypo	case		0.356979236631867	0.46	0.46	0.4	0.432372621708254	5
chr21	14971957	14975759	3803	62	22.7120967741935	-0.400814702277363	0.400814702277363	-0.419345963946147	0.419345963946147	hypo	case		0.396281648616058	0.46	0.46	0.4	0.432372621708254	5
chr20	8213883	8215989	2107	56	21.7026785714286	-0.31704778729499	0.31704778729499	-0.320780048228563	0.320780048228563	hypo	case		0.786363952903251	0.46	0.786363952903251	2.8	0.682213840132396	5
chr20	30757980	30761843	3864	62	13.3016129032258	-0.357139217206942	0.357139217206942	-0.388091756504588	0.388091756504588	hypo	case		0.448032180389529	0.46	0.46	0.4	0.432372621708254	5
chr21	31825431	31828566	3136	54	22.9972222222222	-0.302369032799518	0.302369032799518	-0.304638926035535	0.304638926035535	hypo	case		0.973184829125925	0.46	0.973184829125925	2.8	0.682213840132396	5
chr20	17268589	17272448	3860	51	23.6627450980392	0.373600181867017	0.373600181867017	0.435782126384454	0.435782126384454	hyper	case		0.375079492029475	0.46	0.46	0.4	0.432372621708254	5
chr21	28281039	28283912	2874	57	21.7885964912281	-0.354710177667701	0.354710177667701	-0.376033608156424	0.376033608156424	hypo	case		0.569515406250508	0.46	0.569515406250508	0.7	0.596779781291671	5
chr20	14652361	14655494	3134	72	22.8513888888889	-0.451193754295632	0.451193754295632	-0.475117894396727	0.475117894396727	hypo	case		0.521336970325443	0.46	0.521336970325443	0.5	0.523027894488147	5
chr21	30217054	30218526	1473	52	20.7173076923077	-0.431481723901077	0.431481723901077	-0.486673476142579	0.486673476142579	hypo	case		0.60442963028569	0.46	0.60442963028569	0.7	0.596779781291671	5
chr20	54435195	54438814	3620	74	23.697972972973	-0.293503227917081	0.293503227917081	-0.344055086472212	0.344055086472212	hypo	case		0.813594520501587	0.46	0.813594520501587	2.8	0.682213840132396	5
chr21	35830843	35832595	1753	60	23.2133333333333	-0.473992284074819	0.473992284074819	-0.492985372886519	0.492985372886519	hypo	case		0.351162919827715	0.46	0.46	0.4	0.432372621708254	5
chr21	35881235	35883503	2269	52	19.3480769230769	0.338293067902992	0.338293067902992	0.340663013917872	0.340663013917872	hyper	case		0.191597691392782	0.46	0.46	0.4	0.432372621708254	5
chr20	39562460	39567138	4679	62	23.5540322580645	-0.340447614261364	0.340447614261364	-0.341183287960828	0.341183287960828	hypo	case		0.70558285583413	0.46	0.70558285583413	2.8	0.682213840132396	5
chr21	28628514	28631367	2854	55	20.8109090909091	-0.425259416006699	0.425259416006699	-0.435203383202086	0.435203383202086	hypo	case		0.459409407044818	0.46	0.46	0.4	0.432372621708254	5
chr20	40743168	40747394	4227	106	20.802358490566	-0.372213843020035	0.372213843020035	-0.403894273300086	0.403894273300086	hypo	case		0.376685926461812	0.46	0.46	0.4	0.432372621708254	5
chr21	15687231	15691775	4545	72	21.3305555555556	-0.448473516366981	0.448473516366981	-0.473350064889994	0.473350064889994	hypo	case		0.144557110879205	0.46	0.46	0.4	0.432372621708254	5
chr21	13082003	13085497	3495	58	24.6206896551724	-0.385851958600605	0.385851958600605	-0.411447425469524	0.411447425469524	hypo	case		0.426116475358636	0.46	0.46	0.4	0.432372621708254	5
chr20	34422817	34427745	4929	122	21.4840163934426	-0.253636467349958	0.253636467349958	-0.252768673711325	0.252768673711325	hypo	case		0.99	0.46	0.99	2.8	0.682213840132396	5
chr21	39884154	39886311	2158	72	23.7548611111111	0.407879080514567	0.407879080514567	0.43191316878029	0.43191316878029	hyper	case		0.19507162914306	0.46	0.46	0.4	0.432372621708254	5
chr20	52420073	52423251	3179	51	22.5176470588235	-0.438681393887916	0.438681393887916	-0.455413248572088	0.455413248572088	hypo	case		0.132876497352554	0.46	0.46	0.4	0.432372621708254	5
chr20	43174464	43178088	3625	68	25.2573529411765	-0.416806119195447	0.416806119195447	-0.430605791104126	0.430605791104126	hypo	case		0.435626796333253	0.46	0.46	0.4	0.432372621708254	5
chr21	36622094	36625615	3522	70	21.7507142857143	-0.385226168011704	0.385226168011704	-0.404796824987155	0.404796824987155	hypo	case		0.323734136018874	0.46	0.46	0.4	0.432372621708254	5
chr20	49176942	49179226	2285	109	23.8050458715596	-0.301643520607827	0.301643520607827	-0.286727761570061	0.286727761570061	hypo	case		0.628871054073002	0.46	0.628871054073002	2	0.628070511372922	5
chr21	30127909	30130144	2236	106	22.1066037735849	-0.41528826949261	0.41528826949261	-0.434316917159751	0.434316917159751	hypo	case		0.380781788416639	0.46	0.46	0.4	0.432372621708254	5
chr20	50558752	50563370	4619	134	24.5623134328358	-0.326863864555555	0.326863864555555	-0.364256492162524	0.364256492162524	hypo	case		0.177878114367634	0.46	0.46	0.4	0.432372621708254	5
chr21	29704661	29709501	4841	115	24.055652173913	-0.453788239226573	0.453788239226573	-0.48512570403802	0.48512570403802	hypo	case		0.36833555663896	0.46	0.46	0.4	0.432372621708254	5
chr21	35875844	35879765	3922	70	20.615	-0.412919107961227	0.412919107961227	-0.478511463224207	0.478511463224207	hypo	case		0.0982125073064725	0.46	0.46	0.4	0.432372621708254	5
chr21	28953871	28958736	4866	60	26.4033333333333	-0.44324640115609	0.44324640115609	-0.460485787881794	0.460485787881794	hypo	case		0.469393900461984	0.46	0.469393900461984	0.4	0.432372621708254	5
chr21	40453233	40455995	2763	56	25.8982142857143	-0.398449689343877	0.398449689343877	-0.444331116543279	0.444331116543279	hypo	case		0.342767888693269	0.46	0.46	0.4	0.432372621708254	5
chr21	19940541	19942071	1531	50	25.986	-0.510792173721036	0.510792173721036	-0.509100217614059	0.509100217614059	hypo	case		0.0718259974323832	0.46	0.46	0.4	0.432372621708254	5
chr20	4071120	4073377	2258	54	23.2083333333333	-0.379700342743962	0.379700342743962	-0.388882065482443	0.388882065482443	hypo	case		0.287673181423635	0.46	0.46	0.4	0.432372621708254	5
chr20	14084652	14089122	4471	76	20.9243421052632	-0.4432774317215	0.4432774317215	-0.470629498781857	0.470629498781857	hypo	case		0.253401850715794	0.46	0.46	0.4	0.432372621708254	5
chr20	8964158	8967836	3679	54	22.9148148148148	-0.383396389172854	0.383396389172854	-0.389403217535595	0.389403217535595	hypo	case		0.168166601348134	0.46	0.46	0.4	0.432372621708254	5
chr21	16068885	16073745	4861	116	21.7918103448276	-0.384439514695345	0.384439514695345	-0.395054966205153	0.395054966205153	hypo	case		0.253147052598451	0.46	0.46	0.4	0.432372621708254	5
chr20	30374933	30379648	4716	252	25.2089285714286	0.362611175621631	0.362611175621631	0.374963917542568	0.374963917542568	hyper	case		0.687880483989192	0.46	0.687880483989192	2.8	0.682213840132396	5
chr21	15237313	15239456	2144	54	23.7712962962963	-0.393840700729969	0.393840700729969	-0.421395532775635	0.421395532775635	hypo	case		0.0326336809490981	0.46	0.46	0.4	0.432372621708254	5
chr20	4617362	4619812	2451	62	21.9032258064516	-0.386360332607889	0.386360332607889	-0.420649772629512	0.420649772629512	hypo	case		0.404655552715079	0.46	0.46	0.4	0.432372621708254	5
chr21	25981846	25985411	3566	60	22.2558333333333	-0.31462526556251	0.31462526556251	-0.365867339567833	0.365867339567833	hypo	case		0.266989579462992	0.46	0.46	0.4	0.432372621708254	5
chr20	4580404	4584990	4587	96	24.7822916666667	-0.392078918516249	0.392078918516249	-0.426395236124705	0.426395236124705	hypo	case		0.395735265409582	0.46	0.46	0.4	0.432372621708254	5
chr21	9596494	9598924	2431	54	26.9509259259259	-0.372258884065544	0.372258884065544	-0.39390350630149	0.39390350630149	hypo	case		0.0207041207002395	0.46	0.46	0.4	0.432372621708254	5
chr20	21462796	21465752	2957	62	21.6604838709677	-0.306753352745434	0.306753352745434	-0.345511983127535	0.345511983127535	hypo	case		0.720670053208143	0.46	0.720670053208143	2.8	0.682213840132396	5
chr20	15757686	15761749	4064	98	20.9117346938776	-0.35840999652653	0.35840999652653	-0.374195068603119	0.374195068603119	hypo	case		0.621186142470737	0.46	0.621186142470737	2.4	0.624549067415542	5
chr20	39134893	39137119	2227	75	20.6066666666667	-0.335270198165117	0.335270198165117	-0.360037465285248	0.360037465285248	hypo	case		0.296205275634882	0.46	0.46	0.4	0.432372621708254	5
chr20	54851382	54855267	3886	50	23.29	-0.381321172058601	0.381321172058601	-0.399610022352678	0.399610022352678	hypo	case		0.12728423268552	0.46	0.46	0.4	0.432372621708254	5
chr20	52601363	52604793	3431	68	21.1448529411765	-0.413820664317876	0.413820664317876	-0.451000054438332	0.451000054438332	hypo	case		0.354094545039195	0.46	0.46	0.4	0.432372621708254	5
chr21	26832014	26834233	2220	64	20.77421875	-0.435637611047055	0.435637611047055	-0.451553771930425	0.451553771930425	hypo	case		0.342243661406954	0.46	0.46	0.4	0.432372621708254	5
chr20	22779619	22783053	3435	50	20.726	-0.390229157143877	0.390229157143877	-0.388474448207139	0.388474448207139	hypo	case		0.116247697105126	0.46	0.46	0.4	0.432372621708254	5
chr20	61450545	61452657	2113	70	21.8	-0.353577964507478	0.353577964507478	-0.404045784656063	0.404045784656063	hypo	case		0.110680137895362	0.46	0.46	0.4	0.432372621708254	5
chr20	23934614	23937539	2926	80	23.4025	-0.37761222464374	0.37761222464374	-0.380161510882924	0.380161510882924	hypo	case		0.152374604750984	0.46	0.46	0.4	0.432372621708254	5
chr20	5986752	5990369	3618	69	22.0717391304348	-0.406238262126121	0.406238262126121	-0.430511709839707	0.430511709839707	hypo	case		0.370260854711851	0.46	0.46	0.4	0.432372621708254	5
chr20	50921470	50924358	2889	74	23.2560810810811	0.363186188664034	0.363186188664034	0.388226722666458	0.388226722666458	hyper	case		0.413156251528261	0.46	0.46	0.4	0.432372621708254	5
chr20	1529092	1531693	2602	66	21.4727272727273	-0.391427554211753	0.391427554211753	-0.428135540709644	0.428135540709644	hypo	case		0.297806151905696	0.46	0.46	0.4	0.432372621708254	5
chr21	21720936	21723156	2221	57	19.2140350877193	-0.422636284627787	0.422636284627787	-0.443596025614006	0.443596025614006	hypo	case		0.192875110737768	0.46	0.46	0.4	0.432372621708254	5
chr20	22103609	22106174	2566	52	23.8576923076923	-0.392118005948244	0.392118005948244	-0.430032228201174	0.430032228201174	hypo	case		0.186051253994796	0.46	0.46	0.4	0.432372621708254	5
chr21	31060430	31062732	2303	50	21.97	-0.456042786107324	0.456042786107324	-0.467192300392873	0.467192300392873	hypo	case		0.455952412096565	0.46	0.46	0.4	0.432372621708254	5
chr20	22309240	22313473	4234	74	23.7662162162162	-0.403411754307837	0.403411754307837	-0.414099952490294	0.414099952490294	hypo	case		0.262199420457028	0.46	0.46	0.4	0.432372621708254	5
chr21	31769893	31773805	3913	115	22.805652173913	-0.410746568351753	0.410746568351753	-0.446037276135129	0.446037276135129	hypo	case		0.295811768899511	0.46	0.46	0.4	0.432372621708254	5
chr20	41747735	41750720	2986	60	24.3083333333333	-0.407740673208759	0.407740673208759	-0.421373150951647	0.421373150951647	hypo	case		0.192921405354786	0.46	0.46	0.4	0.432372621708254	5
chr21	14172309	14175264	2956	60	21.2225	-0.374602643964044	0.374602643964044	-0.396961826556883	0.396961826556883	hypo	case		0.012316170167413	0.46	0.46	0.4	0.432372621708254	5
chr20	14672256	14675579	3324	56	25.4330357142857	-0.426434154383294	0.426434154383294	-0.452819748718072	0.452819748718072	hypo	case		0.426060175096646	0.46	0.46	0.4	0.432372621708254	5
chr21	37384782	37389737	4956	100	24.3535	0.324220939758394	0.324220939758394	0.357401490668898	0.357401490668898	hyper	case		0.258427675907767	0.46	0.46	0.4	0.432372621708254	5
chr20	29437495	29442164	4670	98	18.5551020408163	-0.388257026370953	0.388257026370953	-0.417855498080997	0.417855498080997	hypo	case		0.250233960540101	0.46	0.46	0.4	0.432372621708254	5
chr21	13673130	13677502	4373	72	11.3243055555556	-0.342341009523672	0.342341009523672	-0.388674295324334	0.388674295324334	hypo	case		0.402177078245057	0.46	0.46	0.4	0.432372621708254	5
chr20	29102088	29106656	4569	72	50.7986111111111	-0.384401975048411	0.384401975048411	-0.412480458608866	0.412480458608866	hypo	case		0.292729379659594	0.46	0.46	0.4	0.432372621708254	5
chr20	7001262	7002034	773	51	21.0539215686275	-0.406808910848754	0.406808910848754	-0.44369753255748	0.44369753255748	hypo	case		0.271714213056218	0.46	0.46	0.4	0.432372621708254	5
chr21	14255387	14256784	1398	54	20.0083333333333	-0.311258401114404	0.311258401114404	-0.313429162956076	0.313429162956076	hypo	case		0.378095414572775	0.46	0.46	0.4	0.432372621708254	5
chr20	18104888	18108409	3522	72	20.5395833333333	-0.447149526810954	0.447149526810954	-0.452513394158829	0.452513394158829	hypo	case		0.201447416642251	0.46	0.46	0.4	0.432372621708254	5
chr21	5156226	5161175	4950	203	11.7581280788177	-0.440039688124053	0.440039688124053	-0.475818035642363	0.475818035642363	hypo	case		0.335645950989269	0.46	0.46	0.4	0.432372621708254	5
chr21	18374195	18374977	783	54	22.6361111111111	-0.379232570336052	0.379232570336052	-0.445347828495125	0.445347828495125	hypo	case		0.217005690700496	0.46	0.46	0.4	0.432372621708254	5
chr20	9387724	9391103	3380	50	21.493	0.333921292623654	0.333921292623654	0.325510094941232	0.325510094941232	hyper	case		0.417585599215867	0.46	0.46	0.4	0.432372621708254	5
chr20	7628523	7632586	4064	76	20.9967105263158	-0.400462230977795	0.400462230977795	-0.441702553956806	0.441702553956806	hypo	case		0.118743180582238	0.46	0.46	0.4	0.432372621708254	5
chr20	54940703	54942846	2144	54	25.275	-0.356509370296606	0.356509370296606	-0.378168863720467	0.378168863720467	hypo	case		0.13636646983642	0.46	0.46	0.4	0.432372621708254	5
chr21	5236876	5241447	4572	69	82.3282608695652	0.352367790399269	0.352367790399269	0.361892764343105	0.361892764343105	hyper	case		0.190350600112413	0.46	0.46	0.4	0.432372621708254	5
chr21	27264370	27268606	4237	60	20.9975	-0.394734376538109	0.394734376538109	-0.409483415484767	0.409483415484767	hypo	case		0.326047996588481	0.46	0.46	0.4	0.432372621708254	5
chr20	60595458	60597961	2504	52	19.675	-0.391775378109042	0.391775378109042	-0.41789881949066	0.41789881949066	hypo	case		0.148409939660908	0.46	0.46	0.4	0.432372621708254	5
chr20	22428960	22433845	4886	102	21.4686274509804	0.380609861046882	0.380609861046882	0.419490943783509	0.419490943783509	hyper	case		0.220671890150932	0.46	0.46	0.4	0.432372621708254	5
chr20	33233223	33237224	4002	74	23.5283783783784	-0.328041273251897	0.328041273251897	-0.350852286049381	0.350852286049381	hypo	case		0.771363682254987	0.46	0.771363682254987	2.8	0.682213840132396	5
chr21	18776643	18780786	4144	60	19.4866666666667	-0.330191004204435	0.330191004204435	-0.339148178546645	0.339148178546645	hypo	case		0.807444896701338	0.46	0.807444896701338	2.8	0.682213840132396	5
chr20	13686426	13688374	1949	60	24.2916666666667	-0.408223858550245	0.408223858550245	-0.424432471362394	0.424432471362394	hypo	case		0.967330804771808	0.46	0.967330804771808	2.8	0.682213840132396	5
chr20	6335022	6339913	4892	68	19.3683823529412	-0.433163518130349	0.433163518130349	-0.466272565194345	0.466272565194345	hypo	case		0.168910697150938	0.46	0.46	0.4	0.432372621708254	5
chr20	45986600	45989400	2801	112	24.2428571428571	-0.310676269916437	0.310676269916437	-0.293318671510698	0.293318671510698	hypo	case		0.414017204664858	0.46	0.46	0.4	0.432372621708254	5
chr20	34776305	34779387	3083	137	21.6821167883212	-0.385700266617245	0.385700266617245	-0.419706414959748	0.419706414959748	hypo	case		0.395984759607272	0.46	0.46	0.4	0.432372621708254	5
chr20	25674445	25677075	2631	68	21.3044117647059	-0.475673103810179	0.475673103810179	-0.484335551857374	0.484335551857374	hypo	case		0.161497676821819	0.46	0.46	0.4	0.432372621708254	5
chr21	21285049	21290039	4991	64	20.37578125	-0.269511591370763	0.269511591370763	-0.269661064296797	0.269661064296797	hypo	case		0.701408587051399	0.46	0.701408587051399	2.8	0.682213840132396	5
chr20	32229365	32232288	2924	106	23.3150943396226	-0.432423359561984	0.432423359561984	-0.456696334073056	0.456696334073056	hypo	case		0.105112930969561	0.46	0.46	0.4	0.432372621708254	5
chr21	20650852	20651822	971	50	24.376	-0.38340230201162	0.38340230201162	-0.413770176574541	0.413770176574541	hypo	case		0.101499908996439	0.46	0.46	0.4	0.432372621708254	5
chr20	11246229	11249998	3770	72	20.5798611111111	-0.349030162377557	0.349030162377557	-0.365026546957744	0.365026546957744	hypo	case		0.17457582636695	0.46	0.46	0.4	0.432372621708254	5
chr21	13027935	13029814	1880	54	41.4703703703704	-0.378026273674396	0.378026273674396	-0.465012960862049	0.465012960862049	hypo	case		0.117277085005438	0.46	0.46	0.4	0.432372621708254	5
chr21	9629082	9632574	3493	82	48.4036585365854	-0.380309465326476	0.380309465326476	-0.376885779300358	0.376885779300358	hypo	case		0.223750601003389	0.46	0.46	0.4	0.432372621708254	5
chr21	43596655	43600287	3633	76	22.1289473684211	-0.373214718071274	0.373214718071274	-0.418650522440742	0.418650522440742	hypo	case		0.0967808955950183	0.46	0.46	0.4	0.432372621708254	5
chr20	15246626	15250415	3790	64	21.203125	-0.441612114169701	0.441612114169701	-0.473204189691169	0.473204189691169	hypo	case		0.0876569267826859	0.46	0.46	0.4	0.432372621708254	5
chr20	5547623	5550149	2527	50	21.726	-0.252150184482689	0.252150184482689	-0.31067945544975	0.31067945544975	hypo	case		0.618020959320601	0.46	0.618020959320601	2.4	0.624549067415542	5
chr20	33517480	33521244	3765	138	21.8123188405797	-0.291738812693597	0.291738812693597	-0.298606498647223	0.298606498647223	hypo	case		0.872312144625414	0.46	0.872312144625414	2.8	0.682213840132396	5
chr21	46575185	46579440	4256	60	23.5825	-0.385697387306402	0.385697387306402	-0.38533604926111	0.38533604926111	hypo	case		0.99	0.46	0.99	2.8	0.682213840132396	5
chr20	25599501	25601759	2259	60	22.2866666666667	-0.359676612237339	0.359676612237339	-0.428302593013918	0.428302593013918	hypo	case		0.297589375461605	0.46	0.46	0.4	0.432372621708254	5
chr20	9476059	9478967	2909	56	22.2258928571429	-0.383178340788363	0.383178340788363	-0.448067009387992	0.448067009387992	hypo	case		0.544773018790143	0.46	0.544773018790143	0.6	0.531925724845128	5
chr20	29060446	29064109	3664	90	56.5044444444445	-0.409318811745424	0.409318811745424	-0.415135474465813	0.415135474465813	hypo	case		0.573105911940467	0.46	0.573105911940467	0.7	0.596779781291671	5
chr20	20592109	20596236	4128	79	21.0221518987342	-0.279104620580378	0.279104620580378	-0.276706847990166	0.276706847990166	hypo	case		0.374111181308293	0.46	0.46	0.4	0.432372621708254	5
chr20	34076540	34079116	2577	92	23.016847826087	-0.4282871610681	0.4282871610681	-0.450098588270158	0.450098588270158	hypo	case		0.120326120857942	0.46	0.46	0.4	0.432372621708254	5
chr21	7801908	7803674	1767	60	17.17	-0.434631598504807	0.434631598504807	-0.467485335309892	0.467485335309892	hypo	case		0.323016243882298	0.46	0.46	0.4	0.432372621708254	5
chr20	20277025	20281854	4830	113	21.3172566371681	-0.259963729081376	0.259963729081376	-0.246899876084706	0.246899876084706	hypo	case		0.12619410240274	0.46	0.46	0.4	0.432372621708254	5
chr20	22483410	22486895	3486	70	23.025	0.309151743239281	0.309151743239281	0.34189210329074	0.34189210329074	hyper	case		0.312844923639177	0.46	0.46	0.4	0.432372621708254	5
chr20	47623331	47625553	2223	58	21.1508620689655	-0.372935915281444	0.372935915281444	-0.398610154696634	0.398610154696634	hypo	case		0.0648892812714949	0.46	0.46	0.4	0.432372621708254	5
chr20	40988129	40991251	3123	84	22.0494047619048	-0.377867283294646	0.377867283294646	-0.444249764504815	0.444249764504815	hypo	case		0.132805482484806	0.46	0.46	0.4	0.432372621708254	5
chr20	53121736	53125626	3891	72	19.4986111111111	-0.384615609295055	0.384615609295055	-0.383017845950212	0.383017845950212	hypo	case		0.124365232405156	0.46	0.46	0.4	0.432372621708254	5
chr20	14529963	14533334	3372	70	23.4621428571429	-0.407226455385476	0.407226455385476	-0.435866218847131	0.435866218847131	hypo	case		0.515947513759803	0.46	0.515947513759803	0.5	0.523027894488147	5
chr20	15803828	15808217	4390	92	23.1619565217391	-0.309985136638987	0.309985136638987	-0.329502650852452	0.329502650852452	hypo	case		0.648510223351332	0.46	0.648510223351332	2.5	0.648141514174027	5
chr20	49666627	49670163	3537	93	20.6408602150538	-0.329554987388772	0.329554987388772	-0.361221366968342	0.361221366968342	hypo	case		0.155088905259317	0.46	0.46	0.4	0.432372621708254	5
chr21	19079627	19082225	2599	52	21.5019230769231	-0.312883169540755	0.312883169540755	-0.322626111677651	0.322626111677651	hypo	case		0.505255060213146	0.46	0.505255060213146	0.5	0.523027894488147	5
chr20	26254138	26258697	4560	58	24.6112068965517	-0.469753540724065	0.469753540724065	-0.478668758088923	0.478668758088923	hypo	case		0.0935781643530025	0.46	0.46	0.4	0.432372621708254	5
chr21	40478787	40482355	3569	75	23.396	-0.413085462004027	0.413085462004027	-0.440747470655584	0.440747470655584	hypo	case		0.408167825453127	0.46	0.46	0.4	0.432372621708254	5
chr21	26944712	26948905	4194	80	19.88625	-0.381351960246515	0.381351960246515	-0.430331503999015	0.430331503999015	hypo	case		0.426850498405181	0.46	0.46	0.4	0.432372621708254	5
chr20	34739691	34743067	3377	90	18.4755555555556	-0.436724760411251	0.436724760411251	-0.472163496046786	0.472163496046786	hypo	case		0.302168897484564	0.46	0.46	0.4	0.432372621708254	5
chr20	55526501	55530229	3729	50	21.387	-0.275563998930132	0.275563998930132	-0.291078666637508	0.291078666637508	hypo	case		0.866449015635715	0.46	0.866449015635715	2.8	0.682213840132396	5
chr20	60568808	60572526	3719	82	21.0317073170732	-0.382514809421357	0.382514809421357	-0.412463784580865	0.412463784580865	hypo	case		0.136346499240787	0.46	0.46	0.4	0.432372621708254	5
chr21	20329786	20332978	3193	62	20.1782258064516	-0.39398716463238	0.39398716463238	-0.415517211123675	0.415517211123675	hypo	case		0.246491899548739	0.46	0.46	0.4	0.432372621708254	5
chr21	9353094	9354959	1866	86	69.8709302325581	-0.412706686921994	0.412706686921994	-0.422596389285986	0.422596389285986	hypo	case		0.0819267829559828	0.46	0.46	0.4	0.432372621708254	5
chr21	35632277	35636040	3764	80	24.6925	-0.356703089084816	0.356703089084816	-0.360009211662412	0.360009211662412	hypo	case		0.108607226773537	0.46	0.46	0.4	0.432372621708254	5
chr20	39902851	39905362	2512	60	18.815	-0.352371515928234	0.352371515928234	-0.395963364530289	0.395963364530289	hypo	case		0.489028983018099	0.46	0.489028983018099	0.5	0.523027894488147	5
chr21	17864255	17867336	3082	50	20.127	-0.312064771502878	0.312064771502878	-0.334425613978267	0.334425613978267	hypo	case		0.971271702020235	0.46	0.971271702020235	2.8	0.682213840132396	5
chr20	37643455	37646052	2598	52	22.4615384615385	-0.401877832549719	0.401877832549719	-0.424231200354337	0.424231200354337	hypo	case		0.396795487705408	0.46	0.46	0.4	0.432372621708254	5
chr21	31525031	31527515	2485	92	22.8929347826087	-0.373674976379594	0.373674976379594	-0.37453800642026	0.37453800642026	hypo	case		0.713458582727728	0.46	0.713458582727728	2.8	0.682213840132396	5
chr21	21003530	21006735	3206	52	21.2913461538462	-0.399560067211667	0.399560067211667	-0.423856276109742	0.423856276109742	hypo	case		0.233670463528254	0.46	0.46	0.4	0.432372621708254	5
chr20	38111528	38115646	4119	115	22.1747826086957	-0.403311936403828	0.403311936403828	-0.413805097045045	0.413805097045045	hypo	case		0.251242064135165	0.46	0.46	0.4	0.432372621708254	5
chr21	27197734	27200423	2690	66	19.719696969697	-0.310141214230585	0.310141214230585	-0.344644286550991	0.344644286550991	hypo	case		0.778803544329885	0.46	0.778803544329885	2.8	0.682213840132396	5
chr21	39714688	39717649	2962	54	22.4583333333333	-0.266763678665119	0.266763678665119	-0.291164320174471	0.291164320174471	hypo	case		0.304702501833174	0.46	0.46	0.4	0.432372621708254	5
chr21	16332336	16334566	2231	56	23.4366071428571	-0.329402265112338	0.329402265112338	-0.33523763977324	0.33523763977324	hypo	case		0.733180702811493	0.46	0.733180702811493	2.8	0.682213840132396	5
chr20	34086690	34090158	3469	128	22.4265625	-0.328245879004772	0.328245879004772	-0.3712134166984	0.3712134166984	hypo	case		0.237823216575852	0.46	0.46	0.4	0.432372621708254	5
chr21	30816770	30819809	3040	50	21.427	-0.42767996240551	0.42767996240551	-0.453921579651412	0.453921579651412	hypo	case		0.104455156168283	0.46	0.46	0.4	0.432372621708254	5
chr21	32689208	32691334	2127	68	24.0764705882353	-0.371383387789519	0.371383387789519	-0.410807521157967	0.410807521157967	hypo	case		0.119000305172863	0.46	0.46	0.4	0.432372621708254	5
chr20	37054311	37056757	2447	78	21.9538461538462	-0.373869325080576	0.373869325080576	-0.372564218176758	0.372564218176758	hypo	case		0.585187462653673	0.46	0.585187462653673	0.7	0.596779781291671	5
chr21	38725085	38728796	3712	78	22.0769230769231	-0.443029604375953	0.443029604375953	-0.46699395856445	0.46699395856445	hypo	case		0.317039808484915	0.46	0.46	0.4	0.432372621708254	5
chr20	29369570	29373156	3587	70	28.1778571428571	-0.344489550857328	0.344489550857328	-0.374748655928038	0.374748655928038	hypo	case		0.360165644860064	0.46	0.46	0.4	0.432372621708254	5
chr21	20798463	20803205	4743	113	22.9964601769912	-0.415417296979654	0.415417296979654	-0.406686531505353	0.406686531505353	hypo	case		0.225062610535696	0.46	0.46	0.4	0.432372621708254	5
chr20	17395833	17398397	2565	54	22.4064814814815	-0.416565312847105	0.416565312847105	-0.435964058781038	0.435964058781038	hypo	case		0.387532826059244	0.46	0.46	0.4	0.432372621708254	5
chr20	31385738	31390551	4814	113	20.9632743362832	-0.321527200505108	0.321527200505108	-0.37262235788447	0.37262235788447	hypo	case		0.0820075394758581	0.46	0.46	0.4	0.432372621708254	5
chr20	64301098	64304868	3771	82	37.7981707317073	-0.434202692486448	0.434202692486448	-0.453605739730244	0.453605739730244	hypo	case		0.507844287979679	0.46	0.507844287979679	0.5	0.523027894488147	5
chr21	10768993	10771714	2722	78	73.3891025641026	-0.382821451986017	0.382821451986017	-0.41906873400585	0.41906873400585	hypo	case		0.218845934292975	0.46	0.46	0.4	0.432372621708254	5
chr20	11903039	11907077	4039	72	24.1361111111111	0.365653695323277	0.365653695323277	0.368916697424333	0.368916697424333	hyper	case		0.420330260860556	0.46	0.46	0.4	0.432372621708254	5
chr21	33093725	33096021	2297	68	22.0772058823529	-0.440771643514159	0.440771643514159	-0.459875311245604	0.459875311245604	hypo	case		0.290361965661662	0.46	0.46	0.4	0.432372621708254	5
chr21	28133008	28137182	4175	74	22.3560810810811	-0.383223360536198	0.383223360536198	-0.395337929921915	0.395337929921915	hypo	case		0.235210286492728	0.46	0.46	0.4	0.432372621708254	5
chr21	37309359	37312132	2774	108	18.1148148148148	-0.307635934705948	0.307635934705948	-0.332692625092952	0.332692625092952	hypo	case		0.771164574201334	0.46	0.771164574201334	2.8	0.682213840132396	5
chr20	12633338	12636354	3017	52	20.9923076923077	-0.372136652446378	0.372136652446378	-0.3725949732811	0.3725949732811	hypo	case		0.726687742883984	0.46	0.726687742883984	2.8	0.682213840132396	5
chr20	44135136	44139330	4195	124	20.445564516129	-0.284506986665407	0.284506986665407	-0.304372035650233	0.304372035650233	hypo	case		0.335321000802077	0.46	0.46	0.4	0.432372621708254	5
chr20	44435737	44437693	1957	86	21.1755813953488	-0.331610264709882	0.331610264709882	-0.351612860135296	0.351612860135296	hypo	case		0.284425980383039	0.46	0.46	0.4	0.432372621708254	5
chr21	39684537	39688642	4106	87	20.5724137931034	0.379817232729132	0.379817232729132	0.418337061258553	0.418337061258553	hyper	case		0.583993067592069	0.46	0.583993067592069	0.7	0.596779781291671	5
chr21	45847364	45851552	4189	98	22.2673469387755	-0.430818157488509	0.430818157488509	-0.458349443678903	0.458349443678903	hypo	case		0.462609004755149	0.46	0.462609004755149	0.4	0.432372621708254	5
chr21	41020829	41025476	4648	84	22.6940476190476	0.359762272013501	0.359762272013501	0.360311410392611	0.360311410392611	hyper	case		0.507502887386967	0.46	0.507502887386967	0.5	0.523027894488147	5
chr21	25418691	25422870	4180	74	20.3432432432432	-0.354037285306591	0.354037285306591	-0.367001970648143	0.367001970648143	hypo	case		0.154236534196604	0.46	0.46	0.4	0.432372621708254	5
chr20	57637344	57640306	2963	56	23.4232142857143	-0.365601801084815	0.365601801084815	-0.416100795220509	0.416100795220509	hypo	case		0.497993950544351	0.46	0.497993950544351	0.5	0.523027894488147	5
chr20	37481554	37485815	4262	80	18.93375	-0.361228039518443	0.361228039518443	-0.368206949122888	0.368206949122888	hypo	case		0.505680617648396	0.46	0.505680617648396	0.5	0.523027894488147	5
chr21	9136198	9139666	3469	55	24.2745454545455	0.332877212385582	0.332877212385582	0.376570873829935	0.376570873829935	hyper	case		0.257679285928672	0.46	0.46	0.4	0.432372621708254	5
chr21	9915287	9917553	2267	56	60.4508928571429	-0.246884563342461	0.246884563342461	-0.274330693689883	0.274330693689883	hypo	case		0.399058769625542	0.46	0.46	0.4	0.432372621708254	5
chr20	4402893	4407819	4927	70	22.4592857142857	-0.373613787256148	0.373613787256148	-0.427231774171422	0.427231774171422	hypo	case		0.144614308891621	0.46	0.46	0.4	0.432372621708254	5
chr20	22415438	22418893	3456	52	22.5461538461538	-0.364487807831801	0.364487807831801	-0.409404378929355	0.409404378929355	hypo	case		0.365330590766219	0.46	0.46	0.4	0.432372621708254	5
chr21	13401033	13403918	2886	59	23.156779661017	-0.413016672227411	0.413016672227411	-0.437213197317153	0.437213197317153	hypo	case		0.394482977476509	0.46	0.46	0.4	0.432372621708254	5
chr20	26658616	26663204	4589	137	29.2467153284672	-0.381537180830272	0.381537180830272	-0.413397643737804	0.413397643737804	hypo	case		0.1177798794432	0.46	0.46	0.4	0.432372621708254	5
chr20	43567502	43570954	3453	106	23.0698113207547	-0.365461591754954	0.365461591754954	-0.398337654430715	0.398337654430715	hypo	case		0.487887995302852	0.46	0.487887995302852	0.5	0.523027894488147	5
chr21	14429229	14432053	2825	50	17.48	-0.315726999580784	0.315726999580784	-0.298703581209185	0.298703581209185	hypo	case		0.225825810397044	0.46	0.46	0.4	0.432372621708254	5
chr20	59984667	59987769	3103	92	22.4929347826087	-0.322654954980631	0.322654954980631	-0.336712278839447	0.336712278839447	hypo	case		0.265152147257833	0.46	0.46	0.4	0.432372621708254	5
chr20	52513783	52518293	4511	52	21.4471153846154	-0.393323919120479	0.393323919120479	-0.385870188275801	0.385870188275801	hypo	case		0.261429397186507	0.46	0.46	0.4	0.432372621708254	5
chr20	31709303	31710967	1665	72	21.6680555555556	0.302153805117017	0.302153805117017	0.321381155743612	0.321381155743612	hyper	case		0.205427683460338	0.46	0.46	0.4	0.432372621708254	5
chr20	1421380	1425030	3651	66	23.8522727272727	-0.27043722094928	0.27043722094928	-0.347397194264842	0.347397194264842	hypo	case		0.136468535729604	0.46	0.46	0.4	0.432372621708254	5
chr20	15609243	15614195	4953	92	19.0923913043478	-0.389797115831294	0.389797115831294	-0.40607861598046	0.40607861598046	hypo	case		0.237097957991965	0.46	0.46	0.4	0.432372621708254	5
chr20	17516907	17520223	3317	84	20.6517857142857	-0.393016133500232	0.393016133500232	-0.44551916298596	0.44551916298596	hypo	case		0.146509643665416	0.46	0.46	0.4	0.432372621708254	5
chr21	31405007	31407928	2922	72	20.4923611111111	-0.307269814203923	0.307269814203923	-0.311586600190016	0.311586600190016	hypo	case		0.734592995346786	0.46	0.734592995346786	2.8	0.682213840132396	5
chr20	23277536	23280475	2940	68	20.2757352941177	-0.381054682387749	0.381054682387749	-0.389937812139988	0.389937812139988	hypo	case		0.244631062664032	0.46	0.46	0.4	0.432372621708254	5
chr20	12048359	12053316	4958	98	24.3704081632653	-0.261775481833325	0.261775481833325	-0.275088329552274	0.275088329552274	hypo	case		0.736600020198546	0.46	0.736600020198546	2.8	0.682213840132396	5
chr21	26235820	26238907	3088	62	19.0725806451613	-0.411328631058322	0.411328631058322	-0.437823918527893	0.437823918527893	hypo	case		0.394259422657868	0.46	0.46	0.4	0.432372621708254	5
chr21	26050177	26053526	3350	70	21.9307142857143	-0.324744665043359	0.324744665043359	-0.337333408417596	0.337333408417596	hypo	case		0.461105057573953	0.46	0.461105057573953	0.4	0.432372621708254	5
chr20	6643964	6648878	4915	85	20.8552941176471	-0.403324511071331	0.403324511071331	-0.409361731594478	0.409361731594478	hypo	case		0.0374318528078422	0.46	0.46	0.4	0.432372621708254	5
chr21	24481370	24485236	3867	60	19.7758333333333	-0.389931176700797	0.389931176700797	-0.439932326585448	0.439932326585448	hypo	case		0.314011723750001	0.46	0.46	0.4	0.432372621708254	5
chr21	35068707	35071898	3192	60	22.8366666666667	-0.366649239021238	0.366649239021238	-0.390240429911747	0.390240429911747	hypo	case		0.313983500249378	0.46	0.46	0.4	0.432372621708254	5
chr20	28796361	28800450	4090	52	33.3740384615385	-0.301838818136955	0.301838818136955	-0.303921548532335	0.303921548532335	hypo	case		0.200161835966297	0.46	0.46	0.4	0.432372621708254	5
chr21	15377165	15381438	4274	58	20.4034482758621	-0.365648614987237	0.365648614987237	-0.438788306060689	0.438788306060689	hypo	case		0.448607801974779	0.46	0.46	0.4	0.432372621708254	5
chr21	16050115	16051672	1558	57	25.640350877193	-0.388941466676474	0.388941466676474	-0.420188792582946	0.420188792582946	hypo	case		0.383963957914247	0.46	0.46	0.4	0.432372621708254	5
chr20	15015722	15020056	4335	82	22.2780487804878	-0.451185634780465	0.451185634780465	-0.4753117014726	0.4753117014726	hypo	case		0.102888500292124	0.46	0.46	0.4	0.432372621708254	5
chr20	8449282	8451715	2434	54	22.7555555555556	-0.284919465316799	0.284919465316799	-0.315173953461263	0.315173953461263	hypo	case		0.421378207592189	0.46	0.46	0.4	0.432372621708254	5
chr20	925141	928673	3533	82	23.3292682926829	-0.373381290084374	0.373381290084374	-0.377211777531629	0.377211777531629	hypo	case		0.202971645631455	0.46	0.46	0.4	0.432372621708254	5
chr20	16042160	16045829	3670	56	22.6982142857143	-0.351269295321698	0.351269295321698	-0.360178710646597	0.360178710646597	hypo	case		0.464811347179692	0.46	0.464811347179692	0.4	0.432372621708254	5
chr21	21394519	21398500	3982	78	21.3166666666667	-0.381667256478274	0.381667256478274	-0.391774760349977	0.391774760349977	hypo	case		0.16952504558142	0.46	0.46	0.4	0.432372621708254	5
chr21	16246238	16249897	3660	78	21.6660256410256	-0.432275262024828	0.432275262024828	-0.459139135654514	0.459139135654514	hypo	case		0.178328739740464	0.46	0.46	0.4	0.432372621708254	5
chr21	10739347	10741770	2424	100	53.8135	-0.417220103208637	0.417220103208637	-0.444663174428506	0.444663174428506	hypo	case		0.267507074854699	0.46	0.46	0.4	0.432372621708254	5
chr21	20001705	20003703	1999	52	21.6769230769231	-0.381550102740662	0.381550102740662	-0.380732993346678	0.380732993346678	hypo	case		0.57691560470218	0.46	0.57691560470218	0.7	0.596779781291671	5
chr20	33565801	33569405	3605	100	19.433	0.367450326684578	0.367450326684578	0.392043999721885	0.392043999721885	hyper	case		0.228038082624075	0.46	0.46	0.4	0.432372621708254	5
chr21	8819007	8820952	1946	150	35.6163333333333	-0.469350461599893	0.469350461599893	-0.491651716534821	0.491651716534821	hypo	case		0.141594474047071	0.46	0.46	0.4	0.432372621708254	5
chr21	33613784	33618651	4868	150	20.7083333333333	-0.36364935892143	0.36364935892143	-0.406274788877953	0.406274788877953	hypo	case		0.169568002168393	0.46	0.46	0.4	0.432372621708254	5
chr20	59443582	59447484	3903	98	23.9183673469388	-0.4190308066475	0.4190308066475	-0.45899502338473	0.45899502338473	hypo	case		0.283320184113855	0.46	0.46	0.4	0.432372621708254	5
chr21	38036941	38040797	3857	64	21.328125	-0.379785744342908	0.379785744342908	-0.456240612917071	0.456240612917071	hypo	case		0.381983932528728	0.46	0.46	0.4	0.432372621708254	5
chr20	22035227	22039985	4759	78	23.4153846153846	-0.40040938921488	0.40040938921488	-0.44233759742929	0.44233759742929	hypo	case		0.383074157923505	0.46	0.46	0.4	0.432372621708254	5
chr21	45694909	45697674	2766	70	21.6714285714286	-0.468239268816312	0.468239268816312	-0.505284532578986	0.505284532578986	hypo	case		0.0528586171188687	0.46	0.46	0.4	0.432372621708254	5
chr20	54989718	54993302	3585	52	18.9221153846154	-0.409047576744609	0.409047576744609	-0.439972125030252	0.439972125030252	hypo	case		0.352488322185049	0.46	0.46	0.4	0.432372621708254	5
chr20	16988342	16990773	2432	54	20.0537037037037	-0.311522399241243	0.311522399241243	-0.310443408400853	0.310443408400853	hypo	case		0.218941361857175	0.46	0.46	0.4	0.432372621708254	5
chr20	52541066	52545013	3948	99	19.690404040404	-0.351511838118563	0.351511838118563	-0.395654632983607	0.395654632983607	hypo	case		0.431606504439057	0.46	0.46	0.4	0.432372621708254	5
chr20	50555383	50558115	2733	70	23.8421428571429	-0.272388396995902	0.272388396995902	-0.295554524690372	0.295554524690372	hypo	case		0.738729264085704	0.46	0.738729264085704	2.8	0.682213840132396	5
chr21	21409216	21411001	1786	58	18.8810344827586	-0.395359161646759	0.395359161646759	-0.427038099762055	0.427038099762055	hypo	case		0.160142704169401	0.46	0.46	0.4	0.432372621708254	5
chr20	35652603	35655525	2923	98	20.9678571428571	-0.334940657235049	0.334940657235049	-0.361456560393903	0.361456560393903	hypo	case		0.614218292845961	0.46	0.614218292845961	2.4	0.624549067415542	5
chr20	37052063	37053498	1436	52	22.3086538461538	-0.408608788089065	0.408608788089065	-0.428227592166747	0.428227592166747	hypo	case		0.103687498754757	0.46	0.46	0.4	0.432372621708254	5
chr20	1403454	1405893	2440	58	21.5422413793103	-0.450343146800109	0.450343146800109	-0.48087523586018	0.48087523586018	hypo	case		0.109022822971504	0.46	0.46	0.4	0.432372621708254	5
chr21	45649954	45653037	3084	52	23.2221153846154	-0.371744222404313	0.371744222404313	-0.3689689555145	0.3689689555145	hypo	case		0.561874674574721	0.46	0.561874674574721	0.6	0.531925724845128	5
chr20	35065754	35069165	3412	67	21.5350746268657	-0.320745762149359	0.320745762149359	-0.352323438543409	0.352323438543409	hypo	case		0.202595162871241	0.46	0.46	0.4	0.432372621708254	5
chr20	55981271	55984327	3057	78	23.4262820512821	-0.338836158215612	0.338836158215612	-0.365270776514353	0.365270776514353	hypo	case		0.0877620862160305	0.46	0.46	0.4	0.432372621708254	5
chr20	38683912	38687218	3307	62	22.2475806451613	0.322955252719347	0.322955252719347	0.413967597968589	0.413967597968589	hyper	case		0.1007799119757	0.46	0.46	0.4	0.432372621708254	5
chr20	2369451	2373090	3640	68	24.9977941176471	-0.40874811988728	0.40874811988728	-0.435111304621998	0.435111304621998	hypo	case		0.110920274540016	0.46	0.46	0.4	0.432372621708254	5
chr21	28250461	28254853	4393	78	19.9878205128205	-0.335185416561796	0.335185416561796	-0.394183335260389	0.394183335260389	hypo	case		0.196436366258696	0.46	0.46	0.4	0.432372621708254	5
chr21	35593156	35596666	3511	68	19.8183823529412	-0.369121645048789	0.369121645048789	-0.367036525843939	0.367036525843939	hypo	case		0.99	0.46	0.99	2.8	0.682213840132396	5
chr21	17062083	17065150	3068	56	23.4732142857143	-0.460891092720165	0.460891092720165	-0.49916227787441	0.49916227787441	hypo	case		0.0739639116907161	0.46	0.46	0.4	0.432372621708254	5
chr20	29034255	29035936	1682	74	23.7256756756757	-0.440843347015231	0.440843347015231	-0.475992064977804	0.475992064977804	hypo	case		0.213334408451537	0.46	0.46	0.4	0.432372621708254	5
chr21	46507571	46512178	4608	137	22.1737226277372	-0.407576167753621	0.407576167753621	-0.416568417670898	0.416568417670898	hypo	case		0.128723322622954	0.46	0.46	0.4	0.432372621708254	5
chr21	39044913	39046727	1815	54	21.1907407407407	-0.407541981207799	0.407541981207799	-0.444813995401282	0.444813995401282	hypo	case		0.585763816102215	0.46	0.585763816102215	0.7	0.596779781291671	5
chr20	20054342	20058035	3694	70	23.3128571428571	-0.389442505704186	0.389442505704186	-0.433176766982763	0.433176766982763	hypo	case		0.546771325004056	0.46	0.546771325004056	0.6	0.531925724845128	5
chr20	60628278	60633063	4786	110	19.4718181818182	-0.347020911093167	0.347020911093167	-0.374531722579957	0.374531722579957	hypo	case		0.339092579792275	0.46	0.46	0.4	0.432372621708254	5
chr21	13277736	13281414	3679	68	21.3257352941176	-0.414640604344909	0.414640604344909	-0.44903018521851	0.44903018521851	hypo	case		0.218050076349248	0.46	0.46	0.4	0.432372621708254	5
chr21	24055798	24060683	4886	72	21.2506944444444	-0.388669907462439	0.388669907462439	-0.423632348044852	0.423632348044852	hypo	case		0.20729382357956	0.46	0.46	0.4	0.432372621708254	5
chr20	4408359	4412762	4404	70	23.1842857142857	-0.435045153430626	0.435045153430626	-0.452389733107555	0.452389733107555	hypo	case		0.390670999280453	0.46	0.46	0.4	0.432372621708254	5
chr21	37892921	37895241	2321	58	21.0991379310345	-0.313502524795622	0.313502524795622	-0.331049295529844	0.331049295529844	hypo	case		0.232933565216874	0.46	0.46	0.4	0.432372621708254	5
chr21	22836778	22840917	4140	52	22.6317307692308	-0.36363481007496	0.36363481007496	-0.367306482087303	0.367306482087303	hypo	case		0.479110325640688	0.46	0.479110325640688	0.5	0.523027894488147	5
chr20	8956513	8958927	2415	52	21.25	-0.382177251463204	0.382177251463204	-0.399098195817185	0.399098195817185	hypo	case		0.227130215525696	0.46	0.46	0.4	0.432372621708254	5
chr21	10606064	10609061	2998	68	57.4720588235294	-0.354753492298328	0.354753492298328	-0.349278450423202	0.349278450423202	hypo	case		0.502361649057627	0.46	0.502361649057627	0.5	0.523027894488147	5
chr21	28682486	28685643	3158	54	23.8157407407407	-0.377595105104892	0.377595105104892	-0.401874229747942	0.401874229747942	hypo	case		0.477383894309176	0.46	0.477383894309176	0.4	0.432372621708254	5
chr21	33564200	33568511	4312	90	21.5622222222222	-0.348601760468297	0.348601760468297	-0.350295363342819	0.350295363342819	hypo	case		0.399519439910446	0.46	0.46	0.4	0.432372621708254	5
chr20	9031607	9033668	2062	54	21.4351851851852	-0.408086350748786	0.408086350748786	-0.446106844984675	0.446106844984675	hypo	case		0.341162501841682	0.46	0.46	0.4	0.432372621708254	5
chr20	52491817	52494848	3032	90	21.9755555555556	-0.332621170853365	0.332621170853365	-0.342424803273764	0.342424803273764	hypo	case		0.28053731893958	0.46	0.46	0.4	0.432372621708254	5
chr20	30549554	30553176	3623	55	19.1936363636364	-0.377431608039513	0.377431608039513	-0.40291415482939	0.40291415482939	hypo	case		0.40189422976409	0.46	0.46	0.4	0.432372621708254	5
chr21	27069753	27074523	4771	68	20.5830882352941	-0.378331883047413	0.378331883047413	-0.388850167471042	0.388850167471042	hypo	case		0.0347158575442794	0.46	0.46	0.4	0.432372621708254	5
chr21	23073183	23075622	2440	50	23.95	-0.438579088341893	0.438579088341893	-0.461820593754649	0.461820593754649	hypo	case		0.296071665934281	0.46	0.46	0.4	0.432372621708254	5
chr21	26243315	26246883	3569	66	23.1795454545455	-0.393896816126326	0.393896816126326	-0.406359597799242	0.406359597799242	hypo	case		0.337764430747063	0.46	0.46	0.4	0.432372621708254	5
chr21	24735848	24739018	3171	64	21.9203125	-0.372731245307244	0.372731245307244	-0.426775860493409	0.426775860493409	hypo	case		0.347407984094182	0.46	0.46	0.4	0.432372621708254	5
chr21	16187998	16190260	2263	65	21.2246153846154	-0.425345764304565	0.425345764304565	-0.447355498782961	0.447355498782961	hypo	case		0.50408610521949	0.46	0.50408610521949	0.5	0.523027894488147	5
chr21	23683621	23687177	3557	58	23.4275862068966	-0.404528588872035	0.404528588872035	-0.443551425471849	0.443551425471849	hypo	case		0.46492321923017	0.46	0.46492321923017	0.4	0.432372621708254	5
chr20	15367096	15370597	3502	60	22.3475	-0.360086741049449	0.360086741049449	-0.3583655897903	0.3583655897903	hypo	case		0.559896028260875	0.46	0.559896028260875	0.6	0.531925724845128	5
chr21	40766775	40768979	2205	54	23.4388888888889	-0.287502589027795	0.287502589027795	-0.293120271436498	0.293120271436498	hypo	case		0.99	0.46	0.99	2.8	0.682213840132396	5
chr21	13574738	13579652	4915	64	23.40078125	0.291747978205486	0.291747978205486	0.328290463394062	0.328290463394062	hyper	case		0.128689625037155	0.46	0.46	0.4	0.432372621708254	5
chr20	18922321	18926940	4620	76	22.1901315789474	-0.421177428398558	0.421177428398558	-0.438643052061743	0.438643052061743	hypo	case		0.160252879738245	0.46	0.46	0.4	0.432372621708254	5
chr20	6655885	6659789	3905	58	21.6405172413793	-0.383025237134343	0.383025237134343	-0.412036448775337	0.412036448775337	hypo	case		0.120003982622308	0.46	0.46	0.4	0.432372621708254	5
chr20	3952581	3955344	2764	80	24.205	-0.465237140975206	0.465237140975206	-0.465422545742831	0.465422545742831	hypo	case		0.388654642606006	0.46	0.46	0.4	0.432372621708254	5
chr21	13877482	13881849	4368	71	28.4246478873239	-0.308157055805058	0.308157055805058	-0.322813012944744	0.322813012944744	hypo	case		0.0640087450450956	0.46	0.46	0.4	0.432372621708254	5
chr20	25606607	25609091	2485	56	22.3901785714286	-0.318241905006535	0.318241905006535	-0.336169533927744	0.336169533927744	hypo	case		0.0768068576360508	0.46	0.46	0.4	0.432372621708254	5
chr20	21163769	21166885	3117	68	23.2823529411765	-0.365761420234946	0.365761420234946	-0.328147494390078	0.328147494390078	hypo	case		0.471321637344208	0.46	0.471321637344208	0.4	0.432372621708254	5
chr20	18821104	18825402	4299	95	21.5263157894737	-0.420606970996587	0.420606970996587	-0.442337191800813	0.442337191800813	hypo	case		0.134745996743873	0.46	0.46	0.4	0.432372621708254	5
chr20	41153114	41155614	2501	52	25.3	-0.352379518785914	0.352379518785914	-0.360709656194069	0.360709656194069	hypo	case		0.724748314923222	0.46	0.724748314923222	2.8	0.682213840132396	5
chr20	1176315	1179732	3418	56	24.25625	-0.410328558413783	0.410328558413783	-0.438110783638675	0.438110783638675	hypo	case		0.414321120293327	0.46	0.46	0.4	0.432372621708254	5
chr20	42105894	42108350	2457	68	18.6426470588235	-0.424572861236296	0.424572861236296	-0.463818976097125	0.463818976097125	hypo	case		0.346126159126665	0.46	0.46	0.4	0.432372621708254	5
chr21	17688824	17691841	3018	77	12.8214285714286	-0.304546629840748	0.304546629840748	-0.315769483118075	0.315769483118075	hypo	case		0.344695337974728	0.46	0.46	0.4	0.432372621708254	5
chr21	39421985	39426346	4362	61	19.8008196721312	-0.349794836006467	0.349794836006467	-0.386364261046365	0.386364261046365	hypo	case		0.0792585246369392	0.46	0.46	0.4	0.432372621708254	5
chr20	59763830	59767355	3526	52	23.0990384615385	-0.397835897765951	0.397835897765951	-0.420578234492766	0.420578234492766	hypo	case		0.457168846983086	0.46	0.46	0.4	0.432372621708254	5
chr20	42854892	42859882	4991	98	20.3709183673469	-0.349098301953028	0.349098301953028	-0.373615898783183	0.373615898783183	hypo	case		0.263316799666603	0.46	0.46	0.4	0.432372621708254	5
chr20	41307909	41311142	3234	58	20.6896551724138	-0.227114810832834	0.227114810832834	-0.259824686214714	0.259824686214714	hypo	case		0.347838492628742	0.46	0.46	0.4	0.432372621708254	5
chr20	7420789	7425020	4232	51	17.4901960784314	-0.385955155955156	0.385955155955156	-0.413640894772437	0.413640894772437	hypo	case		0.447429240273115	0.46	0.46	0.4	0.432372621708254	5
chr20	2911782	2913538	1757	57	20.3140350877193	-0.389659428805805	0.389659428805805	-0.433241679678308	0.433241679678308	hypo	case		0.112889835359549	0.46	0.46	0.4	0.432372621708254	5
chr20	12815934	12820159	4226	51	21.728431372549	-0.410853221889677	0.410853221889677	-0.436312478732306	0.436312478732306	hypo	case		0.253292631631913	0.46	0.46	0.4	0.432372621708254	5
chr20	56153952	56158749	4798	104	24.4524038461539	-0.325432868066953	0.325432868066953	-0.31599874396755	0.31599874396755	hypo	case		0.829705789379374	0.46	0.829705789379374	2.8	0.682213840132396	5
chr21	5296455	5300102	3648	76	40.9921052631579	-0.360183358296324	0.360183358296324	-0.39728863427972	0.39728863427972	hypo	case		0.175516731197672	0.46	0.46	0.4	0.432372621708254	5
chr20	41531597	41535104	3508	50	23.352	-0.391696487500688	0.391696487500688	-0.408633786700179	0.408633786700179	hypo	case		0.109954116097004	0.46	0.46	0.4	0.432372621708254	5
chr20	26097602	26100075	2474	50	25.371	-0.367963490897847	0.367963490897847	-0.405273252184787	0.405273252184787	hypo	case		0.213623770924194	0.46	0.46	0.4	0.432372621708254	5
chr21	34210009	34213952	3944	55	20.8145454545455	-0.383703389186203	0.383703389186203	-0.420475547170286	0.420475547170286	hypo	case		0.280677145985271	0.46	0.46	0.4	0.432372621708254	5
chr20	15682748	15685875	3128	51	24.0196078431373	-0.391157787809686	0.391157787809686	-0.398953388409493	0.398953388409493	hypo	case		0.673109552868732	0.46	0.673109552868732	1.1	0.67423733188773	5
chr20	42990071	42994192	4122	66	20.5462121212121	-0.382948598475579	0.382948598475579	-0.442944883464592	0.442944883464592	hypo	case		0.260907903670051	0.46	0.46	0.4	0.432372621708254	5
chr20	60955622	60959366	3745	59	23.664406779661	-0.393842746980116	0.393842746980116	-0.40687928385139	0.40687928385139	hypo	case		0.126855649022235	0.46	0.46	0.4	0.432372621708254	5
chr20	11445243	11448724	3482	52	24.8759615384615	-0.311930593341453	0.311930593341453	-0.352118917624216	0.352118917624216	hypo	case		0.160295671746662	0.46	0.46	0.4	0.432372621708254	5
chr20	18534169	18536679	2511	60	24.76	-0.388999406528776	0.388999406528776	-0.417092643189931	0.417092643189931	hypo	case		0.520193414590343	0.46	0.520193414590343	0.5	0.523027894488147	5
chr21	9548849	9552413	3565	112	28.6875	-0.359094928539986	0.359094928539986	-0.40015559043796	0.40015559043796	hypo	case		0.31938524134128	0.46	0.46	0.4	0.432372621708254	5
chr20	8719130	8723091	3962	84	23.8482142857143	0.327158077224424	0.327158077224424	0.347991886895062	0.347991886895062	hyper	case		0.190721280723042	0.46	0.46	0.4	0.432372621708254	5
chr20	8308338	8313298	4961	89	23.4466292134831	-0.266066558694539	0.266066558694539	-0.256776972183069	0.256776972183069	hypo	case		0.310252151776529	0.46	0.46	0.4	0.432372621708254	5
chr20	11893610	11896523	2914	56	22.0392857142857	0.327115268413684	0.327115268413684	0.349948870792487	0.349948870792487	hyper	case		0.456857481432621	0.46	0.46	0.4	0.432372621708254	5
chr20	44194014	44195363	1350	50	21.523	-0.443271962750394	0.443271962750394	-0.452682736148948	0.452682736148948	hypo	case		0.546872153334015	0.46	0.546872153334015	0.6	0.531925724845128	5
chr21	20334482	20338444	3963	50	19.658	-0.350656807790395	0.350656807790395	-0.372376557060892	0.372376557060892	hypo	case		0.324208694513179	0.46	0.46	0.4	0.432372621708254	5
chr20	23418269	23421950	3682	275	21.3143636363636	0.394334353807015	0.394334353807015	0.408732438660546	0.408732438660546	hyper	case		0.352115747837081	0.46	0.46	0.4	0.432372621708254	5
chr20	44898569	44903281	4713	124	21.8274193548387	-0.315509231022056	0.315509231022056	-0.323654167553442	0.323654167553442	hypo	case		0.481687399951934	0.46	0.481687399951934	0.5	0.523027894488147	5
chr20	9399995	9403255	3261	54	23.3888888888889	-0.384253858479567	0.384253858479567	-0.42761301067122	0.42761301067122	hypo	case		0.262959989089103	0.46	0.46	0.4	0.432372621708254	5
chr21	29092200	29095484	3285	93	21.4629032258065	-0.453597470836921	0.453597470836921	-0.483319021446474	0.483319021446474	hypo	case		0.0722328809999791	0.46	0.46	0.4	0.432372621708254	5
chr21	33715608	33720466	4859	138	21.481884057971	-0.385940534801716	0.385940534801716	-0.423231345924485	0.423231345924485	hypo	case		0.0754849209223872	0.46	0.46	0.4	0.432372621708254	5
chr21	25326029	25329578	3550	62	21.0588709677419	-0.340580815133598	0.340580815133598	-0.338510859755138	0.338510859755138	hypo	case		0.845823065829469	0.46	0.845823065829469	2.8	0.682213840132396	5
chr21	26516520	26517110	591	52	23.4836538461538	-0.421468851544651	0.421468851544651	-0.434342704599487	0.434342704599487	hypo	case		0.433899226652333	0.46	0.46	0.4	0.432372621708254	5
chr20	11410934	11413420	2487	70	21.5385714285714	-0.413161492217883	0.413161492217883	-0.432522364558774	0.432522364558774	hypo	case		0.17420789613456	0.46	0.46	0.4	0.432372621708254	5
chr21	40382099	40386802	4704	146	20.4006849315069	0.254891798643502	0.254891798643502	0.276036527525154	0.276036527525154	hyper	case		0.202551945554281	0.46	0.46	0.4	0.432372621708254	5
chr20	17950083	17954927	4845	131	23.9175572519084	-0.379366143379426	0.379366143379426	-0.410704258524544	0.410704258524544	hypo	case		0.227280587912997	0.46	0.46	0.4	0.432372621708254	5
chr20	46586994	46590033	3040	84	22.5494047619048	-0.457478109219268	0.457478109219268	-0.488893685302916	0.488893685302916	hypo	case		0.209834828660985	0.46	0.46	0.4	0.432372621708254	5
chr20	21592942	21596741	3800	52	25.2201923076923	-0.326149963498415	0.326149963498415	-0.336881303156315	0.336881303156315	hypo	case		0.214258218448615	0.46	0.46	0.4	0.432372621708254	5
chr20	37732372	37735393	3022	68	21.2286764705882	-0.426383405245866	0.426383405245866	-0.446382462810186	0.446382462810186	hypo	case		0.307355547432534	0.46	0.46	0.4	0.432372621708254	5
chr21	20770124	20774199	4076	92	21.7059782608696	-0.455543734464052	0.455543734464052	-0.484346613536958	0.484346613536958	hypo	case		0.119837804099011	0.46	0.46	0.4	0.432372621708254	5
chr20	55192633	55195263	2631	63	20.784126984127	-0.427791469967941	0.427791469967941	-0.458885968942969	0.458885968942969	hypo	case		0.106398264597498	0.46	0.46	0.4	0.432372621708254	5
chr20	39249667	39252710	3044	84	21.9178571428571	-0.355063197721199	0.355063197721199	-0.388490745583147	0.388490745583147	hypo	case		0.141285394496053	0.46	0.46	0.4	0.432372621708254	5
chr20	40437293	40441231	3939	70	22.0707142857143	-0.378725381764925	0.378725381764925	-0.408743010156434	0.408743010156434	hypo	case		0.59378159965982	0.46	0.59378159965982	0.7	0.596779781291671	5
chr21	10009933	10011772	1840	64	26.52890625	-0.262635539593807	0.262635539593807	-0.268611148863874	0.268611148863874	hypo	case		0.576375151703608	0.46	0.576375151703608	0.7	0.596779781291671	5
chr21	23451947	23454495	2549	57	19.1605263157895	0.396955963243208	0.396955963243208	0.389680638091915	0.389680638091915	hyper	case		0.206164531684081	0.46	0.46	0.4	0.432372621708254	5
chr21	30035713	30037601	1889	52	22.9682692307692	-0.420492542454634	0.420492542454634	-0.439600816685688	0.439600816685688	hypo	case		0.0958194390451403	0.46	0.46	0.4	0.432372621708254	5
chr21	37717521	37721007	3487	107	20.0518691588785	-0.294710796599341	0.294710796599341	-0.292811073770669	0.292811073770669	hypo	case		0.442897024514809	0.46	0.46	0.4	0.432372621708254	5
chr21	22270146	22275120	4975	88	14.1869318181818	-0.352061228997181	0.352061228997181	-0.350711312873654	0.350711312873654	hypo	case		0.700922499945151	0.46	0.700922499945151	2.8	0.682213840132396	5
chr21	18561615	18563439	1825	56	17.80625	-0.340221059197423	0.340221059197423	-0.432360693809797	0.432360693809797	hypo	case		0.267416700967464	0.46	0.46	0.4	0.432372621708254	5
chr21	20584011	20586637	2627	89	21.7511235955056	-0.359161477067824	0.359161477067824	-0.40501152869007	0.40501152869007	hypo	case		0.535444654522319	0.46	0.535444654522319	0.6	0.531925724845128	5
chr20	54998243	55000421	2179	50	22.33	-0.317825034984369	0.317825034984369	-0.36396773139202	0.36396773139202	hypo	case		0.633798838021536	0.46	0.633798838021536	1.6	0.634986191344257	5
chr21	17574732	17577816	3085	60	21.1333333333333	-0.421894050775934	0.421894050775934	-0.420035859591046	0.420035859591046	hypo	case		0.651688846603969	0.46	0.651688846603969	3	0.653607973297379	5
chr20	35423631	35428410	4780	148	21.0780405405405	-0.403530546509809	0.403530546509809	-0.438399201423988	0.438399201423988	hypo	case		0.502159316347158	0.46	0.502159316347158	0.5	0.523027894488147	5
chr20	32928209	32933152	4944	134	21.7597014925373	-0.390447930670254	0.390447930670254	-0.417898502305849	0.417898502305849	hypo	case		0.180705760928406	0.46	0.46	0.4	0.432372621708254	5
chr20	37219823	37223010	3188	56	21.7589285714286	-0.305194429611138	0.305194429611138	-0.293918561037779	0.293918561037779	hypo	case		0.985768832259119	0.46	0.985768832259119	2.8	0.682213840132396	5
chr20	43072673	43076608	3936	80	21.0025	-0.386343105771938	0.386343105771938	-0.416442697233917	0.416442697233917	hypo	case		0.404254022015117	0.46	0.46	0.4	0.432372621708254	5
chr20	33817054	33820165	3112	70	20.6807142857143	0.287753028997366	0.287753028997366	0.315175628536645	0.315175628536645	hyper	case		0.299937466429055	0.46	0.46	0.4	0.432372621708254	5
chr20	7184061	7188101	4041	60	23.2341666666667	-0.429963160085182	0.429963160085182	-0.449950236867356	0.449950236867356	hypo	case		0.357633813323631	0.46	0.46	0.4	0.432372621708254	5
chr21	9729568	9732834	3267	50	61.719	-0.344037273612978	0.344037273612978	-0.351564606252696	0.351564606252696	hypo	case		0.232085214106686	0.46	0.46	0.4	0.432372621708254	5
chr21	27591370	27596071	4702	54	21.3092592592593	-0.332711092871697	0.332711092871697	-0.345407379797241	0.345407379797241	hypo	case		0.336653737175578	0.46	0.46	0.4	0.432372621708254	5
chr20	16109353	16114191	4839	75	20.2486666666667	-0.359595152154855	0.359595152154855	-0.398137756788883	0.398137756788883	hypo	case		0.282949647459724	0.46	0.46	0.4	0.432372621708254	5
chr21	25665697	25670648	4952	120	23.8558333333333	-0.320975541792311	0.320975541792311	-0.319707647662659	0.319707647662659	hypo	case		0.74261831105783	0.46	0.74261831105783	2.8	0.682213840132396	5
chr20	23390384	23395276	4893	87	21.6977011494253	-0.378301450887608	0.378301450887608	-0.365358559045762	0.365358559045762	hypo	case		0.687130280681156	0.46	0.687130280681156	2.8	0.682213840132396	5
chr20	52349326	52352814	3489	62	23.4306451612903	-0.392366792544795	0.392366792544795	-0.434764067414771	0.434764067414771	hypo	case		0.212353563810628	0.46	0.46	0.4	0.432372621708254	5
chr20	4872286	4877282	4997	170	21.8905882352941	-0.271450992465469	0.271450992465469	-0.282399579193931	0.282399579193931	hypo	case		0.0622078672222386	0.46	0.46	0.4	0.432372621708254	5
chr20	28768909	28773512	4604	70	34.895	-0.340649999003097	0.340649999003097	-0.364526819312028	0.364526819312028	hypo	case		0.340573872264579	0.46	0.46	0.4	0.432372621708254	5
chr20	42646217	42649368	3152	76	24.0131578947368	-0.393372260384277	0.393372260384277	-0.428314683917571	0.428314683917571	hypo	case		0.488502537185388	0.46	0.488502537185388	0.5	0.523027894488147	5
chr20	54757936	54762193	4258	74	21.8141891891892	-0.400637368923982	0.400637368923982	-0.415511507388319	0.415511507388319	hypo	case		0.0862318156604325	0.46	0.46	0.4	0.432372621708254	5
chr20	11044580	11048099	3520	56	19.8419642857143	-0.449319839001728	0.449319839001728	-0.462549896321243	0.462549896321243	hypo	case		0.541086799433897	0.46	0.541086799433897	0.6	0.531925724845128	5
chr20	59158063	59162183	4121	116	22.7952586206897	-0.403217596452937	0.403217596452937	-0.437466647543203	0.437466647543203	hypo	case		0.52149673741755	0.46	0.52149673741755	0.5	0.523027894488147	5
chr20	191752	196601	4850	86	21.1918604651163	-0.345599071687427	0.345599071687427	-0.398118093988706	0.398118093988706	hypo	case		0.34791535128914	0.46	0.46	0.4	0.432372621708254	5
chr21	14187972	14192413	4442	90	22.215	-0.348156064115934	0.348156064115934	-0.342562164009084	0.342562164009084	hypo	case		0.908913641761383	0.46	0.908913641761383	2.8	0.682213840132396	5
chr20	59520368	59522314	1947	72	22.2	-0.383042344505791	0.383042344505791	-0.397136687846613	0.397136687846613	hypo	case		0.573838055275316	0.46	0.573838055275316	0.7	0.596779781291671	5
chr21	34802771	34805043	2273	54	22.2472222222222	-0.410683169972346	0.410683169972346	-0.416152012344758	0.416152012344758	hypo	case		0.407834105543127	0.46	0.46	0.4	0.432372621708254	5
chr21	23199239	23202600	3362	58	21.0956896551724	-0.382568431313108	0.382568431313108	-0.436753868165278	0.436753868165278	hypo	case		0.478361793805835	0.46	0.478361793805835	0.5	0.523027894488147	5
chr21	35521167	35523028	1862	52	23.9961538461538	-0.412679848874703	0.412679848874703	-0.44800531864611	0.44800531864611	hypo	case		0.0763638846387538	0.46	0.46	0.4	0.432372621708254	5
chr21	46469518	46471814	2297	88	23.2994318181818	-0.416202829002739	0.416202829002739	-0.466213041208128	0.466213041208128	hypo	case		0.241977614315677	0.46	0.46	0.4	0.432372621708254	5
chr21	30302278	30306305	4028	78	23.4384615384615	-0.329091700752739	0.329091700752739	-0.324411776978513	0.324411776978513	hypo	case		0.99	0.46	0.99	2.8	0.682213840132396	5
chr21	22557477	22560085	2609	60	20.6258333333333	-0.393439207324304	0.393439207324304	-0.420798594028684	0.420798594028684	hypo	case		0.354909302821982	0.46	0.46	0.4	0.432372621708254	5
chr21	21672500	21676723	4224	66	24.9	-0.365637901873743	0.365637901873743	-0.365163184138185	0.365163184138185	hypo	case		0.384465670518903	0.46	0.46	0.4	0.432372621708254	5
chr20	32383329	32385161	1833	56	24.6571428571429	-0.360210918308262	0.360210918308262	-0.332530657059085	0.332530657059085	hypo	case		0.187333280203049	0.46	0.46	0.4	0.432372621708254	5
chr20	40835009	40837932	2924	52	21.0173076923077	-0.337926933147961	0.337926933147961	-0.355605793425007	0.355605793425007	hypo	case		0.693471771785024	0.46	0.693471771785024	2.8	0.682213840132396	5
chr20	19403609	19406214	2606	56	20.2642857142857	-0.351532770702797	0.351532770702797	-0.414461480038309	0.414461480038309	hypo	case		0.530057787468436	0.46	0.530057787468436	0.6	0.531925724845128	5
chr20	45837625	45839519	1895	90	24.4211111111111	-0.374342749904394	0.374342749904394	-0.382724065322541	0.382724065322541	hypo	case		0.591004531315611	0.46	0.591004531315611	0.7	0.596779781291671	5
chr21	24739664	24743914	4251	58	21.2818965517241	-0.342707586451236	0.342707586451236	-0.362982646012369	0.362982646012369	hypo	case		0.422858048080622	0.46	0.46	0.4	0.432372621708254	5
chr21	40237982	40242305	4324	72	20.8201388888889	-0.402308955885256	0.402308955885256	-0.430169038682294	0.430169038682294	hypo	case		0.259116134783008	0.46	0.46	0.4	0.432372621708254	5
chr21	23362753	23366312	3560	59	21.2084745762712	-0.42509272849327	0.42509272849327	-0.472821541116941	0.472821541116941	hypo	case		0.245326929142794	0.46	0.46	0.4	0.432372621708254	5
chr20	47104660	47107386	2727	62	22.8314516129032	-0.323115335851357	0.323115335851357	-0.347940788771073	0.347940788771073	hypo	case		0.198840489533246	0.46	0.46	0.4	0.432372621708254	5
chr20	31247300	31249447	2148	78	23.1102564102564	-0.366972769258543	0.366972769258543	-0.385123485643101	0.385123485643101	hypo	case		0.52781854854699	0.46	0.52781854854699	0.6	0.531925724845128	5
chr20	8341358	8346088	4731	66	20.794696969697	-0.362199946761288	0.362199946761288	-0.409574816567961	0.409574816567961	hypo	case		0.0913971045145261	0.46	0.46	0.4	0.432372621708254	5
chr21	30853686	30858307	4622	80	20.866875	-0.415313839943362	0.415313839943362	-0.424724901173576	0.424724901173576	hypo	case		0.552405934752651	0.46	0.552405934752651	0.6	0.531925724845128	5
chr21	21080149	21084370	4222	101	23.5465346534654	-0.477306437399317	0.477306437399317	-0.488071413693929	0.488071413693929	hypo	case		0.195465010428879	0.46	0.46	0.4	0.432372621708254	5
chr21	6321887	6325431	3545	76	15.5776315789474	-0.384714498968462	0.384714498968462	-0.426253570347036	0.426253570347036	hypo	case		0.115982363694308	0.46	0.46	0.4	0.432372621708254	5
chr21	16170551	16174393	3843	130	22.1103846153846	-0.407672487977477	0.407672487977477	-0.41117555111871	0.41117555111871	hypo	case		0.650421448402696	0.46	0.650421448402696	0.9	0.649388492508389	5
chr20	15984273	15987344	3072	90	21.0677777777778	-0.416927352196523	0.416927352196523	-0.441379733127911	0.441379733127911	hypo	case		0.216442725800722	0.46	0.46	0.4	0.432372621708254	5
chr20	23466786	23469563	2778	52	20.2192307692308	-0.416824698692309	0.416824698692309	-0.442787856047209	0.442787856047209	hypo	case		0.263956127472594	0.46	0.46	0.4	0.432372621708254	5
chr21	7127765	7131498	3734	188	25.6279255319149	-0.377896402891405	0.377896402891405	-0.426067513722409	0.426067513722409	hypo	case		0.31715133643018	0.46	0.46	0.4	0.432372621708254	5
chr20	21993798	21996974	3177	54	24.5064814814815	-0.464001519526313	0.464001519526313	-0.493771953623174	0.493771953623174	hypo	case		0.236525492976879	0.46	0.46	0.4	0.432372621708254	5
chr20	16911332	16913712	2381	65	21.0715384615385	-0.406270017389346	0.406270017389346	-0.423260811605671	0.423260811605671	hypo	case		0.301354083534902	0.46	0.46	0.4	0.432372621708254	5
chr20	12259028	12263426	4399	84	23.9047619047619	-0.379145619888076	0.379145619888076	-0.391403875797828	0.391403875797828	hypo	case		0.187101644544217	0.46	0.46	0.4	0.432372621708254	5
chr21	14677520	14681678	4159	79	20.4405063291139	-0.339068141840436	0.339068141840436	-0.396149650014689	0.396149650014689	hypo	case		0.185789024849404	0.46	0.46	0.4	0.432372621708254	5
chr20	10870395	10874963	4569	52	22.9471153846154	-0.365121366027422	0.365121366027422	-0.379359781619135	0.379359781619135	hypo	case		0.775353738199067	0.46	0.775353738199067	2.8	0.682213840132396	5
chr20	49122643	49123488	846	54	20.5055555555556	-0.405136151593691	0.405136151593691	-0.435014174646288	0.435014174646288	hypo	case		0.528386070335452	0.46	0.528386070335452	0.6	0.531925724845128	5
chr21	19521515	19525821	4307	52	22.2653846153846	-0.311516841405555	0.311516841405555	-0.319473810527829	0.319473810527829	hypo	case		0.700175848211821	0.46	0.700175848211821	2.8	0.682213840132396	5
chr20	7093719	7096416	2698	50	22.661	-0.269518840205252	0.269518840205252	-0.278827500146785	0.278827500146785	hypo	case		0.161077167975459	0.46	0.46	0.4	0.432372621708254	5
chr20	35689253	35690869	1617	66	22.2416666666667	-0.397830511908787	0.397830511908787	-0.421971527776065	0.421971527776065	hypo	case		0.458995614124474	0.46	0.46	0.4	0.432372621708254	5
chr21	37174070	37176079	2010	73	20.036301369863	-0.407308894736678	0.407308894736678	-0.422209632946063	0.422209632946063	hypo	case		0.506231510964494	0.46	0.506231510964494	0.5	0.523027894488147	5
chr20	33528403	33533022	4620	137	22.9386861313869	-0.395510925392332	0.395510925392332	-0.40944738445264	0.40944738445264	hypo	case		0.318659591753395	0.46	0.46	0.4	0.432372621708254	5
chr21	35903107	35906575	3469	78	19.4942307692308	-0.413044863816754	0.413044863816754	-0.451975269623197	0.451975269623197	hypo	case		0.209385850007145	0.46	0.46	0.4	0.432372621708254	5
chr20	11126224	11130491	4268	68	23.3286764705882	-0.359441864075564	0.359441864075564	-0.370378519650549	0.370378519650549	hypo	case		0.25246017973839	0.46	0.46	0.4	0.432372621708254	5
chr20	3340255	3344354	4100	92	22.4260869565217	-0.379457070591773	0.379457070591773	-0.411843300845589	0.411843300845589	hypo	case		0.508998619579686	0.46	0.508998619579686	0.5	0.523027894488147	5
chr20	8637690	8639477	1788	54	22.4481481481482	-0.424983052562762	0.424983052562762	-0.437878151590688	0.437878151590688	hypo	case		0.21815417072387	0.46	0.46	0.4	0.432372621708254	5
chr20	10135039	10137677	2639	56	22.2	-0.425084232348167	0.425084232348167	-0.430828601039946	0.430828601039946	hypo	case		0.26586873784832	0.46	0.46	0.4	0.432372621708254	5
chr21	24511755	24515790	4036	60	21.2608333333333	-0.252125847860036	0.252125847860036	-0.2596688863451	0.2596688863451	hypo	case		0.833022366101784	0.46	0.833022366101784	2.8	0.682213840132396	5
chr20	31436981	31438477	1497	60	20.9775	-0.353103777120945	0.353103777120945	-0.387808133680842	0.387808133680842	hypo	case		0.574369980217158	0.46	0.574369980217158	0.7	0.596779781291671	5
chr21	15633663	15636988	3326	56	20.8830357142857	-0.37343199892549	0.37343199892549	-0.425025828757172	0.425025828757172	hypo	case		0.248456898693438	0.46	0.46	0.4	0.432372621708254	5
chr21	21438462	21443331	4870	78	19.5833333333333	-0.353938952783742	0.353938952783742	-0.379854546683385	0.379854546683385	hypo	case		0.450910255564761	0.46	0.46	0.4	0.432372621708254	5
chr21	6265871	6270323	4453	88	15.7676136363636	0.432773930965667	0.432773930965667	0.468028992049876	0.468028992049876	hyper	case		0.0609154411567755	0.46	0.46	0.4	0.432372621708254	5
chr21	14621019	14625260	4242	66	24.8916666666667	-0.384418767556252	0.384418767556252	-0.407724709734104	0.407724709734104	hypo	case		0.457772534713662	0.46	0.46	0.4	0.432372621708254	5
chr20	1113715	1115967	2253	102	22.9372549019608	-0.253536279455374	0.253536279455374	-0.260590153297432	0.260590153297432	hypo	case		0.506673262636844	0.46	0.506673262636844	0.5	0.523027894488147	5
chr20	55108039	55110336	2298	82	21.5603658536585	-0.425630093873509	0.425630093873509	-0.432913980244129	0.432913980244129	hypo	case		0.234662246290616	0.46	0.46	0.4	0.432372621708254	5
chr20	1374372	1379149	4778	112	23.1178571428571	-0.346699950394559	0.346699950394559	-0.384337269942615	0.384337269942615	hypo	case		0.33161356422865	0.46	0.46	0.4	0.432372621708254	5
chr20	10200789	10205136	4348	78	23.324358974359	-0.395289719657781	0.395289719657781	-0.439193508497625	0.439193508497625	hypo	case		0.252245088744298	0.46	0.46	0.4	0.432372621708254	5
chr21	20295055	20298588	3534	50	22.677	-0.354075523976408	0.354075523976408	-0.366536630863163	0.366536630863163	hypo	case		0.598916596516081	0.46	0.598916596516081	0.7	0.596779781291671	5
chr21	29104264	29108325	4062	100	21.8925	-0.394450469564903	0.394450469564903	-0.43241108401631	0.43241108401631	hypo	case		0.50807679756135	0.46	0.50807679756135	0.5	0.523027894488147	5
chr20	23548421	23551315	2895	55	20.1018181818182	-0.39355242162808	0.39355242162808	-0.374810599562807	0.374810599562807	hypo	case		0.554301675594702	0.46	0.554301675594702	0.6	0.531925724845128	5
chr21	26977773	26981239	3467	64	21.6828125	-0.361558519371995	0.361558519371995	-0.38599857082566	0.38599857082566	hypo	case		0.0432717935206465	0.46	0.46	0.4	0.432372621708254	5
chr21	29385051	29387964	2914	52	23.3346153846154	-0.448916258396525	0.448916258396525	-0.492657220708067	0.492657220708067	hypo	case		0.224303055354391	0.46	0.46	0.4	0.432372621708254	5
chr20	38706443	38708546	2104	60	20.9283333333333	-0.368617311824219	0.368617311824219	-0.403704556904272	0.403704556904272	hypo	case		0.121533449818075	0.46	0.46	0.4	0.432372621708254	5
chr21	33759691	33764406	4716	106	24.6683962264151	-0.39825416120643	0.39825416120643	-0.425603395978105	0.425603395978105	hypo	case		0.275609899922839	0.46	0.46	0.4	0.432372621708254	5
chr21	37312986	37315192	2207	58	17.6137931034483	-0.380203215400155	0.380203215400155	-0.42792404756951	0.42792404756951	hypo	case		0.279603626698735	0.46	0.46	0.4	0.432372621708254	5
