seqnames	start	end	width	num_sites	cov	delta_beta	delta_beta_abs	intended_delta_beta	intended_delta_beta_abs	direction	case_group	genome	background_corr_target	expected_correlation	corr_target	corr_sd_used	corr_metric_estimate	neighbor_window
chr21	22270146	22275120	4975	88	14.1869318181818	-0.355512587472727	0.355512587472727	-0.383616076492384	0.383616076492384	hypo	case		0.342817170866663	0.51	0.51	0.5	0.523027894488147	5
chr21	10486219	10490173	3955	71	36.2359154929577	-0.327049238804251	0.327049238804251	-0.345666972376571	0.345666972376571	hypo	case		0.126893303399511	0.51	0.51	0.5	0.523027894488147	5
chr20	23140672	23143328	2657	84	21.8994047619048	-0.431568077234019	0.431568077234019	-0.454810456846139	0.454810456846139	hypo	case		0.327556147932314	0.51	0.51	0.5	0.523027894488147	5
chr20	30691050	30695625	4576	68	24.3610294117647	-0.346788958704487	0.346788958704487	-0.371451392711199	0.371451392711199	hypo	case		0.32793474329519	0.51	0.51	0.5	0.523027894488147	5
chr21	30994748	30998573	3826	82	21.5036585365854	-0.297965356214345	0.297965356214345	-0.30779550812106	0.30779550812106	hypo	case		0.236271353536947	0.51	0.51	0.5	0.523027894488147	5
chr21	10499840	10503276	3437	71	24.1253521126761	-0.31924341431421	0.31924341431421	-0.350247223410573	0.350247223410573	hypo	case		0.390563407723262	0.51	0.51	0.5	0.523027894488147	5
chr21	45712581	45716140	3560	74	20.6560810810811	-0.356134328807401	0.356134328807401	-0.353885446908828	0.353885446908828	hypo	case		0.610768978231942	0.51	0.610768978231942	2.4	0.624549067415542	5
chr21	10618886	10623189	4304	77	54.7084415584416	-0.396033732032819	0.396033732032819	-0.419930737772744	0.419930737772744	hypo	case		0.283500491277172	0.51	0.51	0.5	0.523027894488147	5
chr21	18259335	18262597	3263	50	22.47	-0.414077585717808	0.414077585717808	-0.457507787313734	0.457507787313734	hypo	case		0.420972942626181	0.51	0.51	0.5	0.523027894488147	5
chr20	14803549	14808192	4644	78	23.4570512820513	-0.372306875398865	0.372306875398865	-0.445074919803055	0.445074919803055	hypo	case		0.500027594446024	0.51	0.51	0.5	0.523027894488147	5
chr21	23181996	23186907	4912	66	22.0409090909091	-0.398583687230834	0.398583687230834	-0.414531604452319	0.414531604452319	hypo	case		0.409763026986131	0.51	0.51	0.5	0.523027894488147	5
chr21	26114987	26119329	4343	88	24.1517045454546	0.367631876927915	0.367631876927915	0.349841264967429	0.349841264967429	hyper	case		0.300425531771408	0.51	0.51	0.5	0.523027894488147	5
chr20	30853708	30856304	2597	82	49.0658536585366	-0.328050005286629	0.328050005286629	-0.351692040606588	0.351692040606588	hypo	case		0.149009690883337	0.51	0.51	0.5	0.523027894488147	5
chr21	26251437	26254586	3150	56	24.3133928571429	-0.35887883389444	0.35887883389444	-0.389018185113301	0.389018185113301	hypo	case		0.389114939015915	0.51	0.51	0.5	0.523027894488147	5
chr20	8021241	8024529	3289	52	22.2009615384615	-0.360378946180944	0.360378946180944	-0.419890217452446	0.419890217452446	hypo	case		0.369535707385857	0.51	0.51	0.5	0.523027894488147	5
chr21	5368063	5372037	3975	52	13.6413461538462	0.320755893098918	0.320755893098918	0.350870353608385	0.350870353608385	hyper	case		0.238335422534211	0.51	0.51	0.5	0.523027894488147	5
chr21	21534600	21538466	3867	73	24.2205479452055	-0.403946721692925	0.403946721692925	-0.439975320851326	0.439975320851326	hypo	case		0.108232554505091	0.51	0.51	0.5	0.523027894488147	5
chr20	30563985	30565818	1834	94	22.9101063829787	-0.358213021117176	0.358213021117176	-0.386362404273829	0.386362404273829	hypo	case		0.223512715061827	0.51	0.51	0.5	0.523027894488147	5
chr21	30990470	30994204	3735	56	21.0892857142857	-0.387668505504303	0.387668505504303	-0.406629641209385	0.406629641209385	hypo	case		0.296034299542554	0.51	0.51	0.5	0.523027894488147	5
chr20	6532464	6534537	2074	52	20.425	-0.296523542776865	0.296523542776865	-0.332353605842999	0.332353605842999	hypo	case		0.0935497455864776	0.51	0.51	0.5	0.523027894488147	5
chr20	34814023	34815364	1342	52	22.0711538461538	-0.353156029035875	0.353156029035875	-0.365720888308596	0.365720888308596	hypo	case		0.386965398054936	0.51	0.51	0.5	0.523027894488147	5
chr20	55803375	55807722	4348	60	23.41	-0.358951505549468	0.358951505549468	-0.372684882015454	0.372684882015454	hypo	case		0.309764343252976	0.51	0.51	0.5	0.523027894488147	5
chr20	51274802	51279657	4856	144	22.1607638888889	-0.370466617354192	0.370466617354192	-0.396224246016567	0.396224246016567	hypo	case		0.50813903995705	0.51	0.51	0.5	0.523027894488147	5
chr20	9781426	9783871	2446	50	20.712	-0.38740198466035	0.38740198466035	-0.43414900411902	0.43414900411902	hypo	case		0.433467751313671	0.51	0.51	0.5	0.523027894488147	5
chr20	47597519	47601822	4304	146	22.0633561643836	-0.359930424385144	0.359930424385144	-0.377666710472461	0.377666710472461	hypo	case		0.282349469144635	0.51	0.51	0.5	0.523027894488147	5
chr20	11575825	11578415	2591	54	19.825	-0.388394524511051	0.388394524511051	-0.382928428793603	0.382928428793603	hypo	case		0.468251476072159	0.51	0.51	0.5	0.523027894488147	5
chr20	31284773	31287462	2690	76	24.1052631578947	-0.292527482416279	0.292527482416279	-0.292088952096746	0.292088952096746	hypo	case		0.99	0.51	0.99	2.8	0.682213840132396	5
chr20	23395881	23400615	4735	94	22.536170212766	-0.270493158489983	0.270493158489983	-0.281180942947252	0.281180942947252	hypo	case		0.586308100105217	0.51	0.586308100105217	0.7	0.596779781291671	5
chr20	3340255	3344354	4100	92	22.4260869565217	-0.36684949684191	0.36684949684191	-0.402395852056299	0.402395852056299	hypo	case		0.814560569555134	0.51	0.814560569555134	2.8	0.682213840132396	5
chr20	37624144	37627690	3547	60	23.2283333333333	0.261203678727428	0.261203678727428	0.278400005616702	0.278400005616702	hyper	case		0.574863427649872	0.51	0.574863427649872	0.7	0.596779781291671	5
chr21	5156226	5161175	4950	203	11.7581280788177	-0.428010202397457	0.428010202397457	-0.467294034936142	0.467294034936142	hypo	case		0.189152267111615	0.51	0.51	0.5	0.523027894488147	5
chr21	9996941	9998036	1096	60	32.095	-0.382621513214852	0.382621513214852	-0.410333887972874	0.410333887972874	hypo	case		0.128772550015495	0.51	0.51	0.5	0.523027894488147	5
chr20	23859866	23862408	2543	54	21.6777777777778	-0.397064627931855	0.397064627931855	-0.400222397612844	0.400222397612844	hypo	case		0.630499481045712	0.51	0.630499481045712	1	0.63016544858871	5
chr20	28955712	28957564	1853	68	24.2125	-0.344794134076632	0.344794134076632	-0.348930163623433	0.348930163623433	hypo	case		0.99	0.51	0.99	2.8	0.682213840132396	5
chr20	24707147	24710887	3741	72	21.9618055555556	-0.304624671617405	0.304624671617405	-0.309835680958475	0.309835680958475	hypo	case		0.671997754122582	0.51	0.671997754122582	1.1	0.67423733188773	5
chr20	8201535	8206460	4926	70	21.9642857142857	-0.400323471417098	0.400323471417098	-0.399763066027297	0.399763066027297	hypo	case		0.436635441596152	0.51	0.51	0.5	0.523027894488147	5
chr20	25652554	25654425	1872	50	25.506	-0.433806662292175	0.433806662292175	-0.460675347032183	0.460675347032183	hypo	case		0.195660145168511	0.51	0.51	0.5	0.523027894488147	5
chr21	23589153	23593775	4623	66	19.9916666666667	-0.399194786288254	0.399194786288254	-0.413904900034898	0.413904900034898	hypo	case		0.228733056653314	0.51	0.51	0.5	0.523027894488147	5
chr20	6488441	6491509	3069	70	21.68	-0.378486874149973	0.378486874149973	-0.398620159626679	0.398620159626679	hypo	case		0.345017770536931	0.51	0.51	0.5	0.523027894488147	5
chr20	29060446	29064109	3664	90	56.5044444444445	0.336334190004626	0.336334190004626	0.359829080900716	0.359829080900716	hyper	case		0.149286936467292	0.51	0.51	0.5	0.523027894488147	5
chr21	30087616	30092030	4415	74	22.3777027027027	-0.375888262963168	0.375888262963168	-0.404271639304102	0.404271639304102	hypo	case		0.39230761906011	0.51	0.51	0.5	0.523027894488147	5
chr21	32179260	32183225	3966	54	22.7666666666667	-0.409169236655952	0.409169236655952	-0.402802277800455	0.402802277800455	hypo	case		0.326707542771553	0.51	0.51	0.5	0.523027894488147	5
chr21	37461134	37465975	4842	70	21.6457142857143	0.368837596153013	0.368837596153013	0.383747103751791	0.383747103751791	hyper	case		0.128177911952199	0.51	0.51	0.5	0.523027894488147	5
chr20	41119721	41124106	4386	90	20.6527777777778	-0.356541049852146	0.356541049852146	-0.387462670795363	0.387462670795363	hypo	case		0.54255525813925	0.51	0.54255525813925	0.6	0.531925724845128	5
chr20	29477042	29480820	3779	55	18.0209090909091	-0.32778203740351	0.32778203740351	-0.36566958654387	0.36566958654387	hypo	case		0.329692124323134	0.51	0.51	0.5	0.523027894488147	5
chr20	6746410	6750368	3959	60	20.4875	-0.443255643712488	0.443255643712488	-0.466201211386697	0.466201211386697	hypo	case		0.323273097812671	0.51	0.51	0.5	0.523027894488147	5
chr21	19011245	19014926	3682	52	20.4942307692308	-0.263964181223274	0.263964181223274	-0.30452572222009	0.30452572222009	hypo	case		0.68669195075395	0.51	0.68669195075395	2.8	0.682213840132396	5
chr20	39080589	39085272	4684	94	22.4101063829787	-0.380703930699869	0.380703930699869	-0.424491605020348	0.424491605020348	hypo	case		0.0653749489643919	0.51	0.51	0.5	0.523027894488147	5
chr20	29102088	29106656	4569	72	50.7986111111111	-0.379493609815493	0.379493609815493	-0.422484377579272	0.422484377579272	hypo	case		0.16886439426696	0.51	0.51	0.5	0.523027894488147	5
chr20	41773895	41777230	3336	78	21.9198717948718	-0.387874759754389	0.387874759754389	-0.38866142188055	0.38866142188055	hypo	case		0.457860772330146	0.51	0.51	0.5	0.523027894488147	5
chr20	28740007	28744980	4974	58	26.9112068965517	-0.321054454566554	0.321054454566554	-0.333904490571781	0.333904490571781	hypo	case		0.260436426469265	0.51	0.51	0.5	0.523027894488147	5
chr20	50555383	50558115	2733	70	23.8421428571429	-0.32957439715281	0.32957439715281	-0.338452087251767	0.338452087251767	hypo	case		0.329771448089671	0.51	0.51	0.5	0.523027894488147	5
chr20	24985776	24989266	3491	64	23.81875	-0.33317743244418	0.33317743244418	-0.351042651957176	0.351042651957176	hypo	case		0.226486303063886	0.51	0.51	0.5	0.523027894488147	5
chr21	37895934	37898539	2606	79	20.8170886075949	-0.326229734199146	0.326229734199146	-0.369255860842203	0.369255860842203	hypo	case		0.498795111002962	0.51	0.51	0.5	0.523027894488147	5
chr20	13788880	13792110	3231	66	22.2075757575758	-0.38481105952346	0.38481105952346	-0.404993827938671	0.404993827938671	hypo	case		0.149706391218844	0.51	0.51	0.5	0.523027894488147	5
chr21	19969793	19973273	3481	66	22.3613636363636	-0.348244680957364	0.348244680957364	-0.368419112165721	0.368419112165721	hypo	case		0.743015097946604	0.51	0.743015097946604	2.8	0.682213840132396	5
chr20	59520368	59522314	1947	72	22.2	-0.417078062876205	0.417078062876205	-0.455102840695203	0.455102840695203	hypo	case		0.41296409371465	0.51	0.51	0.5	0.523027894488147	5
chr20	19381346	19385558	4213	71	22.7316901408451	-0.355963678070617	0.355963678070617	-0.379346078817457	0.379346078817457	hypo	case		0.129716898260214	0.51	0.51	0.5	0.523027894488147	5
chr21	22836778	22840917	4140	52	22.6317307692308	-0.364575641184661	0.364575641184661	-0.399478046504226	0.399478046504226	hypo	case		0.176131826217847	0.51	0.51	0.5	0.523027894488147	5
chr20	2962809	2966643	3835	66	25.2136363636364	-0.399243306827006	0.399243306827006	-0.420694118141182	0.420694118141182	hypo	case		0.263520835019014	0.51	0.51	0.5	0.523027894488147	5
chr20	18349327	18353909	4583	110	22.3577272727273	-0.406515046689803	0.406515046689803	-0.433762003087978	0.433762003087978	hypo	case		0.121791845578732	0.51	0.51	0.5	0.523027894488147	5
chr21	26503243	26506396	3154	59	19.8050847457627	-0.408703209431912	0.408703209431912	-0.422781292972373	0.422781292972373	hypo	case		0.0849404218723321	0.51	0.51	0.5	0.523027894488147	5
chr21	13806548	13810460	3913	88	23.4869318181818	-0.382346407933244	0.382346407933244	-0.379381946588563	0.379381946588563	hypo	case		0.469439007789983	0.51	0.51	0.5	0.523027894488147	5
chr20	3401059	3402952	1894	50	22.149	-0.323508712657271	0.323508712657271	-0.333938694899637	0.333938694899637	hypo	case		0.106653738627629	0.51	0.51	0.5	0.523027894488147	5
chr20	40305590	40309077	3488	75	20.9073333333333	-0.361613538349522	0.361613538349522	-0.391795431330614	0.391795431330614	hypo	case		0.163071668163283	0.51	0.51	0.5	0.523027894488147	5
chr20	37652002	37654193	2192	54	22.5111111111111	-0.387220681670108	0.387220681670108	-0.443751717292307	0.443751717292307	hypo	case		0.534660604084941	0.51	0.534660604084941	0.6	0.531925724845128	5
chr20	31709303	31710967	1665	72	21.6680555555556	0.315545573729432	0.315545573729432	0.326661360846915	0.326661360846915	hyper	case		0.0801239330757768	0.51	0.51	0.5	0.523027894488147	5
chr20	29625048	29628738	3691	66	20.1962121212121	-0.378010986148179	0.378010986148179	-0.393394337711406	0.393394337711406	hypo	case		0.564694667656267	0.51	0.564694667656267	0.7	0.596779781291671	5
chr21	16383426	16387286	3861	66	22.5128787878788	-0.366962174604205	0.366962174604205	-0.395708503285688	0.395708503285688	hypo	case		0.375192800148759	0.51	0.51	0.5	0.523027894488147	5
chr20	28796361	28800450	4090	52	33.3740384615385	-0.325389428680675	0.325389428680675	-0.3513160567046	0.3513160567046	hypo	case		0.411548848847301	0.51	0.51	0.5	0.523027894488147	5
chr21	40289263	40291926	2664	56	21.5223214285714	-0.382151889811983	0.382151889811983	-0.407440986190918	0.407440986190918	hypo	case		0.353401259780359	0.51	0.51	0.5	0.523027894488147	5
chr21	16551094	16553545	2452	54	20.2361111111111	-0.294213812344722	0.294213812344722	-0.294313013272103	0.294313013272103	hypo	case		0.395835378004863	0.51	0.51	0.5	0.523027894488147	5
chr21	15824655	15827766	3112	66	19.9545454545455	-0.199674725851938	0.199674725851938	-0.240724163154262	0.240724163154262	hypo	case		0.347961008781656	0.51	0.51	0.5	0.523027894488147	5
chr21	26616713	26621187	4475	66	21.8886363636364	-0.391551894488842	0.391551894488842	-0.41044964101401	0.41044964101401	hypo	case		0.547408678446535	0.51	0.547408678446535	0.6	0.531925724845128	5
chr21	8819007	8820952	1946	150	35.6163333333333	-0.422436333767498	0.422436333767498	-0.431624860832764	0.431624860832764	hypo	case		0.608058253323372	0.51	0.608058253323372	0.7	0.596779781291671	5
chr21	30871414	30873736	2323	54	21.8333333333333	-0.466895062997897	0.466895062997897	-0.49225385332185	0.49225385332185	hypo	case		0.419977078728398	0.51	0.51	0.5	0.523027894488147	5
chr20	32232943	32235583	2641	78	24.323717948718	-0.409023684631925	0.409023684631925	-0.407604345094798	0.407604345094798	hypo	case		0.267415878696567	0.51	0.51	0.5	0.523027894488147	5
chr20	43298400	43301546	3147	56	23.8919642857143	-0.311674798425143	0.311674798425143	-0.381190608586829	0.381190608586829	hypo	case		0.276173821747018	0.51	0.51	0.5	0.523027894488147	5
chr20	14057524	14060939	3416	61	20.0532786885246	0.285363534234535	0.285363534234535	0.334833206208702	0.334833206208702	hyper	case		0.422670141562921	0.51	0.51	0.5	0.523027894488147	5
chr21	10503792	10506238	2447	62	26.0596774193548	-0.232856991655837	0.232856991655837	-0.221339528021182	0.221339528021182	hypo	case		0.149689167888275	0.51	0.51	0.5	0.523027894488147	5
chr21	39355440	39358178	2739	100	21.7045	-0.429569695011027	0.429569695011027	-0.466439744280903	0.466439744280903	hypo	case		0.0922589705061327	0.51	0.51	0.5	0.523027894488147	5
chr20	59208268	59211815	3548	120	19.83125	-0.391218947269829	0.391218947269829	-0.421597937785428	0.421597937785428	hypo	case		0.485987083955241	0.51	0.51	0.5	0.523027894488147	5
chr21	35424298	35427949	3652	92	21.5239130434783	-0.333747233599095	0.333747233599095	-0.377072294468397	0.377072294468397	hypo	case		0.142397827391002	0.51	0.51	0.5	0.523027894488147	5
chr21	10019404	10023301	3898	72	49.7479166666667	-0.413923715556158	0.413923715556158	-0.429574113280045	0.429574113280045	hypo	case		0.159082958614777	0.51	0.51	0.5	0.523027894488147	5
chr20	41709933	41711237	1305	54	26.8277777777778	-0.43184286977426	0.43184286977426	-0.452628392317157	0.452628392317157	hypo	case		0.329212978823063	0.51	0.51	0.5	0.523027894488147	5
chr20	11515670	11520280	4611	70	21.7885714285714	-0.350591208897854	0.350591208897854	-0.349087018981808	0.349087018981808	hypo	case		0.987439439453655	0.51	0.987439439453655	2.8	0.682213840132396	5
chr21	32823647	32827808	4162	55	13.4045454545455	-0.380516953913819	0.380516953913819	-0.423018524093622	0.423018524093622	hypo	case		0.353306530608533	0.51	0.51	0.5	0.523027894488147	5
chr20	32383329	32385161	1833	56	24.6571428571429	-0.300566219857577	0.300566219857577	-0.306611285821459	0.306611285821459	hypo	case		0.342903237318048	0.51	0.51	0.5	0.523027894488147	5
chr20	6550298	6554314	4017	59	22.1932203389831	-0.34450689635218	0.34450689635218	-0.326217224582023	0.326217224582023	hypo	case		0.474347022069874	0.51	0.51	0.5	0.523027894488147	5
chr20	58666379	58668425	2047	60	22.2025	0.262265066716357	0.262265066716357	0.29144259760762	0.29144259760762	hyper	case		0.342309493183217	0.51	0.51	0.5	0.523027894488147	5
chr21	38033227	38036422	3196	78	21.7717948717949	-0.449858708786355	0.449858708786355	-0.461882992742362	0.461882992742362	hypo	case		0.371419363600044	0.51	0.51	0.5	0.523027894488147	5
chr21	15663722	15667065	3344	56	21.6142857142857	-0.356683361470302	0.356683361470302	-0.378500552252473	0.378500552252473	hypo	case		0.277560436465891	0.51	0.51	0.5	0.523027894488147	5
chr20	28637262	28640278	3017	55	52.6563636363636	0.279949556465906	0.279949556465906	0.270143961225065	0.270143961225065	hyper	case		0.701232043609744	0.51	0.701232043609744	2.8	0.682213840132396	5
chr21	24735848	24739018	3171	64	21.9203125	-0.366112973929682	0.366112973929682	-0.416963173326013	0.416963173326013	hypo	case		0.230453164396719	0.51	0.51	0.5	0.523027894488147	5
chr21	21939536	21943912	4377	98	22.3418367346939	-0.339199621483632	0.339199621483632	-0.361947901596207	0.361947901596207	hypo	case		0.99	0.51	0.99	2.8	0.682213840132396	5
chr21	14255387	14256784	1398	54	20.0083333333333	-0.30642777721915	0.30642777721915	-0.305977833569945	0.305977833569945	hypo	case		0.246640446487789	0.51	0.51	0.5	0.523027894488147	5
chr21	20052720	20056471	3752	54	20.6046296296296	-0.376094008150877	0.376094008150877	-0.426656597844402	0.426656597844402	hypo	case		0.182597063239021	0.51	0.51	0.5	0.523027894488147	5
chr20	52491817	52494848	3032	90	21.9755555555556	-0.298776563601153	0.298776563601153	-0.314537880601762	0.314537880601762	hypo	case		0.578705474451137	0.51	0.578705474451137	0.7	0.596779781291671	5
chr21	21569682	21572876	3195	52	20.2567307692308	-0.345510420061153	0.345510420061153	-0.339095870149111	0.339095870149111	hypo	case		0.193233176231284	0.51	0.51	0.5	0.523027894488147	5
chr21	26832014	26834233	2220	64	20.77421875	-0.415897553348404	0.415897553348404	-0.445482711840432	0.445482711840432	hypo	case		0.247039199748912	0.51	0.51	0.5	0.523027894488147	5
chr21	43596655	43600287	3633	76	22.1289473684211	-0.381891342376862	0.381891342376862	-0.37855250802473	0.37855250802473	hypo	case		0.806650547519035	0.51	0.806650547519035	2.8	0.682213840132396	5
chr21	29142881	29146372	3492	84	23.8202380952381	-0.352042411679254	0.352042411679254	-0.371208023565417	0.371208023565417	hypo	case		0.555031210900599	0.51	0.555031210900599	0.6	0.531925724845128	5
chr20	12968437	12971663	3227	52	23.6144230769231	-0.359890554328268	0.359890554328268	-0.371047959243997	0.371047959243997	hypo	case		0.188098385555137	0.51	0.51	0.5	0.523027894488147	5
chr20	14413224	14417280	4057	62	22.1048387096774	-0.286065897938622	0.286065897938622	-0.331813754257278	0.331813754257278	hypo	case		0.922304435974938	0.51	0.922304435974938	2.8	0.682213840132396	5
chr20	41232007	41236651	4645	104	22.9240384615385	0.345899664709707	0.345899664709707	0.353064434592911	0.353064434592911	hyper	case		0.301934152025784	0.51	0.51	0.5	0.523027894488147	5
chr20	7968391	7971698	3308	54	19.8092592592593	-0.349909676011208	0.349909676011208	-0.359589032670963	0.359589032670963	hypo	case		0.241878094790058	0.51	0.51	0.5	0.523027894488147	5
chr20	25606607	25609091	2485	56	22.3901785714286	-0.335284299564569	0.335284299564569	-0.342391203135166	0.342391203135166	hypo	case		0.590001785879623	0.51	0.590001785879623	0.7	0.596779781291671	5
chr20	9391614	9396038	4425	60	21.65	-0.29409024526473	0.29409024526473	-0.321341914755162	0.321341914755162	hypo	case		0.0881613591328929	0.51	0.51	0.5	0.523027894488147	5
chr20	43912744	43917692	4949	468	19.8122863247863	0.425987101259842	0.425987101259842	0.440996596273963	0.440996596273963	hyper	case		0.0602392867207013	0.51	0.51	0.5	0.523027894488147	5
chr21	35118724	35123386	4663	54	21.0435185185185	-0.384810994609291	0.384810994609291	-0.40506466753161	0.40506466753161	hypo	case		0.102670741820087	0.51	0.51	0.5	0.523027894488147	5
chr20	29073282	29077334	4053	62	63.3862903225807	0.313818397386151	0.313818397386151	0.317775917760683	0.317775917760683	hyper	case		0.357846479937788	0.51	0.51	0.5	0.523027894488147	5
chr21	29033366	29038039	4674	108	23.1236111111111	-0.425824172482064	0.425824172482064	-0.45679267953833	0.45679267953833	hypo	case		0.452908543416686	0.51	0.51	0.5	0.523027894488147	5
chr21	38204799	38207675	2877	70	24.285	-0.368191797931277	0.368191797931277	-0.403611861032075	0.403611861032075	hypo	case		0.446110989757186	0.51	0.51	0.5	0.523027894488147	5
chr21	20098579	20101467	2889	88	23.43125	-0.396688248799652	0.396688248799652	-0.407301593277036	0.407301593277036	hypo	case		0.421357201964168	0.51	0.51	0.5	0.523027894488147	5
chr20	31375979	31380674	4696	99	21.4166666666667	-0.358757443444489	0.358757443444489	-0.391539920385421	0.391539920385421	hypo	case		0.232312810347935	0.51	0.51	0.5	0.523027894488147	5
chr20	58935417	58938284	2868	60	20.8075	-0.384071657007685	0.384071657007685	-0.390852485978859	0.390852485978859	hypo	case		0.556158582320277	0.51	0.556158582320277	0.6	0.531925724845128	5
chr20	47541190	47544427	3238	58	23.4112068965517	-0.30987589141403	0.30987589141403	-0.322191430775623	0.322191430775623	hypo	case		0.72747695436673	0.51	0.72747695436673	2.8	0.682213840132396	5
chr21	38320632	38324558	3927	78	19.5128205128205	-0.364885954492208	0.364885954492208	-0.412838184181029	0.412838184181029	hypo	case		0.422418775967574	0.51	0.51	0.5	0.523027894488147	5
chr20	30172088	30176764	4677	107	22.7789719626168	-0.30695051399024	0.30695051399024	-0.334221462101008	0.334221462101008	hypo	case		0.627675581952176	0.51	0.627675581952176	2	0.628070511372922	5
chr20	22062097	22066021	3925	64	22.94765625	-0.326804924671157	0.326804924671157	-0.356283635485174	0.356283635485174	hypo	case		0.351236779396836	0.51	0.51	0.5	0.523027894488147	5
chr21	41302905	41307211	4307	168	23.0360119047619	-0.462338644886873	0.462338644886873	-0.475453079330547	0.475453079330547	hypo	case		0.074921981008705	0.51	0.51	0.5	0.523027894488147	5
chr21	40404230	40407011	2782	54	22.337037037037	-0.351122638216918	0.351122638216918	-0.320215010046143	0.320215010046143	hypo	case		0.463315187211065	0.51	0.51	0.5	0.523027894488147	5
chr21	35680833	35682929	2097	64	21.4171875	-0.420022770050691	0.420022770050691	-0.452258769341015	0.452258769341015	hypo	case		0.418720360455802	0.51	0.51	0.5	0.523027894488147	5
chr21	26149527	26153963	4437	102	20.0480392156863	-0.365362798484812	0.365362798484812	-0.408666935515123	0.408666935515123	hypo	case		0.0373367691605746	0.51	0.51	0.5	0.523027894488147	5
chr21	10588525	10592534	4010	64	61.77890625	0.306296144586403	0.306296144586403	0.312768200341766	0.312768200341766	hyper	case		0.765667040972857	0.51	0.765667040972857	2.8	0.682213840132396	5
chr21	30420835	30423057	2223	74	21.4608108108108	-0.31037018395072	0.31037018395072	-0.307182340161492	0.307182340161492	hypo	case		0.523853107861073	0.51	0.523853107861073	0.5	0.523027894488147	5
chr21	17035231	17037960	2730	54	21.2425925925926	-0.364538361170655	0.364538361170655	-0.377748151849958	0.377748151849958	hypo	case		0.123898999312204	0.51	0.51	0.5	0.523027894488147	5
chr21	28026460	28030723	4264	54	24.4861111111111	-0.379146868249809	0.379146868249809	-0.380546740228554	0.380546740228554	hypo	case		0.99	0.51	0.99	2.8	0.682213840132396	5
chr21	9535204	9537964	2761	60	26.015	-0.364115982239545	0.364115982239545	-0.400983658470877	0.400983658470877	hypo	case		0.440043262468191	0.51	0.51	0.5	0.523027894488147	5
chr20	23965490	23969410	3921	80	20.59375	-0.302234429874578	0.302234429874578	-0.349291483466296	0.349291483466296	hypo	case		0.403335570022106	0.51	0.51	0.5	0.523027894488147	5
chr20	16856559	16857252	694	52	20.6019230769231	-0.463067006379342	0.463067006379342	-0.482910783670333	0.482910783670333	hypo	case		0.526828456812557	0.51	0.526828456812557	0.5	0.523027894488147	5
chr21	26595158	26598025	2868	54	23.6787037037037	-0.394631614482076	0.394631614482076	-0.382569259869001	0.382569259869001	hypo	case		0.596417817193546	0.51	0.596417817193546	0.7	0.596779781291671	5
chr21	13014332	13017483	3152	54	42.6083333333333	-0.279522194011676	0.279522194011676	-0.300401713807098	0.300401713807098	hypo	case		0.553940729572047	0.51	0.553940729572047	0.6	0.531925724845128	5
chr21	8171557	8174828	3272	54	13.762962962963	-0.316722531854111	0.316722531854111	-0.321499191249527	0.321499191249527	hypo	case		0.205542898435158	0.51	0.51	0.5	0.523027894488147	5
chr21	46236634	46240236	3603	77	21.3733766233766	-0.326784225306284	0.326784225306284	-0.345487651999857	0.345487651999857	hypo	case		0.632027749156069	0.51	0.632027749156069	1.8	0.631586921300592	5
chr21	23163924	23166819	2896	54	21.3037037037037	-0.332107519867507	0.332107519867507	-0.318381078180668	0.318381078180668	hypo	case		0.69983158391206	0.51	0.69983158391206	2.8	0.682213840132396	5
chr20	17338219	17341666	3448	74	22.4689189189189	-0.292196432342648	0.292196432342648	-0.308903207501757	0.308903207501757	hypo	case		0.601031484546452	0.51	0.601031484546452	0.7	0.596779781291671	5
chr21	32238199	32242319	4121	128	22.272265625	-0.336403889677643	0.336403889677643	-0.347059326986856	0.347059326986856	hypo	case		0.692414915346038	0.51	0.692414915346038	2.8	0.682213840132396	5
chr20	22330623	22335342	4720	132	20.6098484848485	-0.346092969319608	0.346092969319608	-0.373992532262783	0.373992532262783	hypo	case		0.28776064911434	0.51	0.51	0.5	0.523027894488147	5
chr20	12025541	12030004	4464	86	22.5627906976744	-0.29999199113041	0.29999199113041	-0.303033329690112	0.303033329690112	hypo	case		0.99	0.51	0.99	2.8	0.682213840132396	5
chr20	32287253	32291051	3799	92	20.9625	0.334166553654312	0.334166553654312	0.369310824851039	0.369310824851039	hyper	case		0.0903126758704152	0.51	0.51	0.5	0.523027894488147	5
chr20	34505016	34507185	2170	52	24.0586538461539	-0.372191390824867	0.372191390824867	-0.402025199210031	0.402025199210031	hypo	case		0.602282382784309	0.51	0.602282382784309	0.7	0.596779781291671	5
chr20	40290654	40295639	4986	61	20.8319672131148	-0.33569979643642	0.33569979643642	-0.358728563587017	0.358728563587017	hypo	case		0.126089764300582	0.51	0.51	0.5	0.523027894488147	5
chr20	49695309	49697541	2233	58	22.5836206896552	-0.208062438129866	0.208062438129866	-0.234357504988726	0.234357504988726	hypo	case		0.130019278502298	0.51	0.51	0.5	0.523027894488147	5
chr20	29553009	29555844	2836	52	19.0451923076923	-0.336976217017447	0.336976217017447	-0.400818044618875	0.400818044618875	hypo	case		0.578878364602064	0.51	0.578878364602064	0.7	0.596779781291671	5
chr20	47842140	47843857	1718	78	23.6070512820513	-0.395006747142834	0.395006747142834	-0.395857965133347	0.395857965133347	hypo	case		0.446823609016138	0.51	0.51	0.5	0.523027894488147	5
chr20	10755630	10758796	3167	74	25.2297297297297	-0.43331408418348	0.43331408418348	-0.44937928616397	0.44937928616397	hypo	case		0.263722592309067	0.51	0.51	0.5	0.523027894488147	5
chr20	11445243	11448724	3482	52	24.8759615384615	-0.354554465864761	0.354554465864761	-0.387311982022775	0.387311982022775	hypo	case		0.0342994981930984	0.51	0.51	0.5	0.523027894488147	5
chr21	33324125	33325681	1557	223	20.3107623318386	0.411835236634245	0.411835236634245	0.426945441170664	0.426945441170664	hyper	case		0.175086634363679	0.51	0.51	0.5	0.523027894488147	5
chr21	10739347	10741770	2424	100	53.8135	-0.342302228194685	0.342302228194685	-0.358552010283695	0.358552010283695	hypo	case		0.637208086410391	0.51	0.637208086410391	2.1	0.637257532292705	5
chr20	26382719	26386201	3483	115	15.0286956521739	-0.361267274392274	0.361267274392274	-0.385792982517699	0.385792982517699	hypo	case		0.323954113386847	0.51	0.51	0.5	0.523027894488147	5
chr21	27349690	27353455	3766	60	22.7391666666667	-0.423397955687563	0.423397955687563	-0.48318375860184	0.48318375860184	hypo	case		0.04973099600839	0.51	0.51	0.5	0.523027894488147	5
chr20	38080280	38082683	2404	64	22.47734375	-0.311784655173073	0.311784655173073	-0.333051716472743	0.333051716472743	hypo	case		0.0660561945923517	0.51	0.51	0.5	0.523027894488147	5
chr21	10749894	10754548	4655	80	115.98875	-0.300564682389884	0.300564682389884	-0.304873684360225	0.304873684360225	hypo	case		0.239342026647416	0.51	0.51	0.5	0.523027894488147	5
chr20	2363853	2367676	3824	84	24.5232142857143	-0.393256222369538	0.393256222369538	-0.41478181167156	0.41478181167156	hypo	case		0.281083483799309	0.51	0.51	0.5	0.523027894488147	5
chr20	59065050	59069337	4288	78	21.6102564102564	-0.349571834823415	0.349571834823415	-0.367667155264195	0.367667155264195	hypo	case		0.194345343720393	0.51	0.51	0.5	0.523027894488147	5
chr21	19439452	19442876	3425	52	21.3528846153846	-0.298724846029731	0.298724846029731	-0.331932802748292	0.331932802748292	hypo	case		0.115228038082609	0.51	0.51	0.5	0.523027894488147	5
chr20	35534951	35539147	4197	135	21.4881481481482	-0.375099965798224	0.375099965798224	-0.398467750205675	0.398467750205675	hypo	case		0.184496737000652	0.51	0.51	0.5	0.523027894488147	5
chr20	41531597	41535104	3508	50	23.352	-0.390083667998306	0.390083667998306	-0.393412509136933	0.393412509136933	hypo	case		0.242094346157354	0.51	0.51	0.5	0.523027894488147	5
chr20	29329933	29333418	3486	80	63.235	-0.372029643157889	0.372029643157889	-0.388771689856677	0.388771689856677	hypo	case		0.362324404866472	0.51	0.51	0.5	0.523027894488147	5
chr20	11007126	11011434	4309	90	24.515	-0.339157837420656	0.339157837420656	-0.33949464214403	0.33949464214403	hypo	case		0.679459702180014	0.51	0.679459702180014	2.8	0.682213840132396	5
chr21	37379945	37384133	4189	60	25.0591666666667	0.366849009301484	0.366849009301484	0.392949284490549	0.392949284490549	hyper	case		0.249903011492961	0.51	0.51	0.5	0.523027894488147	5
chr21	7625133	7628866	3734	188	25.8827127659574	-0.353211932104601	0.353211932104601	-0.389778980664018	0.389778980664018	hypo	case		0.383977503930432	0.51	0.51	0.5	0.523027894488147	5
chr20	28768909	28773512	4604	70	34.895	-0.35249400043078	0.35249400043078	-0.352242595378786	0.352242595378786	hypo	case		0.415420208337315	0.51	0.51	0.5	0.523027894488147	5
chr21	14614553	14619069	4517	72	20.9465277777778	-0.335099599737914	0.335099599737914	-0.30724123970104	0.30724123970104	hypo	case		0.384411760603824	0.51	0.51	0.5	0.523027894488147	5
chr20	55981271	55984327	3057	78	23.4262820512821	-0.362344336789341	0.362344336789341	-0.382754128620363	0.382754128620363	hypo	case		0.260066182921139	0.51	0.51	0.5	0.523027894488147	5
chr21	18281082	18283439	2358	66	23.6098484848485	-0.446071799612002	0.446071799612002	-0.478181195183691	0.478181195183691	hypo	case		0.140455922149951	0.51	0.51	0.5	0.523027894488147	5
chr21	35881235	35883503	2269	52	19.3480769230769	0.318044817990672	0.318044817990672	0.339019812468034	0.339019812468034	hyper	case		0.488084131588308	0.51	0.51	0.5	0.523027894488147	5
chr20	20103720	20107825	4106	78	21.9608974358974	-0.401460227118504	0.401460227118504	-0.450038581591567	0.450038581591567	hypo	case		0.476068061760834	0.51	0.51	0.5	0.523027894488147	5
chr21	25361765	25365475	3711	174	23.2824712643678	-0.316755829685274	0.316755829685274	-0.345448895993655	0.345448895993655	hypo	case		0.140847924568075	0.51	0.51	0.5	0.523027894488147	5
chr20	22415438	22418893	3456	52	22.5461538461538	-0.35470059468	0.35470059468	-0.405392883058664	0.405392883058664	hypo	case		0.333759663164421	0.51	0.51	0.5	0.523027894488147	5
chr21	9548849	9552413	3565	112	28.6875	-0.367616280685908	0.367616280685908	-0.396538715988539	0.396538715988539	hypo	case		0.0691876604684134	0.51	0.51	0.5	0.523027894488147	5
chr20	47615422	47618798	3377	96	20.8984375	-0.416430750428778	0.416430750428778	-0.465874527669762	0.465874527669762	hypo	case		0.45408026114545	0.51	0.51	0.5	0.523027894488147	5
chr21	13525105	13529282	4178	86	22.1976744186047	-0.263412690290667	0.263412690290667	-0.281703073576187	0.281703073576187	hypo	case		0.291752570257934	0.51	0.51	0.5	0.523027894488147	5
chr20	36111497	36114308	2812	104	23.7341346153846	-0.377381481266791	0.377381481266791	-0.40202657269441	0.40202657269441	hypo	case		0.246458054887089	0.51	0.51	0.5	0.523027894488147	5
chr20	1374372	1379149	4778	112	23.1178571428571	-0.32791850848392	0.32791850848392	-0.343614769374919	0.343614769374919	hypo	case		0.376189569499464	0.51	0.51	0.5	0.523027894488147	5
chr20	13259964	13264061	4098	86	23.7813953488372	-0.364677074264891	0.364677074264891	-0.384953855290828	0.384953855290828	hypo	case		0.603720204313311	0.51	0.603720204313311	0.7	0.596779781291671	5
chr20	23887578	23891358	3781	72	24.3902777777778	-0.320802372837112	0.320802372837112	-0.332149245204919	0.332149245204919	hypo	case		0.390150599892759	0.51	0.51	0.5	0.523027894488147	5
chr20	52154924	52156811	1888	50	21.434	-0.426172386644953	0.426172386644953	-0.447100607971291	0.447100607971291	hypo	case		0.250160674700478	0.51	0.51	0.5	0.523027894488147	5
chr20	14652361	14655494	3134	72	22.8513888888889	-0.459581345969427	0.459581345969427	-0.475390856582922	0.475390856582922	hypo	case		0.516552721813449	0.51	0.516552721813449	0.5	0.523027894488147	5
chr20	57076099	57078324	2226	54	21.7148148148148	-0.398060135446308	0.398060135446308	-0.383700210867911	0.383700210867911	hypo	case		0.18249567035109	0.51	0.51	0.5	0.523027894488147	5
chr21	43280629	43283473	2845	118	20.3550847457627	-0.432343240246612	0.432343240246612	-0.468419046619085	0.468419046619085	hypo	case		0.444940902408393	0.51	0.51	0.5	0.523027894488147	5
chr20	12221300	12225265	3966	50	20.864	-0.369048960042401	0.369048960042401	-0.396887693173927	0.396887693173927	hypo	case		0.117008843080128	0.51	0.51	0.5	0.523027894488147	5
chr20	30549554	30553176	3623	55	19.1936363636364	-0.354610386603421	0.354610386603421	-0.370060088283557	0.370060088283557	hypo	case		0.228810930933016	0.51	0.51	0.5	0.523027894488147	5
chr21	32694082	32697780	3699	82	21.8993902439024	-0.393304596817701	0.393304596817701	-0.45407039565451	0.45407039565451	hypo	case		0.205822874791763	0.51	0.51	0.5	0.523027894488147	5
chr21	34021958	34026512	4555	80	21.115625	-0.380634528456754	0.380634528456754	-0.425286855108944	0.425286855108944	hypo	case		0.18204931550638	0.51	0.51	0.5	0.523027894488147	5
chr21	10542173	10545511	3339	106	39.2316037735849	-0.430616128206564	0.430616128206564	-0.44905848249071	0.44905848249071	hypo	case		0.269780021303769	0.51	0.51	0.5	0.523027894488147	5
chr20	53147873	53150114	2242	50	21.124	-0.306061572813597	0.306061572813597	-0.329690889605731	0.329690889605731	hypo	case		0.509143293903207	0.51	0.51	0.5	0.523027894488147	5
chr20	21592942	21596741	3800	52	25.2201923076923	-0.294773720175062	0.294773720175062	-0.325522382781005	0.325522382781005	hypo	case		0.214326802942693	0.51	0.51	0.5	0.523027894488147	5
chr20	19691161	19694147	2987	103	23.7218446601942	0.349394817761321	0.349394817761321	0.397328310408568	0.397328310408568	hyper	case		0.223588108100628	0.51	0.51	0.5	0.523027894488147	5
chr20	22218240	22222119	3880	66	21.5530303030303	-0.38421260413756	0.38421260413756	-0.407440645959864	0.407440645959864	hypo	case		0.793872681297949	0.51	0.793872681297949	2.8	0.682213840132396	5
chr20	2043839	2048343	4505	80	22.790625	-0.287689713327455	0.287689713327455	-0.309289912946585	0.309289912946585	hypo	case		0.713387147002796	0.51	0.713387147002796	2.8	0.682213840132396	5
chr21	5241974	5245505	3532	90	63.6572222222222	-0.361690458421672	0.361690458421672	-0.369105574591228	0.369105574591228	hypo	case		0.497153788921004	0.51	0.51	0.5	0.523027894488147	5
chr21	30816770	30819809	3040	50	21.427	-0.32361624618267	0.32361624618267	-0.355056227290083	0.355056227290083	hypo	case		0.637471047831774	0.51	0.637471047831774	2.1	0.637257532292705	5
chr21	27104635	27107677	3043	59	22.2169491525424	-0.444161946262404	0.444161946262404	-0.442715462341391	0.442715462341391	hypo	case		0.198803998511442	0.51	0.51	0.5	0.523027894488147	5
chr20	39191172	39194709	3538	84	20.5857142857143	-0.345468196290169	0.345468196290169	-0.388314835614832	0.388314835614832	hypo	case		0.350636928947818	0.51	0.51	0.5	0.523027894488147	5
chr21	24642126	24646936	4811	134	21.8119402985075	-0.374701388119738	0.374701388119738	-0.404851531810008	0.404851531810008	hypo	case		0.424689955885756	0.51	0.51	0.5	0.523027894488147	5
chr20	8757917	8760173	2257	54	22.1342592592593	-0.341205336024153	0.341205336024153	-0.341547255257532	0.341547255257532	hypo	case		0.224997644981343	0.51	0.51	0.5	0.523027894488147	5
chr20	11044580	11048099	3520	56	19.8419642857143	-0.360095896193376	0.360095896193376	-0.398759281827812	0.398759281827812	hypo	case		0.0772981969323997	0.51	0.51	0.5	0.523027894488147	5
chr21	16187998	16190260	2263	65	21.2246153846154	-0.455623502101763	0.455623502101763	-0.47232959964562	0.47232959964562	hypo	case		0.0778229342127521	0.51	0.51	0.5	0.523027894488147	5
chr20	11816838	11820382	3545	50	20.184	-0.417357346463475	0.417357346463475	-0.468122203471629	0.468122203471629	hypo	case		0.21667820400543	0.51	0.51	0.5	0.523027894488147	5
chr20	43116925	43119275	2351	56	23.5330357142857	-0.463292827184753	0.463292827184753	-0.449022748480203	0.449022748480203	hypo	case		0.393186826310344	0.51	0.51	0.5	0.523027894488147	5
chr21	46465333	46468958	3626	110	20.8745454545455	-0.439504182731476	0.439504182731476	-0.457602586951178	0.457602586951178	hypo	case		0.397132785986007	0.51	0.51	0.5	0.523027894488147	5
chr20	13810953	13815293	4341	68	20.9051470588235	-0.416718412055058	0.416718412055058	-0.43596040901699	0.43596040901699	hypo	case		0.474433010947961	0.51	0.51	0.5	0.523027894488147	5
chr20	35641628	35645433	3806	60	21.6825	-0.269653090882343	0.269653090882343	-0.251751887125663	0.251751887125663	hypo	case		0.621380453755537	0.51	0.621380453755537	2.4	0.624549067415542	5
chr20	30298399	30302647	4249	136	21.7264705882353	0.420043041148228	0.420043041148228	0.477570190927157	0.477570190927157	hyper	case		0.362628691156104	0.51	0.51	0.5	0.523027894488147	5
chr20	10747101	10751166	4066	70	22.1464285714286	-0.348458637124875	0.348458637124875	-0.371110582295419	0.371110582295419	hypo	case		0.263122650609451	0.51	0.51	0.5	0.523027894488147	5
chr21	15115070	15117874	2805	60	24.4325	-0.377283710925445	0.377283710925445	-0.392872494504143	0.392872494504143	hypo	case		0.112046254391718	0.51	0.51	0.5	0.523027894488147	5
chr20	19429448	19434415	4968	88	19.8431818181818	-0.254876896313997	0.254876896313997	-0.297154313424999	0.297154313424999	hypo	case		0.397261244105263	0.51	0.51	0.5	0.523027894488147	5
chr20	10257123	10259021	1899	52	24.5865384615385	-0.38848549806142	0.38848549806142	-0.398336108579876	0.398336108579876	hypo	case		0.235132338398138	0.51	0.51	0.5	0.523027894488147	5
chr20	43174464	43178088	3625	68	25.2573529411765	-0.372728509813482	0.372728509813482	-0.37811464378513	0.37811464378513	hypo	case		0.276685001247634	0.51	0.51	0.5	0.523027894488147	5
chr21	16744127	16747092	2966	50	21.669	-0.407715091372178	0.407715091372178	-0.415947024081584	0.415947024081584	hypo	case		0.227219173104278	0.51	0.51	0.5	0.523027894488147	5
chr20	58844484	58848811	4328	87	19.5132183908046	-0.294378905903253	0.294378905903253	-0.30550787181516	0.30550787181516	hypo	case		0.99	0.51	0.99	2.8	0.682213840132396	5
chr20	42159623	42163938	4316	86	20.9517441860465	-0.407840461389045	0.407840461389045	-0.455897435259967	0.455897435259967	hypo	case		0.464492624845498	0.51	0.51	0.5	0.523027894488147	5
chr20	55057344	55060705	3362	70	21.8407142857143	-0.369885442157388	0.369885442157388	-0.402512216262608	0.402512216262608	hypo	case		0.579534731902978	0.51	0.579534731902978	0.7	0.596779781291671	5
chr21	37375594	37379288	3695	118	24.3652542372881	-0.337122422463002	0.337122422463002	-0.373567372272778	0.373567372272778	hypo	case		0.506633312103994	0.51	0.51	0.5	0.523027894488147	5
chr20	30329541	30332299	2759	57	22.4517543859649	-0.323737826715768	0.323737826715768	-0.314316724583725	0.314316724583725	hypo	case		0.683977764031345	0.51	0.683977764031345	2.8	0.682213840132396	5
chr20	12053877	12055279	1403	52	24.8509615384615	-0.353623803286149	0.353623803286149	-0.369589959872565	0.369589959872565	hypo	case		0.154483185786526	0.51	0.51	0.5	0.523027894488147	5
chr21	18421869	18424667	2799	81	22.6061728395062	-0.353998023467822	0.353998023467822	-0.350046604887421	0.350046604887421	hypo	case		0.99	0.51	0.99	2.8	0.682213840132396	5
chr20	4675143	4678257	3115	58	23.6456896551724	-0.45629181481547	0.45629181481547	-0.481411505836953	0.481411505836953	hypo	case		0.0974878905664548	0.51	0.51	0.5	0.523027894488147	5
chr20	18680209	18683813	3605	64	22.64375	-0.374028872395185	0.374028872395185	-0.417587573761001	0.417587573761001	hypo	case		0.272930972097856	0.51	0.51	0.5	0.523027894488147	5
chr20	16860236	16864349	4114	72	20.5152777777778	-0.317071883981545	0.317071883981545	-0.327765268683384	0.327765268683384	hypo	case		0.622982740736982	0.51	0.622982740736982	2.4	0.624549067415542	5
chr20	57637344	57640306	2963	56	23.4232142857143	-0.375212639496404	0.375212639496404	-0.43069503953796	0.43069503953796	hypo	case		0.317263706614525	0.51	0.51	0.5	0.523027894488147	5
chr21	9265684	9268879	3196	56	30.1982142857143	0.303586163924625	0.303586163924625	0.31934318509166	0.31934318509166	hyper	case		0.153951463846214	0.51	0.51	0.5	0.523027894488147	5
chr20	37019908	37024568	4661	106	21.6844339622642	-0.401299420517423	0.401299420517423	-0.422380526771038	0.422380526771038	hypo	case		0.31788263642451	0.51	0.51	0.5	0.523027894488147	5
chr21	18856956	18859929	2974	76	23.1973684210526	-0.410751430840397	0.410751430840397	-0.431996627339342	0.431996627339342	hypo	case		0.256602256536345	0.51	0.51	0.5	0.523027894488147	5
chr20	37947987	37951187	3201	100	24.3355	-0.406206408819273	0.406206408819273	-0.446082563677716	0.446082563677716	hypo	case		0.267970002416246	0.51	0.51	0.5	0.523027894488147	5
chr20	4933210	4937496	4287	148	21.5756756756757	-0.359595829459278	0.359595829459278	-0.388243846972394	0.388243846972394	hypo	case		0.240940169710696	0.51	0.51	0.5	0.523027894488147	5
chr20	9410083	9414939	4857	120	22.6666666666667	-0.419250880949066	0.419250880949066	-0.45135108168252	0.45135108168252	hypo	case		0.357932060779264	0.51	0.51	0.5	0.523027894488147	5
chr20	925141	928673	3533	82	23.3292682926829	-0.401903228969637	0.401903228969637	-0.425826217949239	0.425826217949239	hypo	case		0.300811193086937	0.51	0.51	0.5	0.523027894488147	5
chr21	37919293	37923027	3735	78	23.399358974359	-0.27438809633871	0.27438809633871	-0.280537375413256	0.280537375413256	hypo	case		0.980513221149513	0.51	0.980513221149513	2.8	0.682213840132396	5
chr20	55722247	55725358	3112	90	21.2844444444444	-0.411455904215958	0.411455904215958	-0.415717245205583	0.415717245205583	hypo	case		0.139128133295548	0.51	0.51	0.5	0.523027894488147	5
chr20	40780797	40783200	2404	85	25.9558823529412	-0.398935631765092	0.398935631765092	-0.428128721285819	0.428128721285819	hypo	case		0.395174826793558	0.51	0.51	0.5	0.523027894488147	5
chr21	14294575	14298383	3809	68	20.8485294117647	-0.428548297477959	0.428548297477959	-0.4657392379632	0.4657392379632	hypo	case		0.0718038976977225	0.51	0.51	0.5	0.523027894488147	5
chr21	19745577	19750287	4711	84	21.6839285714286	-0.324729149360409	0.324729149360409	-0.32334592624625	0.32334592624625	hypo	case		0.893339643050932	0.51	0.893339643050932	2.8	0.682213840132396	5
chr21	17090087	17095058	4972	128	23.433203125	-0.376076973019161	0.376076973019161	-0.404985866179267	0.404985866179267	hypo	case		0.552935947182954	0.51	0.552935947182954	0.6	0.531925724845128	5
chr21	15512840	15516262	3423	54	21.7231481481481	-0.355543189941429	0.355543189941429	-0.388587198790658	0.388587198790658	hypo	case		0.318090003327924	0.51	0.51	0.5	0.523027894488147	5
chr20	54650441	54653265	2825	65	23.9430769230769	-0.396107068278609	0.396107068278609	-0.439957788517441	0.439957788517441	hypo	case		0.324181438874858	0.51	0.51	0.5	0.523027894488147	5
chr21	29724149	29725926	1778	52	20.9519230769231	0.373050506521954	0.373050506521954	0.401434219961248	0.401434219961248	hyper	case		0.323433028006386	0.51	0.51	0.5	0.523027894488147	5
chr20	21213200	21216189	2990	54	20.7805555555556	-0.278365331920051	0.278365331920051	-0.304341986999186	0.304341986999186	hypo	case		0.367178016716131	0.51	0.51	0.5	0.523027894488147	5
chr21	21022810	21025440	2631	76	20.5552631578947	-0.356021015308261	0.356021015308261	-0.399679465366112	0.399679465366112	hypo	case		0.297961292110447	0.51	0.51	0.5	0.523027894488147	5
chr21	39971436	39974319	2884	58	22.7568965517241	-0.260883475577416	0.260883475577416	-0.282453897767231	0.282453897767231	hypo	case		0.841773467796137	0.51	0.841773467796137	2.8	0.682213840132396	5
chr20	29718935	29723436	4502	83	24.4698795180723	-0.371184068755812	0.371184068755812	-0.399899025009405	0.399899025009405	hypo	case		0.270020481048599	0.51	0.51	0.5	0.523027894488147	5
chr20	6210832	6215524	4693	165	21.8778787878788	-0.441263296316068	0.441263296316068	-0.462146522603503	0.462146522603503	hypo	case		0.249518258821668	0.51	0.51	0.5	0.523027894488147	5
chr20	13894357	13897036	2680	62	23.0903225806452	-0.42007536142042	0.42007536142042	-0.421068030851629	0.421068030851629	hypo	case		0.42297995468128	0.51	0.51	0.5	0.523027894488147	5
chr21	19798871	19802978	4108	73	22.8006849315069	-0.390305812949565	0.390305812949565	-0.424825825973235	0.424825825973235	hypo	case		0.32345606126216	0.51	0.51	0.5	0.523027894488147	5
chr21	9136198	9139666	3469	55	24.2745454545455	0.310099623049491	0.310099623049491	0.330701844128699	0.330701844128699	hyper	case		0.66012782572303	0.51	0.66012782572303	1.2	0.660966753580126	5
chr21	38030313	38032691	2379	60	20.8125	-0.415353992642852	0.415353992642852	-0.42833790627935	0.42833790627935	hypo	case		0.421713890904011	0.51	0.51	0.5	0.523027894488147	5
chr20	13255631	13259260	3630	86	24.6046511627907	-0.343331182405911	0.343331182405911	-0.355540291294528	0.355540291294528	hypo	case		0.781707825999543	0.51	0.781707825999543	2.8	0.682213840132396	5
chr20	26249326	26252762	3437	172	24.7813953488372	-0.397022147541607	0.397022147541607	-0.420421643877819	0.420421643877819	hypo	case		0.30440370754831	0.51	0.51	0.5	0.523027894488147	5
chr20	22933335	22936960	3626	64	23.7046875	-0.431603002869909	0.431603002869909	-0.443760263360114	0.443760263360114	hypo	case		0.560862951823879	0.51	0.560862951823879	0.6	0.531925724845128	5
chr21	38036941	38040797	3857	64	21.328125	-0.311966409920012	0.311966409920012	-0.351775099239547	0.351775099239547	hypo	case		0.685570665222784	0.51	0.685570665222784	2.8	0.682213840132396	5
chr20	9089973	9093913	3941	54	18.6851851851852	0.342246372575068	0.342246372575068	0.345132103971105	0.345132103971105	hyper	case		0.677667662600604	0.51	0.677667662600604	1.1	0.67423733188773	5
chr21	9629082	9632574	3493	82	48.4036585365854	-0.375555715671368	0.375555715671368	-0.358688497771816	0.358688497771816	hypo	case		0.0612915923826076	0.51	0.51	0.5	0.523027894488147	5
chr21	43565124	43565948	825	77	14.5025974025974	-0.430435591884895	0.430435591884895	-0.460867893456044	0.460867893456044	hypo	case		0.0952078726469032	0.51	0.51	0.5	0.523027894488147	5
chr21	37174070	37176079	2010	73	20.036301369863	-0.40469199182734	0.40469199182734	-0.423254144982219	0.423254144982219	hypo	case		0.27398150612542	0.51	0.51	0.5	0.523027894488147	5
chr20	19240839	19242805	1967	70	20.9985714285714	-0.372533092952848	0.372533092952848	-0.393923151367092	0.393923151367092	hypo	case		0.35547877190852	0.51	0.51	0.5	0.523027894488147	5
chr20	39326252	39330685	4434	66	23.3128787878788	-0.378519832958654	0.378519832958654	-0.392292560029765	0.392292560029765	hypo	case		0.348588878765077	0.51	0.51	0.5	0.523027894488147	5
chr20	31405860	31410103	4244	93	20.2736559139785	-0.404430253188892	0.404430253188892	-0.451730528034098	0.451730528034098	hypo	case		0.491182838357703	0.51	0.51	0.5	0.523027894488147	5
chr21	41266274	41270896	4623	90	20.5138888888889	-0.349513558793736	0.349513558793736	-0.385262224143074	0.385262224143074	hypo	case		0.208009090565564	0.51	0.51	0.5	0.523027894488147	5
chr20	30876331	30879602	3272	60	37.0466666666667	-0.341093111831596	0.341093111831596	-0.365146436516253	0.365146436516253	hypo	case		0.131397971973607	0.51	0.51	0.5	0.523027894488147	5
chr21	20561272	20564397	3126	80	19.743125	-0.392192930325717	0.392192930325717	-0.42422940588063	0.42422940588063	hypo	case		0.40365751224852	0.51	0.51	0.5	0.523027894488147	5
chr20	58437093	58441637	4545	86	20.5470930232558	-0.253571828225718	0.253571828225718	-0.274999108534392	0.274999108534392	hypo	case		0.178375853761716	0.51	0.51	0.5	0.523027894488147	5
chr20	37836582	37841356	4775	100	20.2275	-0.360681147010784	0.360681147010784	-0.396280406658969	0.396280406658969	hypo	case		0.572749236031864	0.51	0.572749236031864	0.7	0.596779781291671	5
chr21	26214596	26216521	1926	60	20.12	-0.337271036017299	0.337271036017299	-0.369155768090172	0.369155768090172	hypo	case		0.99	0.51	0.99	2.8	0.682213840132396	5
chr20	41075102	41078310	3209	76	22.9480263157895	-0.280893157702534	0.280893157702534	-0.277071796252985	0.277071796252985	hypo	case		0.347317474889435	0.51	0.51	0.5	0.523027894488147	5
chr21	35903107	35906575	3469	78	19.4942307692308	-0.436952300550202	0.436952300550202	-0.457244063512965	0.457244063512965	hypo	case		0.209951446719209	0.51	0.51	0.5	0.523027894488147	5
chr21	45649954	45653037	3084	52	23.2221153846154	-0.36382071508065	0.36382071508065	-0.363511543764194	0.363511543764194	hypo	case		0.525551551409938	0.51	0.525551551409938	0.5	0.523027894488147	5
chr20	45476966	45480958	3993	106	23.7995283018868	-0.380100091571639	0.380100091571639	-0.397564953102497	0.397564953102497	hypo	case		0.330356112430232	0.51	0.51	0.5	0.523027894488147	5
chr21	26625036	26629146	4111	99	19.2419191919192	-0.376398707572621	0.376398707572621	-0.381983115876052	0.381983115876052	hypo	case		0.742876573785764	0.51	0.742876573785764	2.8	0.682213840132396	5
chr21	39718463	39721452	2990	50	23.642	-0.353741553220475	0.353741553220475	-0.373683741228098	0.373683741228098	hypo	case		0.273155715382712	0.51	0.51	0.5	0.523027894488147	5
chr20	10709378	10714077	4700	66	22.5636363636364	-0.248705475102923	0.248705475102923	-0.254736015994315	0.254736015994315	hypo	case		0.484284722980326	0.51	0.51	0.5	0.523027894488147	5
chr20	49064431	49068594	4164	104	22.2745192307692	-0.305040084603982	0.305040084603982	-0.32170952876788	0.32170952876788	hypo	case		0.750431536948166	0.51	0.750431536948166	2.8	0.682213840132396	5
chr20	12411423	12415490	4068	67	20.6985074626866	-0.387809429998318	0.387809429998318	-0.392080462197573	0.392080462197573	hypo	case		0.310751637265499	0.51	0.51	0.5	0.523027894488147	5
chr20	21982760	21985483	2724	88	23.5835227272727	-0.294579713796088	0.294579713796088	-0.284741529581561	0.284741529581561	hypo	case		0.5380498743454	0.51	0.5380498743454	0.6	0.531925724845128	5
chr20	6773281	6776949	3669	54	20.7712962962963	-0.405535522471601	0.405535522471601	-0.432747107075651	0.432747107075651	hypo	case		0.234636113836532	0.51	0.51	0.5	0.523027894488147	5
chr20	31716523	31719449	2927	58	22.4793103448276	0.394325974544754	0.394325974544754	0.4395115145107	0.4395115145107	hyper	case		0.0900040964046794	0.51	0.51	0.5	0.523027894488147	5
chr21	10642394	10645239	2846	60	58.3858333333333	-0.34589453472598	0.34589453472598	-0.381577870247215	0.381577870247215	hypo	case		0.317513308571909	0.51	0.51	0.5	0.523027894488147	5
chr20	8750226	8752926	2701	76	25.1138157894737	-0.401414878474199	0.401414878474199	-0.442950489960493	0.442950489960493	hypo	case		0.398288890000062	0.51	0.51	0.5	0.523027894488147	5
chr20	28897261	28900219	2959	55	23.1618181818182	-0.268019553116302	0.268019553116302	-0.278330955705769	0.278330955705769	hypo	case		0.212491942878208	0.51	0.51	0.5	0.523027894488147	5
chr21	18382585	18385965	3381	50	22.851	-0.325296870526812	0.325296870526812	-0.334899076954019	0.334899076954019	hypo	case		0.205260229925103	0.51	0.51	0.5	0.523027894488147	5
chr21	6358747	6363640	4894	78	28.6185897435897	-0.395526530526907	0.395526530526907	-0.439851249548961	0.439851249548961	hypo	case		0.285430147299199	0.51	0.51	0.5	0.523027894488147	5
chr20	509076	511273	2198	52	24.0298076923077	-0.343386060707999	0.343386060707999	-0.375534372315344	0.375534372315344	hypo	case		0.118122960089731	0.51	0.51	0.5	0.523027894488147	5
chr21	33703692	33706216	2525	70	19.005	0.344788791551426	0.344788791551426	0.337068209783591	0.337068209783591	hyper	case		0.0685975384870659	0.51	0.51	0.5	0.523027894488147	5
chr20	29514375	29517707	3333	99	54.9449494949495	-0.2872325278119	0.2872325278119	-0.305396520413822	0.305396520413822	hypo	case		0.99	0.51	0.99	2.8	0.682213840132396	5
chr20	22927199	22931202	4004	92	22.0755434782609	-0.355335904007899	0.355335904007899	-0.396260700586983	0.396260700586983	hypo	case		0.377744933806278	0.51	0.51	0.5	0.523027894488147	5
chr20	33817054	33820165	3112	70	20.6807142857143	-0.248631636684716	0.248631636684716	-0.30950895295285	0.30950895295285	hypo	case		0.413511832327376	0.51	0.51	0.5	0.523027894488147	5
chr21	23856908	23859026	2119	84	20.6732142857143	-0.376682289577709	0.376682289577709	-0.373915575170365	0.373915575170365	hypo	case		0.237180747876799	0.51	0.51	0.5	0.523027894488147	5
chr20	2667282	2670624	3343	94	21.6047872340426	-0.35983505208325	0.35983505208325	-0.383143713986817	0.383143713986817	hypo	case		0.247239869021702	0.51	0.51	0.5	0.523027894488147	5
chr21	37628562	37632745	4184	64	18.60703125	-0.338470235428187	0.338470235428187	-0.363627248335327	0.363627248335327	hypo	case		0.245366666698677	0.51	0.51	0.5	0.523027894488147	5
chr20	30757980	30761843	3864	62	13.3016129032258	-0.373282395154009	0.373282395154009	-0.42307383633199	0.42307383633199	hypo	case		0.263035409010826	0.51	0.51	0.5	0.523027894488147	5
chr21	38026570	38029794	3225	54	21.037962962963	-0.326249868772296	0.326249868772296	-0.343222729237289	0.343222729237289	hypo	case		0.0352642391588648	0.51	0.51	0.5	0.523027894488147	5
chr20	5903256	5908196	4941	84	22.0904761904762	-0.354408188682532	0.354408188682532	-0.387199226324135	0.387199226324135	hypo	case		0.343658937464143	0.51	0.51	0.5	0.523027894488147	5
chr21	29510439	29513609	3171	52	23.4432692307692	-0.407453573629708	0.407453573629708	-0.44190738271108	0.44190738271108	hypo	case		0.1127628566544	0.51	0.51	0.5	0.523027894488147	5
chr20	42553657	42557728	4072	70	22.8535714285714	-0.41856575103075	0.41856575103075	-0.432624282109383	0.432624282109383	hypo	case		0.447934938779406	0.51	0.51	0.5	0.523027894488147	5
chr21	16145113	16148068	2956	56	18.4044642857143	-0.424872382403489	0.424872382403489	-0.433704931819417	0.433704931819417	hypo	case		0.390851855609907	0.51	0.51	0.5	0.523027894488147	5
chr21	14359863	14363916	4054	90	21.1422222222222	-0.398419038052864	0.398419038052864	-0.414926952253404	0.414926952253404	hypo	case		0.0865602127739259	0.51	0.51	0.5	0.523027894488147	5
chr20	11322650	11326631	3982	66	21.4454545454545	-0.358843878348054	0.358843878348054	-0.372642147395118	0.372642147395118	hypo	case		0.579633066600288	0.51	0.579633066600288	0.7	0.596779781291671	5
chr20	29414634	29417204	2571	50	29.754	-0.321594765465004	0.321594765465004	-0.369370596072097	0.369370596072097	hypo	case		0.395767408271896	0.51	0.51	0.5	0.523027894488147	5
chr21	30977278	30981043	3766	60	23.6741666666667	-0.342309842645298	0.342309842645298	-0.389556587563823	0.389556587563823	hypo	case		0.432055128593525	0.51	0.51	0.5	0.523027894488147	5
chr21	30778365	30782377	4013	90	22.3316666666667	-0.402961260286814	0.402961260286814	-0.432770680106756	0.432770680106756	hypo	case		0.197244982682775	0.51	0.51	0.5	0.523027894488147	5
chr20	872595	876681	4087	118	24.0677966101695	-0.339647526108583	0.339647526108583	-0.366352071847079	0.366352071847079	hypo	case		0.0764912066531513	0.51	0.51	0.5	0.523027894488147	5
chr21	40564010	40568877	4868	88	22.0602272727273	-0.323820584320145	0.323820584320145	-0.387385545576756	0.387385545576756	hypo	case		0.248742178869644	0.51	0.51	0.5	0.523027894488147	5
chr20	60183442	60187617	4176	74	23.3432432432432	-0.436300634754712	0.436300634754712	-0.456404499471881	0.456404499471881	hypo	case		0.504047407488689	0.51	0.51	0.5	0.523027894488147	5
chr21	16003500	16005756	2257	69	21.1115942028986	-0.418067838776543	0.418067838776543	-0.45264027006575	0.45264027006575	hypo	case		0.273303447995444	0.51	0.51	0.5	0.523027894488147	5
chr20	42419878	42421599	1722	56	22.125	-0.248487078267532	0.248487078267532	-0.253599643030101	0.253599643030101	hypo	case		0.167045997206501	0.51	0.51	0.5	0.523027894488147	5
chr20	6655885	6659789	3905	58	21.6405172413793	-0.374845614803872	0.374845614803872	-0.392832251254158	0.392832251254158	hypo	case		0.187782953855057	0.51	0.51	0.5	0.523027894488147	5
chr20	30323911	30327760	3850	90	23.5277777777778	-0.369834490372773	0.369834490372773	-0.410921226140412	0.410921226140412	hypo	case		0.297404054529043	0.51	0.51	0.5	0.523027894488147	5
chr20	49431249	49436005	4757	108	22.362962962963	-0.376294262342175	0.376294262342175	-0.417156173242429	0.417156173242429	hypo	case		0.40292605703982	0.51	0.51	0.5	0.523027894488147	5
chr20	4420058	4424518	4461	101	21.0539603960396	-0.398440421123723	0.398440421123723	-0.425002187043198	0.425002187043198	hypo	case		0.478323280483446	0.51	0.51	0.5	0.523027894488147	5
chr21	33961298	33962764	1467	54	22.6694444444444	-0.338708701891101	0.338708701891101	-0.355162536829762	0.355162536829762	hypo	case		0.395782857581535	0.51	0.51	0.5	0.523027894488147	5
chr20	32000738	32003384	2647	52	20.6384615384615	-0.330762641712966	0.330762641712966	-0.354111105277669	0.354111105277669	hypo	case		0.139940907732633	0.51	0.51	0.5	0.523027894488147	5
chr20	5395544	5398595	3052	53	20.3443396226415	-0.299597772328805	0.299597772328805	-0.314140185164353	0.314140185164353	hypo	case		0.729910406833537	0.51	0.729910406833537	2.8	0.682213840132396	5
chr21	18411694	18415275	3582	69	22.2231884057971	0.24878358384877	0.24878358384877	0.265492600743245	0.265492600743245	hyper	case		0.336883545554765	0.51	0.51	0.5	0.523027894488147	5
chr20	14694979	14698360	3382	50	20.049	-0.314478669222953	0.314478669222953	-0.355842504018552	0.355842504018552	hypo	case		0.0844284638120866	0.51	0.51	0.5	0.523027894488147	5
chr20	6898520	6902949	4430	94	22.9808510638298	-0.393019521301854	0.393019521301854	-0.393299059812303	0.393299059812303	hypo	case		0.332345769434725	0.51	0.51	0.5	0.523027894488147	5
chr20	39941414	39944807	3394	93	21.1537634408602	-0.419573720245968	0.419573720245968	-0.436282941530981	0.436282941530981	hypo	case		0.332307604213227	0.51	0.51	0.5	0.523027894488147	5
chr20	52722180	52726802	4623	80	22.65	-0.3416380532821	0.3416380532821	-0.396147491265245	0.396147491265245	hypo	case		0.304647081798001	0.51	0.51	0.5	0.523027894488147	5
chr21	32089033	32093265	4233	86	21.7912790697674	-0.421717528308982	0.421717528308982	-0.443076288704577	0.443076288704577	hypo	case		0.205711233068549	0.51	0.51	0.5	0.523027894488147	5
chr21	22075662	22080414	4753	62	19.9991935483871	-0.393851927949333	0.393851927949333	-0.423454094122287	0.423454094122287	hypo	case		0.359860523178074	0.51	0.51	0.5	0.523027894488147	5
chr21	18930957	18934618	3662	58	21.3810344827586	-0.384057535894822	0.384057535894822	-0.426907089363415	0.426907089363415	hypo	case		0.311697712470637	0.51	0.51	0.5	0.523027894488147	5
chr21	42436348	42440901	4554	176	21.8159090909091	-0.398764463435676	0.398764463435676	-0.41104329941027	0.41104329941027	hypo	case		0.142997344077254	0.51	0.51	0.5	0.523027894488147	5
chr21	24878526	24880409	1884	62	22.2387096774194	-0.396248519942514	0.396248519942514	-0.427630520394796	0.427630520394796	hypo	case		0.249187949927959	0.51	0.51	0.5	0.523027894488147	5
chr20	20855044	20858434	3391	82	21.2323170731707	-0.413284993949217	0.413284993949217	-0.422839251758059	0.422839251758059	hypo	case		0.398348164700941	0.51	0.51	0.5	0.523027894488147	5
chr20	22309240	22313473	4234	74	23.7662162162162	-0.400151922634842	0.400151922634842	-0.431688727762659	0.431688727762659	hypo	case		0.408209539741887	0.51	0.51	0.5	0.523027894488147	5
chr21	39547454	39550545	3092	52	23.5067307692308	-0.305845562910231	0.305845562910231	-0.340515118116091	0.340515118116091	hypo	case		0.214154999208306	0.51	0.51	0.5	0.523027894488147	5
chr21	24691771	24695366	3596	54	21.8962962962963	-0.336731100097275	0.336731100097275	-0.333373273429801	0.333373273429801	hypo	case		0.462282728612687	0.51	0.51	0.5	0.523027894488147	5
chr20	47483300	47487482	4183	140	20.8785714285714	-0.370584867412629	0.370584867412629	-0.377091827665429	0.377091827665429	hypo	case		0.131076291369733	0.51	0.51	0.5	0.523027894488147	5
chr21	23451947	23454495	2549	57	19.1605263157895	0.387011541048466	0.387011541048466	0.3840999247583	0.3840999247583	hyper	case		0.256453721686734	0.51	0.51	0.5	0.523027894488147	5
chr20	20607124	20611017	3894	53	22.3698113207547	-0.336402368742842	0.336402368742842	-0.363045714669655	0.363045714669655	hypo	case		0.137669587519852	0.51	0.51	0.5	0.523027894488147	5
chr21	5731632	5736111	4480	141	21.4613475177305	-0.382377767468493	0.382377767468493	-0.411926890360976	0.411926890360976	hypo	case		0.110481122835636	0.51	0.51	0.5	0.523027894488147	5
chr21	27853821	27857628	3808	62	22.2241935483871	-0.39512721360563	0.39512721360563	-0.421754704210087	0.421754704210087	hypo	case		0.295742003389127	0.51	0.51	0.5	0.523027894488147	5
chr21	13100734	13105124	4391	102	20.8269607843137	-0.37004962448557	0.37004962448557	-0.378639576011808	0.378639576011808	hypo	case		0.298393383070645	0.51	0.51	0.5	0.523027894488147	5
chr21	14283934	14286779	2846	60	22.005	-0.254890685329622	0.254890685329622	-0.260601622144311	0.260601622144311	hypo	case		0.0245418067106239	0.51	0.51	0.5	0.523027894488147	5
chr20	40847014	40849319	2306	76	24.0355263157895	-0.404402864964211	0.404402864964211	-0.431013157085995	0.431013157085995	hypo	case		0.180178829113035	0.51	0.51	0.5	0.523027894488147	5
chr20	63863	67136	3274	52	19.5557692307692	-0.252498596673115	0.252498596673115	-0.249276333191623	0.249276333191623	hypo	case		0.657610328460048	0.51	0.657610328460048	2.7	0.657536389520728	5
chr21	45847364	45851552	4189	98	22.2673469387755	-0.426348673360949	0.426348673360949	-0.464304679322441	0.464304679322441	hypo	case		0.393052758559285	0.51	0.51	0.5	0.523027894488147	5
chr21	34622589	34626939	4351	90	20.6288888888889	-0.361594927852403	0.361594927852403	-0.391593928218515	0.391593928218515	hypo	case		0.287888958599781	0.51	0.51	0.5	0.523027894488147	5
chr21	21672500	21676723	4224	66	24.9	-0.363951351875035	0.363951351875035	-0.377080261861389	0.377080261861389	hypo	case		0.436149846366482	0.51	0.51	0.5	0.523027894488147	5
chr20	25346104	25349773	3670	107	23.4046728971963	-0.420611108420745	0.420611108420745	-0.435699859544233	0.435699859544233	hypo	case		0.440987577590633	0.51	0.51	0.5	0.523027894488147	5
chr21	10096598	10100324	3727	106	41.9231132075472	-0.438979830179968	0.438979830179968	-0.468868846840742	0.468868846840742	hypo	case		0.400022419239592	0.51	0.51	0.5	0.523027894488147	5
chr20	23060109	23062589	2481	50	20.723	-0.365961869363219	0.365961869363219	-0.411213290471404	0.411213290471404	hypo	case		0.104421793503117	0.51	0.51	0.5	0.523027894488147	5
chr20	5547623	5550149	2527	50	21.726	-0.260277302605758	0.260277302605758	-0.278834442217209	0.278834442217209	hypo	case		0.0690498592569807	0.51	0.51	0.5	0.523027894488147	5
chr21	13027935	13029814	1880	54	41.4703703703704	-0.368453727392138	0.368453727392138	-0.418220888807234	0.418220888807234	hypo	case		0.169646348001972	0.51	0.51	0.5	0.523027894488147	5
chr21	39124552	39128002	3451	77	22.8818181818182	-0.362444080479609	0.362444080479609	-0.339110595991801	0.339110595991801	hypo	case		0.297508095893725	0.51	0.51	0.5	0.523027894488147	5
chr21	15313846	15317397	3552	106	19.9877358490566	-0.395193395830014	0.395193395830014	-0.402760790335465	0.402760790335465	hypo	case		0.435222177514323	0.51	0.51	0.5	0.523027894488147	5
chr21	13022378	13025315	2938	54	40.1259259259259	-0.419566735838926	0.419566735838926	-0.41823793737273	0.41823793737273	hypo	case		0.205478402927925	0.51	0.51	0.5	0.523027894488147	5
chr20	13593183	13595488	2306	56	20.6616071428571	-0.365087001118575	0.365087001118575	-0.406693279629052	0.406693279629052	hypo	case		0.472766948381123	0.51	0.51	0.5	0.523027894488147	5
chr20	34466542	34470907	4366	82	23.0292682926829	-0.418175380946359	0.418175380946359	-0.445100722562172	0.445100722562172	hypo	case		0.410412988426958	0.51	0.51	0.5	0.523027894488147	5
chr20	48897658	48899795	2138	58	20.8172413793103	-0.409435755120809	0.409435755120809	-0.454229126991423	0.454229126991423	hypo	case		0.44911826189337	0.51	0.51	0.5	0.523027894488147	5
chr20	56047969	56051686	3718	86	21.946511627907	-0.402081311467177	0.402081311467177	-0.427144615387019	0.427144615387019	hypo	case		0.258322930145681	0.51	0.51	0.5	0.523027894488147	5
chr20	10372374	10377281	4908	87	21.5316091954023	-0.376326043237808	0.376326043237808	-0.418097367386294	0.418097367386294	hypo	case		0.514169313799941	0.51	0.514169313799941	0.5	0.523027894488147	5
chr20	42078087	42082004	3918	84	21.9351190476191	-0.422670685747956	0.422670685747956	-0.444701893567849	0.444701893567849	hypo	case		0.267928812590864	0.51	0.51	0.5	0.523027894488147	5
chr20	31381480	31384741	3262	80	22.7725	-0.43001220000338	0.43001220000338	-0.443048366358294	0.443048366358294	hypo	case		0.423945582575778	0.51	0.51	0.5	0.523027894488147	5
chr20	11551953	11555220	3268	50	22.412	-0.373623365551309	0.373623365551309	-0.406902084721665	0.406902084721665	hypo	case		0.140754783983688	0.51	0.51	0.5	0.523027894488147	5
chr20	37542361	37544525	2165	50	22.867	-0.388114466188208	0.388114466188208	-0.406886933627617	0.406886933627617	hypo	case		0.470920723152084	0.51	0.51	0.5	0.523027894488147	5
chr20	53019584	53021639	2056	50	21.605	-0.311585579680883	0.311585579680883	-0.357449168673485	0.357449168673485	hypo	case		0.217645182090644	0.51	0.51	0.5	0.523027894488147	5
chr21	40311544	40314499	2956	80	21.0325	-0.407606370672829	0.407606370672829	-0.430670052412772	0.430670052412772	hypo	case		0.318263204772574	0.51	0.51	0.5	0.523027894488147	5
chr20	42049832	42053894	4063	88	21.2170454545455	-0.303764653287322	0.303764653287322	-0.315550489562503	0.315550489562503	hypo	case		0.444308445240888	0.51	0.51	0.5	0.523027894488147	5
chr21	18338956	18343257	4302	60	23.4216666666667	-0.381369393384519	0.381369393384519	-0.410950636063824	0.410950636063824	hypo	case		0.307735499132963	0.51	0.51	0.5	0.523027894488147	5
chr20	41047004	41051082	4079	56	19.8642857142857	0.321652562660653	0.321652562660653	0.354710274513003	0.354710274513003	hyper	case		0.255683300764126	0.51	0.51	0.5	0.523027894488147	5
chr21	40705406	40707215	1810	51	18.978431372549	-0.3932340583001	0.3932340583001	-0.425517498418437	0.425517498418437	hypo	case		0.290413915403959	0.51	0.51	0.5	0.523027894488147	5
chr20	38391462	38395961	4500	90	22.1566666666667	-0.351149226268228	0.351149226268228	-0.383446803187861	0.383446803187861	hypo	case		0.207579657579047	0.51	0.51	0.5	0.523027894488147	5
chr21	13473745	13476485	2741	50	21.102	-0.340709622772039	0.340709622772039	-0.354623655740204	0.354623655740204	hypo	case		0.225306151999053	0.51	0.51	0.5	0.523027894488147	5
chr20	39318296	39321967	3672	58	24.176724137931	-0.347290901933687	0.347290901933687	-0.397606713260316	0.397606713260316	hypo	case		0.347798852372196	0.51	0.51	0.5	0.523027894488147	5
chr21	25212484	25215393	2910	62	20.9120967741936	-0.361612579613414	0.361612579613414	-0.375524178529268	0.375524178529268	hypo	case		0.359858772543191	0.51	0.51	0.5	0.523027894488147	5
chr21	14479779	14484253	4475	96	24.1401041666667	-0.32736341732089	0.32736341732089	-0.354495110458437	0.354495110458437	hypo	case		0.53206702492866	0.51	0.53206702492866	0.6	0.531925724845128	5
chr20	50736449	50738042	1594	50	25.851	0.317630046647537	0.317630046647537	0.320238044912165	0.320238044912165	hyper	case		0.212218406222682	0.51	0.51	0.5	0.523027894488147	5
chr21	39684537	39688642	4106	87	20.5724137931034	0.42377769289534	0.42377769289534	0.469857649279489	0.469857649279489	hyper	case		0.242777131802283	0.51	0.51	0.5	0.523027894488147	5
chr20	24447447	24450373	2927	84	22.4113095238095	-0.307847862234081	0.307847862234081	-0.29768140917649	0.29768140917649	hypo	case		0.683573428328664	0.51	0.683573428328664	2.8	0.682213840132396	5
chr20	26211442	26215224	3783	54	20.4046296296296	-0.261655230457407	0.261655230457407	-0.327037791171394	0.327037791171394	hypo	case		0.243432837786811	0.51	0.51	0.5	0.523027894488147	5
chr20	50558752	50563370	4619	134	24.5623134328358	-0.336800712059837	0.336800712059837	-0.376455706611085	0.376455706611085	hypo	case		0.634032046703633	0.51	0.634032046703633	1.6	0.634986191344257	5
chr21	28884547	28889425	4879	211	21.1229857819905	0.283144048737557	0.283144048737557	0.315971577161248	0.315971577161248	hyper	case		0.378282955788805	0.51	0.51	0.5	0.523027894488147	5
chr20	45244074	45248310	4237	70	22.88	-0.327420229065186	0.327420229065186	-0.344886843571279	0.344886843571279	hypo	case		0.369551674764036	0.51	0.51	0.5	0.523027894488147	5
chr20	19452909	19457165	4257	84	23.8684523809524	-0.393300336859769	0.393300336859769	-0.423421601172949	0.423421601172949	hypo	case		0.341360556828205	0.51	0.51	0.5	0.523027894488147	5
chr20	20446447	20451065	4619	66	21.9378787878788	0.378068743342241	0.378068743342241	0.418985504111708	0.418985504111708	hyper	case		0.323709481976925	0.51	0.51	0.5	0.523027894488147	5
chr21	13082003	13085497	3495	58	24.6206896551724	-0.360946925275811	0.360946925275811	-0.399489117411959	0.399489117411959	hypo	case		0.163442721991354	0.51	0.51	0.5	0.523027894488147	5
chr20	16814820	16818210	3391	64	24.3	-0.370248899905141	0.370248899905141	-0.414364384547944	0.414364384547944	hypo	case		0.228817800796064	0.51	0.51	0.5	0.523027894488147	5
chr20	60442875	60447011	4137	126	21.1734126984127	-0.436317213132344	0.436317213132344	-0.454975678240653	0.454975678240653	hypo	case		0.206344853431045	0.51	0.51	0.5	0.523027894488147	5
chr21	30866721	30870751	4031	58	20.1362068965517	-0.367881962691746	0.367881962691746	-0.419686699730069	0.419686699730069	hypo	case		0.257071182328865	0.51	0.51	0.5	0.523027894488147	5
chr21	42433312	42435559	2248	50	20.571	-0.396509068171043	0.396509068171043	-0.439064781851362	0.439064781851362	hypo	case		0.528017462300503	0.51	0.528017462300503	0.6	0.531925724845128	5
chr21	9724571	9729014	4444	86	60.2976744186047	0.274208297945808	0.274208297945808	0.284661846154654	0.284661846154654	hyper	case		0.872176854424982	0.51	0.872176854424982	2.8	0.682213840132396	5
chr21	21944476	21948283	3808	60	21.6108333333333	-0.257870476821429	0.257870476821429	-0.292324050876539	0.292324050876539	hypo	case		0.0822161926360744	0.51	0.51	0.5	0.523027894488147	5
chr20	17095058	17099400	4343	52	20.9307692307692	-0.265012106585971	0.265012106585971	-0.27389956232873	0.27389956232873	hypo	case		0.99	0.51	0.99	2.8	0.682213840132396	5
chr21	25083715	25087069	3355	80	23.168125	-0.405374018031011	0.405374018031011	-0.418253031743865	0.418253031743865	hypo	case		0.248030646532416	0.51	0.51	0.5	0.523027894488147	5
chr21	17058246	17061478	3233	52	22.4548076923077	-0.353561494501678	0.353561494501678	-0.353827310032941	0.353827310032941	hypo	case		0.687559020610908	0.51	0.687559020610908	2.8	0.682213840132396	5
chr21	29667807	29672219	4413	66	24.3833333333333	-0.339890238607242	0.339890238607242	-0.346619932399982	0.346619932399982	hypo	case		0.28307965545253	0.51	0.51	0.5	0.523027894488147	5
chr20	21390436	21394876	4441	194	20.9757731958763	0.373085714252283	0.373085714252283	0.417882814434552	0.417882814434552	hyper	case		0.298784747207494	0.51	0.51	0.5	0.523027894488147	5
chr20	21546470	21549441	2972	78	22.8198717948718	-0.381725144033864	0.381725144033864	-0.431321931533192	0.431321931533192	hypo	case		0.285728036677257	0.51	0.51	0.5	0.523027894488147	5
chr21	21577603	21580920	3318	52	20.3980769230769	-0.35669740828649	0.35669740828649	-0.410887131770582	0.410887131770582	hypo	case		0.23869270278075	0.51	0.51	0.5	0.523027894488147	5
chr20	9159674	9164177	4504	76	22.3592105263158	-0.288828437346601	0.288828437346601	-0.314261950332926	0.314261950332926	hypo	case		0.538705489520389	0.51	0.538705489520389	0.6	0.531925724845128	5
chr20	17295206	17298055	2850	54	19.6703703703704	0.315094948409652	0.315094948409652	0.302637362674139	0.302637362674139	hyper	case		0.679661740664331	0.51	0.679661740664331	2.8	0.682213840132396	5
chr21	32544850	32548080	3231	72	20.8569444444444	-0.307047351041706	0.307047351041706	-0.302835593575853	0.302835593575853	hypo	case		0.17961565391137	0.51	0.51	0.5	0.523027894488147	5
chr20	25102767	25107244	4478	126	21.9761904761905	-0.370571729195795	0.370571729195795	-0.401202689234772	0.401202689234772	hypo	case		0.424020433951878	0.51	0.51	0.5	0.523027894488147	5
chr21	5254982	5259412	4431	98	43.1576530612245	-0.40940200040989	0.40940200040989	-0.437387033202071	0.437387033202071	hypo	case		0.363848142436499	0.51	0.51	0.5	0.523027894488147	5
chr21	11313877	11318117	4241	76	12.4236842105263	-0.351934727880693	0.351934727880693	-0.4022881384183	0.4022881384183	hypo	case		0.360879591381397	0.51	0.51	0.5	0.523027894488147	5
chr21	35406560	35409713	3154	55	21.6490909090909	-0.340213786099235	0.340213786099235	-0.348702978029712	0.348702978029712	hypo	case		0.373995451730121	0.51	0.51	0.5	0.523027894488147	5
chr20	40460536	40464646	4111	64	22.38203125	-0.350770908398306	0.350770908398306	-0.399968346434618	0.399968346434618	hypo	case		0.498298036754922	0.51	0.51	0.5	0.523027894488147	5
chr20	45439696	45443946	4251	76	21.8855263157895	-0.304433159261589	0.304433159261589	-0.331173098943906	0.331173098943906	hypo	case		0.0973190974591947	0.51	0.51	0.5	0.523027894488147	5
chr21	26949814	26953393	3580	56	20.3491071428571	-0.260330608215367	0.260330608215367	-0.31609641213518	0.31609641213518	hypo	case		0.471636087337578	0.51	0.51	0.5	0.523027894488147	5
chr20	50212006	50216786	4781	146	21.9246575342466	-0.355251321554514	0.355251321554514	-0.375281640208324	0.375281640208324	hypo	case		0.36619614765649	0.51	0.51	0.5	0.523027894488147	5
chr21	23673284	23674223	940	54	21.825	-0.354239513748786	0.354239513748786	-0.383157133696808	0.383157133696808	hypo	case		0.225257758562993	0.51	0.51	0.5	0.523027894488147	5
chr20	52288996	52293555	4560	110	21.6163636363636	-0.306558262210587	0.306558262210587	-0.342214588061662	0.342214588061662	hypo	case		0.719354461264652	0.51	0.719354461264652	2.8	0.682213840132396	5
chr20	8266069	8268653	2585	56	21.2580357142857	-0.398673688870175	0.398673688870175	-0.425635351619046	0.425635351619046	hypo	case		0.331826111555771	0.51	0.51	0.5	0.523027894488147	5
chr20	26149120	26152889	3770	76	22.2960526315789	-0.321907478336856	0.321907478336856	-0.327045226816679	0.327045226816679	hypo	case		0.0904054383186764	0.51	0.51	0.5	0.523027894488147	5
chr21	38612694	38615314	2621	80	21.4425	-0.379932601742433	0.379932601742433	-0.418213015597536	0.418213015597536	hypo	case		0.210329877001787	0.51	0.51	0.5	0.523027894488147	5
chr21	9596494	9598924	2431	54	26.9509259259259	-0.337572498601556	0.337572498601556	-0.360455930115155	0.360455930115155	hypo	case		0.430909756474281	0.51	0.51	0.5	0.523027894488147	5
chr21	13265419	13267938	2520	62	23.9395161290323	-0.279495863374088	0.279495863374088	-0.277434765242095	0.277434765242095	hypo	case		0.134857881279659	0.51	0.51	0.5	0.523027894488147	5
chr20	48880299	48883224	2926	84	22.6619047619048	-0.424321514188785	0.424321514188785	-0.465336763888479	0.465336763888479	hypo	case		0.5398623293706	0.51	0.5398623293706	0.6	0.531925724845128	5
chr20	11958383	11960404	2022	72	21.8715277777778	-0.398959375377557	0.398959375377557	-0.443125564607331	0.443125564607331	hypo	case		0.394908288323239	0.51	0.51	0.5	0.523027894488147	5
chr20	10295012	10297859	2848	60	21.885	-0.327084345114744	0.327084345114744	-0.353934536360249	0.353934536360249	hypo	case		0.81004842605878	0.51	0.81004842605878	2.8	0.682213840132396	5
chr20	35791796	35796170	4375	132	20.8098484848485	-0.370355595839923	0.370355595839923	-0.387756267142597	0.387756267142597	hypo	case		0.119585710219111	0.51	0.51	0.5	0.523027894488147	5
chr21	6827611	6832571	4961	148	13.9733108108108	-0.380311059159933	0.380311059159933	-0.416259911314696	0.416259911314696	hypo	case		0.458242242209771	0.51	0.51	0.5	0.523027894488147	5
chr20	58451179	58454223	3045	56	22.8455357142857	-0.36368389491949	0.36368389491949	-0.404721419255895	0.404721419255895	hypo	case		0.3854337610483	0.51	0.51	0.5	0.523027894488147	5
chr21	21799552	21804255	4704	58	20.3387931034483	-0.349866062071944	0.349866062071944	-0.355070108131403	0.355070108131403	hypo	case		0.249839320683861	0.51	0.51	0.5	0.523027894488147	5
chr21	13455930	13458665	2736	56	21.11875	-0.27565814564769	0.27565814564769	-0.282547161791019	0.282547161791019	hypo	case		0.779631913525001	0.51	0.779631913525001	2.8	0.682213840132396	5
chr21	13469815	13473074	3260	50	21.747	-0.382835946375538	0.382835946375538	-0.415293749257273	0.415293749257273	hypo	case		0.225877445353141	0.51	0.51	0.5	0.523027894488147	5
chr20	10042152	10046147	3996	86	22.8023255813954	-0.411440279132511	0.411440279132511	-0.424093181645472	0.424093181645472	hypo	case		0.152595643085287	0.51	0.51	0.5	0.523027894488147	5
chr21	15580160	15582506	2347	50	21.979	-0.354161149593662	0.354161149593662	-0.362277524087858	0.362277524087858	hypo	case		0.517817344929496	0.51	0.517817344929496	0.5	0.523027894488147	5
chr20	12761812	12764794	2983	54	21.775	-0.372495508846582	0.372495508846582	-0.410277742070413	0.410277742070413	hypo	case		0.106632890122784	0.51	0.51	0.5	0.523027894488147	5
chr20	46586994	46590033	3040	84	22.5494047619048	-0.452934245681399	0.452934245681399	-0.463904718927332	0.463904718927332	hypo	case		0.243098651682138	0.51	0.51	0.5	0.523027894488147	5
chr20	41156193	41158961	2769	52	23.8480769230769	-0.228868325099375	0.228868325099375	-0.263426025227039	0.263426025227039	hypo	case		0.713677336285614	0.51	0.713677336285614	2.8	0.682213840132396	5
chr20	32708403	32710405	2003	58	20.676724137931	0.352236362184303	0.352236362184303	0.386961265008009	0.386961265008009	hyper	case		0.468307492733145	0.51	0.51	0.5	0.523027894488147	5
chr20	55693243	55695464	2222	76	23.3296052631579	-0.416809085016646	0.416809085016646	-0.459316958045238	0.459316958045238	hypo	case		0.408632145973603	0.51	0.51	0.5	0.523027894488147	5
chr21	28490046	28494196	4151	60	21.8633333333333	-0.406583054513437	0.406583054513437	-0.447304350387488	0.447304350387488	hypo	case		0.221198670969557	0.51	0.51	0.5	0.523027894488147	5
chr21	28787056	28791249	4194	62	21.891935483871	-0.273741330486679	0.273741330486679	-0.319357810915712	0.319357810915712	hypo	case		0.700079424652063	0.51	0.700079424652063	2.8	0.682213840132396	5
chr20	13617505	13620534	3030	62	20.9274193548387	-0.420322363492188	0.420322363492188	-0.453239866284706	0.453239866284706	hypo	case		0.599452818738611	0.51	0.599452818738611	0.7	0.596779781291671	5
chr20	46062013	46065870	3858	109	20.0761467889908	-0.401703160737331	0.401703160737331	-0.44908618183356	0.44908618183356	hypo	case		0.437675924160316	0.51	0.51	0.5	0.523027894488147	5
chr21	33701210	33703186	1977	76	20.7480263157895	-0.380692842648974	0.380692842648974	-0.394647344465956	0.394647344465956	hypo	case		0.519243501436128	0.51	0.519243501436128	0.5	0.523027894488147	5
chr21	33739767	33742347	2581	78	25.1602564102564	-0.365333935394604	0.365333935394604	-0.414546926812035	0.414546926812035	hypo	case		0.551318789174272	0.51	0.551318789174272	0.6	0.531925724845128	5
chr21	5236876	5241447	4572	69	82.3282608695652	0.363827515178361	0.363827515178361	0.358154203473962	0.358154203473962	hyper	case		0.245405793988598	0.51	0.51	0.5	0.523027894488147	5
chr20	39246091	39248805	2715	64	21.4109375	0.282863445145865	0.282863445145865	0.286087210460937	0.286087210460937	hyper	case		0.175850225363305	0.51	0.51	0.5	0.523027894488147	5
chr20	53584395	53587181	2787	60	22.825	-0.388718300811349	0.388718300811349	-0.391968338062805	0.391968338062805	hypo	case		0.293604767253638	0.51	0.51	0.5	0.523027894488147	5
chr20	39134893	39137119	2227	75	20.6066666666667	-0.331967879256966	0.331967879256966	-0.330294403285192	0.330294403285192	hypo	case		0.800202975431985	0.51	0.800202975431985	2.8	0.682213840132396	5
chr21	15148317	15152135	3819	54	22.3935185185185	-0.332149927808634	0.332149927808634	-0.368044600591993	0.368044600591993	hypo	case		0.262521247084274	0.51	0.51	0.5	0.523027894488147	5
chr20	2015158	2017638	2481	90	22.1072222222222	-0.437530241537911	0.437530241537911	-0.465214231642586	0.465214231642586	hypo	case		0.533846580343333	0.51	0.533846580343333	0.6	0.531925724845128	5
chr21	17778528	17782083	3556	66	21.030303030303	-0.365624582287006	0.365624582287006	-0.395063338139924	0.395063338139924	hypo	case		0.3260324842331	0.51	0.51	0.5	0.523027894488147	5
chr21	9792941	9796172	3232	81	59.7012345679012	-0.311655026258962	0.311655026258962	-0.296770011855333	0.296770011855333	hypo	case		0.317394397077151	0.51	0.51	0.5	0.523027894488147	5
chr21	34530663	34534902	4240	132	22.0560606060606	-0.392642665641537	0.392642665641537	-0.409917254032546	0.409917254032546	hypo	case		0.360597569215513	0.51	0.51	0.5	0.523027894488147	5
chr21	44783952	44788584	4633	151	21.4046357615894	-0.382720258400189	0.382720258400189	-0.443862452668053	0.443862452668053	hypo	case		0.0541757707795849	0.51	0.51	0.5	0.523027894488147	5
chr21	22726917	22730811	3895	66	24.3522727272727	-0.414210580813635	0.414210580813635	-0.42854215541209	0.42854215541209	hypo	case		0.252547030897267	0.51	0.51	0.5	0.523027894488147	5
chr20	5927694	5929966	2273	52	21.6596153846154	-0.368703508120607	0.368703508120607	-0.397753330590795	0.397753330590795	hypo	case		0.212027779646741	0.51	0.51	0.5	0.523027894488147	5
chr21	18058541	18063506	4966	95	22.6305263157895	-0.43016818301906	0.43016818301906	-0.460927447551041	0.460927447551041	hypo	case		0.478619751747767	0.51	0.51	0.5	0.523027894488147	5
chr21	23955269	23958063	2795	58	21.6836206896552	-0.360948987279915	0.360948987279915	-0.407422918785704	0.407422918785704	hypo	case		0.410939764024394	0.51	0.51	0.5	0.523027894488147	5
chr21	30578216	30582973	4758	59	19.7686440677966	-0.303560713518153	0.303560713518153	-0.356856793684446	0.356856793684446	hypo	case		0.0799952795703246	0.51	0.51	0.5	0.523027894488147	5
chr20	8257049	8261549	4501	72	20.5118055555556	-0.353062904311022	0.353062904311022	-0.354682340253188	0.354682340253188	hypo	case		0.255330197359275	0.51	0.51	0.5	0.523027894488147	5
chr20	6851389	6855340	3952	70	19.9314285714286	-0.334451515193102	0.334451515193102	-0.359215572613811	0.359215572613811	hypo	case		0.264297754364408	0.51	0.51	0.5	0.523027894488147	5
chr21	20151147	20155087	3941	54	19.9796296296296	-0.28460787824699	0.28460787824699	-0.303184286395725	0.303184286395725	hypo	case		0.760046469834312	0.51	0.760046469834312	2.8	0.682213840132396	5
chr20	43031204	43035612	4409	84	19.6928571428571	-0.368964556701954	0.368964556701954	-0.405110423482417	0.405110423482417	hypo	case		0.450017337923365	0.51	0.51	0.5	0.523027894488147	5
chr20	59541144	59546103	4960	84	23.5553571428571	-0.389285465057913	0.389285465057913	-0.430270726525979	0.430270726525979	hypo	case		0.520173811662664	0.51	0.520173811662664	0.5	0.523027894488147	5
chr21	30393863	30397027	3165	74	24.572972972973	-0.367788696797961	0.367788696797961	-0.381182179056918	0.381182179056918	hypo	case		0.0755006844037754	0.51	0.51	0.5	0.523027894488147	5
chr21	20334482	20338444	3963	50	19.658	-0.299496949289923	0.299496949289923	-0.316328590507143	0.316328590507143	hypo	case		0.666690640378784	0.51	0.666690640378784	2.9	0.666693585000217	5
chr20	20716317	20719398	3082	90	21.6966666666667	-0.395393112310742	0.395393112310742	-0.423141903636932	0.423141903636932	hypo	case		0.113278929589239	0.51	0.51	0.5	0.523027894488147	5
chr20	60171858	60174257	2400	68	21.4132352941177	-0.403398346549365	0.403398346549365	-0.425176132001822	0.425176132001822	hypo	case		0.410510061210631	0.51	0.51	0.5	0.523027894488147	5
chr21	29996582	30001514	4933	62	21.1008064516129	-0.387098136747471	0.387098136747471	-0.428542464787714	0.428542464787714	hypo	case		0.0736740035632255	0.51	0.51	0.5	0.523027894488147	5
chr21	15454106	15457070	2965	76	23.1592105263158	-0.393080506514199	0.393080506514199	-0.413950170621433	0.413950170621433	hypo	case		0.183099347078791	0.51	0.51	0.5	0.523027894488147	5
chr20	21859200	21863370	4171	104	22.7951923076923	-0.327787710394171	0.327787710394171	-0.357724979669053	0.357724979669053	hypo	case		0.171353955100745	0.51	0.51	0.5	0.523027894488147	5
chr20	55636902	55639591	2690	50	20.186	-0.307764595459771	0.307764595459771	-0.311555002502448	0.311555002502448	hypo	case		0.99	0.51	0.99	2.8	0.682213840132396	5
chr21	30610435	30614084	3650	53	20.9367924528302	-0.389637155120708	0.389637155120708	-0.394091754129876	0.394091754129876	hypo	case		0.146584341271283	0.51	0.51	0.5	0.523027894488147	5
chr20	35841160	35844637	3478	141	20.9280141843972	-0.442708428752657	0.442708428752657	-0.462375955367327	0.462375955367327	hypo	case		0.168681670246491	0.51	0.51	0.5	0.523027894488147	5
chr20	52601363	52604793	3431	68	21.1448529411765	-0.440306299552215	0.440306299552215	-0.46767575596567	0.46767575596567	hypo	case		0.236841897371864	0.51	0.51	0.5	0.523027894488147	5
chr21	19173608	19176912	3305	66	22.0636363636364	-0.361755498303216	0.361755498303216	-0.37741977842813	0.37741977842813	hypo	case		0.165064354494811	0.51	0.51	0.5	0.523027894488147	5
chr21	14627788	14631645	3858	54	23.0740740740741	-0.347926026832909	0.347926026832909	-0.34635015331567	0.34635015331567	hypo	case		0.454239730366374	0.51	0.51	0.5	0.523027894488147	5
chr20	44562376	44566739	4364	94	22.3260638297872	-0.249878754027392	0.249878754027392	-0.266454488318597	0.266454488318597	hypo	case		0.99	0.51	0.99	2.8	0.682213840132396	5
chr20	60527619	60530436	2818	67	20.0276119402985	-0.3326799866407	0.3326799866407	-0.366362599444472	0.366362599444472	hypo	case		0.165033229144189	0.51	0.51	0.5	0.523027894488147	5
chr21	34902859	34906321	3463	52	20.2019230769231	-0.387783725218268	0.387783725218268	-0.44058235523815	0.44058235523815	hypo	case		0.147100014043848	0.51	0.51	0.5	0.523027894488147	5
chr21	10635743	10639622	3880	55	53.7054545454546	-0.392391134709418	0.392391134709418	-0.400104479192306	0.400104479192306	hypo	case		0.397302974102146	0.51	0.51	0.5	0.523027894488147	5
chr20	2405933	2409699	3767	72	23.8784722222222	-0.356963891385218	0.356963891385218	-0.357103767090458	0.357103767090458	hypo	case		0.99	0.51	0.99	2.8	0.682213840132396	5
chr21	18285585	18290019	4435	78	23.1378205128205	-0.438808974122897	0.438808974122897	-0.466125590966721	0.466125590966721	hypo	case		0.233676562349245	0.51	0.51	0.5	0.523027894488147	5
chr21	46241830	46245120	3291	75	19.2086666666667	-0.330200984131257	0.330200984131257	-0.37487065628587	0.37487065628587	hypo	case		0.121456851985878	0.51	0.51	0.5	0.523027894488147	5
chr21	32394946	32399648	4703	90	23.5044444444445	-0.410373915282077	0.410373915282077	-0.454348777995735	0.454348777995735	hypo	case		0.233394914297425	0.51	0.51	0.5	0.523027894488147	5
chr21	29764834	29767299	2466	58	23.1181034482759	-0.427684684566131	0.427684684566131	-0.4506012768876	0.4506012768876	hypo	case		0.34093603999841	0.51	0.51	0.5	0.523027894488147	5
chr21	9729568	9732834	3267	50	61.719	-0.384945501660501	0.384945501660501	-0.34751090026627	0.34751090026627	hypo	case		0.574030113790024	0.51	0.574030113790024	0.7	0.596779781291671	5
chr20	56142573	56146506	3934	68	22.5522058823529	-0.405543706620336	0.405543706620336	-0.43227609264806	0.43227609264806	hypo	case		0.241090248737223	0.51	0.51	0.5	0.523027894488147	5
chr21	13493857	13497855	3999	56	23.1723214285714	-0.315536462960173	0.315536462960173	-0.321723755942225	0.321723755942225	hypo	case		0.398534065151742	0.51	0.51	0.5	0.523027894488147	5
chr20	52808036	52811700	3665	52	21.8009615384615	-0.312553450231472	0.312553450231472	-0.36234177421834	0.36234177421834	hypo	case		0.626478952209774	0.51	0.626478952209774	0.8	0.625001640011956	5
chr20	56230584	56234406	3823	72	20.8444444444444	-0.404011422465595	0.404011422465595	-0.448797968814477	0.448797968814477	hypo	case		0.253646322344918	0.51	0.51	0.5	0.523027894488147	5
chr20	8341358	8346088	4731	66	20.794696969697	-0.370850112910034	0.370850112910034	-0.400841336492482	0.400841336492482	hypo	case		0.358052478360152	0.51	0.51	0.5	0.523027894488147	5
chr21	31244315	31247199	2885	72	25.3902777777778	-0.300595603744643	0.300595603744643	-0.310798081680854	0.310798081680854	hypo	case		0.680791170485638	0.51	0.680791170485638	2.8	0.682213840132396	5
chr20	49152406	49155310	2905	106	22.1410377358491	-0.397252997404033	0.397252997404033	-0.416991915747202	0.416991915747202	hypo	case		0.0473459001995111	0.51	0.51	0.5	0.523027894488147	5
chr20	6954009	6958177	4169	50	21.399	-0.368131694202168	0.368131694202168	-0.386073060018345	0.386073060018345	hypo	case		0.18092857381948	0.51	0.51	0.5	0.523027894488147	5
chr20	22632249	22634969	2721	56	18.8241071428571	-0.256882096776371	0.256882096776371	-0.252316323008328	0.252316323008328	hypo	case		0.134597997533492	0.51	0.51	0.5	0.523027894488147	5
chr20	7962041	7964778	2738	68	23.4786764705882	-0.402428171451844	0.402428171451844	-0.428794559306741	0.428794559306741	hypo	case		0.0643429316756902	0.51	0.51	0.5	0.523027894488147	5
chr21	13294720	13298048	3329	52	20.5759615384615	0.340469717616557	0.340469717616557	0.337138525744628	0.337138525744628	hyper	case		0.291778596976123	0.51	0.51	0.5	0.523027894488147	5
chr21	29280031	29282326	2296	54	21.6175925925926	-0.397099781841814	0.397099781841814	-0.431142960199212	0.431142960199212	hypo	case		0.323086193980109	0.51	0.51	0.5	0.523027894488147	5
chr21	15891779	15894408	2630	50	18.403	-0.304322322827497	0.304322322827497	-0.342926992356599	0.342926992356599	hypo	case		0.142874900239024	0.51	0.51	0.5	0.523027894488147	5
chr21	24687500	24690928	3429	70	20.5614285714286	-0.409480628042564	0.409480628042564	-0.431171769223493	0.431171769223493	hypo	case		0.472575279976203	0.51	0.51	0.5	0.523027894488147	5
chr20	6813373	6816720	3348	52	22.0605769230769	-0.433438797343359	0.433438797343359	-0.454743383412046	0.454743383412046	hypo	case		0.534332423501941	0.51	0.534332423501941	0.6	0.531925724845128	5
chr20	60902541	60904683	2143	60	21.7358333333333	-0.252235074604641	0.252235074604641	-0.287406191526847	0.287406191526847	hypo	case		0.198430343936651	0.51	0.51	0.5	0.523027894488147	5
chr21	23383767	23388067	4301	82	20.4432926829268	-0.35753818239311	0.35753818239311	-0.383033486821383	0.383033486821383	hypo	case		0.432859555910779	0.51	0.51	0.5	0.523027894488147	5
chr21	37471313	37474771	3459	66	21.8310606060606	-0.32115268403047	0.32115268403047	-0.345414188263157	0.345414188263157	hypo	case		0.132903215203292	0.51	0.51	0.5	0.523027894488147	5
chr20	6574166	6577608	3443	51	21.7039215686275	0.36062900622769	0.36062900622769	0.370570532329803	0.370570532329803	hyper	case		0.328989766433958	0.51	0.51	0.5	0.523027894488147	5
chr20	9922813	9924883	2071	62	20.6798387096774	-0.380677935783474	0.380677935783474	-0.414827525690183	0.414827525690183	hypo	case		0.185007718366685	0.51	0.51	0.5	0.523027894488147	5
chr20	33951619	33955886	4268	85	21.5305882352941	-0.420643618024133	0.420643618024133	-0.477667525683324	0.477667525683324	hypo	case		0.288695402607908	0.51	0.51	0.5	0.523027894488147	5
chr20	28828306	28832511	4206	66	25.0628787878788	-0.276865064144817	0.276865064144817	-0.311397633915567	0.311397633915567	hypo	case		0.278294180376422	0.51	0.51	0.5	0.523027894488147	5
chr21	30247962	30251804	3843	66	22.2212121212121	-0.374948863258732	0.374948863258732	-0.401534627187938	0.401534627187938	hypo	case		0.135799404994303	0.51	0.51	0.5	0.523027894488147	5
chr20	39788492	39792965	4474	60	22.2108333333333	-0.346461744872305	0.346461744872305	-0.369586886025232	0.369586886025232	hypo	case		0.570370433972371	0.51	0.570370433972371	0.7	0.596779781291671	5
chr21	31063349	31068236	4888	88	21.9727272727273	-0.383174059553786	0.383174059553786	-0.395004959141516	0.395004959141516	hypo	case		0.109100723570961	0.51	0.51	0.5	0.523027894488147	5
chr20	2729221	2733913	4693	94	21.5659574468085	-0.435716594531038	0.435716594531038	-0.451761968604128	0.451761968604128	hypo	case		0.267207892583109	0.51	0.51	0.5	0.523027894488147	5
chr20	60633706	60638135	4430	148	19.3510135135135	-0.358741418829048	0.358741418829048	-0.376722298623914	0.376722298623914	hypo	case		0.890895048273045	0.51	0.890895048273045	2.8	0.682213840132396	5
chr21	21038460	21042476	4017	62	22.7177419354839	-0.393759898523728	0.393759898523728	-0.421621651214049	0.421621651214049	hypo	case		0.395208799851155	0.51	0.51	0.5	0.523027894488147	5
chr20	20494394	20498756	4363	108	22.7597222222222	-0.318771985266435	0.318771985266435	-0.348642921366125	0.348642921366125	hypo	case		0.186181889821093	0.51	0.51	0.5	0.523027894488147	5
chr21	35229231	35233000	3770	76	21.1611842105263	-0.388830765304206	0.388830765304206	-0.398248854554144	0.398248854554144	hypo	case		0.0769139523268792	0.51	0.51	0.5	0.523027894488147	5
chr20	22919282	22922321	3040	66	23.3530303030303	-0.407493350793415	0.407493350793415	-0.422040211914177	0.422040211914177	hypo	case		0.356316215101714	0.51	0.51	0.5	0.523027894488147	5
chr21	29742500	29746976	4477	72	22.0875	-0.422637945585865	0.422637945585865	-0.44104782750735	0.44104782750735	hypo	case		0.30487108520339	0.51	0.51	0.5	0.523027894488147	5
chr20	54989718	54993302	3585	52	18.9221153846154	-0.409601048641134	0.409601048641134	-0.412114103021562	0.412114103021562	hypo	case		0.458476531240573	0.51	0.51	0.5	0.523027894488147	5
chr20	33820707	33824621	3915	110	21.8668181818182	-0.373247472913501	0.373247472913501	-0.406361641772373	0.406361641772373	hypo	case		0.205495035957452	0.51	0.51	0.5	0.523027894488147	5
chr21	14964737	14969280	4544	74	21.1527027027027	-0.379377408502748	0.379377408502748	-0.403017326549698	0.403017326549698	hypo	case		0.18450292534472	0.51	0.51	0.5	0.523027894488147	5
chr20	2000334	2002890	2557	50	21.699	-0.31365654512616	0.31365654512616	-0.324058016433157	0.324058016433157	hypo	case		0.218860938125472	0.51	0.51	0.5	0.523027894488147	5
chr20	35113321	35117156	3836	108	22.0694444444444	-0.3564560995182	0.3564560995182	-0.368920884117417	0.368920884117417	hypo	case		0.99	0.51	0.99	2.8	0.682213840132396	5
chr20	47611517	47614789	3273	90	21.8161111111111	-0.337276077268778	0.337276077268778	-0.349449878819533	0.349449878819533	hypo	case		0.152359963615986	0.51	0.51	0.5	0.523027894488147	5
chr20	35903599	35907857	4259	78	20.8076923076923	-0.381151203212105	0.381151203212105	-0.404488764781886	0.404488764781886	hypo	case		0.321651845465559	0.51	0.51	0.5	0.523027894488147	5
chr21	18417621	18421361	3741	88	22.8568181818182	-0.420060776119992	0.420060776119992	-0.439175551928699	0.439175551928699	hypo	case		0.464149961321809	0.51	0.51	0.5	0.523027894488147	5
chr21	39932708	39937195	4488	77	24.6915584415584	-0.345240301099511	0.345240301099511	-0.392210676887389	0.392210676887389	hypo	case		0.369249802795711	0.51	0.51	0.5	0.523027894488147	5
chr21	10031396	10035213	3818	60	40.1025	-0.399238377155934	0.399238377155934	-0.421475074326611	0.421475074326611	hypo	case		0.489465317957489	0.51	0.51	0.5	0.523027894488147	5
chr21	16302641	16307148	4508	62	18.9395161290323	-0.379184894345811	0.379184894345811	-0.41539088873421	0.41539088873421	hypo	case		0.159093498293228	0.51	0.51	0.5	0.523027894488147	5
chr20	13078852	13082302	3451	54	24.1083333333333	-0.314147518748981	0.314147518748981	-0.318751940183136	0.318751940183136	hypo	case		0.824780509355942	0.51	0.824780509355942	2.8	0.682213840132396	5
chr20	23235480	23239073	3594	54	21.7944444444444	-0.24015856735001	0.24015856735001	-0.241787040431037	0.241787040431037	hypo	case		0.707437649736151	0.51	0.707437649736151	2.8	0.682213840132396	5
chr20	4351927	4356170	4244	65	21.6107692307692	-0.291144631241465	0.291144631241465	-0.306358747741975	0.306358747741975	hypo	case		0.791986689119052	0.51	0.791986689119052	2.8	0.682213840132396	5
chr21	37664760	37669349	4590	159	18.1031446540881	-0.291935028419099	0.291935028419099	-0.312616579127618	0.312616579127618	hypo	case		0.678554122411195	0.51	0.678554122411195	2.8	0.682213840132396	5
chr21	43120358	43124910	4553	83	13.6355421686747	-0.365393502696134	0.365393502696134	-0.411033585535874	0.411033585535874	hypo	case		0.56607511356067	0.51	0.56607511356067	0.7	0.596779781291671	5
chr21	29433369	29438264	4896	84	21.7363095238095	-0.420861850275752	0.420861850275752	-0.446257284327012	0.446257284327012	hypo	case		0.303733054946944	0.51	0.51	0.5	0.523027894488147	5
chr20	1788053	1790994	2942	66	23.5333333333333	-0.380026284601826	0.380026284601826	-0.417377500464295	0.417377500464295	hypo	case		0.448925532472552	0.51	0.51	0.5	0.523027894488147	5
chr20	48412931	48415284	2354	54	22.3194444444444	-0.390228724140415	0.390228724140415	-0.402549236604074	0.402549236604074	hypo	case		0.320936271945857	0.51	0.51	0.5	0.523027894488147	5
chr20	42311697	42314484	2788	52	21.5548076923077	-0.279915280513234	0.279915280513234	-0.292233098184628	0.292233098184628	hypo	case		0.558026572635164	0.51	0.558026572635164	0.6	0.531925724845128	5
chr20	52714438	52718553	4116	96	21.8692708333333	-0.387702164516141	0.387702164516141	-0.410223922328408	0.410223922328408	hypo	case		0.345651846826594	0.51	0.51	0.5	0.523027894488147	5
chr20	511845	516422	4578	62	22.6629032258065	0.297965657426986	0.297965657426986	0.348634211524526	0.348634211524526	hyper	case		0.629624949311138	0.51	0.629624949311138	1	0.63016544858871	5
chr21	40171868	40176395	4528	92	22.4005434782609	-0.433231958228883	0.433231958228883	-0.438057986642331	0.438057986642331	hypo	case		0.345656079718639	0.51	0.51	0.5	0.523027894488147	5
chr20	60176131	60179237	3107	66	22.7242424242424	-0.385989043546389	0.385989043546389	-0.406690656289587	0.406690656289587	hypo	case		0.208831048641649	0.51	0.51	0.5	0.523027894488147	5
chr20	42399854	42403201	3348	62	22.4822580645161	-0.369729644196542	0.369729644196542	-0.409226518804024	0.409226518804024	hypo	case		0.299986148340048	0.51	0.51	0.5	0.523027894488147	5
chr21	40336989	40340255	3267	98	22.3173469387755	-0.311188233481785	0.311188233481785	-0.321633253908691	0.321633253908691	hypo	case		0.702626474508474	0.51	0.702626474508474	2.8	0.682213840132396	5
chr21	20256044	20260804	4761	66	18.7833333333333	-0.3196345020414	0.3196345020414	-0.312651207529869	0.312651207529869	hypo	case		0.679808591365852	0.51	0.679808591365852	2.8	0.682213840132396	5
chr21	19286830	19289066	2237	58	23.5810344827586	-0.388716452725954	0.388716452725954	-0.39223979733616	0.39223979733616	hypo	case		0.135751881625994	0.51	0.51	0.5	0.523027894488147	5
chr20	16607153	16609814	2662	60	21.9608333333333	-0.319573623946901	0.319573623946901	-0.361638261079832	0.361638261079832	hypo	case		0.193183259799975	0.51	0.51	0.5	0.523027894488147	5
chr21	38279682	38282945	3264	62	23.2758064516129	-0.382266207499983	0.382266207499983	-0.434647608206471	0.434647608206471	hypo	case		0.473055800943578	0.51	0.51	0.5	0.523027894488147	5
chr21	46567373	46569110	1738	76	23.6565789473684	-0.371253331970494	0.371253331970494	-0.405951555319326	0.405951555319326	hypo	case		0.0460564047740046	0.51	0.51	0.5	0.523027894488147	5
chr21	23127483	23129221	1739	50	24.791	-0.376989273169284	0.376989273169284	-0.400557686818631	0.400557686818631	hypo	case		0.48959738522201	0.51	0.51	0.5	0.523027894488147	5
chr20	22789103	22793566	4464	62	19.983064516129	-0.305807119815952	0.305807119815952	-0.32036472542005	0.32036472542005	hypo	case		0.055157912202413	0.51	0.51	0.5	0.523027894488147	5
chr21	16332336	16334566	2231	56	23.4366071428571	-0.364310159532117	0.364310159532117	-0.352034937952419	0.352034937952419	hypo	case		0.393111806989002	0.51	0.51	0.5	0.523027894488147	5
chr20	6694645	6699305	4661	118	23.714406779661	-0.367869555987716	0.367869555987716	-0.372353373405289	0.372353373405289	hypo	case		0.101092120871811	0.51	0.51	0.5	0.523027894488147	5
chr20	53290115	53294291	4177	79	20.1778481012658	-0.372437208386579	0.372437208386579	-0.394888739130385	0.394888739130385	hypo	case		0.544032740001779	0.51	0.544032740001779	0.6	0.531925724845128	5
chr20	5096742	5098471	1730	58	21.1086206896552	-0.395296391090252	0.395296391090252	-0.42163704758977	0.42163704758977	hypo	case		0.190838870639051	0.51	0.51	0.5	0.523027894488147	5
chr21	20415275	20418712	3438	50	24.67	-0.321920836936064	0.321920836936064	-0.360263967823277	0.360263967823277	hypo	case		0.469428920555174	0.51	0.51	0.5	0.523027894488147	5
chr21	34740572	34744465	3894	104	23.3033653846154	-0.329036611719195	0.329036611719195	-0.362932259287839	0.362932259287839	hypo	case		0.289277259992979	0.51	0.51	0.5	0.523027894488147	5
chr20	33557058	33560183	3126	100	21.023	-0.396419096988155	0.396419096988155	-0.445586151339429	0.445586151339429	hypo	case		0.223958676978743	0.51	0.51	0.5	0.523027894488147	5
chr20	3175508	3178797	3290	86	20.9093023255814	-0.289788631509261	0.289788631509261	-0.288502053088112	0.288502053088112	hypo	case		0.782377578566204	0.51	0.782377578566204	2.8	0.682213840132396	5
chr21	21495121	21499463	4343	76	21.7644736842105	-0.348897176781595	0.348897176781595	-0.388076307472595	0.388076307472595	hypo	case		0.286341372809568	0.51	0.51	0.5	0.523027894488147	5
chr20	10298903	10302536	3634	70	22.8792857142857	-0.349545809467181	0.349545809467181	-0.368561234286866	0.368561234286866	hypo	case		0.101081785701089	0.51	0.51	0.5	0.523027894488147	5
chr20	56325475	56329618	4144	80	23.231875	-0.223940823395812	0.223940823395812	-0.2601367298542	0.2601367298542	hypo	case		0.682933188071992	0.51	0.682933188071992	2.8	0.682213840132396	5
chr20	45056679	45059599	2921	50	21.512	-0.329100503873585	0.329100503873585	-0.34808844704133	0.34808844704133	hypo	case		0.17427452090566	0.51	0.51	0.5	0.523027894488147	5
chr20	35380804	35382806	2003	58	23.4258620689655	-0.265691819401966	0.265691819401966	-0.257721551492915	0.257721551492915	hypo	case		0.364862342854685	0.51	0.51	0.5	0.523027894488147	5
chr20	38845038	38848115	3078	59	20.7415254237288	-0.406765643356285	0.406765643356285	-0.437103445756127	0.437103445756127	hypo	case		0.300537177018642	0.51	0.51	0.5	0.523027894488147	5
chr21	26070214	26073574	3361	60	23.42	0.331026872922817	0.331026872922817	0.358130790814621	0.358130790814621	hyper	case		0.234784449346319	0.51	0.51	0.5	0.523027894488147	5
chr21	27143148	27148143	4996	189	21.2719576719577	-0.35532781874029	0.35532781874029	-0.349536057624627	0.349536057624627	hypo	case		0.595407065518249	0.51	0.595407065518249	0.7	0.596779781291671	5
chr21	41035627	41039812	4186	88	22.2721590909091	-0.296040038698603	0.296040038698603	-0.316909384203075	0.316909384203075	hypo	case		0.154220286120024	0.51	0.51	0.5	0.523027894488147	5
chr21	29989042	29993739	4698	66	21.9242424242424	-0.347885822917815	0.347885822917815	-0.363747186742297	0.363747186742297	hypo	case		0.21089737675809	0.51	0.51	0.5	0.523027894488147	5
chr21	22460289	22465181	4893	116	23.3099137931035	-0.360660802408235	0.360660802408235	-0.38954686480736	0.38954686480736	hypo	case		0.199099108180573	0.51	0.51	0.5	0.523027894488147	5
chr21	44790396	44793670	3275	74	20.2972972972973	-0.376100870496267	0.376100870496267	-0.393005456318565	0.393005456318565	hypo	case		0.28285401657324	0.51	0.51	0.5	0.523027894488147	5
chr21	31830736	31832582	1847	50	23	-0.384909940525706	0.384909940525706	-0.400175255232015	0.400175255232015	hypo	case		0.196692460943494	0.51	0.51	0.5	0.523027894488147	5
chr20	32226498	32228793	2296	74	22.4547297297297	-0.422955503697307	0.422955503697307	-0.44126237927165	0.44126237927165	hypo	case		0.198581060395534	0.51	0.51	0.5	0.523027894488147	5
chr21	38151973	38155401	3429	76	23.8388157894737	-0.427233031395235	0.427233031395235	-0.439510721852371	0.439510721852371	hypo	case		0.376564607908687	0.51	0.51	0.5	0.523027894488147	5
chr20	41427996	41432638	4643	86	24.1953488372093	-0.406931562307535	0.406931562307535	-0.421301278631525	0.421301278631525	hypo	case		0.128749746787042	0.51	0.51	0.5	0.523027894488147	5
chr20	9015015	9019797	4783	56	21.3803571428571	-0.328267983252504	0.328267983252504	-0.345247287632518	0.345247287632518	hypo	case		0.416218561170784	0.51	0.51	0.5	0.523027894488147	5
chr21	25981846	25985411	3566	60	22.2558333333333	-0.346614296848427	0.346614296848427	-0.382467099308152	0.382467099308152	hypo	case		0.556156283676873	0.51	0.556156283676873	0.6	0.531925724845128	5
chr20	27812282	27815673	3392	50	17.152	-0.407796267448279	0.407796267448279	-0.45136215356021	0.45136215356021	hypo	case		0.208090106779236	0.51	0.51	0.5	0.523027894488147	5
chr21	13019341	13020458	1118	56	42.4678571428571	-0.377190757595905	0.377190757595905	-0.398230209056148	0.398230209056148	hypo	case		0.161446373397924	0.51	0.51	0.5	0.523027894488147	5
chr20	54937344	54940088	2745	54	24.4101851851852	-0.370981700429593	0.370981700429593	-0.424013898890199	0.424013898890199	hypo	case		0.212738802045644	0.51	0.51	0.5	0.523027894488147	5
chr21	13501514	13505044	3531	80	22.408125	-0.298280989144382	0.298280989144382	-0.314065369382879	0.314065369382879	hypo	case		0.293763834744653	0.51	0.51	0.5	0.523027894488147	5
chr20	57848861	57851212	2352	72	21.2277777777778	-0.375855552954617	0.375855552954617	-0.398343138437777	0.398343138437777	hypo	case		0.937972369370893	0.51	0.937972369370893	2.8	0.682213840132396	5
chr21	37621755	37624394	2640	56	19.6258928571429	-0.429957790691513	0.429957790691513	-0.482742106548191	0.482742106548191	hypo	case		0.354803089278872	0.51	0.51	0.5	0.523027894488147	5
chr20	1167927	1171699	3773	70	22.5614285714286	-0.349447196464677	0.349447196464677	-0.404262121536854	0.404262121536854	hypo	case		0.164783059587751	0.51	0.51	0.5	0.523027894488147	5
chr21	18143181	18146721	3541	95	20.0415789473684	-0.388316404207709	0.388316404207709	-0.425589271048557	0.425589271048557	hypo	case		0.2172286650044	0.51	0.51	0.5	0.523027894488147	5
chr21	28648832	28651151	2320	54	26.4083333333333	-0.400678835932666	0.400678835932666	-0.421527578986315	0.421527578986315	hypo	case		0.333971036948617	0.51	0.51	0.5	0.523027894488147	5
chr20	41107969	41111757	3789	68	21.4132352941177	-0.391925286340104	0.391925286340104	-0.42531563891554	0.42531563891554	hypo	case		0.503462150122255	0.51	0.51	0.5	0.523027894488147	5
chr20	28951231	28954859	3629	62	26.8895161290323	-0.305723801056707	0.305723801056707	-0.321164709650158	0.321164709650158	hypo	case		0.331230514173727	0.51	0.51	0.5	0.523027894488147	5
chr21	42483922	42487341	3420	81	22.1327160493827	-0.368157456595771	0.368157456595771	-0.422042576181613	0.422042576181613	hypo	case		0.197530612011315	0.51	0.51	0.5	0.523027894488147	5
chr21	16036005	16039879	3875	50	22.112	-0.387273622198621	0.387273622198621	-0.411394240854922	0.411394240854922	hypo	case		0.410506141069903	0.51	0.51	0.5	0.523027894488147	5
chr20	45044179	45049126	4948	106	22.7985849056604	-0.351603797274463	0.351603797274463	-0.401651979140105	0.401651979140105	hypo	case		0.185306985025459	0.51	0.51	0.5	0.523027894488147	5
chr20	35679223	35681604	2382	72	21.9104166666667	-0.350427910653005	0.350427910653005	-0.392006149768461	0.392006149768461	hypo	case		0.104203756140917	0.51	0.51	0.5	0.523027894488147	5
chr21	30889030	30892705	3676	52	21.8932692307692	-0.386319092542869	0.386319092542869	-0.40384212288591	0.40384212288591	hypo	case		0.48366800586243	0.51	0.51	0.5	0.523027894488147	5
chr20	13145975	13150041	4067	68	21.8529411764706	-0.343567541309847	0.343567541309847	-0.384600984966522	0.384600984966522	hypo	case		0.331900921769333	0.51	0.51	0.5	0.523027894488147	5
chr20	11940422	11944187	3766	59	19.6466101694915	-0.342980675020944	0.342980675020944	-0.353857141458593	0.353857141458593	hypo	case		0.99	0.51	0.99	2.8	0.682213840132396	5
chr20	39407129	39411309	4181	66	23.2772727272727	-0.277138142503805	0.277138142503805	-0.308480623836956	0.308480623836956	hypo	case		0.247162067426076	0.51	0.51	0.5	0.523027894488147	5
chr21	9915287	9917553	2267	56	60.4508928571429	-0.269657451600557	0.269657451600557	-0.295236137808899	0.295236137808899	hypo	case		0.0596293859043086	0.51	0.51	0.5	0.523027894488147	5
chr20	21059229	21062683	3455	76	21.7940789473684	-0.39273379810958	0.39273379810958	-0.415239381634286	0.415239381634286	hypo	case		0.517852722049949	0.51	0.517852722049949	0.5	0.523027894488147	5
chr21	35516461	35519089	2629	62	22.9564516129032	-0.38431407697668	0.38431407697668	-0.407994735027972	0.407994735027972	hypo	case		0.368126318615348	0.51	0.51	0.5	0.523027894488147	5
chr20	36284336	36288600	4265	94	23.2824468085106	-0.447075642928756	0.447075642928756	-0.471087330329136	0.471087330329136	hypo	case		0.19824567565153	0.51	0.51	0.5	0.523027894488147	5
chr21	30302278	30306305	4028	78	23.4384615384615	-0.405051242607563	0.405051242607563	-0.424143029363352	0.424143029363352	hypo	case		0.343680877511421	0.51	0.51	0.5	0.523027894488147	5
chr21	5222664	5226037	3374	70	84.025	0.299822271623901	0.299822271623901	0.333379938077284	0.333379938077284	hyper	case		0.404237651738482	0.51	0.51	0.5	0.523027894488147	5
chr21	28879229	28880973	1745	54	22.4638888888889	-0.352682226415451	0.352682226415451	-0.351813041765693	0.351813041765693	hypo	case		0.157890501124512	0.51	0.51	0.5	0.523027894488147	5
chr20	25975935	25980313	4379	82	22.7542682926829	-0.380046432105071	0.380046432105071	-0.404869617329201	0.404869617329201	hypo	case		0.205156817432702	0.51	0.51	0.5	0.523027894488147	5
chr20	21781443	21782711	1269	60	19.2975	-0.341991504226248	0.341991504226248	-0.357977452649894	0.357977452649894	hypo	case		0.306893639709251	0.51	0.51	0.5	0.523027894488147	5
chr20	33200262	33203920	3659	80	22.765625	-0.422651594088629	0.422651594088629	-0.462363387086016	0.462363387086016	hypo	case		0.513966665220364	0.51	0.513966665220364	0.5	0.523027894488147	5
chr21	31663959	31667525	3567	89	23.9443820224719	-0.326654271841361	0.326654271841361	-0.377770477620758	0.377770477620758	hypo	case		0.420625382218033	0.51	0.51	0.5	0.523027894488147	5
chr21	9847363	9850661	3299	66	62.55	-0.321000485108591	0.321000485108591	-0.327310882116571	0.327310882116571	hypo	case		0.668768944456254	0.51	0.668768944456254	2.9	0.666693585000217	5
chr20	23565822	23569192	3371	61	19.6024590163934	-0.341903864279394	0.341903864279394	-0.391229339712861	0.391229339712861	hypo	case		0.182607837805608	0.51	0.51	0.5	0.523027894488147	5
chr21	20023061	20026010	2950	52	21.9432692307692	-0.369253078991638	0.369253078991638	-0.41576874772093	0.41576874772093	hypo	case		0.138117854556864	0.51	0.51	0.5	0.523027894488147	5
chr21	15638975	15643919	4945	74	22.4554054054054	-0.344586587577383	0.344586587577383	-0.352733236962733	0.352733236962733	hypo	case		0.438432667492345	0.51	0.51	0.5	0.523027894488147	5
chr21	39714688	39717649	2962	54	22.4583333333333	0.354425748710886	0.354425748710886	0.329107480759912	0.329107480759912	hyper	case		0.138269236735839	0.51	0.51	0.5	0.523027894488147	5
chr21	37775538	37778965	3428	65	21.7592307692308	-0.351357025411659	0.351357025411659	-0.369298401309397	0.369298401309397	hypo	case		0.167262316812455	0.51	0.51	0.5	0.523027894488147	5
chr20	15467192	15472049	4858	58	23.6	-0.426976097073615	0.426976097073615	-0.456377010607554	0.456377010607554	hypo	case		0.321612280645825	0.51	0.51	0.5	0.523027894488147	5
chr21	21823294	21827146	3853	64	20.90859375	-0.383771535899113	0.383771535899113	-0.385309393045504	0.385309393045504	hypo	case		0.567847018666822	0.51	0.567847018666822	0.7	0.596779781291671	5
chr21	21478925	21483173	4249	142	22.8267605633803	-0.411436371401235	0.411436371401235	-0.433482962501059	0.433482962501059	hypo	case		0.214885866548743	0.51	0.51	0.5	0.523027894488147	5
chr21	21382469	21385656	3188	56	20.9125	-0.334356858302835	0.334356858302835	-0.305874985829434	0.305874985829434	hypo	case		0.169650254339642	0.51	0.51	0.5	0.523027894488147	5
chr20	57146494	57150191	3698	115	22.8082608695652	-0.314718920117602	0.314718920117602	-0.330875493736965	0.330875493736965	hypo	case		0.526348513875652	0.51	0.526348513875652	0.5	0.523027894488147	5
chr20	34234452	34236749	2298	78	24.9544871794872	-0.377685015909348	0.377685015909348	-0.394376062458851	0.394376062458851	hypo	case		0.381291354955632	0.51	0.51	0.5	0.523027894488147	5
chr20	22598318	22601429	3112	66	22.1901515151515	-0.412113549824355	0.412113549824355	-0.416712363670395	0.416712363670395	hypo	case		0.259433651120313	0.51	0.51	0.5	0.523027894488147	5
chr20	37501350	37504185	2836	62	24.3491935483871	-0.309335161802744	0.309335161802744	-0.358290009617921	0.358290009617921	hypo	case		0.362433295686213	0.51	0.51	0.5	0.523027894488147	5
chr20	37732372	37735393	3022	68	21.2286764705882	-0.409417371327004	0.409417371327004	-0.417819395854549	0.417819395854549	hypo	case		0.380169669379514	0.51	0.51	0.5	0.523027894488147	5
chr20	38819415	38821155	1741	64	21.740625	-0.36389713526874	0.36389713526874	-0.389655773130806	0.389655773130806	hypo	case		0.455667767540562	0.51	0.51	0.5	0.523027894488147	5
chr21	43276453	43279877	3425	221	20.4524886877828	-0.355388501752792	0.355388501752792	-0.389216629767731	0.389216629767731	hypo	case		0.477075989521157	0.51	0.51	0.5	0.523027894488147	5
chr20	20900188	20905105	4918	72	21.3743055555556	-0.423482190707012	0.423482190707012	-0.447746590604008	0.447746590604008	hypo	case		0.284278161615053	0.51	0.51	0.5	0.523027894488147	5
chr20	11194267	11197609	3343	56	20.55	-0.350134301324956	0.350134301324956	-0.353216654053555	0.353216654053555	hypo	case		0.432908867052264	0.51	0.51	0.5	0.523027894488147	5
chr20	13324685	13328882	4198	74	20.8912162162162	-0.333068382497823	0.333068382497823	-0.371165257719029	0.371165257719029	hypo	case		0.486786931633565	0.51	0.51	0.5	0.523027894488147	5
chr20	33573303	33576079	2777	78	19.3467948717949	-0.274811197441283	0.274811197441283	-0.289731718847057	0.289731718847057	hypo	case		0.020862584317648	0.51	0.51	0.5	0.523027894488147	5
chr20	8719130	8723091	3962	84	23.8482142857143	0.350622676819616	0.350622676819616	0.379523344265084	0.379523344265084	hyper	case		0.29163218743113	0.51	0.51	0.5	0.523027894488147	5
chr21	30879355	30882179	2825	76	21.4875	-0.456874797297183	0.456874797297183	-0.47454319719293	0.47454319719293	hypo	case		0.184133280289511	0.51	0.51	0.5	0.523027894488147	5
chr20	42917279	42920377	3099	63	22.5373015873016	-0.360637656922443	0.360637656922443	-0.385754276608077	0.385754276608077	hypo	case		0.556492376346466	0.51	0.556492376346466	0.6	0.531925724845128	5
chr21	30853686	30858307	4622	80	20.866875	-0.382321197227135	0.382321197227135	-0.420622300220643	0.420622300220643	hypo	case		0.583632647402882	0.51	0.583632647402882	0.7	0.596779781291671	5
chr21	18686773	18690091	3319	52	18.8365384615385	-0.319646034940952	0.319646034940952	-0.357028945265802	0.357028945265802	hypo	case		0.356072138085425	0.51	0.51	0.5	0.523027894488147	5
chr21	19812150	19815893	3744	54	23.4555555555556	-0.390078977296271	0.390078977296271	-0.42479657141034	0.42479657141034	hypo	case		0.481829103645129	0.51	0.51	0.5	0.523027894488147	5
chr20	18546171	18551021	4851	101	20.769801980198	-0.406412883770856	0.406412883770856	-0.421760025851505	0.421760025851505	hypo	case		0.151287565675783	0.51	0.51	0.5	0.523027894488147	5
chr20	20602707	20606501	3795	74	20.7878378378378	0.329672268802202	0.329672268802202	0.34429773798273	0.34429773798273	hyper	case		0.591622018482386	0.51	0.591622018482386	0.7	0.596779781291671	5
chr20	22118164	22119659	1496	60	21.5558333333333	-0.351925115918164	0.351925115918164	-0.376854684811886	0.376854684811886	hypo	case		0.481825303314831	0.51	0.51	0.5	0.523027894488147	5
chr20	54524999	54528934	3936	70	20.0792857142857	-0.400989081962752	0.400989081962752	-0.427197655410299	0.427197655410299	hypo	case		0.553871905483714	0.51	0.553871905483714	0.6	0.531925724845128	5
chr20	23722685	23725472	2788	54	21.8185185185185	-0.334423400635525	0.334423400635525	-0.330891923729565	0.330891923729565	hypo	case		0.647710493305931	0.51	0.647710493305931	2.5	0.648141514174027	5
chr20	32937199	32939965	2767	58	22.8836206896552	-0.348649988018851	0.348649988018851	-0.372932474176952	0.372932474176952	hypo	case		0.0735191835670285	0.51	0.51	0.5	0.523027894488147	5
chr20	15275486	15277325	1840	54	21.2962962962963	-0.42357209128653	0.42357209128653	-0.445387948867675	0.445387948867675	hypo	case		0.193484373335454	0.51	0.51	0.5	0.523027894488147	5
chr20	43068214	43072163	3950	100	20.469	-0.332732598880597	0.332732598880597	-0.3578098523822	0.3578098523822	hypo	case		0.258486231699632	0.51	0.51	0.5	0.523027894488147	5
chr20	10422255	10425292	3038	74	23.6040540540541	0.363264569926582	0.363264569926582	0.371788065739648	0.371788065739648	hyper	case		0.466568194452813	0.51	0.51	0.5	0.523027894488147	5
chr20	9387724	9391103	3380	50	21.493	-0.293994014485147	0.293994014485147	-0.310064321566515	0.310064321566515	hypo	case		0.600207044214315	0.51	0.600207044214315	0.7	0.596779781291671	5
chr20	26254138	26258697	4560	58	24.6112068965517	-0.428479403868193	0.428479403868193	-0.459946128693392	0.459946128693392	hypo	case		0.112398548468178	0.51	0.51	0.5	0.523027894488147	5
chr20	34219817	34221876	2060	82	25.0542682926829	-0.372851345837217	0.372851345837217	-0.402449308714519	0.402449308714519	hypo	case		0.187063900033223	0.51	0.51	0.5	0.523027894488147	5
chr20	56153952	56158749	4798	104	24.4524038461539	-0.355411290624355	0.355411290624355	-0.343996987571746	0.343996987571746	hypo	case		0.655031822363466	0.51	0.655031822363466	1.4	0.653727321184602	5
chr20	59969385	59973260	3876	86	21.4220930232558	-0.364713598527101	0.364713598527101	-0.395858790038933	0.395858790038933	hypo	case		0.151927143349175	0.51	0.51	0.5	0.523027894488147	5
chr20	9313545	9318353	4809	104	22.6009615384615	-0.447565105338036	0.447565105338036	-0.463419239252807	0.463419239252807	hypo	case		0.457062319930394	0.51	0.51	0.5	0.523027894488147	5
chr20	52971815	52976051	4237	225	20.8102222222222	0.440649992144959	0.440649992144959	0.452695780244923	0.452695780244923	hyper	case		0.369455573385039	0.51	0.51	0.5	0.523027894488147	5
chr20	17159664	17162357	2694	66	24.7742424242424	-0.49122587188127	0.49122587188127	-0.512210870223279	0.512210870223279	hypo	case		0.0785398424334635	0.51	0.51	0.5	0.523027894488147	5
chr20	45060301	45064220	3920	126	21.8595238095238	-0.361860410644714	0.361860410644714	-0.402899040713481	0.402899040713481	hypo	case		0.3525295721313	0.51	0.51	0.5	0.523027894488147	5
chr20	5915311	5917244	1934	56	23.1107142857143	-0.378605477348324	0.378605477348324	-0.409993137419414	0.409993137419414	hypo	case		0.0330963086579968	0.51	0.51	0.5	0.523027894488147	5
chr21	23768889	23773703	4815	82	23.5859756097561	-0.318130950899107	0.318130950899107	-0.320073612859474	0.320073612859474	hypo	case		0.460938639977847	0.51	0.51	0.5	0.523027894488147	5
chr20	42301588	42305905	4318	64	23.5375	-0.359025376686481	0.359025376686481	-0.391441765784413	0.391441765784413	hypo	case		0.107820242471011	0.51	0.51	0.5	0.523027894488147	5
chr21	17574732	17577816	3085	60	21.1333333333333	-0.373780668858034	0.373780668858034	-0.397496876570358	0.397496876570358	hypo	case		0.298818492278388	0.51	0.51	0.5	0.523027894488147	5
chr20	60628278	60633063	4786	110	19.4718181818182	-0.299063113892655	0.299063113892655	-0.317704275233399	0.317704275233399	hypo	case		0.912928361666243	0.51	0.912928361666243	2.8	0.682213840132396	5
chr20	2446514	2448150	1637	52	22.3971153846154	-0.317239738141437	0.317239738141437	-0.329709371794729	0.329709371794729	hypo	case		0.769334422701855	0.51	0.769334422701855	2.8	0.682213840132396	5
chr21	46248155	46250416	2262	58	18.1646551724138	-0.354311264629752	0.354311264629752	-0.422148820187382	0.422148820187382	hypo	case		0.180914773091667	0.51	0.51	0.5	0.523027894488147	5
chr20	50921470	50924358	2889	74	23.2560810810811	0.376288640786862	0.376288640786862	0.385811281281007	0.385811281281007	hyper	case		0.176770832277228	0.51	0.51	0.5	0.523027894488147	5
chr20	20252702	20256021	3320	76	21.2809210526316	-0.242389940014526	0.242389940014526	-0.254615756078164	0.254615756078164	hypo	case		0.361578212619409	0.51	0.51	0.5	0.523027894488147	5
chr20	18208422	18211882	3461	134	19.6936567164179	-0.359908687013395	0.359908687013395	-0.370048996548895	0.370048996548895	hypo	case		0.665313293411075	0.51	0.665313293411075	2.6	0.665165515526917	5
chr21	30849020	30853162	4143	79	20.473417721519	-0.361973212034867	0.361973212034867	-0.379928860809138	0.379928860809138	hypo	case		0.688704169504556	0.51	0.688704169504556	2.8	0.682213840132396	5
chr21	13932997	13937848	4852	270	22.6264814814815	-0.394683491152316	0.394683491152316	-0.414875697954913	0.414875697954913	hypo	case		0.339006980369918	0.51	0.51	0.5	0.523027894488147	5
chr21	25680796	25684697	3902	110	22.8486363636364	-0.385025286350529	0.385025286350529	-0.430241298693724	0.430241298693724	hypo	case		0.145647302536929	0.51	0.51	0.5	0.523027894488147	5
chr21	17688824	17691841	3018	77	12.8214285714286	-0.299410428552692	0.299410428552692	-0.3482864865028	0.3482864865028	hypo	case		0.36030948126445	0.51	0.51	0.5	0.523027894488147	5
chr20	24842134	24844998	2865	57	19.6114035087719	-0.33384510594549	0.33384510594549	-0.37122619379874	0.37122619379874	hypo	case		0.27903282561049	0.51	0.51	0.5	0.523027894488147	5
chr20	39478194	39482224	4031	54	20.5916666666667	-0.389990489587861	0.389990489587861	-0.424449411314914	0.424449411314914	hypo	case		0.186243000756059	0.51	0.51	0.5	0.523027894488147	5
chr20	1656586	1661318	4733	73	22.9684931506849	-0.356403993027116	0.356403993027116	-0.358215039942442	0.358215039942442	hypo	case		0.266824086659013	0.51	0.51	0.5	0.523027894488147	5
chr21	39270956	39273121	2166	102	21.9828431372549	-0.390341059456584	0.390341059456584	-0.382360288809601	0.382360288809601	hypo	case		0.628139817586307	0.51	0.628139817586307	2	0.628070511372922	5
chr21	20961584	20964126	2543	52	22.8307692307692	-0.368925421678405	0.368925421678405	-0.408220066817986	0.408220066817986	hypo	case		0.45679910731709	0.51	0.51	0.5	0.523027894488147	5
chr20	54383768	54386513	2746	78	21.6596153846154	-0.413517671756738	0.413517671756738	-0.429983249307315	0.429983249307315	hypo	case		0.462296743334733	0.51	0.51	0.5	0.523027894488147	5
chr20	2005629	2009887	4259	97	20.6092783505155	0.379255192585246	0.379255192585246	0.389220647920199	0.389220647920199	hyper	case		0.117938175601577	0.51	0.51	0.5	0.523027894488147	5
chr21	14280687	14282032	1346	52	21.4653846153846	0.388696937805973	0.388696937805973	0.416546856516066	0.416546856516066	hyper	case		0.360197568973428	0.51	0.51	0.5	0.523027894488147	5
chr20	11613435	11616794	3360	50	20.404	-0.386669479679138	0.386669479679138	-0.448966361099827	0.448966361099827	hypo	case		0.551763740131069	0.51	0.551763740131069	0.6	0.531925724845128	5
chr21	25369783	25372979	3197	56	21.4553571428571	-0.329304257891206	0.329304257891206	-0.341203826915679	0.341203826915679	hypo	case		0.483947433364992	0.51	0.51	0.5	0.523027894488147	5
chr20	57207206	57208366	1161	54	23.7935185185185	-0.462308338626915	0.462308338626915	-0.479748078138992	0.479748078138992	hypo	case		0.315817190648424	0.51	0.51	0.5	0.523027894488147	5
chr21	37937390	37940932	3543	78	24.5711538461539	-0.429853619445207	0.429853619445207	-0.447830916237231	0.447830916237231	hypo	case		0.225638428208022	0.51	0.51	0.5	0.523027894488147	5
chr20	41781092	41784515	3424	54	23.662962962963	0.338062722238863	0.338062722238863	0.363924543441891	0.363924543441891	hyper	case		0.122494485273501	0.51	0.51	0.5	0.523027894488147	5
chr20	8956513	8958927	2415	52	21.25	-0.375993736181894	0.375993736181894	-0.398373529542604	0.398373529542604	hypo	case		0.377704853273172	0.51	0.51	0.5	0.523027894488147	5
chr21	37946182	37949640	3459	62	24.1741935483871	-0.36008100762933	0.36008100762933	-0.376655214619392	0.376655214619392	hypo	case		0.136610329234161	0.51	0.51	0.5	0.523027894488147	5
chr20	17348521	17350972	2452	56	24.0508928571429	-0.353683040073903	0.353683040073903	-0.385692904637172	0.385692904637172	hypo	case		0.408789007242627	0.51	0.51	0.5	0.523027894488147	5
chr21	21326829	21329365	2537	61	21.316393442623	-0.342489573185837	0.342489573185837	-0.387445886553742	0.387445886553742	hypo	case		0.170939185828112	0.51	0.51	0.5	0.523027894488147	5
chr20	12551381	12556151	4771	70	21.3957142857143	-0.281165978836585	0.281165978836585	-0.279151692464587	0.279151692464587	hypo	case		0.086657347097903	0.51	0.51	0.5	0.523027894488147	5
chr21	37384782	37389737	4956	100	24.3535	-0.33510985254388	0.33510985254388	-0.355944851533269	0.355944851533269	hypo	case		0.030238543948862	0.51	0.51	0.5	0.523027894488147	5
chr20	11555801	11560538	4738	74	23.3391891891892	-0.404978605562439	0.404978605562439	-0.424435635543841	0.424435635543841	hypo	case		0.0414783805362789	0.51	0.51	0.5	0.523027894488147	5
chr20	6139523	6143192	3670	68	20.6110294117647	0.332020000676559	0.332020000676559	0.34910401145572	0.34910401145572	hyper	case		0.402930349228932	0.51	0.51	0.5	0.523027894488147	5
chr21	10645792	10650508	4717	80	57.5925	0.38745547898146	0.38745547898146	0.381315603678238	0.381315603678238	hyper	case		0.528182400550495	0.51	0.528182400550495	0.6	0.531925724845128	5
chr20	4408359	4412762	4404	70	23.1842857142857	-0.416820245167817	0.416820245167817	-0.449417345598429	0.449417345598429	hypo	case		0.13635119349558	0.51	0.51	0.5	0.523027894488147	5
chr20	15335752	15339521	3770	54	20.725	-0.312660277002788	0.312660277002788	-0.344950498790598	0.344950498790598	hypo	case		0.243523711027848	0.51	0.51	0.5	0.523027894488147	5
chr20	28805589	28809703	4115	80	61.19875	-0.359194558428549	0.359194558428549	-0.368734044503526	0.368734044503526	hypo	case		0.202428266785692	0.51	0.51	0.5	0.523027894488147	5
chr20	60395891	60399704	3814	97	20.4979381443299	-0.379700566383475	0.379700566383475	-0.407785214644292	0.407785214644292	hypo	case		0.291995646743213	0.51	0.51	0.5	0.523027894488147	5
chr20	6674082	6677396	3315	50	21.346	-0.414937426443072	0.414937426443072	-0.43391478251295	0.43391478251295	hypo	case		0.194647924517813	0.51	0.51	0.5	0.523027894488147	5
chr20	26109378	26113300	3923	80	24.318125	-0.427994361361572	0.427994361361572	-0.411101514451317	0.411101514451317	hypo	case		0.582044890636166	0.51	0.582044890636166	0.7	0.596779781291671	5
chr20	11877094	11879730	2637	87	22.883908045977	-0.402345515632404	0.402345515632404	-0.421534199629422	0.421534199629422	hypo	case		0.587790881755539	0.51	0.587790881755539	0.7	0.596779781291671	5
chr20	29791834	29794501	2668	52	32.3394230769231	-0.320377104937282	0.320377104937282	-0.346768091110571	0.346768091110571	hypo	case		0.182599122764115	0.51	0.51	0.5	0.523027894488147	5
chr21	13574738	13579652	4915	64	23.40078125	-0.302842722260219	0.302842722260219	-0.328081128953633	0.328081128953633	hypo	case		0.343969089622646	0.51	0.51	0.5	0.523027894488147	5
chr21	27615953	27617302	1350	58	23.1758620689655	-0.466118616710042	0.466118616710042	-0.48910730471405	0.48910730471405	hypo	case		0.191990563734531	0.51	0.51	0.5	0.523027894488147	5
chr20	43072673	43076608	3936	80	21.0025	-0.42163110043566	0.42163110043566	-0.43454369988352	0.43454369988352	hypo	case		0.417547299138274	0.51	0.51	0.5	0.523027894488147	5
chr20	6426753	6428873	2121	50	24.98	-0.424805504461824	0.424805504461824	-0.466816823427458	0.466816823427458	hypo	case		0.444472842507028	0.51	0.51	0.5	0.523027894488147	5
chr21	21141150	21146041	4892	87	21.266091954023	-0.409037085074423	0.409037085074423	-0.431053596779856	0.431053596779856	hypo	case		0.298274080145784	0.51	0.51	0.5	0.523027894488147	5
chr20	20459009	20463439	4431	72	20.8423611111111	0.305529043304158	0.305529043304158	0.336191317511605	0.336191317511605	hyper	case		0.314117683487112	0.51	0.51	0.5	0.523027894488147	5
chr21	23473780	23476294	2515	54	20.1740740740741	-0.463328138611166	0.463328138611166	-0.478808267253599	0.478808267253599	hypo	case		0.197154236629607	0.51	0.51	0.5	0.523027894488147	5
chr20	19947678	19950244	2567	77	20.6032467532468	-0.417460849149618	0.417460849149618	-0.43754851298267	0.43754851298267	hypo	case		0.235207662271767	0.51	0.51	0.5	0.523027894488147	5
chr20	23492824	23497655	4832	75	22.0646666666667	-0.340589201948983	0.340589201948983	-0.340200035954382	0.340200035954382	hypo	case		0.280313959124522	0.51	0.51	0.5	0.523027894488147	5
chr20	18222822	18225905	3084	62	22.3306451612903	-0.351206190895961	0.351206190895961	-0.369270394931346	0.369270394931346	hypo	case		0.620277667173838	0.51	0.620277667173838	2.4	0.624549067415542	5
chr21	17290799	17293512	2714	172	13.709011627907	-0.440618683849786	0.440618683849786	-0.462021030744694	0.462021030744694	hypo	case		0.108990044960208	0.51	0.51	0.5	0.523027894488147	5
chr20	11061697	11066685	4989	56	19.6383928571429	-0.388513227473631	0.388513227473631	-0.401422988560457	0.401422988560457	hypo	case		0.274729210349234	0.51	0.51	0.5	0.523027894488147	5
chr20	52318333	52320683	2351	68	23.1272058823529	-0.397616948790709	0.397616948790709	-0.426401668409757	0.426401668409757	hypo	case		0.159986871847791	0.51	0.51	0.5	0.523027894488147	5
chr20	60237307	60242018	4712	127	23.7751968503937	-0.421097480419968	0.421097480419968	-0.449992806796867	0.449992806796867	hypo	case		0.367824433440855	0.51	0.51	0.5	0.523027894488147	5
chr21	15444025	15447347	3323	56	23.0616071428571	-0.348392538001394	0.348392538001394	-0.35389433658784	0.35389433658784	hypo	case		0.630807327584269	0.51	0.630807327584269	1	0.63016544858871	5
chr20	30498744	30502154	3411	163	22.2110429447853	-0.302501470826178	0.302501470826178	-0.330801315376878	0.330801315376878	hypo	case		0.231006855789763	0.51	0.51	0.5	0.523027894488147	5
chr20	31278019	31280633	2615	66	24.2674242424242	-0.406357534610642	0.406357534610642	-0.412888721098895	0.412888721098895	hypo	case		0.548654006485812	0.51	0.548654006485812	0.6	0.531925724845128	5
chr20	16336589	16340039	3451	62	24.3290322580645	-0.377423438092955	0.377423438092955	-0.385791333073998	0.385791333073998	hypo	case		0.793401776990541	0.51	0.793401776990541	2.8	0.682213840132396	5
chr21	17932543	17937468	4926	90	20.8205555555556	-0.325083330583065	0.325083330583065	-0.339396811146137	0.339396811146137	hypo	case		0.394940649228087	0.51	0.51	0.5	0.523027894488147	5
chr20	54265114	54268781	3668	62	22.8104838709677	-0.417617046682122	0.417617046682122	-0.427646528054783	0.427646528054783	hypo	case		0.229232948896703	0.51	0.51	0.5	0.523027894488147	5
chr21	9697678	9702190	4513	77	14.361038961039	-0.289713241909449	0.289713241909449	-0.325801747212364	0.325801747212364	hypo	case		0.15389542255219	0.51	0.51	0.5	0.523027894488147	5
chr21	25194399	25195528	1130	50	22.523	-0.385663302709196	0.385663302709196	-0.420174113038197	0.420174113038197	hypo	case		0.513030557506241	0.51	0.513030557506241	0.5	0.523027894488147	5
chr20	43027100	43030643	3544	64	22.29765625	-0.319303450490055	0.319303450490055	-0.311951565620847	0.311951565620847	hypo	case		0.726130352480016	0.51	0.726130352480016	2.8	0.682213840132396	5
chr21	27825826	27826902	1077	74	21.0290540540541	-0.427568995169203	0.427568995169203	-0.448693529232701	0.448693529232701	hypo	case		0.0352053025990332	0.51	0.51	0.5	0.523027894488147	5
chr21	14971957	14975759	3803	62	22.7120967741935	-0.403355614143144	0.403355614143144	-0.43034894968655	0.43034894968655	hypo	case		0.153245185171256	0.51	0.51	0.5	0.523027894488147	5
chr20	51327129	51330592	3464	97	21.9	-0.382962279376659	0.382962279376659	-0.403008927543384	0.403008927543384	hypo	case		0.279978327419959	0.51	0.51	0.5	0.523027894488147	5
chr20	47559606	47563161	3556	68	21.2345588235294	-0.304626441991057	0.304626441991057	-0.338303602797838	0.338303602797838	hypo	case		0.0663038878730695	0.51	0.51	0.5	0.523027894488147	5
chr20	4580404	4584990	4587	96	24.7822916666667	-0.424875053481151	0.424875053481151	-0.439218986627527	0.439218986627527	hypo	case		0.169725766870017	0.51	0.51	0.5	0.523027894488147	5
chr20	45510303	45513095	2793	54	24.4740740740741	-0.376132533758767	0.376132533758767	-0.425315627774743	0.425315627774743	hypo	case		0.220185081695786	0.51	0.51	0.5	0.523027894488147	5
chr20	13982279	13985087	2809	68	21.8139705882353	-0.408944430029359	0.408944430029359	-0.458886840797929	0.458886840797929	hypo	case		0.299777615513459	0.51	0.51	0.5	0.523027894488147	5
chr20	15757686	15761749	4064	98	20.9117346938776	-0.397309880891777	0.397309880891777	-0.426193808019161	0.426193808019161	hypo	case		0.550641870091996	0.51	0.550641870091996	0.6	0.531925724845128	5
chr21	37404138	37408383	4246	72	21.0131944444444	0.32184316720237	0.32184316720237	0.320453762350705	0.320453762350705	hyper	case		0.375628739883098	0.51	0.51	0.5	0.523027894488147	5
chr20	45556388	45559692	3305	80	23.070625	-0.367575068131159	0.367575068131159	-0.393328882840387	0.393328882840387	hypo	case		0.229734127983812	0.51	0.51	0.5	0.523027894488147	5
chr20	33589532	33592690	3159	69	19.7847826086957	-0.369215917166232	0.369215917166232	-0.416073312722784	0.416073312722784	hypo	case		0.112538582065664	0.51	0.51	0.5	0.523027894488147	5
chr20	40524121	40528441	4321	58	20.523275862069	-0.352548730494506	0.352548730494506	-0.364404089982246	0.364404089982246	hypo	case		0.197632003344595	0.51	0.51	0.5	0.523027894488147	5
chr20	56313681	56316919	3239	58	20.623275862069	-0.366491087953395	0.366491087953395	-0.381657336692242	0.381657336692242	hypo	case		0.735580600442033	0.51	0.735580600442033	2.8	0.682213840132396	5
chr20	2952650	2954909	2260	74	23.2641891891892	-0.41466348379747	0.41466348379747	-0.426112358953465	0.426112358953465	hypo	case		0.289098027967183	0.51	0.51	0.5	0.523027894488147	5
chr20	33847468	33849577	2110	84	20.4303571428571	-0.332401731628066	0.332401731628066	-0.344595926406221	0.344595926406221	hypo	case		0.381592218242922	0.51	0.51	0.5	0.523027894488147	5
chr20	41153114	41155614	2501	52	25.3	-0.406064969326415	0.406064969326415	-0.44485765056859	0.44485765056859	hypo	case		0.506518058735885	0.51	0.51	0.5	0.523027894488147	5
chr20	18800272	18803651	3380	78	22.2403846153846	-0.379729316661373	0.379729316661373	-0.414002271390602	0.414002271390602	hypo	case		0.329319742277887	0.51	0.51	0.5	0.523027894488147	5
chr20	35204595	35206886	2292	56	22.3991071428571	-0.427093297591825	0.427093297591825	-0.440327777709637	0.440327777709637	hypo	case		0.0392262707556664	0.51	0.51	0.5	0.523027894488147	5
chr20	33250068	33254081	4014	80	21.381875	-0.364278987233919	0.364278987233919	-0.3619693701124	0.3619693701124	hypo	case		0.0900225939825863	0.51	0.51	0.5	0.523027894488147	5
chr21	40315039	40318888	3850	106	23.3834905660377	-0.305864827444062	0.305864827444062	-0.316218734270994	0.316218734270994	hypo	case		0.721366679848154	0.51	0.721366679848154	2.8	0.682213840132396	5
chr20	534794	538243	3450	82	21.0969512195122	0.330678175690913	0.330678175690913	0.354807417649556	0.354807417649556	hyper	case		0.490269817059049	0.51	0.51	0.5	0.523027894488147	5
chr21	25647732	25651059	3328	54	22.337037037037	-0.27297475211493	0.27297475211493	-0.292169798694972	0.292169798694972	hypo	case		0.886553197369964	0.51	0.886553197369964	2.8	0.682213840132396	5
chr21	24331004	24335953	4950	100	22.2675	-0.405330605904918	0.405330605904918	-0.419923504420189	0.419923504420189	hypo	case		0.35478425965405	0.51	0.51	0.5	0.523027894488147	5
chr21	40177688	40179898	2211	79	21.1474683544304	0.380089824589892	0.380089824589892	0.393778870958029	0.393778870958029	hyper	case		0.547328970598056	0.51	0.547328970598056	0.6	0.531925724845128	5
chr21	13555487	13559579	4093	50	23.468	-0.343461432144501	0.343461432144501	-0.346695530061368	0.346695530061368	hypo	case		0.224901491752105	0.51	0.51	0.5	0.523027894488147	5
chr20	44135136	44139330	4195	124	20.445564516129	-0.325900363492368	0.325900363492368	-0.302273422225362	0.302273422225362	hypo	case		0.182526534477937	0.51	0.51	0.5	0.523027894488147	5
chr20	21887676	21889780	2105	101	20.6965346534653	-0.322687538468776	0.322687538468776	-0.320922444557803	0.320922444557803	hypo	case		0.346006176724355	0.51	0.51	0.5	0.523027894488147	5
chr20	11536426	11539666	3241	57	20.2245614035088	-0.31577592915387	0.31577592915387	-0.329815433708452	0.329815433708452	hypo	case		0.12766763258269	0.51	0.51	0.5	0.523027894488147	5
chr21	38164443	38167580	3138	64	21.8390625	-0.415942248631816	0.415942248631816	-0.452599622849899	0.452599622849899	hypo	case		0.112141534998366	0.51	0.51	0.5	0.523027894488147	5
chr20	43865927	43870035	4109	82	19.5371951219512	-0.337941580826593	0.337941580826593	-0.374830351306268	0.374830351306268	hypo	case		0.396758106801587	0.51	0.51	0.5	0.523027894488147	5
chr20	34377041	34378459	1419	58	20.6560344827586	-0.343867993972318	0.343867993972318	-0.367155732897682	0.367155732897682	hypo	case		0.141185767376511	0.51	0.51	0.5	0.523027894488147	5
chr20	37219823	37223010	3188	56	21.7589285714286	-0.286926009606731	0.286926009606731	-0.296872601549479	0.296872601549479	hypo	case		0.61181619755436	0.51	0.61181619755436	2.4	0.624549067415542	5
chr20	57413479	57417480	4002	176	25.0897727272727	-0.393760623800307	0.393760623800307	-0.430117710460934	0.430117710460934	hypo	case		0.240577660301587	0.51	0.51	0.5	0.523027894488147	5
chr20	41223582	41227559	3978	72	20.1229166666667	-0.305059597204329	0.305059597204329	-0.320840011549285	0.320840011549285	hypo	case		0.99	0.51	0.99	2.8	0.682213840132396	5
chr20	25542633	25545374	2742	70	22.38	-0.358394750510097	0.358394750510097	-0.393579213438364	0.393579213438364	hypo	case		0.272779181002055	0.51	0.51	0.5	0.523027894488147	5
chr20	11240462	11244601	4140	76	22.2427631578947	-0.40287581728895	0.40287581728895	-0.421577695154433	0.421577695154433	hypo	case		0.337400604570727	0.51	0.51	0.5	0.523027894488147	5
chr20	23534240	23536429	2190	56	20.1339285714286	-0.385672832715798	0.385672832715798	-0.43092597229096	0.43092597229096	hypo	case		0.295720385216712	0.51	0.51	0.5	0.523027894488147	5
chr21	30317561	30320287	2727	64	21.56953125	-0.399222749453107	0.399222749453107	-0.406576088911539	0.406576088911539	hypo	case		0.32554386650587	0.51	0.51	0.5	0.523027894488147	5
chr20	8481838	8484639	2802	63	22.4373015873016	-0.35023798244766	0.35023798244766	-0.365717724525941	0.365717724525941	hypo	case		0.130426870214378	0.51	0.51	0.5	0.523027894488147	5
chr21	13692806	13697796	4991	159	11.7625786163522	-0.329770122646961	0.329770122646961	-0.362425493584948	0.362425493584948	hypo	case		0.173044627213207	0.51	0.51	0.5	0.523027894488147	5
chr20	16792243	16795013	2771	62	24.2935483870968	-0.400782310493935	0.400782310493935	-0.420285710988271	0.420285710988271	hypo	case		0.295298747105952	0.51	0.51	0.5	0.523027894488147	5
chr20	41274053	41276707	2655	58	20.6215517241379	0.278561305554284	0.278561305554284	0.312240775738264	0.312240775738264	hyper	case		0.0856378918392214	0.51	0.51	0.5	0.523027894488147	5
chr21	24763093	24765761	2669	54	21.8703703703704	-0.360156741554133	0.360156741554133	-0.341574297301328	0.341574297301328	hypo	case		0.519374234765643	0.51	0.519374234765643	0.5	0.523027894488147	5
chr21	22557477	22560085	2609	60	20.6258333333333	-0.38142292654231	0.38142292654231	-0.399629481766656	0.399629481766656	hypo	case		0.169201452953313	0.51	0.51	0.5	0.523027894488147	5
chr21	25042606	25046747	4142	52	22.1634615384615	-0.322885859644238	0.322885859644238	-0.348401788175182	0.348401788175182	hypo	case		0.116029552586098	0.51	0.51	0.5	0.523027894488147	5
chr20	1843326	1846612	3287	72	24.0618055555556	-0.389872703675137	0.389872703675137	-0.413551819084926	0.413551819084926	hypo	case		0.34323797761452	0.51	0.51	0.5	0.523027894488147	5
chr21	25821698	25825822	4125	132	21.2931818181818	-0.438088131529409	0.438088131529409	-0.470163782054252	0.470163782054252	hypo	case		0.331889086188305	0.51	0.51	0.5	0.523027894488147	5
chr20	8150409	8155237	4829	52	23.0769230769231	0.379317287371638	0.379317287371638	0.384685385385583	0.384685385385583	hyper	case		0.235851480283634	0.51	0.51	0.5	0.523027894488147	5
chr21	41020829	41025476	4648	84	22.6940476190476	0.363940156278863	0.363940156278863	0.35095674302339	0.35095674302339	hyper	case		0.484419224105669	0.51	0.51	0.5	0.523027894488147	5
chr21	29809246	29812118	2873	58	21.0922413793103	-0.386778405199872	0.386778405199872	-0.41474714528386	0.41474714528386	hypo	case		0.429640898934166	0.51	0.51	0.5	0.523027894488147	5
chr21	23020251	23022406	2156	134	22.6130597014925	-0.359645600883633	0.359645600883633	-0.362163503036539	0.362163503036539	hypo	case		0.713951023085682	0.51	0.713951023085682	2.8	0.682213840132396	5
chr21	17657100	17661927	4828	78	11.05	-0.229519080456581	0.229519080456581	-0.250338913641886	0.250338913641886	hypo	case		0.520090896114975	0.51	0.520090896114975	0.5	0.523027894488147	5
chr21	38676961	38678689	1729	76	20.8289473684211	-0.386145129482523	0.386145129482523	-0.39451435497484	0.39451435497484	hypo	case		0.392187571021829	0.51	0.51	0.5	0.523027894488147	5
chr20	45025932	45029063	3132	64	23.33125	-0.403246014371672	0.403246014371672	-0.401069065759989	0.401069065759989	hypo	case		0.399049106131548	0.51	0.51	0.5	0.523027894488147	5
chr20	13109692	13113279	3588	70	25.2507142857143	-0.336965603844127	0.336965603844127	-0.345273894002125	0.345273894002125	hypo	case		0.674700611908231	0.51	0.674700611908231	1.1	0.67423733188773	5
chr21	9286093	9289001	2909	70	41.0678571428571	-0.371422988071291	0.371422988071291	-0.38722053402763	0.38722053402763	hypo	case		0.177787952792751	0.51	0.51	0.5	0.523027894488147	5
chr20	31273668	31275161	1494	82	24.159756097561	-0.410586154162847	0.410586154162847	-0.446308042596795	0.446308042596795	hypo	case		0.599709103834157	0.51	0.599709103834157	0.7	0.596779781291671	5
chr20	11201057	11206004	4948	55	19.6363636363636	-0.372301801582677	0.372301801582677	-0.428703266070777	0.428703266070777	hypo	case		0.126682123872641	0.51	0.51	0.5	0.523027894488147	5
chr21	38736429	38740368	3940	72	21.3111111111111	-0.427604236138652	0.427604236138652	-0.46111001749331	0.46111001749331	hypo	case		0.422715970362373	0.51	0.51	0.5	0.523027894488147	5
chr20	55893599	55897902	4304	68	22.5941176470588	-0.396451354402642	0.396451354402642	-0.447307993245897	0.447307993245897	hypo	case		0.513272614836299	0.51	0.513272614836299	0.5	0.523027894488147	5
chr20	44546655	44548624	1970	52	22.0048076923077	-0.421863130255928	0.421863130255928	-0.424329089129786	0.424329089129786	hypo	case		0.123726312714321	0.51	0.51	0.5	0.523027894488147	5
chr20	55121144	55125650	4507	100	21.1825	-0.428499688602405	0.428499688602405	-0.450523936125455	0.450523936125455	hypo	case		0.456647422466764	0.51	0.51	0.5	0.523027894488147	5
chr20	44898569	44903281	4713	124	21.8274193548387	-0.322475683863846	0.322475683863846	-0.322561286343272	0.322561286343272	hypo	case		0.193994561874221	0.51	0.51	0.5	0.523027894488147	5
chr20	53070433	53072183	1751	52	21.7673076923077	-0.300661259154222	0.300661259154222	-0.299436618842875	0.299436618842875	hypo	case		0.0949063639104024	0.51	0.51	0.5	0.523027894488147	5
chr20	17136443	17138992	2550	64	20.06328125	-0.387331584748941	0.387331584748941	-0.415868412242356	0.415868412242356	hypo	case		0.127491561072414	0.51	0.51	0.5	0.523027894488147	5
chr20	3410809	3414210	3402	84	21.9601190476191	-0.348578178350247	0.348578178350247	-0.376247047901943	0.376247047901943	hypo	case		0.614345037138507	0.51	0.614345037138507	2.4	0.624549067415542	5
chr20	11946364	11948682	2319	56	19.7517857142857	-0.358230322281254	0.358230322281254	-0.368512621248465	0.368512621248465	hypo	case		0.190596168069628	0.51	0.51	0.5	0.523027894488147	5
chr21	33598423	33601229	2807	70	21.69	-0.358481774713965	0.358481774713965	-0.364537293262636	0.364537293262636	hypo	case		0.152804335494521	0.51	0.51	0.5	0.523027894488147	5
chr20	10267584	10269381	1798	52	23.0336538461539	-0.328509931677115	0.328509931677115	-0.336462172156295	0.336462172156295	hypo	case		0.358584074782705	0.51	0.51	0.5	0.523027894488147	5
chr21	16017172	16019848	2677	57	17.8578947368421	-0.286459106936796	0.286459106936796	-0.296066370648783	0.296066370648783	hypo	case		0.377242564027838	0.51	0.51	0.5	0.523027894488147	5
chr20	8784132	8787882	3751	66	24.1136363636364	-0.287613587167573	0.287613587167573	-0.321179776302454	0.321179776302454	hypo	case		0.0804254532901038	0.51	0.51	0.5	0.523027894488147	5
chr21	20650852	20651822	971	50	24.376	-0.370533301635246	0.370533301635246	-0.412629438058449	0.412629438058449	hypo	case		0.505092843075639	0.51	0.51	0.5	0.523027894488147	5
chr20	30295598	30297426	1829	50	23.652	-0.454457565577971	0.454457565577971	-0.463222079451561	0.463222079451561	hypo	case		0.307862718669006	0.51	0.51	0.5	0.523027894488147	5
chr21	28987826	28989193	1368	60	21.5108333333333	-0.385881456664335	0.385881456664335	-0.423374820402162	0.423374820402162	hypo	case		0.551711128941456	0.51	0.551711128941456	0.6	0.531925724845128	5
chr21	15687231	15691775	4545	72	21.3305555555556	-0.424568499168626	0.424568499168626	-0.432989466180327	0.432989466180327	hypo	case		0.183076604271447	0.51	0.51	0.5	0.523027894488147	5
chr20	19723839	19725826	1988	73	19.8280821917808	-0.373476758935824	0.373476758935824	-0.397018423017563	0.397018423017563	hypo	case		0.735352972562275	0.51	0.735352972562275	2.8	0.682213840132396	5
chr21	14404926	14409043	4118	52	20.5259615384615	-0.372829082015572	0.372829082015572	-0.410826173525837	0.410826173525837	hypo	case		0.669858542583125	0.51	0.669858542583125	2.9	0.666693585000217	5
chr20	29767430	29772016	4587	82	22.2731707317073	-0.368156196228656	0.368156196228656	-0.404650977325629	0.404650977325629	hypo	case		0.105588329116888	0.51	0.51	0.5	0.523027894488147	5
chr20	1379680	1384277	4598	64	22.6125	0.31042389736738	0.31042389736738	0.321153611089476	0.321153611089476	hyper	case		0.154770468896466	0.51	0.51	0.5	0.523027894488147	5
chr20	23230667	23234961	4295	119	22.3302521008403	-0.362270408068579	0.362270408068579	-0.375239172586254	0.375239172586254	hypo	case		0.276294963330955	0.51	0.51	0.5	0.523027894488147	5
chr20	20592109	20596236	4128	79	21.0221518987342	-0.264403977389675	0.264403977389675	-0.261190421759314	0.261190421759314	hypo	case		0.508891398216098	0.51	0.51	0.5	0.523027894488147	5
chr20	8157942	8162181	4240	58	23.1129310344828	-0.396477494561828	0.396477494561828	-0.435931683836771	0.435931683836771	hypo	case		0.0194379172995209	0.51	0.51	0.5	0.523027894488147	5
chr20	2933605	2937369	3765	81	22.2783950617284	-0.385574959483854	0.385574959483854	-0.41712932541646	0.41712932541646	hypo	case		0.244015009607779	0.51	0.51	0.5	0.523027894488147	5
chr21	29359225	29361836	2612	58	22.8413793103448	-0.391711224730773	0.391711224730773	-0.442528555026499	0.442528555026499	hypo	case		0.260903495084412	0.51	0.51	0.5	0.523027894488147	5
chr21	22603535	22607163	3629	62	21.0959677419355	-0.312963046381642	0.312963046381642	-0.32934916460249	0.32934916460249	hypo	case		0.651511323425143	0.51	0.651511323425143	3	0.653607973297379	5
chr20	33528403	33533022	4620	137	22.9386861313869	-0.373970177698119	0.373970177698119	-0.389800038291415	0.389800038291415	hypo	case		0.125884250655352	0.51	0.51	0.5	0.523027894488147	5
chr21	35068707	35071898	3192	60	22.8366666666667	-0.384507967864746	0.384507967864746	-0.408174915279156	0.408174915279156	hypo	case		0.344466665644797	0.51	0.51	0.5	0.523027894488147	5
chr21	23221318	23225137	3820	62	22.4556451612903	-0.420279078999612	0.420279078999612	-0.443252155639827	0.443252155639827	hypo	case		0.30006776644427	0.51	0.51	0.5	0.523027894488147	5
chr20	29369570	29373156	3587	70	28.1778571428571	-0.34397772330412	0.34397772330412	-0.399212785965939	0.399212785965939	hypo	case		0.0914948190976405	0.51	0.51	0.5	0.523027894488147	5
chr20	51981917	51983847	1931	71	20.9246478873239	-0.333188883484936	0.333188883484936	-0.34306018439246	0.34306018439246	hypo	case		0.143813473505659	0.51	0.51	0.5	0.523027894488147	5
chr20	5143867	5147998	4132	70	22.1564285714286	-0.336922235038349	0.336922235038349	-0.368997706281377	0.368997706281377	hypo	case		0.528085663677482	0.51	0.528085663677482	0.6	0.531925724845128	5
chr20	56320153	56324717	4565	74	21.0358108108108	-0.375814093613334	0.375814093613334	-0.397341935845816	0.397341935845816	hypo	case		0.111855324703369	0.51	0.51	0.5	0.523027894488147	5
chr21	25953152	25956846	3695	76	20.9934210526316	-0.323847069501559	0.323847069501559	-0.332669282634916	0.332669282634916	hypo	case		0.620419441153304	0.51	0.620419441153304	2.4	0.624549067415542	5
chr20	23173360	23177007	3648	54	24.0722222222222	-0.410671404214294	0.410671404214294	-0.428557845079035	0.428557845079035	hypo	case		0.389654127798353	0.51	0.51	0.5	0.523027894488147	5
chr21	33582410	33585430	3021	104	22.9543269230769	-0.384711109760032	0.384711109760032	-0.406056928777876	0.406056928777876	hypo	case		0.36312977182438	0.51	0.51	0.5	0.523027894488147	5
chr20	45740460	45743663	3204	60	20.5916666666667	-0.373346119797246	0.373346119797246	-0.406131327604961	0.406131327604961	hypo	case		0.218672382440593	0.51	0.51	0.5	0.523027894488147	5
chr21	33564200	33568511	4312	90	21.5622222222222	-0.285300931314308	0.285300931314308	-0.284129413639932	0.284129413639932	hypo	case		0.67845423540494	0.51	0.67845423540494	2.8	0.682213840132396	5
chr21	38240876	38245528	4653	112	22.3629464285714	-0.388914625728514	0.388914625728514	-0.430395177774539	0.430395177774539	hypo	case		0.228845498186345	0.51	0.51	0.5	0.523027894488147	5
chr20	31439766	31441817	2052	80	20.445	-0.338962335900752	0.338962335900752	-0.356477014509227	0.356477014509227	hypo	case		0.157857348501945	0.51	0.51	0.5	0.523027894488147	5
chr21	37805257	37809808	4552	82	20.840243902439	-0.370394318973782	0.370394318973782	-0.362482046606236	0.362482046606236	hypo	case		0.122661534025986	0.51	0.51	0.5	0.523027894488147	5
chr21	15885248	15889848	4601	76	18.8125	-0.364744388934966	0.364744388934966	-0.390714544643205	0.390714544643205	hypo	case		0.277551975952603	0.51	0.51	0.5	0.523027894488147	5
chr20	54782531	54784467	1937	64	21.7703125	-0.382028489537912	0.382028489537912	-0.404264076740796	0.404264076740796	hypo	case		0.291013636426256	0.51	0.51	0.5	0.523027894488147	5
chr21	13217931	13219931	2001	52	24.1875	-0.446585617149257	0.446585617149257	-0.461588659675061	0.461588659675061	hypo	case		0.339656679514403	0.51	0.51	0.5	0.523027894488147	5
chr20	5438767	5442744	3978	60	19.9183333333333	-0.357293659780095	0.357293659780095	-0.444828723100447	0.444828723100447	hypo	case		0.101530057556969	0.51	0.51	0.5	0.523027894488147	5
chr21	35390228	35393747	3520	60	22.1666666666667	-0.359553141875535	0.359553141875535	-0.377263639487818	0.377263639487818	hypo	case		0.469812765500439	0.51	0.51	0.5	0.523027894488147	5
chr21	5300723	5304894	4172	96	32.296875	-0.317412189500562	0.317412189500562	-0.332351465055808	0.332351465055808	hypo	case		0.176420235279449	0.51	0.51	0.5	0.523027894488147	5
chr20	25443508	25446331	2824	92	21.1788043478261	-0.409221917731321	0.409221917731321	-0.415948203521776	0.415948203521776	hypo	case		0.597737380117785	0.51	0.597737380117785	0.7	0.596779781291671	5
chr21	34593493	34594874	1382	54	19.8462962962963	-0.406954235431066	0.406954235431066	-0.380975219654861	0.380975219654861	hypo	case		0.258360479434285	0.51	0.51	0.5	0.523027894488147	5
chr20	1475857	1479069	3213	76	21.8289473684211	-0.435862195612928	0.435862195612928	-0.450795953986438	0.450795953986438	hypo	case		0.295384466466571	0.51	0.51	0.5	0.523027894488147	5
chr20	45188785	45192210	3426	60	21.7241666666667	-0.388422763081985	0.388422763081985	-0.398136704600429	0.398136704600429	hypo	case		0.164765448007596	0.51	0.51	0.5	0.523027894488147	5
chr20	32236208	32239734	3527	76	24.2572368421053	-0.356251631113222	0.356251631113222	-0.389197887762879	0.389197887762879	hypo	case		0.241745512605997	0.51	0.51	0.5	0.523027894488147	5
chr21	24838638	24840633	1996	130	21.0688461538462	-0.303199022743192	0.303199022743192	-0.318580731430794	0.318580731430794	hypo	case		0.254757830559357	0.51	0.51	0.5	0.523027894488147	5
chr21	33622719	33626684	3966	100	21.485	-0.404328673071648	0.404328673071648	-0.416107626243908	0.416107626243908	hypo	case		0.782997370832246	0.51	0.782997370832246	2.8	0.682213840132396	5
chr20	55843576	55847445	3870	54	19.9296296296296	-0.344151477945197	0.344151477945197	-0.362746403615802	0.362746403615802	hypo	case		0.655023746601549	0.51	0.655023746601549	1.4	0.653727321184602	5
chr21	23097886	23102745	4860	112	20.721875	-0.360598335989795	0.360598335989795	-0.368752780853911	0.368752780853911	hypo	case		0.31952049896395	0.51	0.51	0.5	0.523027894488147	5
chr20	25669752	25673824	4073	76	21.025	-0.370689516252677	0.370689516252677	-0.387324542200821	0.387324542200821	hypo	case		0.463487880721942	0.51	0.51	0.5	0.523027894488147	5
chr20	14522034	14525019	2986	61	23.1196721311475	-0.399150889604854	0.399150889604854	-0.44401364670177	0.44401364670177	hypo	case		0.37552381772384	0.51	0.51	0.5	0.523027894488147	5
chr20	29574650	29579169	4520	78	17.2961538461538	-0.349337002500561	0.349337002500561	-0.40945910722048	0.40945910722048	hypo	case		0.169070752079077	0.51	0.51	0.5	0.523027894488147	5
chr20	22091254	22095731	4478	56	24.1669642857143	-0.370358998051929	0.370358998051929	-0.403827061398169	0.403827061398169	hypo	case		0.151006143040731	0.51	0.51	0.5	0.523027894488147	5
chr20	18275541	18279569	4029	144	23.3350694444444	-0.334192435577053	0.334192435577053	-0.345281745525686	0.345281745525686	hypo	case		0.349374227569323	0.51	0.51	0.5	0.523027894488147	5
chr20	25175350	25179983	4634	110	21.9577272727273	-0.334496537781048	0.334496537781048	-0.362818278541437	0.362818278541437	hypo	case		0.406864807052125	0.51	0.51	0.5	0.523027894488147	5
chr20	6025343	6028589	3247	66	21.1075757575758	-0.472750768385568	0.472750768385568	-0.479024977608605	0.479024977608605	hypo	case		0.566129905367428	0.51	0.566129905367428	0.7	0.596779781291671	5
chr20	45673590	45675454	1865	60	21.1508333333333	-0.394210385196292	0.394210385196292	-0.416870482502576	0.416870482502576	hypo	case		0.0925148909390916	0.51	0.51	0.5	0.523027894488147	5
chr21	8531404	8533461	2058	52	19.55	-0.3384800548378	0.3384800548378	-0.411977935480046	0.411977935480046	hypo	case		0.167655831934987	0.51	0.51	0.5	0.523027894488147	5
chr21	22395833	22398540	2708	63	22.9206349206349	-0.403854486384373	0.403854486384373	-0.415237714765324	0.415237714765324	hypo	case		0.166109868962181	0.51	0.51	0.5	0.523027894488147	5
chr20	38103935	38107083	3149	76	23.1848684210526	-0.436439827404241	0.436439827404241	-0.462060304644036	0.462060304644036	hypo	case		0.269610865977459	0.51	0.51	0.5	0.523027894488147	5
chr21	19126211	19129136	2926	78	20.7846153846154	-0.386136390702616	0.386136390702616	-0.398446888517653	0.398446888517653	hypo	case		0.475550103806796	0.51	0.51	0.5	0.523027894488147	5
chr20	28109076	28113688	4613	95	13.9773684210526	-0.391007802611905	0.391007802611905	-0.413337105660275	0.413337105660275	hypo	case		0.175538063086328	0.51	0.51	0.5	0.523027894488147	5
chr20	22314875	22319397	4523	74	21.3141891891892	-0.383029074173845	0.383029074173845	-0.42824306684212	0.42824306684212	hypo	case		0.228926523735249	0.51	0.51	0.5	0.523027894488147	5
chr20	23409770	23413199	3430	60	21.5008333333333	-0.251091823000467	0.251091823000467	-0.259753807517968	0.259753807517968	hypo	case		0.933676916102174	0.51	0.933676916102174	2.8	0.682213840132396	5
chr20	8654351	8659073	4723	67	21.3201492537313	-0.309615505580406	0.309615505580406	-0.319927521706786	0.319927521706786	hypo	case		0.804681715114045	0.51	0.804681715114045	2.8	0.682213840132396	5
chr21	29307823	29312594	4772	62	22.7838709677419	-0.307963441175305	0.307963441175305	-0.330565254495377	0.330565254495377	hypo	case		0.508330652713396	0.51	0.51	0.5	0.523027894488147	5
chr21	16560980	16564759	3780	80	20.39875	-0.398828065362005	0.398828065362005	-0.417484068280461	0.417484068280461	hypo	case		0.428286426475028	0.51	0.51	0.5	0.523027894488147	5
chr20	28736402	28738608	2207	63	28.4984126984127	-0.404682437343045	0.404682437343045	-0.395618990808815	0.395618990808815	hypo	case		0.264649992201324	0.51	0.51	0.5	0.523027894488147	5
chr20	6349560	6354021	4462	98	20.7479591836735	-0.390778226972977	0.390778226972977	-0.42767639602213	0.42767639602213	hypo	case		0.219147378064808	0.51	0.51	0.5	0.523027894488147	5
chr21	10474629	10478091	3463	50	73.848	0.299867807515341	0.299867807515341	0.331631698125736	0.331631698125736	hyper	case		0.22505020287771	0.51	0.51	0.5	0.523027894488147	5
chr21	8766282	8770773	4492	68	59.5169117647059	-0.227370021248456	0.227370021248456	-0.242443342680904	0.242443342680904	hypo	case		0.681285714405731	0.51	0.681285714405731	2.8	0.682213840132396	5
chr20	10517369	10520346	2978	74	23.1040540540541	-0.33746841552281	0.33746841552281	-0.346170626628785	0.346170626628785	hypo	case		0.462288168432033	0.51	0.51	0.5	0.523027894488147	5
chr21	31833229	31836763	3535	53	23.0858490566038	-0.341775930055595	0.341775930055595	-0.360715592264868	0.360715592264868	hypo	case		0.337971618861	0.51	0.51	0.5	0.523027894488147	5
chr20	32928209	32933152	4944	134	21.7597014925373	-0.422778783015323	0.422778783015323	-0.439908930758899	0.439908930758899	hypo	case		0.177189161854256	0.51	0.51	0.5	0.523027894488147	5
chr20	48169295	48172481	3187	100	22.1395	-0.345350566886018	0.345350566886018	-0.373298216115227	0.373298216115227	hypo	case		0.312329083854533	0.51	0.51	0.5	0.523027894488147	5
chr20	60422339	60425801	3463	80	23.361875	-0.440602051475475	0.440602051475475	-0.459239073068171	0.459239073068171	hypo	case		0.129155877490517	0.51	0.51	0.5	0.523027894488147	5
chr20	44871384	44876067	4684	115	20.6665217391304	-0.394528183770259	0.394528183770259	-0.410701441946418	0.410701441946418	hypo	case		0.289844474485405	0.51	0.51	0.5	0.523027894488147	5
chr20	20054342	20058035	3694	70	23.3128571428571	-0.360732030208615	0.360732030208615	-0.408733621996749	0.408733621996749	hypo	case		0.390696522898283	0.51	0.51	0.5	0.523027894488147	5
chr20	41572222	41575761	3540	70	23.075	-0.372903976703659	0.372903976703659	-0.415290974311755	0.415290974311755	hypo	case		0.282788770637841	0.51	0.51	0.5	0.523027894488147	5
chr21	36622094	36625615	3522	70	21.7507142857143	-0.400085618588535	0.400085618588535	-0.422317187414102	0.422317187414102	hypo	case		0.35407676542372	0.51	0.51	0.5	0.523027894488147	5
chr20	31712129	31715988	3860	83	23.3018072289157	0.351049510155917	0.351049510155917	0.38502622606005	0.38502622606005	hyper	case		0.141602853684728	0.51	0.51	0.5	0.523027894488147	5
chr20	26097602	26100075	2474	50	25.371	-0.370230341120577	0.370230341120577	-0.440574135381009	0.440574135381009	hypo	case		0.210904105548639	0.51	0.51	0.5	0.523027894488147	5
chr20	9466740	9470726	3987	66	21.0772727272727	-0.363310662670904	0.363310662670904	-0.412058226054283	0.412058226054283	hypo	case		0.0527699353804294	0.51	0.51	0.5	0.523027894488147	5
chr20	12041930	12044948	3019	50	22.009	-0.32941994515694	0.32941994515694	-0.305526014635081	0.305526014635081	hypo	case		0.596595575497361	0.51	0.596595575497361	0.7	0.596779781291671	5
chr20	5239835	5244702	4868	78	20.4551282051282	-0.396082110763822	0.396082110763822	-0.453336342517796	0.453336342517796	hypo	case		0.274350365582348	0.51	0.51	0.5	0.523027894488147	5
chr20	14226233	14227694	1462	142	18.9577464788732	0.292259919545128	0.292259919545128	0.315741509106188	0.315741509106188	hyper	case		0.99	0.51	0.99	2.8	0.682213840132396	5
chr20	34717176	34719869	2694	62	23.4064516129032	-0.3332738465769	0.3332738465769	-0.335225494046213	0.335225494046213	hypo	case		0.551350272337078	0.51	0.551350272337078	0.6	0.531925724845128	5
chr20	16465414	16470208	4795	70	22.635	-0.29964803292303	0.29964803292303	-0.278810213036687	0.278810213036687	hypo	case		0.99	0.51	0.99	2.8	0.682213840132396	5
chr21	31102671	31107618	4948	60	21.2691666666667	-0.389091901238305	0.389091901238305	-0.430224668908992	0.430224668908992	hypo	case		0.0565696616898518	0.51	0.51	0.5	0.523027894488147	5
chr20	15815235	15819512	4278	68	24.7411764705882	-0.399444438476987	0.399444438476987	-0.427825044520594	0.427825044520594	hypo	case		0.119135719203432	0.51	0.51	0.5	0.523027894488147	5
chr21	22235557	22239269	3713	50	15.863	-0.267020792545247	0.267020792545247	-0.269205564886565	0.269205564886565	hypo	case		0.99	0.51	0.99	2.8	0.682213840132396	5
chr21	10606064	10609061	2998	68	57.4720588235294	-0.392726355097299	0.392726355097299	-0.389097856979027	0.389097856979027	hypo	case		0.206392714366177	0.51	0.51	0.5	0.523027894488147	5
chr20	12095995	12098616	2622	50	20.332	-0.356446047968536	0.356446047968536	-0.372180058564144	0.372180058564144	hypo	case		0.465811883442036	0.51	0.51	0.5	0.523027894488147	5
chr20	59974360	59977872	3513	72	21.7166666666667	-0.348203303763427	0.348203303763427	-0.348684505215551	0.348684505215551	hypo	case		0.563735204199643	0.51	0.563735204199643	0.6	0.531925724845128	5
chr20	17344953	17347788	2836	62	22.6217741935484	-0.299979093702721	0.299979093702721	-0.328553013005315	0.328553013005315	hypo	case		0.331657341203561	0.51	0.51	0.5	0.523027894488147	5
chr21	29691108	29694710	3603	94	22.9398936170213	-0.318403897834964	0.318403897834964	-0.342997250349264	0.342997250349264	hypo	case		0.76191685040263	0.51	0.76191685040263	2.8	0.682213840132396	5
chr20	552123	554562	2440	66	18.7583333333333	-0.409606404642176	0.409606404642176	-0.443663451056931	0.443663451056931	hypo	case		0.555766028905644	0.51	0.555766028905644	0.6	0.531925724845128	5
chr20	1173221	1175806	2586	58	23.3034482758621	-0.341284058596495	0.341284058596495	-0.376688637082459	0.376688637082459	hypo	case		0.318635899779208	0.51	0.51	0.5	0.523027894488147	5
chr20	23698433	23702410	3978	52	21.1442307692308	-0.371229988008558	0.371229988008558	-0.417191182521247	0.417191182521247	hypo	case		0.0772052901181175	0.51	0.51	0.5	0.523027894488147	5
chr21	29270176	29272161	1986	58	20.1422413793103	-0.404671571781967	0.404671571781967	-0.416679923113216	0.416679923113216	hypo	case		0.0970143892091556	0.51	0.51	0.5	0.523027894488147	5
chr20	41307909	41311142	3234	58	20.6896551724138	-0.22751655890328	0.22751655890328	-0.257423151492934	0.257423151492934	hypo	case		0.256967431143435	0.51	0.51	0.5	0.523027894488147	5
chr21	10043951	10044576	626	64	34.93515625	-0.442702388752893	0.442702388752893	-0.430837660783173	0.430837660783173	hypo	case		0.238446201084433	0.51	0.51	0.5	0.523027894488147	5
chr21	39761345	39766322	4978	124	20.5193548387097	-0.392203064026049	0.392203064026049	-0.421004703964114	0.421004703964114	hypo	case		0.209212680402645	0.51	0.51	0.5	0.523027894488147	5
chr20	9970714	9973659	2946	80	22.03125	-0.384376121302656	0.384376121302656	-0.410597150437258	0.410597150437258	hypo	case		0.149564493501906	0.51	0.51	0.5	0.523027894488147	5
chr21	32961538	32964570	3033	61	21.0385245901639	-0.293951069296529	0.293951069296529	-0.311477526563956	0.311477526563956	hypo	case		0.748770707793752	0.51	0.748770707793752	2.8	0.682213840132396	5
chr20	14062321	14065908	3588	58	20.0879310344828	-0.296783221278106	0.296783221278106	-0.325845214962909	0.325845214962909	hypo	case		0.633433760157583	0.51	0.633433760157583	1.6	0.634986191344257	5
chr20	41913660	41917492	3833	54	21.9472222222222	-0.411281196784873	0.411281196784873	-0.439420774520433	0.439420774520433	hypo	case		0.702611457740026	0.51	0.702611457740026	2.8	0.682213840132396	5
chr21	34259546	34263024	3479	56	22.5741071428571	-0.375663102445856	0.375663102445856	-0.428310555502531	0.428310555502531	hypo	case		0.488143679012808	0.51	0.51	0.5	0.523027894488147	5
chr20	22106769	22109926	3158	56	22.4321428571429	0.309343049755313	0.309343049755313	0.315826797117292	0.315826797117292	hyper	case		0.124612399100677	0.51	0.51	0.5	0.523027894488147	5
chr21	18201734	18206130	4397	74	22.1358108108108	-0.255242943258293	0.255242943258293	-0.246961791803707	0.246961791803707	hypo	case		0.144978327444345	0.51	0.51	0.5	0.523027894488147	5
chr21	22509421	22511650	2230	52	22.0278846153846	-0.327333363025354	0.327333363025354	-0.373367837434231	0.373367837434231	hypo	case		0.368192395507696	0.51	0.51	0.5	0.523027894488147	5
chr21	31091912	31094514	2603	52	23.7586538461539	-0.33353447161217	0.33353447161217	-0.357054339696644	0.357054339696644	hypo	case		0.338751194373938	0.51	0.51	0.5	0.523027894488147	5
chr20	55436465	55440819	4355	104	21.0495192307692	-0.385957507540186	0.385957507540186	-0.421240708137329	0.421240708137329	hypo	case		0.146657973866073	0.51	0.51	0.5	0.523027894488147	5
chr21	16239641	16244369	4729	78	21.0455128205128	-0.309123147129046	0.309123147129046	-0.325398102633937	0.325398102633937	hypo	case		0.520157513565564	0.51	0.520157513565564	0.5	0.523027894488147	5
chr21	24965458	24969527	4070	56	21.90625	-0.368517622036143	0.368517622036143	-0.366731478968704	0.366731478968704	hypo	case		0.165875167704898	0.51	0.51	0.5	0.523027894488147	5
chr20	14195422	14199263	3842	76	18.6355263157895	-0.346996668022465	0.346996668022465	-0.36656248464576	0.36656248464576	hypo	case		0.222089307237885	0.51	0.51	0.5	0.523027894488147	5
chr21	9128571	9131811	3241	162	21.587037037037	-0.378513796156102	0.378513796156102	-0.401684796765077	0.401684796765077	hypo	case		0.108628041604049	0.51	0.51	0.5	0.523027894488147	5
chr21	24178661	24182721	4061	52	23.3355769230769	-0.362581211057927	0.362581211057927	-0.424032728859964	0.424032728859964	hypo	case		0.117393400115872	0.51	0.51	0.5	0.523027894488147	5
chr20	10507995	10511769	3775	102	21.0946078431373	-0.380254399464211	0.380254399464211	-0.407601447543509	0.407601447543509	hypo	case		0.63404652663266	0.51	0.63404652663266	1.6	0.634986191344257	5
chr20	21226547	21231380	4834	78	21.1679487179487	-0.343932118788388	0.343932118788388	-0.355699239507586	0.355699239507586	hypo	case		0.24248675544106	0.51	0.51	0.5	0.523027894488147	5
chr21	41541251	41545176	3926	112	25.7772321428571	-0.423896901468931	0.423896901468931	-0.459831975935946	0.459831975935946	hypo	case		0.318868857697239	0.51	0.51	0.5	0.523027894488147	5
chr20	17667295	17670263	2969	58	24.1706896551724	-0.323371922992778	0.323371922992778	-0.364413598409173	0.364413598409173	hypo	case		0.673975702747824	0.51	0.673975702747824	1.1	0.67423733188773	5
chr20	40743168	40747394	4227	106	20.802358490566	-0.382022014246717	0.382022014246717	-0.411275647021925	0.411275647021925	hypo	case		0.418683571277036	0.51	0.51	0.5	0.523027894488147	5
chr20	227737	231246	3510	52	20.3980769230769	-0.364270256601245	0.364270256601245	-0.402088628583116	0.402088628583116	hypo	case		0.0786915554480439	0.51	0.51	0.5	0.523027894488147	5
chr20	22983496	22988041	4546	112	25.0857142857143	-0.430256175864664	0.430256175864664	-0.451248684753906	0.451248684753906	hypo	case		0.249769996884543	0.51	0.51	0.5	0.523027894488147	5
chr21	26688942	26691010	2069	60	20.6433333333333	-0.442296694484666	0.442296694484666	-0.455202435170915	0.455202435170915	hypo	case		0.420704802695019	0.51	0.51	0.5	0.523027894488147	5
chr20	40835009	40837932	2924	52	21.0173076923077	-0.371974157206147	0.371974157206147	-0.396098955718639	0.396098955718639	hypo	case		0.490012826965143	0.51	0.51	0.5	0.523027894488147	5
chr20	34833475	34837262	3788	121	20.6409090909091	-0.354668614460376	0.354668614460376	-0.385040959905934	0.385040959905934	hypo	case		0.326082148068221	0.51	0.51	0.5	0.523027894488147	5
chr21	14257358	14260379	3022	53	19.8066037735849	-0.358684056873878	0.358684056873878	-0.389546919201321	0.389546919201321	hypo	case		0.379612672764345	0.51	0.51	0.5	0.523027894488147	5
chr20	21585478	21589584	4107	80	23.345	-0.310984086682339	0.310984086682339	-0.323810846026759	0.323810846026759	hypo	case		0.7208084218191	0.51	0.7208084218191	2.8	0.682213840132396	5
chr21	17326679	17331345	4667	113	21.8477876106195	-0.417774392878749	0.417774392878749	-0.457588525320694	0.457588525320694	hypo	case		0.552065558218547	0.51	0.552065558218547	0.6	0.531925724845128	5
chr20	13114812	13118252	3441	70	24.6321428571429	-0.324919948058795	0.324919948058795	-0.339485682308161	0.339485682308161	hypo	case		0.265294813833631	0.51	0.51	0.5	0.523027894488147	5
chr20	4515681	4519785	4105	64	21.4140625	-0.425494448320871	0.425494448320871	-0.458117756185903	0.458117756185903	hypo	case		0.346108365239522	0.51	0.51	0.5	0.523027894488147	5
chr20	20292632	20295977	3346	123	20.2764227642276	-0.416972789773122	0.416972789773122	-0.453419419420246	0.453419419420246	hypo	case		0.50826712702209	0.51	0.51	0.5	0.523027894488147	5
chr21	6328373	6332196	3824	53	16.3754716981132	-0.27848853323892	0.27848853323892	-0.315333065184198	0.315333065184198	hypo	case		0.481814804516123	0.51	0.51	0.5	0.523027894488147	5
chr21	28137822	28141316	3495	55	22.8581818181818	-0.353629970426192	0.353629970426192	-0.398565485911984	0.398565485911984	hypo	case		0.0966542252922894	0.51	0.51	0.5	0.523027894488147	5
chr20	10344310	10347306	2997	50	21.707	-0.262451656281215	0.262451656281215	-0.265046131397877	0.265046131397877	hypo	case		0.0810833742811901	0.51	0.51	0.5	0.523027894488147	5
chr20	19153382	19158366	4985	64	21.26484375	-0.345710532076849	0.345710532076849	-0.400489122405245	0.400489122405245	hypo	case		0.542929088991026	0.51	0.542929088991026	0.6	0.531925724845128	5
chr20	13245170	13248147	2978	74	22.6648648648649	-0.434256232189686	0.434256232189686	-0.426123321270643	0.426123321270643	hypo	case		0.44155154853249	0.51	0.51	0.5	0.523027894488147	5
chr21	15009999	15011730	1732	62	22.7120967741935	-0.328190385851604	0.328190385851604	-0.363229576476793	0.363229576476793	hypo	case		0.362768471366602	0.51	0.51	0.5	0.523027894488147	5
chr20	42558259	42563180	4922	82	22.4957317073171	-0.337831076941348	0.337831076941348	-0.357447775197574	0.357447775197574	hypo	case		0.614219375648755	0.51	0.614219375648755	2.4	0.624549067415542	5
chr20	24235310	24238101	2792	62	22.0322580645161	-0.314841894331896	0.314841894331896	-0.339075495015331	0.339075495015331	hypo	case		0.325191560672391	0.51	0.51	0.5	0.523027894488147	5
chr21	23846377	23849120	2744	51	24.4460784313726	-0.279888100069031	0.279888100069031	-0.29594049806798	0.29594049806798	hypo	case		0.845056100754585	0.51	0.845056100754585	2.8	0.682213840132396	5
chr20	4074007	4078536	4530	96	24.9177083333333	-0.412223019709433	0.412223019709433	-0.435045639837748	0.435045639837748	hypo	case		0.45446278509916	0.51	0.51	0.5	0.523027894488147	5
chr21	30620504	30624650	4147	84	21.2892857142857	-0.379149706755502	0.379149706755502	-0.422622736675432	0.422622736675432	hypo	case		0.465840429625125	0.51	0.51	0.5	0.523027894488147	5
chr20	60438671	60442164	3494	62	20.4709677419355	-0.374914079154737	0.374914079154737	-0.400333601535753	0.400333601535753	hypo	case		0.238273152901602	0.51	0.51	0.5	0.523027894488147	5
chr20	6870542	6873551	3010	64	21.41640625	0.295378363164796	0.295378363164796	0.29544456725932	0.29544456725932	hyper	case		0.300245783777157	0.51	0.51	0.5	0.523027894488147	5
chr20	35065754	35069165	3412	67	21.5350746268657	-0.298271086358371	0.298271086358371	-0.324314494253172	0.324314494253172	hypo	case		0.338402699228813	0.51	0.51	0.5	0.523027894488147	5
chr20	7055918	7059949	4032	58	21.4431034482759	-0.30716569658253	0.30716569658253	-0.293757628261355	0.293757628261355	hypo	case		0.52643283913068	0.51	0.52643283913068	0.5	0.523027894488147	5
chr21	16159091	16161968	2878	54	21.2703703703704	-0.404595662102909	0.404595662102909	-0.440579353795541	0.440579353795541	hypo	case		0.411380680857334	0.51	0.51	0.5	0.523027894488147	5
chr20	19130118	19132544	2427	50	22.475	-0.380110758966355	0.380110758966355	-0.412306995484381	0.412306995484381	hypo	case		0.193613763242151	0.51	0.51	0.5	0.523027894488147	5
chr21	29104264	29108325	4062	100	21.8925	-0.429579766630246	0.429579766630246	-0.469961219754832	0.469961219754832	hypo	case		0.357816084128247	0.51	0.51	0.5	0.523027894488147	5
chr21	32150946	32154728	3783	68	21.475	-0.327123776464939	0.327123776464939	-0.335826779323018	0.335826779323018	hypo	case		0.454248153331512	0.51	0.51	0.5	0.523027894488147	5
chr20	18804357	18809008	4652	84	22.7458333333333	-0.361523595755839	0.361523595755839	-0.36992348113726	0.36992348113726	hypo	case		0.625808078371181	0.51	0.625808078371181	0.8	0.625001640011956	5
chr20	22103609	22106174	2566	52	23.8576923076923	-0.423034116401579	0.423034116401579	-0.446807602724326	0.446807602724326	hypo	case		0.185692671492807	0.51	0.51	0.5	0.523027894488147	5
chr21	37369428	37372242	2815	50	21.119	0.290504791736996	0.290504791736996	0.261971291661747	0.261971291661747	hyper	case		0.746433651459401	0.51	0.746433651459401	2.8	0.682213840132396	5
chr21	19877441	19881091	3651	78	23.1685897435897	-0.437914620322138	0.437914620322138	-0.454130201676929	0.454130201676929	hypo	case		0.378863961526696	0.51	0.51	0.5	0.523027894488147	5
chr21	26045352	26049438	4087	95	22.9773684210526	-0.386225963277866	0.386225963277866	-0.38394660352532	0.38394660352532	hypo	case		0.215632402214638	0.51	0.51	0.5	0.523027894488147	5
chr21	18193049	18197933	4885	94	20.2824468085106	-0.282853321079668	0.282853321079668	-0.302335815091229	0.302335815091229	hypo	case		0.99	0.51	0.99	2.8	0.682213840132396	5
chr21	19650919	19654996	4078	70	19.9764285714286	-0.360430049463693	0.360430049463693	-0.386252649718311	0.386252649718311	hypo	case		0.235834704834313	0.51	0.51	0.5	0.523027894488147	5
chr20	49013354	49016546	3193	54	21.5009259259259	-0.391898769351345	0.391898769351345	-0.416670732708364	0.416670732708364	hypo	case		0.497065523164823	0.51	0.51	0.5	0.523027894488147	5
chr21	9714906	9716685	1780	58	40.7534482758621	-0.412016096676919	0.412016096676919	-0.413270199427222	0.413270199427222	hypo	case		0.570992336996512	0.51	0.570992336996512	0.7	0.596779781291671	5
chr21	34106709	34111333	4625	102	23.6058823529412	-0.392616145536734	0.392616145536734	-0.425654617479067	0.425654617479067	hypo	case		0.241376082224366	0.51	0.51	0.5	0.523027894488147	5
chr21	13459201	13461889	2689	52	21.7519230769231	-0.377688967871939	0.377688967871939	-0.404495800915746	0.404495800915746	hypo	case		0.186347206100374	0.51	0.51	0.5	0.523027894488147	5
chr20	22754642	22756097	1456	56	22.6776785714286	-0.403806358626066	0.403806358626066	-0.399656668939716	0.399656668939716	hypo	case		0.556264130811112	0.51	0.556264130811112	0.6	0.531925724845128	5
chr21	37022012	37023559	1548	64	23.6328125	-0.40608061278259	0.40608061278259	-0.410589835433777	0.410589835433777	hypo	case		0.585167869098332	0.51	0.585167869098332	0.7	0.596779781291671	5
chr20	51170821	51173986	3166	52	22.9846153846154	-0.309510888254028	0.309510888254028	-0.330409370627655	0.330409370627655	hypo	case		0.946305620950085	0.51	0.946305620950085	2.8	0.682213840132396	5
chr20	34776305	34779387	3083	137	21.6821167883212	-0.394687778336377	0.394687778336377	-0.423196599205754	0.423196599205754	hypo	case		0.392592532481137	0.51	0.51	0.5	0.523027894488147	5
chr20	22784080	22788594	4515	80	21.94625	-0.414351624796739	0.414351624796739	-0.43841143939858	0.43841143939858	hypo	case		0.145597114389915	0.51	0.51	0.5	0.523027894488147	5
chr21	16857291	16861610	4320	89	21.6983146067416	-0.414923363029013	0.414923363029013	-0.438758015560995	0.438758015560995	hypo	case		0.201173036360534	0.51	0.51	0.5	0.523027894488147	5
chr21	32068932	32071828	2897	79	20.9506329113924	-0.410761746851189	0.410761746851189	-0.442632763247724	0.442632763247724	hypo	case		0.101930601908552	0.51	0.51	0.5	0.523027894488147	5
chr20	4402893	4407819	4927	70	22.4592857142857	-0.373507352171305	0.373507352171305	-0.401834111076847	0.401834111076847	hypo	case		0.466121460267526	0.51	0.51	0.5	0.523027894488147	5
chr20	657566	661003	3438	73	20.0650684931507	-0.297255873161136	0.297255873161136	-0.329366423051224	0.329366423051224	hypo	case		0.778240178965819	0.51	0.778240178965819	2.8	0.682213840132396	5
chr20	18601074	18602842	1769	76	23.1546052631579	-0.385543670548507	0.385543670548507	-0.415551797610102	0.415551797610102	hypo	case		0.158913581612422	0.51	0.51	0.5	0.523027894488147	5
chr20	33560775	33565215	4441	135	19.6122222222222	0.266273878213439	0.266273878213439	0.289496875128291	0.289496875128291	hyper	case		0.120575954402436	0.51	0.51	0.5	0.523027894488147	5
chr20	1365894	1370157	4264	82	24.8957317073171	-0.340489750737153	0.340489750737153	-0.3383430543015	0.3383430543015	hypo	case		0.779893609473382	0.51	0.779893609473382	2.8	0.682213840132396	5
chr21	30583532	30586721	3190	56	19.6455357142857	-0.402671074447979	0.402671074447979	-0.425637358236751	0.425637358236751	hypo	case		0.198639718959653	0.51	0.51	0.5	0.523027894488147	5
chr20	59443582	59447484	3903	98	23.9183673469388	-0.377713344284527	0.377713344284527	-0.415064064770374	0.415064064770374	hypo	case		0.403268287876664	0.51	0.51	0.5	0.523027894488147	5
chr21	35140245	35141940	1696	61	22.0967213114754	-0.403000314913695	0.403000314913695	-0.419482577560865	0.419482577560865	hypo	case		0.601788947303219	0.51	0.601788947303219	0.7	0.596779781291671	5
chr21	40620738	40623186	2449	50	21.699	-0.29591696059008	0.29591696059008	-0.303387263723605	0.303387263723605	hypo	case		0.51049756037168	0.51	0.51049756037168	0.5	0.523027894488147	5
chr20	45135309	45139553	4245	88	21.6573863636364	-0.286365162522895	0.286365162522895	-0.312936747017199	0.312936747017199	hypo	case		0.106895991385547	0.51	0.51	0.5	0.523027894488147	5
chr21	12966123	12970343	4221	96	38.8453125	-0.31715119733117	0.31715119733117	-0.35294690167885	0.35294690167885	hypo	case		0.250718184346587	0.51	0.51	0.5	0.523027894488147	5
chr21	16059553	16062503	2951	90	23.9922222222222	-0.403170622364467	0.403170622364467	-0.433607123324303	0.433607123324303	hypo	case		0.138312431381629	0.51	0.51	0.5	0.523027894488147	5
chr20	43965038	43967543	2506	64	24.03046875	-0.406622221072714	0.406622221072714	-0.432236373348958	0.432236373348958	hypo	case		0.194177018910067	0.51	0.51	0.5	0.523027894488147	5
chr21	24113166	24115290	2125	62	22.9854838709677	-0.404480039700348	0.404480039700348	-0.413511146856453	0.413511146856453	hypo	case		0.586994720479648	0.51	0.586994720479648	0.7	0.596779781291671	5
chr21	26974551	26977142	2592	57	20.1798245614035	-0.404131147901171	0.404131147901171	-0.423518697332362	0.423518697332362	hypo	case		0.314760036255973	0.51	0.51	0.5	0.523027894488147	5
chr21	39258231	39261392	3162	78	23.0955128205128	-0.409626332964434	0.409626332964434	-0.464229555173724	0.464229555173724	hypo	case		0.404221524201303	0.51	0.51	0.5	0.523027894488147	5
chr20	13865816	13869582	3767	94	22.7707446808511	-0.40671770447856	0.40671770447856	-0.43189653523029	0.43189653523029	hypo	case		0.0798612866966819	0.51	0.51	0.5	0.523027894488147	5
chr20	35893050	35896861	3812	114	22.019298245614	-0.445439621630823	0.445439621630823	-0.458773306082576	0.458773306082576	hypo	case		0.273713800201307	0.51	0.51	0.5	0.523027894488147	5
chr20	53869394	53871832	2439	50	19.682	0.26720447360323	0.26720447360323	0.267911181404644	0.267911181404644	hyper	case		0.644641360781332	0.51	0.644641360781332	2.5	0.648141514174027	5
chr21	40440426	40443490	3065	55	21.1681818181818	-0.391646757275476	0.391646757275476	-0.433771008815812	0.433771008815812	hypo	case		0.60623560392792	0.51	0.60623560392792	0.7	0.596779781291671	5
chr20	34733800	34736891	3092	84	21.547619047619	-0.373052703828767	0.373052703828767	-0.39480792410799	0.39480792410799	hypo	case		0.175069015932467	0.51	0.51	0.5	0.523027894488147	5
chr20	55157157	55161627	4471	56	20.9116071428571	-0.365866627783663	0.365866627783663	-0.43049213717552	0.43049213717552	hypo	case		0.208862255823267	0.51	0.51	0.5	0.523027894488147	5
chr20	39761693	39764347	2655	58	19.6586206896552	0.269822654225036	0.269822654225036	0.325706003581033	0.325706003581033	hyper	case		0.712289475423731	0.51	0.712289475423731	2.8	0.682213840132396	5
chr20	42024350	42027755	3406	64	20.3078125	-0.297455491022284	0.297455491022284	-0.326314297705817	0.326314297705817	hypo	case		0.99	0.51	0.99	2.8	0.682213840132396	5
chr21	20655561	20659793	4233	72	24.39375	-0.391753884155709	0.391753884155709	-0.427371222603061	0.427371222603061	hypo	case		0.426809155689712	0.51	0.51	0.5	0.523027894488147	5
chr20	32392239	32396544	4306	120	24.9916666666667	-0.406986545179038	0.406986545179038	-0.41058215378608	0.41058215378608	hypo	case		0.202910476245074	0.51	0.51	0.5	0.523027894488147	5
chr20	33610902	33614110	3209	61	23.6098360655738	-0.299685602309479	0.299685602309479	-0.314391553262319	0.314391553262319	hypo	case		0.367213990221095	0.51	0.51	0.5	0.523027894488147	5
chr20	4639802	4643766	3965	67	20.5641791044776	-0.420973476343058	0.420973476343058	-0.455656596999121	0.455656596999121	hypo	case		0.222435375920733	0.51	0.51	0.5	0.523027894488147	5
chr20	52424034	52426133	2100	57	21.6447368421053	-0.310901913351713	0.310901913351713	-0.361441968294509	0.361441968294509	hypo	case		0.479409171328668	0.51	0.51	0.5	0.523027894488147	5
chr20	53356966	53361091	4126	96	23.1098958333333	-0.398471605940034	0.398471605940034	-0.445096145855121	0.445096145855121	hypo	case		0.432189935969544	0.51	0.51	0.5	0.523027894488147	5
chr20	13888677	13890582	1906	62	23.7846774193548	-0.382004069104333	0.382004069104333	-0.407047373166047	0.407047373166047	hypo	case		0.464883819096498	0.51	0.51	0.5	0.523027894488147	5
chr20	2427594	2429763	2170	58	21.9129310344828	-0.368240840511877	0.368240840511877	-0.421943560932023	0.421943560932023	hypo	case		0.140702609925127	0.51	0.51	0.5	0.523027894488147	5
chr21	13673130	13677502	4373	72	11.3243055555556	-0.369564688514959	0.369564688514959	-0.371632326112087	0.371632326112087	hypo	case		0.121040738668196	0.51	0.51	0.5	0.523027894488147	5
chr21	37317981	37318977	997	50	17.841	-0.412003033524216	0.412003033524216	-0.4499075009086	0.4499075009086	hypo	case		0.136277268978783	0.51	0.51	0.5	0.523027894488147	5
chr21	31431211	31432904	1694	54	24.8787037037037	-0.339624179229051	0.339624179229051	-0.374806321868349	0.374806321868349	hypo	case		0.99	0.51	0.99	2.8	0.682213840132396	5
chr21	10566694	10569764	3071	54	50.4027777777778	-0.293476125662469	0.293476125662469	-0.285260532026132	0.285260532026132	hypo	case		0.135227848303546	0.51	0.51	0.5	0.523027894488147	5
chr21	39927699	39931709	4011	84	23.6577380952381	-0.296494591197479	0.296494591197479	-0.306065583024865	0.306065583024865	hypo	case		0.665636183591919	0.51	0.665636183591919	2.6	0.665165515526917	5
chr21	28864523	28867790	3268	54	23.3398148148148	-0.383601966249084	0.383601966249084	-0.394504119310315	0.394504119310315	hypo	case		0.323360496021067	0.51	0.51	0.5	0.523027894488147	5
chr20	11753295	11757735	4441	84	20.5059523809524	-0.3722623637888	0.3722623637888	-0.379267472274613	0.379267472274613	hypo	case		0.352631173026808	0.51	0.51	0.5	0.523027894488147	5
chr20	48302679	48306678	4000	74	24.6054054054054	-0.279947401281522	0.279947401281522	-0.279317166699013	0.279317166699013	hypo	case		0.861395668714579	0.51	0.861395668714579	2.8	0.682213840132396	5
chr20	40283867	40287724	3858	83	21.1078313253012	-0.355721349869602	0.355721349869602	-0.379883148855097	0.379883148855097	hypo	case		0.408241054679579	0.51	0.51	0.5	0.523027894488147	5
chr20	21045856	21049584	3729	91	21.0181318681319	-0.299172204190741	0.299172204190741	-0.30571528795107	0.30571528795107	hypo	case		0.614382446040621	0.51	0.614382446040621	2.4	0.624549067415542	5
chr20	21532354	21536872	4519	90	23.725	0.375864902624103	0.375864902624103	0.394315230043155	0.394315230043155	hyper	case		0.176346525304736	0.51	0.51	0.5	0.523027894488147	5
chr20	60465188	60470049	4862	110	22.3263636363636	-0.247842063050965	0.247842063050965	-0.271102273285514	0.271102273285514	hypo	case		0.833396006943471	0.51	0.833396006943471	2.8	0.682213840132396	5
chr20	37735990	37738898	2909	58	22.0741379310345	-0.376918427273411	0.376918427273411	-0.389783385061217	0.389783385061217	hypo	case		0.347188707893054	0.51	0.51	0.5	0.523027894488147	5
chr21	28057798	28060352	2555	68	24.9970588235294	-0.407389835090526	0.407389835090526	-0.423342082840266	0.423342082840266	hypo	case		0.326104135605369	0.51	0.51	0.5	0.523027894488147	5
chr20	29318140	29323063	4924	272	35.6051470588235	0.368165547396516	0.368165547396516	0.40239577599053	0.40239577599053	hyper	case		0.0872730937661312	0.51	0.51	0.5	0.523027894488147	5
chr20	6029244	6034127	4884	100	21.6335	-0.349130463054396	0.349130463054396	-0.371499324045174	0.371499324045174	hypo	case		0.0907086125485044	0.51	0.51	0.5	0.523027894488147	5
chr20	29428950	29431897	2948	148	19.4733108108108	0.41341676075591	0.41341676075591	0.432484386368955	0.432484386368955	hyper	case		0.233114632568686	0.51	0.51	0.5	0.523027894488147	5
chr20	44599452	44601955	2504	68	21.6904411764706	-0.41041608566698	0.41041608566698	-0.44622097417325	0.44622097417325	hypo	case		0.23557974321534	0.51	0.51	0.5	0.523027894488147	5
chr20	32327179	32330598	3420	100	20.1385	0.322052559482042	0.322052559482042	0.353821292812828	0.353821292812828	hyper	case		0.99	0.51	0.99	2.8	0.682213840132396	5
chr20	25340768	25345523	4756	88	23.7471590909091	-0.335855053984938	0.335855053984938	-0.345228090722556	0.345228090722556	hypo	case		0.258971197754604	0.51	0.51	0.5	0.523027894488147	5
chr20	34727288	34729895	2608	56	20.1151785714286	-0.324708176626328	0.324708176626328	-0.343908499473532	0.343908499473532	hypo	case		0.116323367059169	0.51	0.51	0.5	0.523027894488147	5
chr20	14336851	14338954	2104	62	21.3379032258065	0.291116936102936	0.291116936102936	0.316121067107152	0.316121067107152	hyper	case		0.552691249194213	0.51	0.552691249194213	0.6	0.531925724845128	5
chr20	4872286	4877282	4997	170	21.8905882352941	-0.289591536040592	0.289591536040592	-0.286798777861751	0.286798777861751	hypo	case		0.256017412803434	0.51	0.51	0.5	0.523027894488147	5
chr21	15570250	15572754	2505	58	19.9301724137931	-0.348218443088987	0.348218443088987	-0.375812138558113	0.375812138558113	hypo	case		0.168720845636595	0.51	0.51	0.5	0.523027894488147	5
chr21	19458430	19460675	2246	72	20.2326388888889	-0.422006791265717	0.422006791265717	-0.435150271996579	0.435150271996579	hypo	case		0.36149372201257	0.51	0.51	0.5	0.523027894488147	5
