seqnames	start	end	width	num_sites	cov	delta_beta	delta_beta_abs	intended_delta_beta	intended_delta_beta_abs	direction	case_group	genome	background_corr_target	expected_correlation	corr_target	corr_sd_used	corr_metric_estimate	neighbor_window
chr20	23470289	23471691	1403	20	21.2225	-0.328614055304841	0.328614055304841	-0.293367695995005	0.293367695995005	hypo	case		0.18332429226659	0.75	0.75	2.8	0.699178745142492	5
chr20	23408490	23409195	706	10	21.77	0.213858506787262	0.213858506787262	0.222798778753104	0.222798778753104	hyper	case		0.354299012367026	0.75	0.75	2.8	0.699178745142492	5
chr21	9841959	9842471	513	8	69.9625	0.356533633681913	0.356533633681913	0.361715321510642	0.361715321510642	hyper	case		0.362822237830667	0.75	0.75	2.8	0.699178745142492	5
chr20	30925841	30926185	345	5	24.41	-0.291836483035901	0.291836483035901	-0.313521311926388	0.313521311926388	hypo	case		0.349311290693572	0.75	0.75	2.8	0.699178745142492	5
chr20	48080151	48080226	76	8	22.21875	-0.262915073392992	0.262915073392992	-0.268933361992582	0.268933361992582	hypo	case		0.401691579715709	0.75	0.75	2.8	0.699178745142492	5
chr20	16891192	16892413	1222	13	22.2961538461538	-0.198198527582681	0.198198527582681	-0.205636229085214	0.205636229085214	hypo	case		0.367161997139997	0.75	0.75	2.8	0.699178745142492	5
chr21	23546971	23547788	818	10	21.165	-0.344042118351127	0.344042118351127	-0.360324693667089	0.360324693667089	hypo	case		0.201565173557534	0.75	0.75	2.8	0.699178745142492	5
chr21	17138928	17140011	1084	16	22.846875	-0.290340989364083	0.290340989364083	-0.261203975705179	0.261203975705179	hypo	case		0.371593619952653	0.75	0.75	2.8	0.699178745142492	5
chr21	40857251	40858078	828	15	22.2433333333333	-0.301152978207296	0.301152978207296	-0.306276460398642	0.306276460398642	hypo	case		0.412408456384404	0.75	0.75	2.8	0.699178745142492	5
chr21	23142712	23143882	1171	14	24.6392857142857	-0.277731097092463	0.277731097092463	-0.310584684605462	0.310584684605462	hypo	case		0.783343806646324	0.75	0.783343806646324	2.8	0.699178745142492	5
chr21	23789298	23790170	873	10	19.795	-0.295098761702096	0.295098761702096	-0.299374061852233	0.299374061852233	hypo	case		0.515708298695647	0.75	0.75	2.8	0.699178745142492	5
chr21	27872096	27872924	829	6	21.625	-0.193151631955972	0.193151631955972	-0.186024303071312	0.186024303071312	hypo	case		0.463895113682954	0.75	0.75	2.8	0.699178745142492	5
chr20	64275314	64275662	349	7	21.0571428571429	-0.221896821859821	0.221896821859821	-0.282803773008039	0.282803773008039	hypo	case		0.301865312213581	0.75	0.75	2.8	0.699178745142492	5
chr20	8193122	8193298	177	5	19.59	0.147917371584235	0.147917371584235	0.141970095050082	0.141970095050082	hyper	case		0.257881401492338	0.75	0.75	2.8	0.699178745142492	5
chr20	22177659	22178196	538	7	23.5285714285714	-0.25979273151494	0.25979273151494	-0.251065418462471	0.251065418462471	hypo	case		0.342421360033458	0.75	0.75	2.8	0.699178745142492	5
chr21	17235021	17236852	1832	11	13.0272727272727	-0.17533255863074	0.17533255863074	-0.231856117080846	0.231856117080846	hypo	case		0.166573061438632	0.75	0.75	2.8	0.699178745142492	5
chr21	35451600	35452220	621	11	23.3545454545455	-0.220294160003813	0.220294160003813	-0.234096106225551	0.234096106225551	hypo	case		0.29454161860843	0.75	0.75	2.8	0.699178745142492	5
chr21	13172642	13172866	225	16	19.653125	0.283650148649728	0.283650148649728	0.2663176859224	0.2663176859224	hyper	case		0.172890337646236	0.75	0.75	2.8	0.699178745142492	5
chr20	4446962	4447525	564	8	23.525	-0.335675961739525	0.335675961739525	-0.366832162393894	0.366832162393894	hypo	case		0.197322801281057	0.75	0.75	2.8	0.699178745142492	5
chr21	22487755	22488452	698	8	25.70625	-0.225685841137971	0.225685841137971	-0.199678350640144	0.199678350640144	hypo	case		0.454835512450419	0.75	0.75	2.8	0.699178745142492	5
chr20	46432275	46433671	1397	32	21.1359375	-0.311802193648611	0.311802193648611	-0.301249692705309	0.301249692705309	hypo	case		0.447588956569262	0.75	0.75	2.8	0.699178745142492	5
chr21	30300565	30300936	372	8	21.86875	-0.315301012151521	0.315301012151521	-0.283015946291233	0.283015946291233	hypo	case		0.0374165657349433	0.75	0.75	2.8	0.699178745142492	5
chr20	1425531	1426635	1105	15	23.2666666666667	-0.294051083802607	0.294051083802607	-0.339522895817306	0.339522895817306	hypo	case		0.128104573708699	0.75	0.75	2.8	0.699178745142492	5
chr20	15729452	15729985	534	9	23.3833333333333	-0.14766989924344	0.14766989924344	-0.17153245218635	0.17153245218635	hypo	case		0.0661243824420919	0.75	0.75	2.8	0.699178745142492	5
chr21	28366368	28366848	481	5	18.28	-0.122552943866681	0.122552943866681	-0.160965166667583	0.160965166667583	hypo	case		0.0739591868306358	0.75	0.75	2.8	0.699178745142492	5
chr21	6884501	6885596	1096	15	16.49	0.202293500989321	0.202293500989321	0.243261478585855	0.243261478585855	hyper	case		0.138701191856389	0.75	0.75	2.8	0.699178745142492	5
chr21	13027155	13027433	279	5	34.11	-0.230218756304313	0.230218756304313	-0.241566801504823	0.241566801504823	hypo	case		0.333790476398961	0.75	0.75	2.8	0.699178745142492	5
chr21	21643379	21643728	350	5	21.43	0.163241405109052	0.163241405109052	0.188066945189972	0.188066945189972	hyper	case		0.654190551033217	0.75	0.75	2.8	0.699178745142492	5
chr20	18872219	18873492	1274	17	21.9911764705882	-0.228824509194921	0.228824509194921	-0.248309450608742	0.248309450608742	hypo	case		0.471266326074598	0.75	0.75	2.8	0.699178745142492	5
chr20	26103234	26103616	383	9	21.8611111111111	-0.246548134212995	0.246548134212995	-0.270773508024708	0.270773508024708	hypo	case		0.186852964475297	0.75	0.75	2.8	0.699178745142492	5
chr20	10875507	10877416	1910	26	23.2653846153846	-0.236684743579599	0.236684743579599	-0.239752478435938	0.239752478435938	hypo	case		0.543976509805508	0.75	0.75	2.8	0.699178745142492	5
chr20	25889109	25889343	235	7	24.3571428571429	-0.205154007910603	0.205154007910603	-0.219853553230451	0.219853553230451	hypo	case		0.49183658144285	0.75	0.75	2.8	0.699178745142492	5
chr21	39945701	39947046	1346	14	22.8928571428571	-0.21355832888048	0.21355832888048	-0.207799235459081	0.207799235459081	hypo	case		0.414681889432577	0.75	0.75	2.8	0.699178745142492	5
chr21	19047296	19047450	155	5	17.24	0.0982656024020625	0.0982656024020625	0.159057571460344	0.159057571460344	hyper	case		0.893089686755645	0.75	0.893089686755645	2.8	0.699178745142492	5
chr20	5925955	5926648	694	19	24.6815789473684	-0.222854746855599	0.222854746855599	-0.215031085525769	0.215031085525769	hypo	case		0.343941142641159	0.75	0.75	2.8	0.699178745142492	5
chr20	40600142	40602089	1948	30	24.2866666666667	-0.27402114414943	0.27402114414943	-0.247609649130644	0.247609649130644	hypo	case		0.936947458698023	0.75	0.936947458698023	2.8	0.699178745142492	5
chr20	29092949	29093456	508	5	137.28	0.287111055320534	0.287111055320534	0.309789623452951	0.309789623452951	hyper	case		0.328700304237557	0.75	0.75	2.8	0.699178745142492	5
chr20	59907625	59908279	655	33	22.0393939393939	-0.308893731310443	0.308893731310443	-0.327602800594968	0.327602800594968	hypo	case		0.290805264395424	0.75	0.75	2.8	0.699178745142492	5
chr20	26230045	26230736	692	12	21.8291666666667	-0.232335394075002	0.232335394075002	-0.291318629563944	0.291318629563944	hypo	case		0.396879319563255	0.75	0.75	2.8	0.699178745142492	5
chr20	22643723	22643927	205	6	19.6083333333333	-0.299897692074903	0.299897692074903	-0.183619932486323	0.183619932486323	hypo	case		0.533234764476301	0.75	0.75	2.8	0.699178745142492	5
chr21	26143471	26144186	716	18	21.0777777777778	-0.278242374201769	0.278242374201769	-0.289843221176747	0.289843221176747	hypo	case		0.481116915830509	0.75	0.75	2.8	0.699178745142492	5
chr21	13585930	13587340	1411	22	19.2090909090909	-0.209818529519087	0.209818529519087	-0.242951277291398	0.242951277291398	hypo	case		0.492133131090537	0.75	0.75	2.8	0.699178745142492	5
chr21	29328601	29329640	1040	25	21.592	-0.254361710322514	0.254361710322514	-0.296856229225237	0.296856229225237	hypo	case		0.432039159409405	0.75	0.75	2.8	0.699178745142492	5
chr20	2010520	2011037	518	9	20.4222222222222	0.247842724766924	0.247842724766924	0.202767027785708	0.202767027785708	hyper	case		0.246966683272722	0.75	0.75	2.8	0.699178745142492	5
chr21	18504504	18505226	723	8	20.51875	-0.35939553526345	0.35939553526345	-0.373804639799584	0.373804639799584	hypo	case		0.66586598291659	0.75	0.75	2.8	0.699178745142492	5
chr21	23643683	23643777	95	6	22.0333333333333	-0.230822931502136	0.230822931502136	-0.218477905675406	0.218477905675406	hypo	case		0.111500063217085	0.75	0.75	2.8	0.699178745142492	5
chr21	18218739	18219065	327	6	22.4666666666667	-0.307662211357357	0.307662211357357	-0.369492092090943	0.369492092090943	hypo	case		0.118845033369308	0.75	0.75	2.8	0.699178745142492	5
chr20	41882082	41883141	1060	17	23.3588235294118	-0.265071860554675	0.265071860554675	-0.213504291618181	0.213504291618181	hypo	case		0.322380569803924	0.75	0.75	2.8	0.699178745142492	5
chr21	38111552	38112043	492	5	20.28	0.089223123450811	0.089223123450811	0.137063822168	0.137063822168	hyper	case		0.237200714294394	0.75	0.75	2.8	0.699178745142492	5
chr20	18593596	18594559	964	24	19.825	-0.281514623420202	0.281514623420202	-0.313996283900022	0.313996283900022	hypo	case		0.433779716393413	0.75	0.75	2.8	0.699178745142492	5
chr20	29399174	29399550	377	5	35.34	-0.191410699589497	0.191410699589497	-0.22055813397734	0.22055813397734	hypo	case		0.312167742077383	0.75	0.75	2.8	0.699178745142492	5
chr20	14860461	14861817	1357	18	17.225	0.238327822525772	0.238327822525772	0.234185513025773	0.234185513025773	hyper	case		0.228365801749095	0.75	0.75	2.8	0.699178745142492	5
chr20	10229686	10230313	628	6	22.3083333333333	0.276164387479582	0.276164387479582	0.276290954073852	0.276290954073852	hyper	case		0.856596221225446	0.75	0.856596221225446	2.8	0.699178745142492	5
chr21	23095272	23096856	1585	28	21.0535714285714	-0.313742107343403	0.313742107343403	-0.305988202520117	0.305988202520117	hypo	case		0.242570633768963	0.75	0.75	2.8	0.699178745142492	5
chr20	8291548	8291687	140	5	21.02	0.0653845634528641	0.0653845634528641	0.0442666298268065	0.0671663858924151	hyper	case		0.173768031659937	0.75	0.75	2.8	0.699178745142492	5
chr21	10454134	10455215	1082	12	134.3625	0.287693655008663	0.287693655008663	0.291822531972573	0.291822531972573	hyper	case		0.608982705102697	0.75	0.75	2.8	0.699178745142492	5
chr20	9673410	9674429	1020	7	20.6571428571429	-0.279619881068384	0.279619881068384	-0.298396774922881	0.298396774922881	hypo	case		0.571158156176497	0.75	0.75	2.8	0.699178745142492	5
chr21	39042858	39044274	1417	19	21.3684210526316	-0.249402492078334	0.249402492078334	-0.262247583144262	0.262247583144262	hypo	case		0.18679265734378	0.75	0.75	2.8	0.699178745142492	5
chr20	9947944	9948464	521	8	22.1375	-0.213454877671847	0.213454877671847	-0.234635975381505	0.234635975381505	hypo	case		0.140583295043512	0.75	0.75	2.8	0.699178745142492	5
chr21	33748222	33749629	1408	36	23.3013888888889	-0.320222444393922	0.320222444393922	-0.308882684004825	0.308882684004825	hypo	case		0.22818581397671	0.75	0.75	2.8	0.699178745142492	5
chr20	48185003	48186517	1515	31	24.0548387096774	-0.383034271374302	0.383034271374302	-0.40922434574819	0.40922434574819	hypo	case		0.385606453119578	0.75	0.75	2.8	0.699178745142492	5
chr21	16451902	16452587	686	5	20.11	-0.170858946819573	0.170858946819573	-0.178203845571652	0.178203845571652	hypo	case		0.696508192308077	0.75	0.75	2.8	0.699178745142492	5
chr20	26119076	26120548	1473	31	26.6193548387097	-0.311295943072134	0.311295943072134	-0.272291398645827	0.272291398645827	hypo	case		0.241402852548062	0.75	0.75	2.8	0.699178745142492	5
chr20	23620118	23621721	1604	44	22.1511363636364	-0.272279685721169	0.272279685721169	-0.296922895273362	0.296922895273362	hypo	case		0.111691841848164	0.75	0.75	2.8	0.699178745142492	5
chr21	15964802	15965000	199	7	22.05	0.295441555837891	0.295441555837891	0.366422214390414	0.366422214390414	hyper	case		0.196595337031192	0.75	0.75	2.8	0.699178745142492	5
chr21	14992161	14992615	455	20	21.3275	-0.330690892017261	0.330690892017261	-0.316702447057851	0.316702447057851	hypo	case		0.237196307560621	0.75	0.75	2.8	0.699178745142492	5
chr21	10579383	10580590	1208	18	55.675	-0.249175527992647	0.249175527992647	-0.261218462628091	0.261218462628091	hypo	case		0.249368811989299	0.75	0.75	2.8	0.699178745142492	5
chr20	9928222	9928718	497	10	21	0.299141657637272	0.299141657637272	0.272566897953221	0.272566897953221	hyper	case		0.495973259124527	0.75	0.75	2.8	0.699178745142492	5
chr21	19908120	19908231	112	5	25.18	-0.201835419938079	0.201835419938079	-0.189076681379165	0.189076681379165	hypo	case		0.270043458732529	0.75	0.75	2.8	0.699178745142492	5
chr21	20609837	20610483	647	9	19.0944444444444	-0.167634576694326	0.167634576694326	-0.260327743310064	0.260327743310064	hypo	case		0.13474316517007	0.75	0.75	2.8	0.699178745142492	5
chr21	22045274	22046389	1116	9	18.35	-0.301796858188432	0.301796858188432	-0.3234206623774	0.3234206623774	hypo	case		0.834665474144074	0.75	0.834665474144074	2.8	0.699178745142492	5
chr21	10004204	10005127	924	13	52.0807692307692	0.259402143430852	0.259402143430852	0.253059430443663	0.253059430443663	hyper	case		0.319408688883722	0.75	0.75	2.8	0.699178745142492	5
chr20	13402138	13403298	1161	15	20.68	-0.277087477331563	0.277087477331563	-0.276911591579786	0.276911591579786	hypo	case		0.206152642730361	0.75	0.75	2.8	0.699178745142492	5
chr21	23608225	23608911	687	11	21.1909090909091	0.261057817470701	0.261057817470701	0.221373942674025	0.221373942674025	hyper	case		0.309672280726572	0.75	0.75	2.8	0.699178745142492	5
chr21	24364364	24364690	327	5	21.9	-0.150355932569014	0.150355932569014	-0.136480025633801	0.136480025633801	hypo	case		0.457502950294443	0.75	0.75	2.8	0.699178745142492	5
chr20	45011026	45011407	382	5	20.31	-0.190000543840218	0.190000543840218	-0.174074038027467	0.174074038027467	hypo	case		0.227918979833792	0.75	0.75	2.8	0.699178745142492	5
chr21	40365333	40365675	343	11	24.8181818181818	-0.205520595690854	0.205520595690854	-0.227073862267677	0.227073862267677	hypo	case		0.548622861189512	0.75	0.75	2.8	0.699178745142492	5
chr21	14591944	14592766	823	10	20.08	-0.292534497355204	0.292534497355204	-0.327859992039655	0.327859992039655	hypo	case		0.262039567204527	0.75	0.75	2.8	0.699178745142492	5
chr21	10604486	10605467	982	7	56.2928571428571	0.216900563174575	0.216900563174575	0.237609214462173	0.237609214462173	hyper	case		0.494278170271354	0.75	0.75	2.8	0.699178745142492	5
chr20	1147963	1148194	232	5	16.94	-0.0762629761727498	0.0762629761727498	-0.0702739024099557	0.103808886883325	hypo	case		0.124593007221682	0.75	0.75	2.8	0.699178745142492	5
chr21	17270010	17270053	44	5	12.17	-0.131471333802506	0.131471333802506	-0.181260986249496	0.181260986249496	hypo	case		0.357734271231078	0.75	0.75	2.8	0.699178745142492	5
chr21	13155465	13155622	158	6	23.475	0.303061247391982	0.303061247391982	0.308021047294246	0.308021047294246	hyper	case		0.300900644619816	0.75	0.75	2.8	0.699178745142492	5
chr21	24111707	24112648	942	16	20.74375	-0.245770810239513	0.245770810239513	-0.280125710090304	0.280125710090304	hypo	case		0.241575059588767	0.75	0.75	2.8	0.699178745142492	5
chr21	18191643	18191859	217	6	22.6916666666667	-0.310293971348278	0.310293971348278	-0.345148668285299	0.345148668285299	hypo	case		0.52161503160974	0.75	0.75	2.8	0.699178745142492	5
chr21	26327076	26328104	1029	22	21.875	-0.272339158327487	0.272339158327487	-0.238288108356553	0.238288108356553	hypo	case		0.99	0.75	0.99	2.8	0.699178745142492	5
chr20	38018917	38019126	210	9	20.3388888888889	-0.265691321186728	0.265691321186728	-0.349163570281492	0.349163570281492	hypo	case		0.775751277649487	0.75	0.775751277649487	2.8	0.699178745142492	5
chr21	10483482	10484094	613	24	43.0604166666667	-0.246119095377332	0.246119095377332	-0.243082462962029	0.243082462962029	hypo	case		0.63384572035735	0.75	0.75	2.8	0.699178745142492	5
chr21	20872538	20872878	341	11	22.1045454545455	-0.318875482786608	0.318875482786608	-0.360875015232915	0.360875015232915	hypo	case		0.123114896586937	0.75	0.75	2.8	0.699178745142492	5
chr21	37183939	37185279	1341	26	23.1788461538462	-0.296776859516493	0.296776859516493	-0.306428971874025	0.306428971874025	hypo	case		0.162702096233333	0.75	0.75	2.8	0.699178745142492	5
chr21	20112569	20113328	760	15	22.3866666666667	-0.338954391219671	0.338954391219671	-0.360184702384479	0.360184702384479	hypo	case		0.18694503438952	0.75	0.75	2.8	0.699178745142492	5
chr21	14313330	14315093	1764	33	22.7090909090909	-0.30901470113249	0.30901470113249	-0.330510486176678	0.330510486176678	hypo	case		0.302643111275973	0.75	0.75	2.8	0.699178745142492	5
chr21	7138155	7139142	988	46	18.5804347826087	-0.315523721826359	0.315523721826359	-0.309994091868743	0.309994091868743	hypo	case		0.197162362794121	0.75	0.75	2.8	0.699178745142492	5
chr20	30235720	30236484	765	8	19.39375	0.191350416064022	0.191350416064022	0.232030197787903	0.232030197787903	hyper	case		0.0457823986196262	0.75	0.75	2.8	0.699178745142492	5
chr20	25088189	25088953	765	18	21.4638888888889	-0.231420676239304	0.231420676239304	-0.243402594753501	0.243402594753501	hypo	case		0.218296417000107	0.75	0.75	2.8	0.699178745142492	5
chr21	15792305	15793021	717	13	21.5423076923077	-0.209483742903835	0.209483742903835	-0.216778891135195	0.216778891135195	hypo	case		0.15423577271478	0.75	0.75	2.8	0.699178745142492	5
chr20	30363115	30363377	263	8	19.3	0.244750073432454	0.244750073432454	0.273843953879611	0.273843953879611	hyper	case		0.370371530027744	0.75	0.75	2.8	0.699178745142492	5
chr20	10336740	10336889	150	5	19.42	-0.337758397776974	0.337758397776974	-0.355307100973741	0.355307100973741	hypo	case		0.104874180220416	0.75	0.75	2.8	0.699178745142492	5
chr21	19767792	19768585	794	8	21.3875	0.212451691535645	0.212451691535645	0.229851220876257	0.229851220876257	hyper	case		0.104333837353448	0.75	0.75	2.8	0.699178745142492	5
chr20	42419895	42421465	1571	39	22.0128205128205	0.209904614431259	0.209904614431259	0.208645881017556	0.208645881017556	hyper	case		0.69691725636782	0.75	0.75	2.8	0.699178745142492	5
chr20	8269159	8270149	991	14	20.3821428571429	-0.293229284825952	0.293229284825952	-0.258164259729368	0.258164259729368	hypo	case		0.215048137379275	0.75	0.75	2.8	0.699178745142492	5
chr21	25685682	25685815	134	5	23.62	-0.115104430646917	0.115104430646917	-0.135235903527743	0.135235903527743	hypo	case		0.246542744469486	0.75	0.75	2.8	0.699178745142492	5
chr20	8216599	8217179	581	7	20.6	-0.217489700920144	0.217489700920144	-0.227577306696135	0.227577306696135	hypo	case		0.333113157402794	0.75	0.75	2.8	0.699178745142492	5
chr20	55171625	55172171	547	16	21.4	-0.308320819277341	0.308320819277341	-0.31313973500883	0.31313973500883	hypo	case		0.188929984315087	0.75	0.75	2.8	0.699178745142492	5
chr20	29528619	29529441	823	12	19.9458333333333	-0.227074132382619	0.227074132382619	-0.222501653217249	0.222501653217249	hypo	case		0.242680490994943	0.75	0.75	2.8	0.699178745142492	5
chr21	29239744	29241049	1306	31	22.2870967741935	-0.33893573507954	0.33893573507954	-0.350559921221068	0.350559921221068	hypo	case		0.644634831711281	0.75	0.75	2.8	0.699178745142492	5
chr21	18709281	18709701	421	10	17.905	-0.317947229691775	0.317947229691775	-0.308284413641847	0.308284413641847	hypo	case		0.451560399839545	0.75	0.75	2.8	0.699178745142492	5
chr20	7758596	7760215	1620	25	21.274	-0.321122068566294	0.321122068566294	-0.354817835415164	0.354817835415164	hypo	case		0.33663555795959	0.75	0.75	2.8	0.699178745142492	5
chr20	15838656	15839426	771	16	20.984375	-0.35405741479411	0.35405741479411	-0.345983843517772	0.345983843517772	hypo	case		0.263556531925298	0.75	0.75	2.8	0.699178745142492	5
chr21	25565782	25566109	328	6	22.375	-0.229567814494889	0.229567814494889	-0.264674905883049	0.264674905883049	hypo	case		0.38898387586987	0.75	0.75	2.8	0.699178745142492	5
chr21	30909793	30910270	478	6	21.5833333333333	-0.189633242022444	0.189633242022444	-0.178443744816166	0.178443744816166	hypo	case		0.476492686524046	0.75	0.75	2.8	0.699178745142492	5
chr21	38192445	38193141	697	19	24.821052631579	-0.317611821974479	0.317611821974479	-0.280845972116418	0.280845972116418	hypo	case		0.213597197632349	0.75	0.75	2.8	0.699178745142492	5
chr21	33310875	33311506	632	12	19.3583333333333	-0.208909847509171	0.208909847509171	-0.204783654813083	0.204783654813083	hypo	case		0.211170971901274	0.75	0.75	2.8	0.699178745142492	5
chr21	10573857	10575611	1755	46	56.6086956521739	-0.316019601385466	0.316019601385466	-0.307018191512471	0.307018191512471	hypo	case		0.140134690253644	0.75	0.75	2.8	0.699178745142492	5
chr21	24562876	24563336	461	6	23.475	-0.248592405642969	0.248592405642969	-0.274085133438684	0.274085133438684	hypo	case		0.809117912933957	0.75	0.809117912933957	2.8	0.699178745142492	5
chr20	27566367	27566717	351	5	11.53	-0.23566362150921	0.23566362150921	-0.230898527957416	0.230898527957416	hypo	case		0.179762242060845	0.75	0.75	2.8	0.699178745142492	5
chr21	20247227	20247567	341	5	20.23	-0.214647378936853	0.214647378936853	-0.203389010055395	0.203389010055395	hypo	case		0.219879907172827	0.75	0.75	2.8	0.699178745142492	5
chr21	13075525	13076917	1393	21	21.8714285714286	0.217178046568307	0.217178046568307	0.225274364211935	0.225274364211935	hyper	case		0.6740642970798	0.75	0.75	2.8	0.699178745142492	5
chr20	11585544	11585962	419	8	17.0125	0.408007260625673	0.408007260625673	0.380184261983736	0.380184261983736	hyper	case		0.305716953393843	0.75	0.75	2.8	0.699178745142492	5
chr21	19708848	19709320	473	6	22.3833333333333	-0.247107443012235	0.247107443012235	-0.264411743456639	0.264411743456639	hypo	case		0.155853926928866	0.75	0.75	2.8	0.699178745142492	5
chr21	25223316	25224873	1558	16	23	-0.264586227223193	0.264586227223193	-0.251064052147677	0.251064052147677	hypo	case		0.540785475668879	0.75	0.75	2.8	0.699178745142492	5
chr21	40966909	40967955	1047	12	22.8	0.172284217116119	0.172284217116119	0.169159752892782	0.207142198109943	hyper	case		0.372144471183551	0.75	0.75	2.8	0.699178745142492	5
chr20	10943766	10944199	434	7	22.35	-0.258939475062187	0.258939475062187	-0.235683650266955	0.235683650266955	hypo	case		0.471748328186869	0.75	0.75	2.8	0.699178745142492	5
chr21	13904390	13904529	140	5	22.46	-0.0445551124515992	0.0445551124515992	-0.0793184164933135	0.161156799642909	hypo	case		0.197066758698957	0.75	0.75	2.8	0.699178745142492	5
chr20	54302976	54303277	302	14	22.4928571428571	-0.355313000829152	0.355313000829152	-0.34004832079111	0.34004832079111	hypo	case		0.252251619978147	0.75	0.75	2.8	0.699178745142492	5
chr20	30541011	30541698	688	13	20.2769230769231	0.230329941797333	0.230329941797333	0.199107735672273	0.199107735672273	hyper	case		0.963971986161933	0.75	0.963971986161933	2.8	0.699178745142492	5
chr20	45035642	45036825	1184	31	21.9354838709677	-0.226738867229232	0.226738867229232	-0.235526331780214	0.235526331780214	hypo	case		0.331322499186852	0.75	0.75	2.8	0.699178745142492	5
chr21	9319379	9320064	686	18	42.025	0.17232970001117	0.17232970001117	0.172795491194986	0.172795491194986	hyper	case		0.213279596287094	0.75	0.75	2.8	0.699178745142492	5
chr21	30443999	30444339	341	5	21.08	-0.201471592164174	0.201471592164174	-0.239695648865498	0.239695648865498	hypo	case		0.0804200763339924	0.75	0.75	2.8	0.699178745142492	5
chr21	19491975	19492303	329	11	19.8909090909091	-0.243372854488693	0.243372854488693	-0.255997673461692	0.255997673461692	hypo	case		0.25165198856785	0.75	0.75	2.8	0.699178745142492	5
chr21	18033824	18035657	1834	25	24.592	-0.287384756941817	0.287384756941817	-0.277880200381367	0.277880200381367	hypo	case		0.281687567069901	0.75	0.75	2.8	0.699178745142492	5
chr21	38156097	38156399	303	5	25.64	-0.153219734676576	0.153219734676576	-0.220182745252161	0.220182745252161	hypo	case		0.529146392963316	0.75	0.75	2.8	0.699178745142492	5
chr20	20033959	20035620	1662	31	21.3290322580645	0.21594016011695	0.21594016011695	0.261841345605186	0.261841345605186	hyper	case		0.164392774249739	0.75	0.75	2.8	0.699178745142492	5
chr20	24924662	24925036	375	6	23.875	-0.215462411664638	0.215462411664638	-0.221080599770014	0.221080599770014	hypo	case		0.0415121551241046	0.75	0.75	2.8	0.699178745142492	5
chr20	41857607	41858285	679	29	22.898275862069	-0.253142913897609	0.253142913897609	-0.277374083975725	0.277374083975725	hypo	case		0.335736259321535	0.75	0.75	2.8	0.699178745142492	5
chr21	19967458	19969136	1679	14	21.1464285714286	-0.325185368071318	0.325185368071318	-0.308529690231329	0.308529690231329	hypo	case		0.123175035670811	0.75	0.75	2.8	0.699178745142492	5
chr20	2629824	2631069	1246	8	18.26875	-0.295697588573718	0.295697588573718	-0.338991636219273	0.338991636219273	hypo	case		0.303375656307726	0.75	0.75	2.8	0.699178745142492	5
chr20	22059429	22060209	781	16	20.1125	0.262046138382022	0.262046138382022	0.238263014069184	0.238263014069184	hyper	case		0.289133001724734	0.75	0.75	2.8	0.699178745142492	5
chr21	22250380	22251757	1378	14	19.2857142857143	-0.258896478549527	0.258896478549527	-0.27674124307246	0.27674124307246	hypo	case		0.446847256089109	0.75	0.75	2.8	0.699178745142492	5
chr21	30764014	30764698	685	14	21.6214285714286	0.151060118941736	0.151060118941736	0.200974768832324	0.200974768832324	hyper	case		0.461631248489676	0.75	0.75	2.8	0.699178745142492	5
chr21	9608568	9609556	989	6	45.7166666666667	0.162783461608147	0.162783461608147	0.256272317339501	0.256272317339501	hyper	case		0.165953860263363	0.75	0.75	2.8	0.699178745142492	5
chr21	10562626	10563077	452	10	40.56	-0.376575050296688	0.376575050296688	-0.377261521020088	0.377261521020088	hypo	case		0.222815789800597	0.75	0.75	2.8	0.699178745142492	5
chr21	24096125	24097017	893	8	21.75625	-0.26666344302567	0.26666344302567	-0.263770633273437	0.263770633273437	hypo	case		0.0482205315788835	0.75	0.75	2.8	0.699178745142492	5
chr21	29090335	29090798	464	23	22.2	-0.232444071930485	0.232444071930485	-0.216864275849996	0.216864275849996	hypo	case		0.374816427000218	0.75	0.75	2.8	0.699178745142492	5
chr20	30679863	30681640	1778	12	21.4208333333333	-0.327765163722119	0.327765163722119	-0.326307099097815	0.326307099097815	hypo	case		0.206332851106383	0.75	0.75	2.8	0.699178745142492	5
chr20	39570788	39571887	1100	21	21.9357142857143	-0.256649605360906	0.256649605360906	-0.277140375316042	0.277140375316042	hypo	case		0.454693109880726	0.75	0.75	2.8	0.699178745142492	5
chr21	26291826	26293219	1394	20	19.9625	-0.208526896815563	0.208526896815563	-0.250246500912177	0.250246500912177	hypo	case		0.260756232804307	0.75	0.75	2.8	0.699178745142492	5
chr20	12152676	12153152	477	5	21.37	0.162506821665479	0.162506821665479	0.246573959162657	0.246573959162657	hyper	case		0.2446351523348	0.75	0.75	2.8	0.699178745142492	5
chr21	19207910	19209298	1389	16	20.8125	-0.247895569560839	0.247895569560839	-0.230772745082065	0.230772745082065	hypo	case		0.162728145988132	0.75	0.75	2.8	0.699178745142492	5
chr20	45167172	45168389	1218	15	22.5666666666667	-0.201488212080317	0.201488212080317	-0.192463170095475	0.207627079849817	hypo	case		0.395909875956197	0.75	0.75	2.8	0.699178745142492	5
chr21	30481393	30482715	1323	11	22.4954545454545	-0.208012681585574	0.208012681585574	-0.282713633144558	0.282713633144558	hypo	case		0.378869136934365	0.75	0.75	2.8	0.699178745142492	5
chr21	25064168	25064974	807	10	20.09	-0.200972977264966	0.200972977264966	-0.218477714588296	0.218477714588296	hypo	case		0.462961611148087	0.75	0.75	2.8	0.699178745142492	5
chr20	7510298	7511547	1250	21	19.3952380952381	-0.251822438229424	0.251822438229424	-0.280431234397764	0.280431234397764	hypo	case		0.484159412769029	0.75	0.75	2.8	0.699178745142492	5
chr20	59849451	59850616	1166	22	22.1272727272727	-0.272730768797703	0.272730768797703	-0.286400967287665	0.286400967287665	hypo	case		0.191309418016957	0.75	0.75	2.8	0.699178745142492	5
chr20	3444473	3446244	1772	38	21.8368421052632	-0.336862983008695	0.336862983008695	-0.322613717691308	0.322613717691308	hypo	case		0.350237461152473	0.75	0.75	2.8	0.699178745142492	5
chr20	14583604	14585367	1764	21	20.7333333333333	-0.246530729538032	0.246530729538032	-0.256845924569655	0.256845924569655	hypo	case		0.45944046779768	0.75	0.75	2.8	0.699178745142492	5
chr20	17223414	17224262	849	14	20.2642857142857	0.282257913366659	0.282257913366659	0.223644704176391	0.223644704176391	hyper	case		0.547143129161462	0.75	0.75	2.8	0.699178745142492	5
chr21	16165876	16167674	1799	27	21.1259259259259	-0.297900130073757	0.297900130073757	-0.289515633159764	0.289515633159764	hypo	case		0.39313176860979	0.75	0.75	2.8	0.699178745142492	5
chr20	58282509	58282805	297	5	21.14	0.155795541072076	0.155795541072076	0.220378041260211	0.220378041260211	hyper	case		0.0346519454817003	0.75	0.75	2.8	0.699178745142492	5
chr20	36723773	36725597	1825	63	21.9404761904762	-0.310530808607458	0.310530808607458	-0.288874318848337	0.288874318848337	hypo	case		0.169451720826587	0.75	0.75	2.8	0.699178745142492	5
chr20	8781532	8781840	309	13	24.6576923076923	-0.270799348437753	0.270799348437753	-0.301481157076215	0.301481157076215	hypo	case		0.82370427727501	0.75	0.82370427727501	2.8	0.699178745142492	5
chr20	53294927	53295416	490	9	20.2	0.31844039375657	0.31844039375657	0.330346119540849	0.330346119540849	hyper	case		0.350177562218391	0.75	0.75	2.8	0.699178745142492	5
chr20	11988790	11989318	529	16	20.94375	-0.337494663102304	0.337494663102304	-0.407117910609427	0.407117910609427	hypo	case		0.688359211015583	0.75	0.75	2.8	0.699178745142492	5
chr21	37497151	37497894	744	11	26.4818181818182	-0.237875378358952	0.237875378358952	-0.24996216790519	0.24996216790519	hypo	case		0.124346275313267	0.75	0.75	2.8	0.699178745142492	5
chr21	38886488	38887787	1300	16	20.109375	-0.295018313898983	0.295018313898983	-0.33616238682597	0.33616238682597	hypo	case		0.163112883195326	0.75	0.75	2.8	0.699178745142492	5
chr20	42166634	42166694	61	6	19.4833333333333	0.340110196129681	0.340110196129681	0.283864406780234	0.283864406780234	hyper	case		0.457691413376849	0.75	0.75	2.8	0.699178745142492	5
chr21	28100551	28101204	654	14	22.9535714285714	0.269868621897764	0.269868621897764	0.280214673517064	0.280214673517064	hyper	case		0.263086806567769	0.75	0.75	2.8	0.699178745142492	5
chr20	42656351	42657302	952	8	22.6	0.15541929809915	0.15541929809915	0.191131831149156	0.191131831149156	hyper	case		0.203390962789873	0.75	0.75	2.8	0.699178745142492	5
chr21	15285017	15286424	1408	18	20.2055555555556	-0.21732509425615	0.21732509425615	-0.232402458516282	0.232402458516282	hypo	case		0.300441701766936	0.75	0.75	2.8	0.699178745142492	5
chr20	241912	242628	717	5	20.62	0.199160931660932	0.199160931660932	0.231925617248645	0.231925617248645	hyper	case		0.686768394852818	0.75	0.75	2.8	0.699178745142492	5
chr21	21779651	21780970	1320	11	21.9227272727273	0.21015051056028	0.21015051056028	0.240377577147374	0.240377577147374	hyper	case		0.676977760804975	0.75	0.75	2.8	0.699178745142492	5
chr21	20191490	20193025	1536	13	22.5884615384615	-0.295223865187101	0.295223865187101	-0.28304498925741	0.28304498925741	hypo	case		0.231254028036698	0.75	0.75	2.8	0.699178745142492	5
chr21	9930489	9931475	987	7	59.3357142857143	-0.202568391050259	0.202568391050259	-0.202470800535409	0.202470800535409	hypo	case		0.444246769691663	0.75	0.75	2.8	0.699178745142492	5
chr20	12104188	12105465	1278	20	21.705	-0.247346150751467	0.247346150751467	-0.267877304071886	0.267877304071886	hypo	case		0.490252326727306	0.75	0.75	2.8	0.699178745142492	5
chr21	18047597	18049215	1619	18	23.7805555555556	-0.244744466054708	0.244744466054708	-0.296746122561074	0.296746122561074	hypo	case		0.363567238401006	0.75	0.75	2.8	0.699178745142492	5
chr21	18006819	18007657	839	9	19.0944444444444	0.306059161435213	0.306059161435213	0.315340069779007	0.315340069779007	hyper	case		0.745692639297094	0.75	0.75	2.8	0.699178745142492	5
chr21	13007458	13007681	224	14	42.175	0.203217473866967	0.203217473866967	0.21903833150131	0.21903833150131	hyper	case		0.397652760118388	0.75	0.75	2.8	0.699178745142492	5
chr20	45551386	45553202	1817	18	23.425	-0.229170690060201	0.229170690060201	-0.226597910429125	0.226597910429125	hypo	case		0.504688585679462	0.75	0.75	2.8	0.699178745142492	5
chr21	23449336	23450237	902	14	19.4321428571429	-0.216221024520341	0.216221024520341	-0.215975404884342	0.215975404884342	hypo	case		0.339709647622977	0.75	0.75	2.8	0.699178745142492	5
chr21	18733548	18734146	599	12	21.9458333333333	-0.356239362547651	0.356239362547651	-0.358979234381541	0.358979234381541	hypo	case		0.243759802597134	0.75	0.75	2.8	0.699178745142492	5
chr20	17238564	17238995	432	6	19.6083333333333	0.15934217012933	0.15934217012933	0.189920214931021	0.225657364216407	hyper	case		0.239622883220717	0.75	0.75	2.8	0.699178745142492	5
chr20	54706764	54706958	195	5	18.92	-0.119989943810546	0.119989943810546	-0.102514695931649	0.102514695931649	hypo	case		0.237159594318402	0.75	0.75	2.8	0.699178745142492	5
chr21	30617328	30619205	1878	19	21.9684210526316	-0.238668525904293	0.238668525904293	-0.27047946273804	0.27047946273804	hypo	case		0.331506559618081	0.75	0.75	2.8	0.699178745142492	5
chr21	22147367	22148141	775	11	11.4227272727273	-0.305251582997326	0.305251582997326	-0.284150101202562	0.284150101202562	hypo	case		0.108290372500349	0.75	0.75	2.8	0.699178745142492	5
chr21	30653718	30653882	165	5	19.01	-0.168834105190513	0.168834105190513	-0.181297595763788	0.181297595763788	hypo	case		0.118428563729075	0.75	0.75	2.8	0.699178745142492	5
chr21	30045705	30046674	970	9	21.8333333333333	0.360285151409185	0.360285151409185	0.316504947580043	0.316504947580043	hyper	case		0.274345985662612	0.75	0.75	2.8	0.699178745142492	5
chr21	10557776	10558981	1206	12	40.95	-0.277544499926475	0.277544499926475	-0.286001416446761	0.286001416446761	hypo	case		0.637586533244046	0.75	0.75	2.8	0.699178745142492	5
chr20	6175262	6175578	317	5	21.97	-0.283394989128879	0.283394989128879	-0.419506450207523	0.419506450207523	hypo	case		0.471328538083122	0.75	0.75	2.8	0.699178745142492	5
chr20	32856175	32857697	1523	44	23.675	-0.331171560610171	0.331171560610171	-0.34500018750587	0.34500018750587	hypo	case		0.148443173036376	0.75	0.75	2.8	0.699178745142492	5
chr20	14097983	14098412	430	5	22.7	-0.0351709278766942	0.0351709278766942	-0.0789203152689499	0.121692024239101	hypo	case		0.279812619799118	0.75	0.75	2.8	0.699178745142492	5
chr21	24872239	24873469	1231	10	22.965	0.244838539813495	0.244838539813495	0.287951213448995	0.287951213448995	hyper	case		0.250522244039303	0.75	0.75	2.8	0.699178745142492	5
chr21	16391963	16392654	692	20	23.07	-0.348216001482445	0.348216001482445	-0.35749878973108	0.35749878973108	hypo	case		0.197453901777979	0.75	0.75	2.8	0.699178745142492	5
chr20	5207580	5208915	1336	13	20.5346153846154	-0.224390343789338	0.224390343789338	-0.169135700701055	0.169135700701055	hypo	case		0.706059732477875	0.75	0.75	2.8	0.699178745142492	5
chr21	17837865	17839060	1196	20	20.535	-0.261671138552895	0.261671138552895	-0.282902938766855	0.282902938766855	hypo	case		0.499197770995357	0.75	0.75	2.8	0.699178745142492	5
chr20	5368718	5369110	393	7	23.9	-0.164052230870261	0.164052230870261	-0.197735100032959	0.197735100032959	hypo	case		0.247234618978199	0.75	0.75	2.8	0.699178745142492	5
chr20	41098895	41099645	751	12	25.3375	0.233285723502801	0.233285723502801	0.265386240834481	0.265386240834481	hyper	case		0.394900867108245	0.75	0.75	2.8	0.699178745142492	5
chr20	34816038	34817259	1222	23	21.9673913043478	-0.255545877145081	0.255545877145081	-0.270168209408219	0.270168209408219	hypo	case		0.237398876986641	0.75	0.75	2.8	0.699178745142492	5
chr21	21637446	21637909	464	5	20.23	-0.286028748119087	0.286028748119087	-0.374046880030395	0.374046880030395	hypo	case		0.380052268814971	0.75	0.75	2.8	0.699178745142492	5
chr21	14410170	14410510	341	6	19.825	-0.216419058027829	0.216419058027829	-0.223546950104726	0.223546950104726	hypo	case		0.145186573020077	0.75	0.75	2.8	0.699178745142492	5
chr21	25386802	25386873	72	6	22.075	-0.30080014051279	0.30080014051279	-0.304024307525547	0.304024307525547	hypo	case		0.422058626795603	0.75	0.75	2.8	0.699178745142492	5
chr21	13581616	13582099	484	11	23.0090909090909	-0.233714371433861	0.233714371433861	-0.260172982565951	0.260172982565951	hypo	case		0.145706458109425	0.75	0.75	2.8	0.699178745142492	5
chr20	54362975	54364245	1271	20	22.17	-0.322329532381433	0.322329532381433	-0.328315352596752	0.328315352596752	hypo	case		0.792927368052433	0.75	0.792927368052433	2.8	0.699178745142492	5
chr21	10359236	10360215	980	10	125.03	0.318702866419958	0.318702866419958	0.281879571702728	0.281879571702728	hyper	case		0.552438918911171	0.75	0.75	2.8	0.699178745142492	5
chr20	1615403	1616698	1296	10	20.925	-0.241766704326126	0.241766704326126	-0.217440931972433	0.217440931972433	hypo	case		0.115203902195014	0.75	0.75	2.8	0.699178745142492	5
chr20	21345972	21347524	1553	46	21.4336956521739	-0.307301756917365	0.307301756917365	-0.28097925507946	0.28097925507946	hypo	case		0.214108287160908	0.75	0.75	2.8	0.699178745142492	5
chr20	21957069	21958060	992	13	22.1076923076923	-0.220927769052465	0.220927769052465	-0.207157842981444	0.207157842981444	hypo	case		0.634033798728128	0.75	0.75	2.8	0.699178745142492	5
chr21	19017455	19017994	540	8	19.76875	-0.245998484523135	0.245998484523135	-0.298330592749114	0.298330592749114	hypo	case		0.99	0.75	0.99	2.8	0.699178745142492	5
chr21	16841054	16841351	298	6	20.9833333333333	-0.32572499415382	0.32572499415382	-0.348589368734361	0.348589368734361	hypo	case		0.0852429825127965	0.75	0.75	2.8	0.699178745142492	5
chr20	31442701	31444317	1617	26	21.2557692307692	-0.203015095458878	0.203015095458878	-0.249365865203393	0.249365865203393	hypo	case		0.204412089724939	0.75	0.75	2.8	0.699178745142492	5
chr20	52250415	52251477	1063	30	20.3283333333333	-0.288802317998145	0.288802317998145	-0.272242906665643	0.272242906665643	hypo	case		0.554176125739465	0.75	0.75	2.8	0.699178745142492	5
chr21	16351646	16352522	877	19	23.0526315789474	-0.2904954123923	0.2904954123923	-0.334572205558999	0.334572205558999	hypo	case		0.271513845639329	0.75	0.75	2.8	0.699178745142492	5
chr21	21609481	21610272	792	13	19.8692307692308	-0.182274840819693	0.182274840819693	-0.17643165284057	0.17643165284057	hypo	case		0.261166982971185	0.75	0.75	2.8	0.699178745142492	5
chr20	24132091	24132196	106	5	22.95	-0.239884700336823	0.239884700336823	-0.219643856180129	0.219643856180129	hypo	case		0.302104972040718	0.75	0.75	2.8	0.699178745142492	5
chr20	18929681	18930868	1188	12	23.1833333333333	-0.31889211300903	0.31889211300903	-0.398582876001571	0.398582876001571	hypo	case		0.237668447759745	0.75	0.75	2.8	0.699178745142492	5
chr20	1686429	1686834	406	5	21.42	-0.00295197886434406	0.00295197886434406	0.0718226646197279	0.141548869808605	hypo	case		0.362896686589851	0.75	0.75	2.8	0.699178745142492	5
chr21	32763751	32763983	233	16	26.621875	-0.317065211221494	0.317065211221494	-0.323471615967051	0.323471615967051	hypo	case		0.390462471506202	0.75	0.75	2.8	0.699178745142492	5
chr20	9986168	9987758	1591	37	24.5108108108108	-0.296602721551164	0.296602721551164	-0.306922598936354	0.306922598936354	hypo	case		0.491395053490404	0.75	0.75	2.8	0.699178745142492	5
chr21	21102198	21103066	869	8	17.6625	0.303912589139571	0.303912589139571	0.34722464098341	0.34722464098341	hyper	case		0.434831931556731	0.75	0.75	2.8	0.699178745142492	5
chr21	22457548	22458938	1391	18	24.8416666666667	-0.335805836971977	0.335805836971977	-0.362072277122655	0.362072277122655	hypo	case		0.0247820430820519	0.75	0.75	2.8	0.699178745142492	5
chr20	45175843	45177690	1848	44	20.8352272727273	-0.284420702073162	0.284420702073162	-0.305972172181767	0.305972172181767	hypo	case		0.413755026339404	0.75	0.75	2.8	0.699178745142492	5
chr20	8339493	8340784	1292	66	22.9204545454546	-0.281116359760944	0.281116359760944	-0.283422779914766	0.283422779914766	hypo	case		0.25739907363477	0.75	0.75	2.8	0.699178745142492	5
chr20	47545245	47545754	510	18	23.1472222222222	-0.298280512261866	0.298280512261866	-0.315843535224567	0.315843535224567	hypo	case		0.619793599440975	0.75	0.75	2.8	0.699178745142492	5
chr20	9164896	9165416	521	8	22.31875	-0.201241779291126	0.201241779291126	-0.23323698066977	0.23323698066977	hypo	case		0.492005606748522	0.75	0.75	2.8	0.699178745142492	5
chr20	35709577	35710037	461	5	23.51	-0.0635252374572756	0.0635252374572756	-0.0539137117774916	0.0539137117774916	hypo	case		0.591442893224635	0.75	0.75	2.8	0.699178745142492	5
chr20	55141707	55143329	1623	24	20.6666666666667	-0.351692504058555	0.351692504058555	-0.321567917053138	0.321567917053138	hypo	case		0.613058718243117	0.75	0.75	2.8	0.699178745142492	5
chr20	32404193	32405657	1465	21	23.502380952381	0.321378551908595	0.321378551908595	0.313180615820795	0.313180615820795	hyper	case		0.213363392175301	0.75	0.75	2.8	0.699178745142492	5
chr20	6663473	6664088	616	11	22.3409090909091	-0.243586524656801	0.243586524656801	-0.233524816499718	0.233524816499718	hypo	case		0.467530443597124	0.75	0.75	2.8	0.699178745142492	5
chr21	21997019	21997246	228	6	21.45	-0.286928000855429	0.286928000855429	-0.280051766100785	0.280051766100785	hypo	case		0.262477390716935	0.75	0.75	2.8	0.699178745142492	5
chr21	14128665	14129293	629	8	20.375	-0.265758613667866	0.265758613667866	-0.289180524435365	0.289180524435365	hypo	case		0.127184072383629	0.75	0.75	2.8	0.699178745142492	5
chr21	28679492	28679814	323	9	22.4944444444444	-0.354289995104895	0.354289995104895	-0.329083722405418	0.329083722405418	hypo	case		0.13876901149017	0.75	0.75	2.8	0.699178745142492	5
chr20	7692149	7692960	812	12	21.7125	-0.266202860844027	0.266202860844027	-0.260861115569199	0.260861115569199	hypo	case		0.482887145997657	0.75	0.75	2.8	0.699178745142492	5
chr20	21643852	21644339	488	15	25.21	-0.280813336081146	0.280813336081146	-0.312814393695772	0.312814393695772	hypo	case		0.141974178788275	0.75	0.75	2.8	0.699178745142492	5
chr20	61035266	61035406	141	7	19.4285714285714	-0.338021854166157	0.338021854166157	-0.347152223366943	0.347152223366943	hypo	case		0.326056527293091	0.75	0.75	2.8	0.699178745142492	5
chr20	39827137	39827961	825	17	20.5558823529412	0.207437659753163	0.207437659753163	0.226098840513312	0.226098840513312	hyper	case		0.302774336843892	0.75	0.75	2.8	0.699178745142492	5
chr20	29420002	29421123	1122	12	34.275	0.292299409663195	0.292299409663195	0.29397900869504	0.29397900869504	hyper	case		0.162974922341039	0.75	0.75	2.8	0.699178745142492	5
chr21	29509276	29509480	205	8	24.3125	-0.19134255113813	0.19134255113813	-0.172797142504767	0.172797142504767	hypo	case		0.219990990224265	0.75	0.75	2.8	0.699178745142492	5
chr21	24419187	24419631	445	6	23.9333333333333	-0.23009230821472	0.23009230821472	-0.282405626490152	0.282405626490152	hypo	case		0.438783279847104	0.75	0.75	2.8	0.699178745142492	5
chr20	45263930	45265285	1356	16	20.215625	-0.314354273136091	0.314354273136091	-0.361191047155118	0.361191047155118	hypo	case		0.166650222530493	0.75	0.75	2.8	0.699178745142492	5
chr21	46569751	46570395	645	10	24.005	-0.215781633828566	0.215781633828566	-0.22988837555076	0.22988837555076	hypo	case		0.537443453839131	0.75	0.75	2.8	0.699178745142492	5
chr21	23303867	23304742	876	7	20.2285714285714	-0.392269867493972	0.392269867493972	-0.370654807287756	0.370654807287756	hypo	case		0.545213698131747	0.75	0.75	2.8	0.699178745142492	5
chr20	934404	934616	213	14	21.0857142857143	-0.221202633814007	0.221202633814007	-0.257324119668614	0.257324119668614	hypo	case		0.99	0.75	0.99	2.8	0.699178745142492	5
chr20	44315364	44316567	1204	67	20.1216417910448	-0.327495710429921	0.327495710429921	-0.317971038218032	0.317971038218032	hypo	case		0.385067007270288	0.75	0.75	2.8	0.699178745142492	5
chr21	7417136	7417769	634	16	16.05625	-0.316002998334655	0.316002998334655	-0.323639281438382	0.323639281438382	hypo	case		0.318507859768404	0.75	0.75	2.8	0.699178745142492	5
chr21	20867425	20867971	547	5	19.93	-0.230821552972341	0.230821552972341	-0.192433060333475	0.192433060333475	hypo	case		0.376693086594981	0.75	0.75	2.8	0.699178745142492	5
chr20	52229595	52231013	1419	14	22.4071428571429	0.351802610311419	0.351802610311419	0.339755325913985	0.339755325913985	hyper	case		0.353501650119607	0.75	0.75	2.8	0.699178745142492	5
chr21	18935137	18935545	409	12	21.7125	-0.290607734561271	0.290607734561271	-0.286213911698008	0.286213911698008	hypo	case		0.416828458897449	0.75	0.75	2.8	0.699178745142492	5
chr20	43168029	43168136	108	5	25.82	-0.210494117562702	0.210494117562702	-0.143354967038459	0.143354967038459	hypo	case		0.258564091219254	0.75	0.75	2.8	0.699178745142492	5
chr20	45213938	45214407	470	9	23.6833333333333	-0.303102665690177	0.303102665690177	-0.338497152286983	0.338497152286983	hypo	case		0.159266525928518	0.75	0.75	2.8	0.699178745142492	5
chr21	30679086	30679679	594	7	23.0642857142857	-0.290472542628342	0.290472542628342	-0.309140109563059	0.309140109563059	hypo	case		0.498964822195208	0.75	0.75	2.8	0.699178745142492	5
chr20	22866781	22867825	1045	6	22.8916666666667	0.24881624356823	0.24881624356823	0.229359558311293	0.229359558311293	hyper	case		0.0748081006828587	0.75	0.75	2.8	0.699178745142492	5
chr20	45329707	45331500	1794	31	21.9	-0.265373601026061	0.265373601026061	-0.273128802922233	0.273128802922233	hypo	case		0.384595975432949	0.75	0.75	2.8	0.699178745142492	5
chr20	10982567	10983072	506	16	19.125	0.318588978842988	0.318588978842988	0.280301283941052	0.280301283941052	hyper	case		0.183148656579594	0.75	0.75	2.8	0.699178745142492	5
chr20	110872	112045	1174	12	24.1333333333333	-0.222563792761506	0.222563792761506	-0.233501405460091	0.233501405460091	hypo	case		0.99	0.75	0.99	2.8	0.699178745142492	5
chr21	36009669	36010105	437	11	21.3454545454545	0.282151145072724	0.282151145072724	0.312831440832789	0.312831440832789	hyper	case		0.0387576722308529	0.75	0.75	2.8	0.699178745142492	5
chr20	21354710	21355675	966	19	20.2315789473684	-0.256537162653009	0.256537162653009	-0.27821798690802	0.27821798690802	hypo	case		0.0566059575866205	0.75	0.75	2.8	0.699178745142492	5
chr20	39708891	39709571	681	8	21.43125	-0.380033145303367	0.380033145303367	-0.34039009852315	0.34039009852315	hypo	case		0.947869186855781	0.75	0.947869186855781	2.8	0.699178745142492	5
chr21	27534047	27535429	1383	17	22.9029411764706	-0.199123997760439	0.199123997760439	-0.215685841277597	0.215685841277597	hypo	case		0.202445468189665	0.75	0.75	2.8	0.699178745142492	5
chr21	25700309	25700650	342	16	24.946875	-0.315387619327115	0.315387619327115	-0.327937952963066	0.327937952963066	hypo	case		0.322573670869985	0.75	0.75	2.8	0.699178745142492	5
chr21	15794078	15794602	525	5	21.54	0.226489838901259	0.226489838901259	0.185201277629651	0.185201277629651	hyper	case		0.38823845696648	0.75	0.75	2.8	0.699178745142492	5
chr20	8995370	8996112	743	11	21.3181818181818	0.270721052822842	0.270721052822842	0.303031740002838	0.303031740002838	hyper	case		0.205929947154921	0.75	0.75	2.8	0.699178745142492	5
chr20	17597146	17597671	526	5	21.76	0.330690566758526	0.330690566758526	0.316247436743308	0.316247436743308	hyper	case		0.153475539023819	0.75	0.75	2.8	0.699178745142492	5
chr21	19186238	19186798	561	6	22.625	0.137758880006374	0.137758880006374	0.199979498926586	0.199979498926586	hyper	case		0.508391304577297	0.75	0.75	2.8	0.699178745142492	5
chr20	60834375	60835135	761	19	23.1736842105263	-0.286939431272222	0.286939431272222	-0.291122587378322	0.291122587378322	hypo	case		0.377697632117697	0.75	0.75	2.8	0.699178745142492	5
chr20	11987731	11988024	294	5	20.98	-0.171851692866618	0.171851692866618	-0.148047586764127	0.148047586764127	hypo	case		0.190783507790645	0.75	0.75	2.8	0.699178745142492	5
chr20	40702007	40702724	718	10	19.445	-0.349707343548103	0.349707343548103	-0.286364907381778	0.286364907381778	hypo	case		0.474535249985835	0.75	0.75	2.8	0.699178745142492	5
chr21	21290635	21291142	508	10	18.925	-0.176951656163393	0.176951656163393	-0.197286460936038	0.197286460936038	hypo	case		0.416796897850583	0.75	0.75	2.8	0.699178745142492	5
chr21	17988137	17988848	712	7	20.7714285714286	-0.240358125533823	0.240358125533823	-0.277622791648874	0.277622791648874	hypo	case		0.138638439739764	0.75	0.75	2.8	0.699178745142492	5
chr21	40496876	40498379	1504	22	20.5090909090909	-0.236339363266069	0.236339363266069	-0.23390038867721	0.23390038867721	hypo	case		0.744599964870233	0.75	0.75	2.8	0.699178745142492	5
chr20	17078389	17078624	236	6	22.625	0.0940975381052015	0.0940975381052015	0.142051728269043	0.1662244907953	hyper	case		0.337198986812106	0.75	0.75	2.8	0.699178745142492	5
chr20	8943240	8943620	381	8	22.64375	-0.233703358625807	0.233703358625807	-0.259912301506986	0.259912301506986	hypo	case		0.642210043420896	0.75	0.75	2.8	0.699178745142492	5
chr21	22021692	22022545	854	14	22.775	-0.315503409950326	0.315503409950326	-0.345370747053403	0.345370747053403	hypo	case		0.223347183536765	0.75	0.75	2.8	0.699178745142492	5
chr20	54888051	54888462	412	5	22.37	-0.143325568824362	0.143325568824362	-0.108598103906213	0.108598103906213	hypo	case		0.35018211556889	0.75	0.75	2.8	0.699178745142492	5
chr20	7595952	7597841	1890	37	20.2621621621622	-0.360164827021739	0.360164827021739	-0.37885938546956	0.37885938546956	hypo	case		0.420856347477676	0.75	0.75	2.8	0.699178745142492	5
chr20	7578074	7578633	560	8	21.84375	-0.219513454194764	0.219513454194764	-0.231374965885168	0.231374965885168	hypo	case		0.386515173455366	0.75	0.75	2.8	0.699178745142492	5
chr20	13331299	13332014	716	9	21.9611111111111	-0.273698975153683	0.273698975153683	-0.300973651216649	0.300973651216649	hypo	case		0.169378428719518	0.75	0.75	2.8	0.699178745142492	5
chr20	38680100	38681230	1131	18	21.4416666666667	-0.206972479655054	0.206972479655054	-0.221399667143402	0.221399667143402	hypo	case		0.269233874520978	0.75	0.75	2.8	0.699178745142492	5
chr21	30042749	30042998	250	5	21.15	-0.202745258375407	0.202745258375407	-0.232722537623287	0.232722537623287	hypo	case		0.488585477233098	0.75	0.75	2.8	0.699178745142492	5
chr21	20072851	20073324	474	5	20.91	-0.271660581677675	0.271660581677675	-0.268694494177254	0.268694494177254	hypo	case		0.310259933262024	0.75	0.75	2.8	0.699178745142492	5
chr21	24810756	24812349	1594	28	22.6571428571429	-0.309808816023914	0.309808816023914	-0.321446850163246	0.321446850163246	hypo	case		0.580773420696787	0.75	0.75	2.8	0.699178745142492	5
chr20	16380620	16382043	1424	10	23.055	-0.127793128069656	0.127793128069656	-0.191394473752984	0.191394473752984	hypo	case		0.393691412983614	0.75	0.75	2.8	0.699178745142492	5
chr21	27893334	27894229	896	13	19.0884615384615	-0.184509828104323	0.184509828104323	-0.238794057827566	0.238794057827566	hypo	case		0.498705428318902	0.75	0.75	2.8	0.699178745142492	5
chr21	16576645	16577141	497	7	23.5285714285714	-0.392607009098171	0.392607009098171	-0.412445060449851	0.412445060449851	hypo	case		0.405493516235112	0.75	0.75	2.8	0.699178745142492	5
chr20	16839708	16841008	1301	20	22.8275	0.238426318073597	0.238426318073597	0.287233890257474	0.287233890257474	hyper	case		0.570024926958502	0.75	0.75	2.8	0.699178745142492	5
chr21	19056217	19058197	1981	31	20.3177419354839	-0.285830277849459	0.285830277849459	-0.266161285993103	0.266161285993103	hypo	case		0.335708074031059	0.75	0.75	2.8	0.699178745142492	5
chr21	27643017	27644920	1904	24	21.1895833333333	-0.277898213836337	0.277898213836337	-0.281772675700256	0.281772675700256	hypo	case		0.200312568364454	0.75	0.75	2.8	0.699178745142492	5
chr20	40695782	40696378	597	5	23.39	-0.311089413506309	0.311089413506309	-0.29236127626019	0.29236127626019	hypo	case		0.0538506453787978	0.75	0.75	2.8	0.699178745142492	5
chr21	10079276	10079492	217	7	44.2142857142857	-0.22835769813861	0.22835769813861	-0.223469446637085	0.223469446637085	hypo	case		0.309221250243414	0.75	0.75	2.8	0.699178745142492	5
chr21	18560011	18560634	624	10	19.98	-0.24851703460811	0.24851703460811	-0.218091867116481	0.218091867116481	hypo	case		0.177932515603621	0.75	0.75	2.8	0.699178745142492	5
chr20	16078056	16078125	70	6	19.8416666666667	-0.285911704419579	0.285911704419579	-0.330780588541006	0.330780588541006	hypo	case		0.110533449755813	0.75	0.75	2.8	0.699178745142492	5
chr21	5316160	5316777	618	11	27.2227272727273	-0.169610272651217	0.169610272651217	-0.214217649021837	0.214217649021837	hypo	case		0.337824647473843	0.75	0.75	2.8	0.699178745142492	5
chr20	64306119	64306440	322	5	37.26	-0.291906700435012	0.291906700435012	-0.244533592092843	0.244533592092843	hypo	case		0.1187501190624	0.75	0.75	2.8	0.699178745142492	5
chr20	11815494	11816101	608	8	21.80625	-0.214754685010247	0.214754685010247	-0.201953188532377	0.201953188532377	hypo	case		0.268978215337128	0.75	0.75	2.8	0.699178745142492	5
chr20	54520836	54522807	1972	44	20.1920454545455	-0.279677943542795	0.279677943542795	-0.282189436114259	0.282189436114259	hypo	case		0.583318230481099	0.75	0.75	2.8	0.699178745142492	5
chr20	18305931	18306590	660	13	22.15	-0.224810668734354	0.224810668734354	-0.250713052665296	0.250713052665296	hypo	case		0.181051650794263	0.75	0.75	2.8	0.699178745142492	5
chr21	14428021	14428455	435	5	17.18	-0.227907367615185	0.227907367615185	-0.286303789154215	0.286303789154215	hypo	case		0.428511998371414	0.75	0.75	2.8	0.699178745142492	5
chr20	39776451	39776993	543	12	24.1041666666667	-0.351609350899037	0.351609350899037	-0.334674847593372	0.334674847593372	hypo	case		0.640807011743624	0.75	0.75	2.8	0.699178745142492	5
chr20	30323058	30323261	204	6	22.625	-0.183894196969354	0.183894196969354	-0.185666492118852	0.185666492118852	hypo	case		0.748667784545825	0.75	0.75	2.8	0.699178745142492	5
chr21	32668930	32669549	620	9	19.45	-0.290821002861823	0.290821002861823	-0.313591798124232	0.313591798124232	hypo	case		0.238203958620287	0.75	0.75	2.8	0.699178745142492	5
chr21	21533350	21533958	609	8	23.93125	0.153850976486202	0.153850976486202	0.17931394167898	0.17931394167898	hyper	case		0.294261470497682	0.75	0.75	2.8	0.699178745142492	5
chr20	17181979	17182479	501	5	19.87	-0.116831157111141	0.116831157111141	-0.174211036191952	0.174211036191952	hypo	case		0.808707589091154	0.75	0.808707589091154	2.8	0.699178745142492	5
chr21	31718004	31719796	1793	56	20.7223214285714	-0.270051498765455	0.270051498765455	-0.279028437416237	0.279028437416237	hypo	case		0.738119398776457	0.75	0.75	2.8	0.699178745142492	5
chr21	17811522	17812004	483	5	19.57	-0.0199826232101605	0.0199826232101605	-0.150181120325908	0.150181120325908	hypo	case		0.27417678999596	0.75	0.75	2.8	0.699178745142492	5
chr21	16472567	16474050	1484	20	21.95	-0.229850199846639	0.229850199846639	-0.220626096004677	0.220626096004677	hypo	case		0.867596409102247	0.75	0.867596409102247	2.8	0.699178745142492	5
chr20	43050277	43050490	214	12	20.1375	-0.31746183117408	0.31746183117408	-0.32969078541593	0.32969078541593	hypo	case		0.47429938696823	0.75	0.75	2.8	0.699178745142492	5
chr21	35481059	35481457	399	14	21.275	-0.343646893980901	0.343646893980901	-0.377447927788796	0.377447927788796	hypo	case		0.156623795815789	0.75	0.75	2.8	0.699178745142492	5
chr21	10435594	10435712	119	5	67.42	-0.0613519163008051	0.0613519163008051	-0.0537954604865106	0.0537954604865106	hypo	case		0.384414602240449	0.75	0.75	2.8	0.699178745142492	5
chr21	8858179	8858352	174	6	17.7833333333333	0.145409429032477	0.145409429032477	0.192125718894632	0.192125718894632	hyper	case		0.354484354783335	0.75	0.75	2.8	0.699178745142492	5
chr21	36559231	36559440	210	16	25.290625	-0.321862828955712	0.321862828955712	-0.335197262784914	0.335197262784914	hypo	case		0.118586732844404	0.75	0.75	2.8	0.699178745142492	5
chr21	30648194	30648967	774	18	20.05	-0.254447840269417	0.254447840269417	-0.275488860492403	0.275488860492403	hypo	case		0.574815043890198	0.75	0.75	2.8	0.699178745142492	5
chr20	12423824	12424231	408	10	19.2	-0.242509607132067	0.242509607132067	-0.253167504260658	0.253167504260658	hypo	case		0.329208224302086	0.75	0.75	2.8	0.699178745142492	5
chr20	56219869	56220135	267	8	21.85	-0.252754241209661	0.252754241209661	-0.217711258303878	0.217711258303878	hypo	case		0.794117238646399	0.75	0.794117238646399	2.8	0.699178745142492	5
chr20	12481716	12482672	957	30	20.3966666666667	-0.307427855673475	0.307427855673475	-0.309288626015505	0.309288626015505	hypo	case		0.186125627434704	0.75	0.75	2.8	0.699178745142492	5
chr21	30470309	30471409	1101	11	20.5454545454545	-0.289332038255152	0.289332038255152	-0.331385194760074	0.331385194760074	hypo	case		0.214041704429262	0.75	0.75	2.8	0.699178745142492	5
chr20	6296398	6298330	1933	27	24.4351851851852	-0.304428623713672	0.304428623713672	-0.303005937857239	0.303005937857239	hypo	case		0.99	0.75	0.99	2.8	0.699178745142492	5
chr21	13784111	13784601	491	12	15.3708333333333	-0.25885426090552	0.25885426090552	-0.335797938208653	0.335797938208653	hypo	case		0.641729194621571	0.75	0.75	2.8	0.699178745142492	5
chr21	21225227	21226927	1701	24	20.38125	-0.237321248405804	0.237321248405804	-0.246251448845718	0.246251448845718	hypo	case		0.131516985951369	0.75	0.75	2.8	0.699178745142492	5
chr20	6288298	6288569	272	5	21.79	0.259957768462076	0.259957768462076	0.254330706887045	0.254330706887045	hyper	case		0.274815616376713	0.75	0.75	2.8	0.699178745142492	5
chr20	6979821	6981118	1298	22	19.975	-0.254496629422079	0.254496629422079	-0.261144721425434	0.261144721425434	hypo	case		0.491225662539001	0.75	0.75	2.8	0.699178745142492	5
chr21	35279395	35280023	629	9	20.6	-0.345796512359969	0.345796512359969	-0.332149935920823	0.332149935920823	hypo	case		0.35846471566646	0.75	0.75	2.8	0.699178745142492	5
chr20	29623896	29624155	260	5	18.57	-0.0437945624104512	0.0437945624104512	-0.0506189518864155	0.127262229924838	hypo	case		0.178481418488083	0.75	0.75	2.8	0.699178745142492	5
chr21	32777693	32777845	153	12	19.4916666666667	-0.231587418742736	0.231587418742736	-0.216579656713734	0.216579656713734	hypo	case		0.22667519557004	0.75	0.75	2.8	0.699178745142492	5
chr20	23763899	23763989	91	5	23	-0.224447339835838	0.224447339835838	-0.224375838775418	0.224375838775418	hypo	case		0.396805915536419	0.75	0.75	2.8	0.699178745142492	5
chr21	7088520	7089838	1319	19	11.6763157894737	-0.285802368927369	0.285802368927369	-0.311872042451693	0.311872042451693	hypo	case		0.846672848153367	0.75	0.846672848153367	2.8	0.699178745142492	5
chr21	9557307	9559020	1714	16	32.3125	0.193007254692382	0.193007254692382	0.187490013511849	0.187490013511849	hyper	case		0.721603174265723	0.75	0.75	2.8	0.699178745142492	5
chr21	20858441	20859629	1189	19	22.3605263157895	-0.347186807286804	0.347186807286804	-0.314368741461743	0.314368741461743	hypo	case		0.675332051622046	0.75	0.75	2.8	0.699178745142492	5
chr21	40974579	40975018	440	5	21.31	0.104528708209516	0.104528708209516	0.0508129321296382	0.0508129321296382	hyper	case		0.530592235867152	0.75	0.75	2.8	0.699178745142492	5
chr21	10778246	10778595	350	8	63.8375	-0.17704634948303	0.17704634948303	-0.19522379286666	0.19522379286666	hypo	case		0.182717119573049	0.75	0.75	2.8	0.699178745142492	5
chr21	23361890	23362154	265	5	21.61	0.231824154203465	0.231824154203465	0.262324595678727	0.262324595678727	hyper	case		0.411066550503645	0.75	0.75	2.8	0.699178745142492	5
chr21	39477927	39478602	676	13	19.6076923076923	-0.290636304952768	0.290636304952768	-0.286692117965935	0.286692117965935	hypo	case		0.525109307752594	0.75	0.75	2.8	0.699178745142492	5
chr20	10752649	10753564	916	12	22.7916666666667	-0.257853604764352	0.257853604764352	-0.278726837912565	0.278726837912565	hypo	case		0.463950904736185	0.75	0.75	2.8	0.699178745142492	5
chr20	29806347	29807000	654	8	23.8875	0.263166651552501	0.263166651552501	0.339049781101705	0.339049781101705	hyper	case		0.324694759862368	0.75	0.75	2.8	0.699178745142492	5
chr20	26101183	26102681	1499	13	23.0653846153846	-0.310676814980452	0.310676814980452	-0.255363995041068	0.255363995041068	hypo	case		0.145637548034135	0.75	0.75	2.8	0.699178745142492	5
chr21	8866157	8866579	423	5	14.96	-0.199935585089332	0.199935585089332	-0.180038155974739	0.180038155974739	hypo	case		0.314810180989787	0.75	0.75	2.8	0.699178745142492	5
chr21	19896957	19897087	131	5	23.09	-0.182573196820073	0.182573196820073	-0.194782171559609	0.194782171559609	hypo	case		0.203412719116922	0.75	0.75	2.8	0.699178745142492	5
chr20	157119	157308	190	11	19.7909090909091	-0.339695629350832	0.339695629350832	-0.303621781680609	0.303621781680609	hypo	case		0.507790065113489	0.75	0.75	2.8	0.699178745142492	5
chr21	18693417	18694463	1047	10	18.405	-0.2088290561656	0.2088290561656	-0.21673122429556	0.21673122429556	hypo	case		0.202593285804437	0.75	0.75	2.8	0.699178745142492	5
chr20	57341250	57342951	1702	13	22.7230769230769	0.280580533645488	0.280580533645488	0.267022900764768	0.267022900764768	hyper	case		0.637203715993351	0.75	0.75	2.8	0.699178745142492	5
chr21	14411286	14411912	627	6	18.0666666666667	-0.26293662468379	0.26293662468379	-0.262947542558822	0.262947542558822	hypo	case		0.156116697106263	0.75	0.75	2.8	0.699178745142492	5
chr21	14695554	14696105	552	6	20.4	0.338221822188244	0.338221822188244	0.370417327479975	0.370417327479975	hyper	case		0.613950514096399	0.75	0.75	2.8	0.699178745142492	5
chr20	8101694	8102499	806	13	22.1692307692308	-0.344938756549757	0.344938756549757	-0.356797333903244	0.356797333903244	hypo	case		0.914756727118767	0.75	0.914756727118767	2.8	0.699178745142492	5
chr21	14193088	14193757	670	6	21.9416666666667	-0.195278907311502	0.195278907311502	-0.202903967379648	0.202903967379648	hypo	case		0.534714707065846	0.75	0.75	2.8	0.699178745142492	5
chr21	23549891	23550153	263	6	19.125	0.203658329974119	0.203658329974119	0.22556221722036	0.22556221722036	hyper	case		0.589267655362775	0.75	0.75	2.8	0.699178745142492	5
chr21	13387131	13387422	292	5	18.65	-0.0544143685292375	0.0544143685292375	-0.155036162855615	0.155036162855615	hypo	case		0.173229612528576	0.75	0.75	2.8	0.699178745142492	5
chr20	2915586	2917210	1625	38	23.3828947368421	-0.317932404696814	0.317932404696814	-0.320773237978059	0.320773237978059	hypo	case		0.491076284893704	0.75	0.75	2.8	0.699178745142492	5
chr21	37419554	37420438	885	9	22.3555555555556	-0.17439625435702	0.17439625435702	-0.215418206738908	0.215418206738908	hypo	case		0.136937007689965	0.75	0.75	2.8	0.699178745142492	5
chr20	9109136	9110137	1002	7	21.2285714285714	0.277914259898483	0.277914259898483	0.333650220970328	0.333650220970328	hyper	case		0.390190148756561	0.75	0.75	2.8	0.699178745142492	5
chr20	16826550	16827169	620	8	22.93125	-0.297700256990381	0.297700256990381	-0.327467376257983	0.327467376257983	hypo	case		0.649083136086512	0.75	0.75	2.8	0.699178745142492	5
chr21	7600662	7601700	1039	13	34.2038461538462	-0.194442171631763	0.194442171631763	-0.216852020204623	0.216852020204623	hypo	case		0.311209533219681	0.75	0.75	2.8	0.699178745142492	5
chr20	14492907	14493106	200	6	20.8666666666667	-0.334665235239432	0.334665235239432	-0.327141810691193	0.327141810691193	hypo	case		0.25689454478529	0.75	0.75	2.8	0.699178745142492	5
chr21	34502530	34502988	459	5	21.51	-0.202219381206271	0.202219381206271	-0.261801068654537	0.261801068654537	hypo	case		0.231743101434123	0.75	0.75	2.8	0.699178745142492	5
chr21	30677224	30678189	966	9	22.4388888888889	-0.213395069723506	0.213395069723506	-0.229096664455971	0.229096664455971	hypo	case		0.350049940669517	0.75	0.75	2.8	0.699178745142492	5
chr21	27830916	27831113	198	5	20.71	-0.332865081647388	0.332865081647388	-0.26322830894132	0.26322830894132	hypo	case		0.27509448534114	0.75	0.75	2.8	0.699178745142492	5
chr21	35970793	35971830	1038	10	22.69	-0.271701306963001	0.271701306963001	-0.273925001386537	0.273925001386537	hypo	case		0.122060966230558	0.75	0.75	2.8	0.699178745142492	5
chr21	19765980	19767158	1179	8	19.13125	-0.341574144437652	0.341574144437652	-0.295504549198704	0.295504549198704	hypo	case		0.542667036715866	0.75	0.75	2.8	0.699178745142492	5
chr21	16854287	16854879	593	6	22.5583333333333	-0.285666019950589	0.285666019950589	-0.286787928030566	0.286787928030566	hypo	case		0.213374699190574	0.75	0.75	2.8	0.699178745142492	5
chr20	7042550	7043803	1254	10	18.17	-0.366344506553855	0.366344506553855	-0.352959148417711	0.352959148417711	hypo	case		0.180028569197362	0.75	0.75	2.8	0.699178745142492	5
chr21	30604796	30605485	690	5	22.37	-0.162043375000371	0.162043375000371	-0.13524898260492	0.13524898260492	hypo	case		0.545250222454836	0.75	0.75	2.8	0.699178745142492	5
chr20	61263088	61264238	1151	37	21.7310810810811	-0.220099071029378	0.220099071029378	-0.245790666205054	0.245790666205054	hypo	case		0.0855587847817448	0.75	0.75	2.8	0.699178745142492	5
chr20	7006946	7007267	322	5	21.34	-0.318670850238891	0.318670850238891	-0.290409575178996	0.290409575178996	hypo	case		0.275798747044813	0.75	0.75	2.8	0.699178745142492	5
chr20	17598788	17599603	816	12	23.2166666666667	-0.333427519207169	0.333427519207169	-0.344389941661118	0.344389941661118	hypo	case		0.515676121894312	0.75	0.75	2.8	0.699178745142492	5
chr20	13980150	13981409	1260	32	19.965625	-0.356457436507233	0.356457436507233	-0.358799138737878	0.358799138737878	hypo	case		0.329774855426665	0.75	0.75	2.8	0.699178745142492	5
chr21	25510393	25510834	442	8	23.1125	-0.300193475101663	0.300193475101663	-0.280841010956067	0.280841010956067	hypo	case		0.616981939124651	0.75	0.75	2.8	0.699178745142492	5
chr21	16101434	16102289	856	7	20.7857142857143	-0.256772703896345	0.256772703896345	-0.292035939613583	0.292035939613583	hypo	case		0.430187650340585	0.75	0.75	2.8	0.699178745142492	5
chr21	22725602	22725727	126	5	24.37	-0.153159265283407	0.153159265283407	-0.139562173747416	0.139562173747416	hypo	case		0.820291105415078	0.75	0.820291105415078	2.8	0.699178745142492	5
chr20	46025513	46025911	399	15	22.5866666666667	-0.275890133650768	0.275890133650768	-0.208598301895396	0.208598301895396	hypo	case		0.659948907713981	0.75	0.75	2.8	0.699178745142492	5
chr21	24985800	24986228	429	23	20.945652173913	-0.277281594855915	0.277281594855915	-0.323950585608551	0.323950585608551	hypo	case		0.44568146964524	0.75	0.75	2.8	0.699178745142492	5
chr20	30353959	30354556	598	5	23.89	-0.0579948100288658	0.0579948100288658	0.0993825860725348	0.106815610626487	hypo	case		0.123646193982999	0.75	0.75	2.8	0.699178745142492	5
chr20	4692602	4693261	660	9	23.5666666666667	-0.20421466144564	0.20421466144564	-0.23023791364708	0.23023791364708	hypo	case		0.353255417298432	0.75	0.75	2.8	0.699178745142492	5
chr21	29714637	29715693	1057	12	21.6625	-0.303148562932413	0.303148562932413	-0.318379391783741	0.318379391783741	hypo	case		0.402482210277516	0.75	0.75	2.8	0.699178745142492	5
chr20	8900432	8900641	210	5	19.64	-0.253256078229763	0.253256078229763	-0.248692856725147	0.248692856725147	hypo	case		0.216417929106301	0.75	0.75	2.8	0.699178745142492	5
chr21	10747829	10749299	1471	21	79.2071428571429	-0.200048411614374	0.200048411614374	-0.245606372969501	0.245606372969501	hypo	case		0.258453938805941	0.75	0.75	2.8	0.699178745142492	5
chr21	13588137	13589270	1134	20	16.2675	-0.211473249972459	0.211473249972459	-0.238093567176932	0.238093567176932	hypo	case		0.44159740220976	0.75	0.75	2.8	0.699178745142492	5
chr21	9853843	9854868	1026	56	64.95	-0.326170928679807	0.326170928679807	-0.325147221172631	0.325147221172631	hypo	case		0.297807018896693	0.75	0.75	2.8	0.699178745142492	5
chr20	29391086	29391274	189	5	20	0.104848158125497	0.104848158125497	0.164089036699404	0.164089036699404	hyper	case		0.685107214868403	0.75	0.75	2.8	0.699178745142492	5
chr21	25410651	25411317	667	14	19.5035714285714	-0.29153419435536	0.29153419435536	-0.279505366031549	0.279505366031549	hypo	case		0.171792319626306	0.75	0.75	2.8	0.699178745142492	5
chr20	55115949	55116146	198	5	18.21	-0.26141753308835	0.26141753308835	-0.281232423366064	0.281232423366064	hypo	case		0.301464212983515	0.75	0.75	2.8	0.699178745142492	5
chr21	45189083	45189219	137	6	21.7	-0.184062182298899	0.184062182298899	-0.195719791803707	0.195719791803707	hypo	case		0.439315847582423	0.75	0.75	2.8	0.699178745142492	5
chr21	20472824	20473060	237	5	21.51	-0.147068274192638	0.147068274192638	-0.211162866139889	0.211162866139889	hypo	case		0.320012184280737	0.75	0.75	2.8	0.699178745142492	5
chr20	16382648	16384286	1639	24	21.5208333333333	-0.267087116901209	0.267087116901209	-0.260713616637653	0.260713616637653	hypo	case		0.198943375198435	0.75	0.75	2.8	0.699178745142492	5
chr21	15420720	15422098	1379	31	22.4790322580645	0.227274197136426	0.227274197136426	0.232446694691835	0.232446694691835	hyper	case		0.828395427473132	0.75	0.828395427473132	2.8	0.699178745142492	5
chr20	30637561	30638105	545	5	33.8	-0.235949233411564	0.235949233411564	-0.32891704613819	0.32891704613819	hypo	case		0.590207196692816	0.75	0.75	2.8	0.699178745142492	5
chr20	42445112	42445707	596	9	19.9777777777778	-0.247260195665292	0.247260195665292	-0.27891964243091	0.27891964243091	hypo	case		0.424777149580738	0.75	0.75	2.8	0.699178745142492	5
chr20	34915242	34916822	1581	14	21.425	-0.232188551905925	0.232188551905925	-0.268290306028625	0.268290306028625	hypo	case		0.218058592029939	0.75	0.75	2.8	0.699178745142492	5
chr21	28898301	28898827	527	16	18.096875	0.222235582149475	0.222235582149475	0.225131192840212	0.225131192840212	hyper	case		0.13997039360838	0.75	0.75	2.8	0.699178745142492	5
chr20	25722539	25723237	699	10	25.015	-0.429366945629156	0.429366945629156	-0.426249211342637	0.426249211342637	hypo	case		0.697159113957399	0.75	0.75	2.8	0.699178745142492	5
chr20	11857759	11858674	916	16	24.26875	-0.268325686986887	0.268325686986887	-0.270956032340551	0.270956032340551	hypo	case		0.364725576961014	0.75	0.75	2.8	0.699178745142492	5
chr20	35649250	35649499	250	5	18.21	-0.119804094382441	0.119804094382441	-0.102870673750788	0.102870673750788	hypo	case		0.249320603194391	0.75	0.75	2.8	0.699178745142492	5
chr20	15431009	15431563	555	6	22.3166666666667	-0.308295489332176	0.308295489332176	-0.320820411292025	0.320820411292025	hypo	case		0.445024860211445	0.75	0.75	2.8	0.699178745142492	5
chr20	18200466	18201195	730	10	19.01	-0.371929877196223	0.371929877196223	-0.374212741456665	0.374212741456665	hypo	case		0.170819907570907	0.75	0.75	2.8	0.699178745142492	5
chr21	37210062	37210615	554	12	24.0833333333333	0.134608072505173	0.134608072505173	0.158566795616649	0.158566795616649	hyper	case		0.254376473355415	0.75	0.75	2.8	0.699178745142492	5
chr20	31300853	31301471	619	9	23.8444444444444	0.332946318588944	0.332946318588944	0.365423984056863	0.365423984056863	hyper	case		0.181607460693549	0.75	0.75	2.8	0.699178745142492	5
chr20	20428322	20428432	111	5	18.45	0.00392969593783971	0.00392969593783971	-0.0594866688351971	0.123970355257134	hyper	case		0.414937347527114	0.75	0.75	2.8	0.699178745142492	5
chr21	38365809	38366176	368	5	27.94	-0.393866292807638	0.393866292807638	-0.365630788393665	0.365630788393665	hypo	case		0.561082344864895	0.75	0.75	2.8	0.699178745142492	5
chr20	40176050	40177190	1141	10	21.46	-0.177140977835511	0.177140977835511	-0.179090744233829	0.179090744233829	hypo	case		0.405589334887075	0.75	0.75	2.8	0.699178745142492	5
chr21	11773311	11774454	1144	12	10.5625	0.193050349364688	0.193050349364688	0.218054560191838	0.218054560191838	hyper	case		0.0966996816952929	0.75	0.75	2.8	0.699178745142492	5
chr21	18668225	18668366	142	5	16.7	-0.266300734654063	0.266300734654063	-0.272522567530373	0.272522567530373	hypo	case		0.182769523831545	0.75	0.75	2.8	0.699178745142492	5
chr21	27601619	27602041	423	12	21.0708333333333	-0.294580316248079	0.294580316248079	-0.244700930805913	0.244700930805913	hypo	case		0.634647781702567	0.75	0.75	2.8	0.699178745142492	5
chr20	5377793	5378053	261	7	24.0214285714286	-0.323787072428377	0.323787072428377	-0.384646411544381	0.384646411544381	hypo	case		0.0930258086519983	0.75	0.75	2.8	0.699178745142492	5
chr21	21059687	21059966	280	6	22.725	-0.353989256357463	0.353989256357463	-0.35994622721295	0.35994622721295	hypo	case		0.357100747902227	0.75	0.75	2.8	0.699178745142492	5
chr21	30793220	30793682	463	5	21.8	-0.234916597802892	0.234916597802892	-0.275243782988179	0.275243782988179	hypo	case		0.480441080033938	0.75	0.75	2.8	0.699178745142492	5
chr20	41297506	41298206	701	9	23.5333333333333	-0.200129844478166	0.200129844478166	-0.215795174440467	0.215795174440467	hypo	case		0.25989794788775	0.75	0.75	2.8	0.699178745142492	5
chr21	24575762	24576336	575	11	21.9318181818182	-0.337387223158194	0.337387223158194	-0.358364566175238	0.358364566175238	hypo	case		0.350656006841375	0.75	0.75	2.8	0.699178745142492	5
chr20	40342222	40342554	333	5	23.71	-0.0967737275586025	0.0967737275586025	-0.0878401771520063	0.0878401771520063	hypo	case		0.511733059691378	0.75	0.75	2.8	0.699178745142492	5
chr20	19821656	19822392	737	10	22.42	-0.303655639917284	0.303655639917284	-0.318392503036435	0.318392503036435	hypo	case		0.420747583920612	0.75	0.75	2.8	0.699178745142492	5
chr21	40961222	40961446	225	8	24.56875	-0.220721573995392	0.220721573995392	-0.262016280356379	0.262016280356379	hypo	case		0.144482819727132	0.75	0.75	2.8	0.699178745142492	5
chr21	16449442	16450178	737	15	20.14	-0.231355113335447	0.231355113335447	-0.299577894379154	0.299577894379154	hypo	case		0.208278064543693	0.75	0.75	2.8	0.699178745142492	5
chr21	18957169	18957849	681	5	20.76	0.0519873002957368	0.0519873002957368	0.0665014671003269	0.0892913065304978	hyper	case		0.176481856570039	0.75	0.75	2.8	0.699178745142492	5
chr20	13816184	13817233	1050	23	21.8239130434783	0.25311387234533	0.25311387234533	0.248239820533003	0.248239820533003	hyper	case		0.658025437595484	0.75	0.75	2.8	0.699178745142492	5
chr21	6877354	6878093	740	12	13.8	-0.254130691701024	0.254130691701024	-0.350009645251153	0.350009645251153	hypo	case		0.467646491161889	0.75	0.75	2.8	0.699178745142492	5
chr20	55920456	55922421	1966	28	22.0053571428571	-0.254867231850982	0.254867231850982	-0.264085458326826	0.264085458326826	hypo	case		0.151712147925642	0.75	0.75	2.8	0.699178745142492	5
chr21	22652897	22654725	1829	33	21.9772727272727	-0.311604987549515	0.311604987549515	-0.338028727621539	0.338028727621539	hypo	case		0.99	0.75	0.99	2.8	0.699178745142492	5
chr20	37780667	37780864	198	8	23.2625	-0.295607874888919	0.295607874888919	-0.299170919448604	0.299170919448604	hypo	case		0.61920077462141	0.75	0.75	2.8	0.699178745142492	5
chr20	22883033	22883085	53	7	24.3785714285714	-0.306858076863373	0.306858076863373	-0.290546984836783	0.290546984836783	hypo	case		0.239276073993827	0.75	0.75	2.8	0.699178745142492	5
chr21	7277408	7277919	512	6	50.775	-0.327946984573046	0.327946984573046	-0.328439333082251	0.328439333082251	hypo	case		0.788369986836972	0.75	0.788369986836972	2.8	0.699178745142492	5
chr20	52521289	52521894	606	7	20.2428571428571	-0.290686268536332	0.290686268536332	-0.254423916582801	0.254423916582801	hypo	case		0.418794689117575	0.75	0.75	2.8	0.699178745142492	5
chr20	38904553	38904836	284	5	22.06	-0.15373115900565	0.15373115900565	-0.178633999583504	0.178633999583504	hypo	case		0.328236191631037	0.75	0.75	2.8	0.699178745142492	5
chr21	37580773	37580935	163	6	23.2	-0.22593708961316	0.22593708961316	-0.219806985807483	0.219806985807483	hypo	case		0.568565354812978	0.75	0.75	2.8	0.699178745142492	5
chr20	2887659	2888358	700	9	21.9777777777778	-0.22535775525095	0.22535775525095	-0.234047766054729	0.234047766054729	hypo	case		0.654379594566573	0.75	0.75	2.8	0.699178745142492	5
chr20	41988866	41989045	180	10	21.315	-0.412040884643847	0.412040884643847	-0.381772208289709	0.381772208289709	hypo	case		0.623612825480217	0.75	0.75	2.8	0.699178745142492	5
chr21	9263574	9264770	1197	20	31.6125	0.204747934137128	0.204747934137128	0.198352154923086	0.198352154923086	hyper	case		0.467789057496259	0.75	0.75	2.8	0.699178745142492	5
chr20	14295153	14295395	243	5	20.46	0.171302410186688	0.171302410186688	0.19348328341552	0.19348328341552	hyper	case		0.144514470768454	0.75	0.75	2.8	0.699178745142492	5
chr20	10589654	10591053	1400	39	24.9461538461538	-0.26416733581986	0.26416733581986	-0.288762854467117	0.288762854467117	hypo	case		0.350475057425705	0.75	0.75	2.8	0.699178745142492	5
chr21	24399410	24399749	340	8	20.46875	-0.250782172532526	0.250782172532526	-0.319362378830697	0.319362378830697	hypo	case		0.719184564015235	0.75	0.75	2.8	0.699178745142492	5
chr21	30745304	30745386	83	5	22.96	-0.243097379480043	0.243097379480043	-0.280944467728398	0.280944467728398	hypo	case		0.451275479556468	0.75	0.75	2.8	0.699178745142492	5
chr21	30547649	30548334	686	8	22.70625	-0.23537199438133	0.23537199438133	-0.261402238973418	0.261402238973418	hypo	case		0.109825967319457	0.75	0.75	2.8	0.699178745142492	5
chr21	20089091	20089593	503	17	22.1441176470588	-0.358888118170352	0.358888118170352	-0.413594370313233	0.413594370313233	hypo	case		0.219039036717002	0.75	0.75	2.8	0.699178745142492	5
chr21	9255950	9256142	193	9	41.8888888888889	-0.274158180446626	0.274158180446626	-0.249038395907916	0.249038395907916	hypo	case		0.165299030951721	0.75	0.75	2.8	0.699178745142492	5
chr21	10509373	10510558	1186	30	35.8	-0.187383474945352	0.187383474945352	-0.205611103048928	0.205611103048928	hypo	case		0.210595115666151	0.75	0.75	2.8	0.699178745142492	5
chr20	11314613	11315696	1084	11	20.3772727272727	0.258234214066695	0.258234214066695	0.308789994636598	0.308789994636598	hyper	case		0.456601580503388	0.75	0.75	2.8	0.699178745142492	5
chr20	55510237	55511816	1580	23	22.9086956521739	-0.318116968709556	0.318116968709556	-0.348163409598397	0.348163409598397	hypo	case		0.496182162338482	0.75	0.75	2.8	0.699178745142492	5
chr20	21901525	21901853	329	5	22.42	-0.222701656679918	0.222701656679918	-0.216768555655224	0.216768555655224	hypo	case		0.469299960212185	0.75	0.75	2.8	0.699178745142492	5
chr20	20634277	20635794	1518	18	22.6333333333333	-0.410153030637546	0.410153030637546	-0.395846329040966	0.395846329040966	hypo	case		0.276174803767212	0.75	0.75	2.8	0.699178745142492	5
chr20	15854001	15854301	301	13	19.5346153846154	-0.293076344377537	0.293076344377537	-0.312679989402464	0.312679989402464	hypo	case		0.201425677538668	0.75	0.75	2.8	0.699178745142492	5
chr20	60588984	60589887	904	10	19.56	0.18330694934211	0.18330694934211	0.182137397979337	0.182137397979337	hyper	case		0.609221670344105	0.75	0.75	2.8	0.699178745142492	5
chr21	25234497	25235496	1000	12	23.2833333333333	-0.258355854165117	0.258355854165117	-0.266885826626408	0.266885826626408	hypo	case		0.554005307563586	0.75	0.75	2.8	0.699178745142492	5
chr21	26685031	26685183	153	5	21.51	-0.254065308288579	0.254065308288579	-0.210719531787596	0.210719531787596	hypo	case		0.777104034716014	0.75	0.777104034716014	2.8	0.699178745142492	5
chr21	27626123	27627698	1576	50	18.689	-0.299074872686558	0.299074872686558	-0.320561042490657	0.320561042490657	hypo	case		0.736330338228438	0.75	0.75	2.8	0.699178745142492	5
chr21	43566604	43567487	884	12	15.475	-0.368937285520002	0.368937285520002	-0.34564223570988	0.34564223570988	hypo	case		0.143062137403842	0.75	0.75	2.8	0.699178745142492	5
chr21	30687705	30687973	269	10	22.285	-0.348202851161647	0.348202851161647	-0.335426581699743	0.335426581699743	hypo	case		0.99	0.75	0.99	2.8	0.699178745142492	5
chr20	20256793	20257563	771	12	20.8208333333333	-0.285024667672748	0.285024667672748	-0.305475937174892	0.305475937174892	hypo	case		0.45967364727554	0.75	0.75	2.8	0.699178745142492	5
chr20	29811867	29811971	105	5	20.12	0.0160394110850935	0.0160394110850935	-0.0598028246740512	0.0598028246740512	hyper	case		0.215399667934273	0.75	0.75	2.8	0.699178745142492	5
chr20	49167138	49168120	983	16	22.509375	0.249269727655036	0.249269727655036	0.244274102045602	0.244274102045602	hyper	case		0.187435944944713	0.75	0.75	2.8	0.699178745142492	5
chr20	9138009	9138256	248	5	24.37	0.137362961690617	0.137362961690617	0.0961574654542552	0.0961574654542552	hyper	case		0.199682507196992	0.75	0.75	2.8	0.699178745142492	5
chr21	28294419	28294783	365	5	21.99	-0.0643008163505562	0.0643008163505562	-0.110554200295744	0.110554200295744	hypo	case		0.321833567163869	0.75	0.75	2.8	0.699178745142492	5
chr21	24372421	24373019	599	16	22.43125	-0.299353982084981	0.299353982084981	-0.318051728832312	0.318051728832312	hypo	case		0.340277403825876	0.75	0.75	2.8	0.699178745142492	5
chr21	5738077	5739818	1742	23	16.0326086956522	-0.208786404567655	0.208786404567655	-0.271723753499897	0.271723753499897	hypo	case		0.252094403343988	0.75	0.75	2.8	0.699178745142492	5
chr20	23673513	23674631	1119	19	23.8421052631579	-0.264196312568066	0.264196312568066	-0.265007190477739	0.265007190477739	hypo	case		0.407326889766425	0.75	0.75	2.8	0.699178745142492	5
chr20	12377725	12379296	1572	21	21.4952380952381	-0.318044126880087	0.318044126880087	-0.334466868864545	0.334466868864545	hypo	case		0.380169207332194	0.75	0.75	2.8	0.699178745142492	5
chr21	24844155	24845054	900	15	21.74	0.285971953119979	0.285971953119979	0.23019532374143	0.23019532374143	hyper	case		0.215558799839407	0.75	0.75	2.8	0.699178745142492	5
chr20	14446946	14448935	1990	40	21.44	-0.201708036625735	0.201708036625735	-0.239557441523876	0.239557441523876	hypo	case		0.0516530553448587	0.75	0.75	2.8	0.699178745142492	5
chr20	55155822	55156267	446	5	20.38	-0.341727346440969	0.341727346440969	-0.211068074136046	0.211068074136046	hypo	case		0.093838887759637	0.75	0.75	2.8	0.699178745142492	5
chr21	9894801	9894929	129	5	59.68	0.119259202265225	0.119259202265225	0.174784199559618	0.174784199559618	hyper	case		0.224139896662763	0.75	0.75	2.8	0.699178745142492	5
chr20	12230835	12232291	1457	23	22.9282608695652	-0.329781543638456	0.329781543638456	-0.347475496321459	0.347475496321459	hypo	case		0.789244771422269	0.75	0.789244771422269	2.8	0.699178745142492	5
chr21	15909315	15909867	553	5	24	-0.120425105046437	0.120425105046437	-0.142258937123426	0.142258937123426	hypo	case		0.121708240296109	0.75	0.75	2.8	0.699178745142492	5
chr21	40309260	40309740	481	12	23.375	-0.314700746090265	0.314700746090265	-0.33253880433591	0.33253880433591	hypo	case		0.443771554423264	0.75	0.75	2.8	0.699178745142492	5
chr20	15882217	15883162	946	12	21.4541666666667	-0.371637675908047	0.371637675908047	-0.361120726061487	0.361120726061487	hypo	case		0.165678332644505	0.75	0.75	2.8	0.699178745142492	5
chr21	27310930	27311188	259	15	21.5766666666667	-0.30772427803958	0.30772427803958	-0.316376662397665	0.316376662397665	hypo	case		0.633415076616036	0.75	0.75	2.8	0.699178745142492	5
chr20	7991135	7991619	485	7	23.4857142857143	-0.229378148483465	0.229378148483465	-0.259035191493571	0.259035191493571	hypo	case		0.395546857809126	0.75	0.75	2.8	0.699178745142492	5
chr21	9078844	9079164	321	5	32.87	0.0599328106426295	0.0599328106426295	0.0321280483271296	0.0951492125900469	hyper	case		0.38235956118767	0.75	0.75	2.8	0.699178745142492	5
chr20	54996436	54997020	585	8	20.075	-0.208605006291152	0.208605006291152	-0.231839546748354	0.231839546748354	hypo	case		0.257244313495211	0.75	0.75	2.8	0.699178745142492	5
chr21	27678712	27678959	248	6	24.875	-0.260392433232525	0.260392433232525	-0.234563640158067	0.234563640158067	hypo	case		0.356214906871239	0.75	0.75	2.8	0.699178745142492	5
chr20	61097156	61097533	378	5	23.41	-0.285649153176781	0.285649153176781	-0.283998814395345	0.283998814395345	hypo	case		0.573523498425281	0.75	0.75	2.8	0.699178745142492	5
chr21	14867609	14869134	1526	36	20.1569444444444	-0.348791994283603	0.348791994283603	-0.345182793155607	0.345182793155607	hypo	case		0.282808150143846	0.75	0.75	2.8	0.699178745142492	5
chr21	19042122	19043987	1866	14	19.2535714285714	0.150115597719985	0.150115597719985	0.170320771191947	0.170320771191947	hyper	case		0.331697540165462	0.75	0.75	2.8	0.699178745142492	5
chr20	8487845	8489430	1586	27	22.9	0.232675762298943	0.232675762298943	0.24478045344037	0.24478045344037	hyper	case		0.210064820251952	0.75	0.75	2.8	0.699178745142492	5
chr21	24708745	24709110	366	7	21.6357142857143	-0.190605611324025	0.190605611324025	-0.186606673227766	0.186606673227766	hypo	case		0.195468061207865	0.75	0.75	2.8	0.699178745142492	5
chr20	9072702	9074078	1377	19	19.8578947368421	-0.171499071137953	0.171499071137953	-0.200288120477726	0.200288120477726	hypo	case		0.455812138604164	0.75	0.75	2.8	0.699178745142492	5
chr21	27564435	27565465	1031	5	17.37	-0.0722263106260784	0.0722263106260784	-0.152968389969795	0.186032018031114	hypo	case		0.99	0.75	0.99	2.8	0.699178745142492	5
chr20	11406463	11407141	679	18	20.7611111111111	-0.231764051465988	0.231764051465988	-0.228774725554173	0.228774725554173	hypo	case		0.291781998433245	0.75	0.75	2.8	0.699178745142492	5
chr21	25040106	25041962	1857	29	21.4586206896552	0.252282240871755	0.252282240871755	0.257672631673176	0.257672631673176	hyper	case		0.266316995085727	0.75	0.75	2.8	0.699178745142492	5
chr21	19751491	19752130	640	8	22.81875	-0.170786604330078	0.170786604330078	-0.261508281952057	0.261508281952057	hypo	case		0.422886634437139	0.75	0.75	2.8	0.699178745142492	5
chr21	21403832	21405436	1605	25	19.882	-0.322277587657211	0.322277587657211	-0.327910105720683	0.327910105720683	hypo	case		0.455947884826681	0.75	0.75	2.8	0.699178745142492	5
chr21	15296926	15297575	650	6	18.5833333333333	-0.319867457007491	0.319867457007491	-0.271118318465827	0.271118318465827	hypo	case		0.139611136849382	0.75	0.75	2.8	0.699178745142492	5
chr21	5342551	5343072	522	5	14.3	-0.154094738907109	0.154094738907109	-0.207472938600936	0.207472938600936	hypo	case		0.546860211172851	0.75	0.75	2.8	0.699178745142492	5
chr21	24464756	24465904	1149	32	19.9	-0.297409271961564	0.297409271961564	-0.313552630842149	0.313552630842149	hypo	case		0.515159719168013	0.75	0.75	2.8	0.699178745142492	5
chr20	54296064	54296643	580	8	22.74375	-0.315696028987465	0.315696028987465	-0.289585245387088	0.289585245387088	hypo	case		0.120086823296032	0.75	0.75	2.8	0.699178745142492	5
chr20	30716228	30716744	517	9	21.8888888888889	-0.155952691379902	0.155952691379902	-0.196768869365499	0.196768869365499	hypo	case		0.340753120136038	0.75	0.75	2.8	0.699178745142492	5
chr21	37347156	37347455	300	6	21.6	-0.282952332002112	0.282952332002112	-0.299870795083148	0.299870795083148	hypo	case		0.34457625089245	0.75	0.75	2.8	0.699178745142492	5
chr20	8042863	8044360	1498	36	22.2083333333333	0.305180203844327	0.305180203844327	0.317303454667292	0.317303454667292	hyper	case		0.641951778240386	0.75	0.75	2.8	0.699178745142492	5
chr21	28060979	28061286	308	6	23.7916666666667	-0.376809138018174	0.376809138018174	-0.380385431090355	0.380385431090355	hypo	case		0.271913311173023	0.75	0.75	2.8	0.699178745142492	5
chr20	22931725	22932496	772	11	23.4954545454545	-0.302855731356579	0.302855731356579	-0.326943067136731	0.326943067136731	hypo	case		0.170539022239837	0.75	0.75	2.8	0.699178745142492	5
chr21	8143436	8144356	921	5	11.92	0.195301175432754	0.195301175432754	0.298864586922369	0.298864586922369	hyper	case		0.68031410121047	0.75	0.75	2.8	0.699178745142492	5
chr21	13081031	13081352	322	6	25.5	-0.305570085180209	0.305570085180209	-0.343424247094146	0.343424247094146	hypo	case		0.315311135031756	0.75	0.75	2.8	0.699178745142492	5
chr20	7585385	7586616	1232	15	20.11	-0.236986554552148	0.236986554552148	-0.27442850062736	0.27442850062736	hypo	case		0.27499997838911	0.75	0.75	2.8	0.699178745142492	5
chr21	26828968	26830208	1241	8	19.33125	-0.186631646406075	0.186631646406075	-0.209416497532482	0.209416497532482	hypo	case		0.126867106934041	0.75	0.75	2.8	0.699178745142492	5
chr21	13254784	13256723	1940	55	22.1236363636364	-0.296436932239019	0.296436932239019	-0.285147130309807	0.285147130309807	hypo	case		0.203586275939616	0.75	0.75	2.8	0.699178745142492	5
chr21	29227946	29228006	61	5	21.38	-0.0372182148120364	0.0372182148120364	-0.0346858201379802	0.0443477847501523	hypo	case		0.419664861036166	0.75	0.75	2.8	0.699178745142492	5
chr20	40568165	40568239	75	6	20.225	-0.274163612925952	0.274163612925952	-0.304435699100983	0.304435699100983	hypo	case		0.320082812824659	0.75	0.75	2.8	0.699178745142492	5
chr20	2003562	2004446	885	9	19.9	0.122883991201362	0.122883991201362	0.196080156192972	0.196080156192972	hyper	case		0.290197918742014	0.75	0.75	2.8	0.699178745142492	5
chr20	10179862	10180089	228	5	23.01	-0.14956558778801	0.14956558778801	-0.110514762013723	0.110514762013723	hypo	case		0.317400183498769	0.75	0.75	2.8	0.699178745142492	5
chr20	18788599	18789017	419	8	23.35	-0.220050432241615	0.220050432241615	-0.205154035200823	0.205154035200823	hypo	case		0.30797982176309	0.75	0.75	2.8	0.699178745142492	5
chr20	12003295	12004294	1000	53	20.9584905660377	-0.324316434751483	0.324316434751483	-0.340942620201163	0.340942620201163	hypo	case		0.373261930942705	0.75	0.75	2.8	0.699178745142492	5
chr20	31277095	31277407	313	9	26.0444444444445	-0.231466144763992	0.231466144763992	-0.28354146066841	0.28354146066841	hypo	case		0.358096516929633	0.75	0.75	2.8	0.699178745142492	5
chr21	15405854	15407779	1926	27	23.2592592592593	-0.291308569574246	0.291308569574246	-0.31512132060191	0.31512132060191	hypo	case		0.245812062091393	0.75	0.75	2.8	0.699178745142492	5
chr21	17343130	17343723	594	9	20.7944444444444	0.255881311901133	0.255881311901133	0.217053807244751	0.217053807244751	hyper	case		0.127307880381336	0.75	0.75	2.8	0.699178745142492	5
chr21	28194726	28194823	98	5	18.55	-0.180295448016036	0.180295448016036	-0.22087764023405	0.22087764023405	hypo	case		0.251634831507966	0.75	0.75	2.8	0.699178745142492	5
chr20	7656774	7657126	353	5	19.96	0.168944720547073	0.168944720547073	0.185601455443003	0.185601455443003	hyper	case		0.662912107138991	0.75	0.75	2.8	0.699178745142492	5
chr21	16434218	16434491	274	5	22.89	0.101606772617548	0.101606772617548	0.144255493686068	0.144255493686068	hyper	case		0.365981071689612	0.75	0.75	2.8	0.699178745142492	5
chr20	25712022	25713569	1548	23	22.745652173913	-0.339333823911924	0.339333823911924	-0.343116689814814	0.343116689814814	hypo	case		0.224360585085146	0.75	0.75	2.8	0.699178745142492	5
chr21	15307351	15307923	573	20	21.015	-0.25260627861131	0.25260627861131	-0.279048718763966	0.279048718763966	hypo	case		0.531081849664679	0.75	0.75	2.8	0.699178745142492	5
chr20	39901955	39902333	379	10	19.025	-0.462083337830638	0.462083337830638	-0.474244622045132	0.474244622045132	hypo	case		0.217018424265847	0.75	0.75	2.8	0.699178745142492	5
chr20	21997799	21998929	1131	10	23.875	-0.199297032732884	0.199297032732884	-0.19168784218402	0.19168784218402	hypo	case		0.223122345084817	0.75	0.75	2.8	0.699178745142492	5
chr21	14365095	14365670	576	5	20.27	-0.126584471411828	0.126584471411828	-0.151903754730812	0.151903754730812	hypo	case		0.859511323994312	0.75	0.859511323994312	2.8	0.699178745142492	5
chr20	26207079	26207395	317	5	20.57	-0.258125805503481	0.258125805503481	-0.366522412420389	0.366522412420389	hypo	case		0.492867154384815	0.75	0.75	2.8	0.699178745142492	5
chr20	21408720	21408807	88	5	20.27	-0.129841038591039	0.129841038591039	-0.113327280008712	0.113327280008712	hypo	case		0.168189838053	0.75	0.75	2.8	0.699178745142492	5
chr20	19230161	19231755	1595	31	19.6	-0.31634442364369	0.31634442364369	-0.34862809360228	0.34862809360228	hypo	case		0.42950434319902	0.75	0.75	2.8	0.699178745142492	5
chr20	61890632	61892457	1826	46	17.7260869565217	-0.233015867326531	0.233015867326531	-0.241199210627089	0.241199210627089	hypo	case		0.330265089737668	0.75	0.75	2.8	0.699178745142492	5
chr21	23436511	23437350	840	16	19.8375	-0.238139390042709	0.238139390042709	-0.259445399997567	0.259445399997567	hypo	case		0.203055612442486	0.75	0.75	2.8	0.699178745142492	5
chr20	39748159	39748388	230	5	21.87	-0.195439570216327	0.195439570216327	-0.198368174682643	0.198368174682643	hypo	case		0.259838205062906	0.75	0.75	2.8	0.699178745142492	5
chr21	19866219	19867434	1216	13	20.1961538461538	-0.229404264923766	0.229404264923766	-0.28310823042553	0.28310823042553	hypo	case		0.0627185467129519	0.75	0.75	2.8	0.699178745142492	5
chr21	13231432	13232302	871	29	25.9465517241379	-0.245561719613834	0.245561719613834	-0.234887237409591	0.234887237409591	hypo	case		0.325184449054714	0.75	0.75	2.8	0.699178745142492	5
chr20	8497014	8497461	448	5	22.91	-0.0329692199653698	0.0329692199653698	0.0316820857851051	0.0773886553873066	hypo	case		0.251693935312439	0.75	0.75	2.8	0.699178745142492	5
chr21	29529156	29529703	548	10	23.235	-0.242465463482675	0.242465463482675	-0.205714891659996	0.205714891659996	hypo	case		0.434428818541799	0.75	0.75	2.8	0.699178745142492	5
chr21	37741729	37741966	238	5	25.52	-0.127055225754874	0.127055225754874	-0.151214864330051	0.151214864330051	hypo	case		0.0925161749296605	0.75	0.75	2.8	0.699178745142492	5
chr20	6387446	6388839	1394	15	23.0666666666667	-0.202988919726645	0.202988919726645	-0.197268846386047	0.197268846386047	hypo	case		0.121447566324289	0.75	0.75	2.8	0.699178745142492	5
chr20	2717794	2718105	312	19	26.7736842105263	-0.319787442044305	0.319787442044305	-0.324402009072918	0.324402009072918	hypo	case		0.28258000045877	0.75	0.75	2.8	0.699178745142492	5
chr20	15941507	15941756	250	5	21.96	0.173225458640647	0.173225458640647	0.280092397396892	0.280092397396892	hyper	case		0.967374398445933	0.75	0.967374398445933	2.8	0.699178745142492	5
chr21	21500464	21501332	869	8	23.325	-0.161570103087155	0.161570103087155	-0.187695605923518	0.187695605923518	hypo	case		0.181340852246459	0.75	0.75	2.8	0.699178745142492	5
chr21	17288440	17288747	308	7	13.7357142857143	-0.19578698922981	0.19578698922981	-0.247457143935825	0.247457143935825	hypo	case		0.99	0.75	0.99	2.8	0.699178745142492	5
chr21	19004360	19005151	792	14	19.4642857142857	-0.284887165270629	0.284887165270629	-0.27658354076999	0.27658354076999	hypo	case		0.770067311784081	0.75	0.770067311784081	2.8	0.699178745142492	5
chr21	27292877	27293275	399	5	18.45	-0.316032362254936	0.316032362254936	-0.247208321384042	0.247208321384042	hypo	case		0.133642522709429	0.75	0.75	2.8	0.699178745142492	5
chr20	33541990	33543667	1678	37	19.4581081081081	-0.251397083560985	0.251397083560985	-0.252340911242646	0.252340911242646	hypo	case		0.499892083916219	0.75	0.75	2.8	0.699178745142492	5
chr20	14609969	14610875	907	5	20.26	0.127568657554985	0.127568657554985	0.210159050521309	0.210159050521309	hyper	case		0.188676497071832	0.75	0.75	2.8	0.699178745142492	5
chr20	30820693	30822255	1563	21	45.1119047619048	-0.224111051841385	0.224111051841385	-0.225948196678121	0.225948196678121	hypo	case		0.705071961860572	0.75	0.75	2.8	0.699178745142492	5
chr20	41529348	41530511	1164	28	23.2821428571429	-0.233836648239064	0.233836648239064	-0.236306182711946	0.236306182711946	hypo	case		0.361663287815038	0.75	0.75	2.8	0.699178745142492	5
chr21	23533925	23534793	869	13	21.3076923076923	-0.150211101965282	0.150211101965282	-0.212219209198279	0.212219209198279	hypo	case		0.473235071839728	0.75	0.75	2.8	0.699178745142492	5
chr20	41061128	41061466	339	5	17.89	-0.0533662756013093	0.0533662756013093	-0.101634444819395	0.101634444819395	hypo	case		0.282575855350556	0.75	0.75	2.8	0.699178745142492	5
chr20	29659155	29659575	421	10	24.62	0.203288927110706	0.203288927110706	0.217781996667444	0.217781996667444	hyper	case		0.44655988481201	0.75	0.75	2.8	0.699178745142492	5
chr21	22607681	22608545	865	27	20.1666666666667	-0.281629074689363	0.281629074689363	-0.333330900402488	0.333330900402488	hypo	case		0.247078455011334	0.75	0.75	2.8	0.699178745142492	5
chr20	8192321	8192448	128	5	21.44	0.0548878790646694	0.0548878790646694	0.0459071490328697	0.101513086279467	hyper	case		0.452292248727859	0.75	0.75	2.8	0.699178745142492	5
chr20	42501059	42501543	485	12	20.725	-0.341558433469232	0.341558433469232	-0.361209658764517	0.361209658764517	hypo	case		0.188665402276806	0.75	0.75	2.8	0.699178745142492	5
chr20	12798377	12798514	138	5	19.4	-0.329647121599142	0.329647121599142	-0.305632404706769	0.305632404706769	hypo	case		0.0770419931428398	0.75	0.75	2.8	0.699178745142492	5
chr21	16155932	16156711	780	22	22.2863636363636	-0.305466780531603	0.305466780531603	-0.321006401956421	0.321006401956421	hypo	case		0.392753108802536	0.75	0.75	2.8	0.699178745142492	5
chr20	8319243	8319430	188	5	22.82	-0.150466385792286	0.150466385792286	-0.162118887993484	0.162118887993484	hypo	case		0.160634996191184	0.75	0.75	2.8	0.699178745142492	5
chr20	16777107	16777714	608	6	24.825	-0.293629526272156	0.293629526272156	-0.311131084028461	0.311131084028461	hypo	case		0.632255996362967	0.75	0.75	2.8	0.699178745142492	5
chr21	13063837	13065471	1635	28	24.3446428571429	0.199528858771226	0.199528858771226	0.19307099762229	0.19307099762229	hyper	case		0.11565744242873	0.75	0.75	2.8	0.699178745142492	5
chr21	18179208	18180571	1364	18	21.6833333333333	-0.245030547638695	0.245030547638695	-0.245210440816741	0.245210440816741	hypo	case		0.322512659843564	0.75	0.75	2.8	0.699178745142492	5
chr21	37433545	37434221	677	11	17.3590909090909	-0.279753753661555	0.279753753661555	-0.351597921329952	0.351597921329952	hypo	case		0.134416508089427	0.75	0.75	2.8	0.699178745142492	5
chr20	15802631	15803238	608	12	22.2291666666667	-0.270141844812846	0.270141844812846	-0.283390361193253	0.283390361193253	hypo	case		0.199944712527332	0.75	0.75	2.8	0.699178745142492	5
chr21	10742755	10744355	1601	22	54.6636363636364	-0.205343663065291	0.205343663065291	-0.205813187756248	0.205813187756248	hypo	case		0.61113345034029	0.75	0.75	2.8	0.699178745142492	5
chr20	9897796	9899502	1707	19	22.271052631579	-0.247556417592975	0.247556417592975	-0.279902191704549	0.279902191704549	hypo	case		0.270573886729322	0.75	0.75	2.8	0.699178745142492	5
chr20	39164761	39165610	850	19	23.4973684210526	-0.200988137515877	0.200988137515877	-0.223343503917646	0.223343503917646	hypo	case		0.167726978301082	0.75	0.75	2.8	0.699178745142492	5
chr20	5336518	5336812	295	8	20.66875	-0.176807779404531	0.176807779404531	-0.23210534706232	0.23210534706232	hypo	case		0.21205733757205	0.75	0.75	2.8	0.699178745142492	5
chr20	29651015	29651569	555	25	31.702	-0.211598190009541	0.211598190009541	-0.218479012794093	0.218479012794093	hypo	case		0.377379184429468	0.75	0.75	2.8	0.699178745142492	5
chr21	19942974	19943087	114	8	24.13125	-0.271115958308431	0.271115958308431	-0.286786688028216	0.286786688028216	hypo	case		0.202766183899787	0.75	0.75	2.8	0.699178745142492	5
chr20	39431704	39432616	913	15	20.7033333333333	-0.21281095376207	0.21281095376207	-0.211302612117079	0.211302612117079	hypo	case		0.300126851860149	0.75	0.75	2.8	0.699178745142492	5
chr21	5376731	5377177	447	7	15.3214285714286	-0.272426546165412	0.272426546165412	-0.257498577456836	0.257498577456836	hypo	case		0.113194069013257	0.75	0.75	2.8	0.699178745142492	5
chr20	42289037	42290554	1518	26	24.8730769230769	-0.288379468797972	0.288379468797972	-0.320261418020093	0.320261418020093	hypo	case		0.261098962434736	0.75	0.75	2.8	0.699178745142492	5
chr20	20590779	20591231	453	14	20.8964285714286	0.191387285215791	0.191387285215791	0.221578152024286	0.221578152024286	hyper	case		0.536028285160729	0.75	0.75	2.8	0.699178745142492	5
chr21	29832426	29832827	402	5	22.3	-0.174838807768067	0.174838807768067	-0.148709644343166	0.148709644343166	hypo	case		0.99	0.75	0.99	2.8	0.699178745142492	5
chr21	44565454	44566380	927	16	22.909375	-0.404358806862278	0.404358806862278	-0.415490112734667	0.415490112734667	hypo	case		0.39936793550509	0.75	0.75	2.8	0.699178745142492	5
chr21	24827485	24828377	893	28	21.9017857142857	-0.309859665285674	0.309859665285674	-0.284930520843744	0.284930520843744	hypo	case		0.378957079541959	0.75	0.75	2.8	0.699178745142492	5
chr20	5237187	5238372	1186	14	23.1107142857143	-0.282995782327446	0.282995782327446	-0.290851966101108	0.290851966101108	hypo	case		0.180433613099354	0.75	0.75	2.8	0.699178745142492	5
chr21	27341699	27342183	485	14	19.3464285714286	0.235544461215939	0.235544461215939	0.277703140537948	0.277703140537948	hyper	case		0.246635140743941	0.75	0.75	2.8	0.699178745142492	5
chr20	6529541	6530252	712	5	21.64	-0.141463080724772	0.141463080724772	-0.144791346133422	0.144791346133422	hypo	case		0.3324056282934	0.75	0.75	2.8	0.699178745142492	5
chr20	24275166	24276324	1159	17	20.2117647058824	-0.224534146386927	0.224534146386927	-0.235694367366965	0.235694367366965	hypo	case		0.0881440884545581	0.75	0.75	2.8	0.699178745142492	5
chr20	12781870	12782729	860	11	19.6090909090909	-0.267465047207694	0.267465047207694	-0.224035988240182	0.224035988240182	hypo	case		0.204403402651008	0.75	0.75	2.8	0.699178745142492	5
chr21	18140757	18140896	140	6	21.05	-0.181856971228984	0.181856971228984	-0.221389016413271	0.221389016413271	hypo	case		0.466635031923988	0.75	0.75	2.8	0.699178745142492	5
chr20	9286690	9286809	120	6	22.2833333333333	-0.271374777714435	0.271374777714435	-0.211506407883441	0.211506407883441	hypo	case		0.124184419101737	0.75	0.75	2.8	0.699178745142492	5
chr21	9980944	9982137	1194	18	54.4166666666667	0.203226478786985	0.203226478786985	0.190114899990779	0.190114899990779	hyper	case		0.251241327600209	0.75	0.75	2.8	0.699178745142492	5
chr20	37752819	37752882	64	6	21.5416666666667	0.24932104912074	0.24932104912074	0.23954987214506	0.23954987214506	hyper	case		0.99	0.75	0.99	2.8	0.699178745142492	5
chr20	6298965	6300771	1807	33	22.7909090909091	-0.278400883435068	0.278400883435068	-0.295476831221171	0.295476831221171	hypo	case		0.102346947046703	0.75	0.75	2.8	0.699178745142492	5
chr20	18299350	18299895	546	14	20.7285714285714	-0.431619273202902	0.431619273202902	-0.45012493906337	0.45012493906337	hypo	case		0.429193222942975	0.75	0.75	2.8	0.699178745142492	5
chr20	30688414	30688745	332	5	22.44	0.230450349644512	0.230450349644512	0.224602704393501	0.224602704393501	hyper	case		0.424258690910155	0.75	0.75	2.8	0.699178745142492	5
chr20	20218281	20218570	290	7	19.7214285714286	-0.233712632072038	0.233712632072038	-0.211631036773011	0.211631036773011	hypo	case		0.666756772835629	0.75	0.75	2.8	0.699178745142492	5
chr20	23730641	23732031	1391	22	22.0272727272727	-0.255813024163055	0.255813024163055	-0.276463288585328	0.276463288585328	hypo	case		0.644669235566922	0.75	0.75	2.8	0.699178745142492	5
chr20	40076133	40076596	464	5	22.53	0.177658545771135	0.177658545771135	0.211167541415449	0.211167541415449	hyper	case		0.732076152252853	0.75	0.75	2.8	0.699178745142492	5
chr20	17359210	17359456	247	10	20.895	0.233779554278712	0.233779554278712	0.255187085060994	0.255187085060994	hyper	case		0.452642319996239	0.75	0.75	2.8	0.699178745142492	5
chr21	13336034	13336637	604	6	21.3666666666667	0.232646297103744	0.232646297103744	0.25165014157832	0.25165014157832	hyper	case		0.764629265500746	0.75	0.764629265500746	2.8	0.699178745142492	5
chr21	21236183	21237369	1187	15	20.2166666666667	-0.215049622711808	0.215049622711808	-0.240468782261047	0.240468782261047	hypo	case		0.289557832704688	0.75	0.75	2.8	0.699178745142492	5
chr21	44826996	44827732	737	17	19.4735294117647	-0.29094926424691	0.29094926424691	-0.297518320572536	0.297518320572536	hypo	case		0.0402678440401399	0.75	0.75	2.8	0.699178745142492	5
chr20	9726391	9727088	698	12	21.9458333333333	-0.286834034682658	0.286834034682658	-0.293374372355782	0.293374372355782	hypo	case		0.412224408579728	0.75	0.75	2.8	0.699178745142492	5
chr20	13702126	13702402	277	7	21.6428571428571	-0.185725788200137	0.185725788200137	-0.209467343426802	0.209467343426802	hypo	case		0.261185128435482	0.75	0.75	2.8	0.699178745142492	5
chr21	35032290	35032522	233	5	21.54	-0.189350169175684	0.189350169175684	-0.163421696844002	0.163421696844002	hypo	case		0.651191573531485	0.75	0.75	2.8	0.699178745142492	5
chr20	17265937	17267861	1925	26	20.8711538461538	0.220874194202933	0.220874194202933	0.254421846841898	0.254421846841898	hyper	case		0.369785629030806	0.75	0.75	2.8	0.699178745142492	5
chr21	14726825	14728413	1589	24	21	-0.257740439230642	0.257740439230642	-0.278099211280178	0.278099211280178	hypo	case		0.329503896232029	0.75	0.75	2.8	0.699178745142492	5
chr20	52259256	52259547	292	6	18.7083333333333	-0.214615267006028	0.214615267006028	-0.241705540915745	0.241705540915745	hypo	case		0.0838187960053157	0.75	0.75	2.8	0.699178745142492	5
chr21	25231537	25232107	571	7	23.4642857142857	-0.230703039332902	0.230703039332902	-0.25607301224295	0.25607301224295	hypo	case		0.130781509760706	0.75	0.75	2.8	0.699178745142492	5
chr20	16078662	16079436	775	16	21.2375	-0.311425744782881	0.311425744782881	-0.353647680351412	0.353647680351412	hypo	case		0.143568147272286	0.75	0.75	2.8	0.699178745142492	5
chr21	16961392	16961795	404	5	20.03	0.124740193381498	0.124740193381498	0.206881676495827	0.206881676495827	hyper	case		0.844969409321031	0.75	0.844969409321031	2.8	0.699178745142492	5
chr20	29550381	29551775	1395	20	19.0475	-0.227676043626683	0.227676043626683	-0.24858493548885	0.24858493548885	hypo	case		0.527742850740348	0.75	0.75	2.8	0.699178745142492	5
chr21	23179900	23180878	979	19	22.9394736842105	-0.253018468893861	0.253018468893861	-0.275313137356951	0.275313137356951	hypo	case		0.127254423918434	0.75	0.75	2.8	0.699178745142492	5
chr21	26986551	26986749	199	5	19.52	-0.17015784190475	0.17015784190475	-0.16193150807923	0.16193150807923	hypo	case		0.120443638002829	0.75	0.75	2.8	0.699178745142492	5
chr20	9829324	9829816	493	5	24.73	0.0956896538197357	0.0956896538197357	0.197577229584125	0.197577229584125	hyper	case		0.278358696937419	0.75	0.75	2.8	0.699178745142492	5
chr20	15446428	15447642	1215	27	21.8037037037037	-0.321331939725003	0.321331939725003	-0.340394485643513	0.340394485643513	hypo	case		0.215234770943716	0.75	0.75	2.8	0.699178745142492	5
chr20	52353508	52353877	370	5	25.06	-0.196908735963157	0.196908735963157	-0.183263394962066	0.183263394962066	hypo	case		0.664453687244267	0.75	0.75	2.8	0.699178745142492	5
chr21	13404919	13406107	1189	49	25.4244897959184	-0.264771347018609	0.264771347018609	-0.318860164564066	0.318860164564066	hypo	case		0.46339445362922	0.75	0.75	2.8	0.699178745142492	5
chr21	18535250	18536670	1421	16	21.128125	-0.272921470967053	0.272921470967053	-0.312183182926765	0.312183182926765	hypo	case		0.301917552756747	0.75	0.75	2.8	0.699178745142492	5
chr20	45052705	45053438	734	14	18.6821428571429	-0.20928378758281	0.20928378758281	-0.252563254427406	0.252563254427406	hypo	case		0.534616249483645	0.75	0.75	2.8	0.699178745142492	5
chr20	14339540	14340386	847	5	22.28	-0.261174648380464	0.261174648380464	-0.24494865045542	0.24494865045542	hypo	case		0.130553583422788	0.75	0.75	2.8	0.699178745142492	5
chr21	29543555	29544650	1096	24	23.33125	-0.324162371133061	0.324162371133061	-0.343352376954776	0.343352376954776	hypo	case		0.151070341112415	0.75	0.75	2.8	0.699178745142492	5
chr21	17055977	17056947	971	9	21.4833333333333	-0.177710248463831	0.177710248463831	-0.228739505597282	0.228739505597282	hypo	case		0.319098844550154	0.75	0.75	2.8	0.699178745142492	5
chr20	40974458	40975112	655	10	24.66	-0.244598057350084	0.244598057350084	-0.243482667133782	0.244641633541908	hypo	case		0.85094996849458	0.75	0.85094996849458	2.8	0.699178745142492	5
chr20	55148444	55149083	640	10	19.235	-0.306745419143345	0.306745419143345	-0.326419620814838	0.326419620814838	hypo	case		0.612559273704267	0.75	0.75	2.8	0.699178745142492	5
chr21	20712042	20712794	753	20	21.6075	-0.190396187183344	0.190396187183344	-0.207872731612472	0.207872731612472	hypo	case		0.263564381154173	0.75	0.75	2.8	0.699178745142492	5
chr21	18018553	18018848	296	6	22.875	-0.22249554886656	0.22249554886656	-0.230545800052621	0.230545800052621	hypo	case		0.347497157437834	0.75	0.75	2.8	0.699178745142492	5
chr21	41027156	41028464	1309	12	23.375	-0.283361335429417	0.283361335429417	-0.327200488962667	0.327200488962667	hypo	case		0.226725343560573	0.75	0.75	2.8	0.699178745142492	5
chr20	13176854	13177156	303	8	21.925	-0.305811811213226	0.305811811213226	-0.253978741685341	0.253978741685341	hypo	case		0.348455206324277	0.75	0.75	2.8	0.699178745142492	5
chr21	23279467	23280626	1160	20	23.055	-0.27609806744896	0.27609806744896	-0.309531854516651	0.309531854516651	hypo	case		0.328188617186611	0.75	0.75	2.8	0.699178745142492	5
chr21	18901006	18901594	589	20	23.7975	-0.272236613983262	0.272236613983262	-0.276682599393187	0.276682599393187	hypo	case		0.241689458402892	0.75	0.75	2.8	0.699178745142492	5
chr20	7581541	7582935	1395	18	20.0833333333333	-0.212705825267534	0.212705825267534	-0.226423038746837	0.226423038746837	hypo	case		0.175742594047264	0.75	0.75	2.8	0.699178745142492	5
chr21	40519042	40519866	825	15	20.76	-0.293319735773044	0.293319735773044	-0.284714244182069	0.284714244182069	hypo	case		0.0897486419185677	0.75	0.75	2.8	0.699178745142492	5
chr20	6546042	6547228	1187	13	22.15	-0.237536539510652	0.237536539510652	-0.190288455433001	0.190288455433001	hypo	case		0.360642208060887	0.75	0.75	2.8	0.699178745142492	5
chr21	44718295	44718931	637	13	19.3384615384615	-0.212171257119787	0.212171257119787	-0.217305374908313	0.217305374908313	hypo	case		0.804352063367019	0.75	0.804352063367019	2.8	0.699178745142492	5
chr21	25454022	25455276	1255	16	21.34375	-0.276946338891729	0.276946338891729	-0.286623247560851	0.286623247560851	hypo	case		0.55565517718674	0.75	0.75	2.8	0.699178745142492	5
chr20	19216974	19218430	1457	35	21.2928571428571	-0.303077320519776	0.303077320519776	-0.298792021957008	0.298792021957008	hypo	case		0.99	0.75	0.99	2.8	0.699178745142492	5
chr21	34019631	34021231	1601	21	21.1309523809524	-0.211851363210059	0.211851363210059	-0.243019084797723	0.243019084797723	hypo	case		0.173358261795215	0.75	0.75	2.8	0.699178745142492	5
chr21	19915983	19917444	1462	13	23.2653846153846	-0.28059571148312	0.28059571148312	-0.239096289307736	0.239096289307736	hypo	case		0.166541899352113	0.75	0.75	2.8	0.699178745142492	5
chr20	4551544	4551972	429	10	25.095	-0.231522272654714	0.231522272654714	-0.284992871288183	0.284992871288183	hypo	case		0.55105393927647	0.75	0.75	2.8	0.699178745142492	5
chr20	54848208	54848523	316	10	23.975	0.247709883270651	0.247709883270651	0.229580241558249	0.229580241558249	hyper	case		0.375019630540851	0.75	0.75	2.8	0.699178745142492	5
chr20	30525807	30527110	1304	18	20.4972222222222	-0.27234884017279	0.27234884017279	-0.273733223485648	0.273733223485648	hypo	case		0.406183738033746	0.75	0.75	2.8	0.699178745142492	5
chr21	35866221	35867007	787	29	25.2224137931035	-0.361582963469184	0.361582963469184	-0.39441826825977	0.39441826825977	hypo	case		0.215669058631204	0.75	0.75	2.8	0.699178745142492	5
chr21	9600856	9600926	71	5	35.14	0.00587748552629064	0.00587748552629064	0.107380522907768	0.107380522907768	hyper	case		0.169960597942083	0.75	0.75	2.8	0.699178745142492	5
chr20	57865187	57865552	366	5	17.6	-0.159719653783273	0.159719653783273	-0.189906722389324	0.189906722389324	hypo	case		0.101826437492536	0.75	0.75	2.8	0.699178745142492	5
chr20	13329389	13330495	1107	16	21.0625	-0.27403006548763	0.27403006548763	-0.291081183015752	0.291081183015752	hypo	case		0.630477536474095	0.75	0.75	2.8	0.699178745142492	5
chr20	3990808	3992027	1220	26	23.1269230769231	-0.289562450692233	0.289562450692233	-0.316722690852471	0.316722690852471	hypo	case		0.697841770878352	0.75	0.75	2.8	0.699178745142492	5
chr21	40219987	40220275	289	5	22.81	0.0682042856495085	0.0682042856495085	0.114617118440284	0.125842942359156	hyper	case		0.324194001776535	0.75	0.75	2.8	0.699178745142492	5
chr21	13117535	13118120	586	6	19.8916666666667	0.152293191344134	0.152293191344134	0.147472309344149	0.17763526500734	hyper	case		0.816470970243253	0.75	0.816470970243253	2.8	0.699178745142492	5
chr21	30712257	30712550	294	5	23.34	-0.136116335313909	0.136116335313909	-0.152316321923478	0.152316321923478	hypo	case		0.449436480785758	0.75	0.75	2.8	0.699178745142492	5
chr21	13186929	13187497	569	9	20.1055555555556	-0.320407790383813	0.320407790383813	-0.329121346418059	0.329121346418059	hypo	case		0.646056588447348	0.75	0.75	2.8	0.699178745142492	5
chr20	12079148	12080293	1146	18	20.6333333333333	-0.35079521447854	0.35079521447854	-0.375143545033831	0.375143545033831	hypo	case		0.160132484068649	0.75	0.75	2.8	0.699178745142492	5
chr20	8663438	8665047	1610	19	18.4447368421053	-0.239193203998238	0.239193203998238	-0.25142805437543	0.25142805437543	hypo	case		0.430645302838844	0.75	0.75	2.8	0.699178745142492	5
chr21	30518168	30518554	387	5	16.66	-0.281125947906807	0.281125947906807	-0.27528529764883	0.27528529764883	hypo	case		0.748319247599641	0.75	0.75	2.8	0.699178745142492	5
chr20	40384130	40384462	333	6	20.6583333333333	-0.141325785440959	0.141325785440959	-0.169435235926569	0.169435235926569	hypo	case		0.0750331286388348	0.75	0.75	2.8	0.699178745142492	5
chr20	75234	75693	460	5	22.17	0.093920066492376	0.093920066492376	0.210652228848653	0.210652228848653	hyper	case		0.459895054436438	0.75	0.75	2.8	0.699178745142492	5
chr21	16678573	16679085	513	6	19.9833333333333	0.438386696941612	0.438386696941612	0.467208579752145	0.467208579752145	hyper	case		0.43447562661903	0.75	0.75	2.8	0.699178745142492	5
chr21	16230351	16230888	538	13	21.1192307692308	-0.164077062146793	0.164077062146793	-0.236001378627909	0.236001378627909	hypo	case		0.681387305919582	0.75	0.75	2.8	0.699178745142492	5
chr20	30250586	30250985	400	6	21.0916666666667	-0.233323497844661	0.233323497844661	-0.262606055521042	0.262606055521042	hypo	case		0.169251452113597	0.75	0.75	2.8	0.699178745142492	5
chr20	46613350	46614558	1209	45	21.0577777777778	-0.334559438368649	0.334559438368649	-0.326403664926878	0.326403664926878	hypo	case		0.37337014911505	0.75	0.75	2.8	0.699178745142492	5
chr21	28672576	28672933	358	6	22.1666666666667	-0.273568761617159	0.273568761617159	-0.223782781601839	0.223782781601839	hypo	case		0.31473150758979	0.75	0.75	2.8	0.699178745142492	5
chr20	10257369	10259021	1653	42	24.7559523809524	-0.272487509885904	0.272487509885904	-0.272652125517711	0.272652125517711	hypo	case		0.758363796610574	0.75	0.758363796610574	2.8	0.699178745142492	5
chr20	44058183	44058768	586	10	20.685	-0.277557262498252	0.277557262498252	-0.323965634951988	0.323965634951988	hypo	case		0.118051283820837	0.75	0.75	2.8	0.699178745142492	5
chr20	28775797	28776765	969	19	23.5315789473684	-0.247096538890127	0.247096538890127	-0.271173110240265	0.271173110240265	hypo	case		0.457772465312724	0.75	0.75	2.8	0.699178745142492	5
chr21	13057894	13059164	1271	20	21.9775	0.230803007581663	0.230803007581663	0.245859045224791	0.245859045224791	hyper	case		0.36852013547426	0.75	0.75	2.8	0.699178745142492	5
chr21	14204975	14205502	528	5	24.5	-0.181447434965258	0.181447434965258	-0.173578319948249	0.173578319948249	hypo	case		0.579475918191827	0.75	0.75	2.8	0.699178745142492	5
chr21	21644458	21645858	1401	24	20.66875	-0.295002227065177	0.295002227065177	-0.280375794590401	0.280375794590401	hypo	case		0.233923480176073	0.75	0.75	2.8	0.699178745142492	5
chr21	23276767	23278049	1283	10	21.725	-0.322855412462743	0.322855412462743	-0.319570182642701	0.319570182642701	hypo	case		0.176896660790862	0.75	0.75	2.8	0.699178745142492	5
chr20	15154266	15154738	473	7	22.5	-0.302501178319694	0.302501178319694	-0.300851392300348	0.300851392300348	hypo	case		0.10824452509012	0.75	0.75	2.8	0.699178745142492	5
chr20	42383837	42384531	695	21	21.9619047619048	-0.336135048482141	0.336135048482141	-0.362729388235889	0.362729388235889	hypo	case		0.278583201708915	0.75	0.75	2.8	0.699178745142492	5
chr20	13665977	13667293	1317	45	24.0922222222222	-0.315805437777421	0.315805437777421	-0.322080417126255	0.322080417126255	hypo	case		0.256774393167549	0.75	0.75	2.8	0.699178745142492	5
chr21	40971694	40971846	153	5	24.45	-0.251626061870307	0.251626061870307	-0.190114180100908	0.190114180100908	hypo	case		0.371786782591119	0.75	0.75	2.8	0.699178745142492	5
chr20	5550924	5552053	1130	21	21.7333333333333	0.209105299003905	0.209105299003905	0.230192629170019	0.230192629170019	hyper	case		0.189893282127875	0.75	0.75	2.8	0.699178745142492	5
chr20	8198140	8200069	1930	24	21.3791666666667	-0.336953861744141	0.336953861744141	-0.29990109414605	0.29990109414605	hypo	case		0.252244685731309	0.75	0.75	2.8	0.699178745142492	5
chr20	22712649	22712770	122	6	21.1666666666667	-0.223776448773602	0.223776448773602	-0.206707497542035	0.206707497542035	hypo	case		0.934294024821751	0.75	0.934294024821751	2.8	0.699178745142492	5
chr21	27048689	27049973	1285	29	20.05	-0.315202237310003	0.315202237310003	-0.310704809660104	0.310704809660104	hypo	case		0.120252528457393	0.75	0.75	2.8	0.699178745142492	5
chr20	20509650	20511380	1731	23	23.5717391304348	-0.300105607778326	0.300105607778326	-0.335620760488608	0.335620760488608	hypo	case		0.443755470855072	0.75	0.75	2.8	0.699178745142492	5
chr20	13137315	13137786	472	5	22.19	0.0634106825235027	0.0634106825235027	0.0370025598938144	0.0447933630454639	hyper	case		0.90597800529164	0.75	0.90597800529164	2.8	0.699178745142492	5
chr21	30758567	30759346	780	15	21.7233333333333	-0.211907811214077	0.211907811214077	-0.296044184336245	0.296044184336245	hypo	case		0.0975980014163247	0.75	0.75	2.8	0.699178745142492	5
chr20	39996716	39997347	632	8	21.85625	-0.178482121487972	0.178482121487972	-0.190536248111336	0.190536248111336	hypo	case		0.234388611615703	0.75	0.75	2.8	0.699178745142492	5
chr20	29100565	29101538	974	17	51.2088235294118	-0.336105412703518	0.336105412703518	-0.320789839746815	0.320789839746815	hypo	case		0.134142089632479	0.75	0.75	2.8	0.699178745142492	5
chr21	24409865	24410959	1095	23	21.8804347826087	-0.28963249169256	0.28963249169256	-0.306050312860532	0.306050312860532	hypo	case		0.282359357346537	0.75	0.75	2.8	0.699178745142492	5
chr20	6401695	6402707	1013	12	21.8708333333333	-0.223716070432875	0.223716070432875	-0.195554590998709	0.195554590998709	hypo	case		0.409763539827534	0.75	0.75	2.8	0.699178745142492	5
chr20	37729648	37730029	382	8	23.50625	0.21245650848767	0.21245650848767	0.269700957788513	0.269700957788513	hyper	case		0.468859313482683	0.75	0.75	2.8	0.699178745142492	5
chr20	11317931	11318990	1060	8	20.56875	-0.315980002304353	0.315980002304353	-0.296386021031688	0.296386021031688	hypo	case		0.226023883282119	0.75	0.75	2.8	0.699178745142492	5
chr20	52671431	52672133	703	7	20.9	-0.295237302302771	0.295237302302771	-0.335264237683122	0.335264237683122	hypo	case		0.288743283578878	0.75	0.75	2.8	0.699178745142492	5
chr21	20757246	20757502	257	11	22.1636363636364	-0.208734485316331	0.208734485316331	-0.24923376618597	0.24923376618597	hypo	case		0.174374115549482	0.75	0.75	2.8	0.699178745142492	5
chr20	6792296	6793987	1692	34	22.75	-0.30597442227258	0.30597442227258	-0.328672705003388	0.328672705003388	hypo	case		0.380884035134055	0.75	0.75	2.8	0.699178745142492	5
chr21	13114516	13116073	1558	31	22.1209677419355	-0.243799906870805	0.243799906870805	-0.233032931547958	0.233032931547958	hypo	case		0.28010996045999	0.75	0.75	2.8	0.699178745142492	5
chr20	804474	805254	781	5	21.77	-0.123806094889989	0.123806094889989	-0.0745780174932174	0.0745780174932174	hypo	case		0.145459449690302	0.75	0.75	2.8	0.699178745142492	5
chr20	7841699	7842127	429	8	22.85	-0.228609715724035	0.228609715724035	-0.221419468621367	0.221419468621367	hypo	case		0.361061436183472	0.75	0.75	2.8	0.699178745142492	5
chr21	24188042	24189394	1353	17	20.7794117647059	-0.29437699382355	0.29437699382355	-0.338106340320955	0.338106340320955	hypo	case		0.75688112284531	0.75	0.75688112284531	2.8	0.699178745142492	5
chr20	48352245	48353101	857	11	22.9636363636364	-0.320196728747452	0.320196728747452	-0.352396877961317	0.352396877961317	hypo	case		0.769914826029189	0.75	0.769914826029189	2.8	0.699178745142492	5
chr20	7197205	7197486	282	6	22.425	-0.201633694972264	0.201633694972264	-0.263957979457849	0.263957979457849	hypo	case		0.300030634679818	0.75	0.75	2.8	0.699178745142492	5
chr21	23187894	23188284	391	6	23.0916666666667	-0.339035953711088	0.339035953711088	-0.307981533395732	0.307981533395732	hypo	case		0.177321283663887	0.75	0.75	2.8	0.699178745142492	5
chr21	14001632	14002179	548	21	23.5404761904762	-0.271014400026762	0.271014400026762	-0.275313830367426	0.275313830367426	hypo	case		0.182123867359537	0.75	0.75	2.8	0.699178745142492	5
chr20	11907927	11908154	228	5	19.73	-0.192728351773498	0.192728351773498	-0.21489440247317	0.21489440247317	hypo	case		0.216204309001081	0.75	0.75	2.8	0.699178745142492	5
chr21	34042035	34042214	180	6	21.7916666666667	-0.299952842443544	0.299952842443544	-0.336191723682503	0.336191723682503	hypo	case		0.805171493059009	0.75	0.805171493059009	2.8	0.699178745142492	5
chr20	17150630	17151700	1071	17	25.4764705882353	-0.248847489366511	0.248847489366511	-0.238047461525052	0.238047461525052	hypo	case		0.0825461707488844	0.75	0.75	2.8	0.699178745142492	5
chr21	32914632	32914833	202	6	20.5833333333333	-0.299024049597268	0.299024049597268	-0.301283357494517	0.301283357494517	hypo	case		0.216610541290972	0.75	0.75	2.8	0.699178745142492	5
chr20	30367744	30368828	1085	13	27.6846153846154	0.197131536421779	0.197131536421779	0.24408926703448	0.24408926703448	hyper	case		0.319739335295175	0.75	0.75	2.8	0.699178745142492	5
chr20	21139902	21140037	136	6	20.0416666666667	-0.208236049105824	0.208236049105824	-0.264811472936893	0.264811472936893	hypo	case		0.702441138394737	0.75	0.75	2.8	0.699178745142492	5
chr21	20794018	20794756	739	7	22.9714285714286	0.214519126225076	0.214519126225076	0.248512412751495	0.248512412751495	hyper	case		0.170814495980223	0.75	0.75	2.8	0.699178745142492	5
chr20	54863061	54864141	1081	35	20.7742857142857	-0.328977589802218	0.328977589802218	-0.340975540790919	0.340975540790919	hypo	case		0.265109567195632	0.75	0.75	2.8	0.699178745142492	5
chr20	39540171	39540801	631	29	22.2120689655172	-0.327702973966349	0.327702973966349	-0.323085943425413	0.323085943425413	hypo	case		0.0538956548520534	0.75	0.75	2.8	0.699178745142492	5
chr21	27321733	27322389	657	12	22.1333333333333	-0.221665946216716	0.221665946216716	-0.196037995100542	0.196037995100542	hypo	case		0.276599631078731	0.75	0.75	2.8	0.699178745142492	5
chr20	37730917	37731823	907	31	22.6	-0.324066984590546	0.324066984590546	-0.336480324990077	0.336480324990077	hypo	case		0.283459461124784	0.75	0.75	2.8	0.699178745142492	5
chr20	24406181	24407233	1053	20	19.4325	-0.25467021310504	0.25467021310504	-0.271241412934999	0.271241412934999	hypo	case		0.4948779252334	0.75	0.75	2.8	0.699178745142492	5
chr20	4400159	4400660	502	5	22.03	-0.119126686577843	0.119126686577843	-0.127901431464408	0.127901431464408	hypo	case		0.0565780348689752	0.75	0.75	2.8	0.699178745142492	5
chr20	12695566	12697101	1536	38	19.1355263157895	-0.300509516735833	0.300509516735833	-0.267165455603233	0.267165455603233	hypo	case		0.203056312021086	0.75	0.75	2.8	0.699178745142492	5
chr20	11090950	11091520	571	6	22.525	-0.174933176818751	0.174933176818751	-0.208064744637236	0.208064744637236	hypo	case		0.435860210534829	0.75	0.75	2.8	0.699178745142492	5
chr20	55698568	55699952	1385	20	23.2275	-0.368269619580438	0.368269619580438	-0.378327204443867	0.378327204443867	hypo	case		0.158112681341663	0.75	0.75	2.8	0.699178745142492	5
chr20	40398035	40398992	958	51	21.7294117647059	-0.348466021794347	0.348466021794347	-0.329633868075711	0.329633868075711	hypo	case		0.257524174410542	0.75	0.75	2.8	0.699178745142492	5
chr21	30706379	30707337	959	34	23.3014705882353	-0.321770899039643	0.321770899039643	-0.307258238189919	0.307258238189919	hypo	case		0.489983656406126	0.75	0.75	2.8	0.699178745142492	5
chr21	28554797	28556676	1880	26	23.8711538461538	-0.18413281409964	0.18413281409964	-0.219533665440382	0.219533665440382	hypo	case		0.0321946205967537	0.75	0.75	2.8	0.699178745142492	5
chr20	6195588	6196223	636	9	22.1277777777778	0.236260590387823	0.236260590387823	0.246487451902915	0.246487451902915	hyper	case		0.520393780976754	0.75	0.75	2.8	0.699178745142492	5
chr21	24421514	24421599	86	5	22.91	0.358705431717521	0.358705431717521	0.38328360705646	0.38328360705646	hyper	case		0.665921554610668	0.75	0.75	2.8	0.699178745142492	5
chr21	10089153	10090106	954	11	44.7318181818182	-0.222673534100913	0.222673534100913	-0.249353484264302	0.249353484264302	hypo	case		0.197250419241265	0.75	0.75	2.8	0.699178745142492	5
chr21	34324494	34325245	752	19	22.4473684210526	-0.242409684627715	0.242409684627715	-0.286527540214066	0.286527540214066	hypo	case		0.240615057804603	0.75	0.75	2.8	0.699178745142492	5
chr20	39696110	39697468	1359	16	21.10625	-0.25615732876801	0.25615732876801	-0.25195395568602	0.25195395568602	hypo	case		0.222093560126518	0.75	0.75	2.8	0.699178745142492	5
chr21	27550888	27551568	681	8	20.60625	-0.23114504059502	0.23114504059502	-0.290235590190981	0.290235590190981	hypo	case		0.13913327355585	0.75	0.75	2.8	0.699178745142492	5
chr21	18474376	18475759	1384	26	21.3346153846154	-0.248751891983503	0.248751891983503	-0.248272339744098	0.248272339744098	hypo	case		0.99	0.75	0.99	2.8	0.699178745142492	5
chr21	22392789	22393218	430	5	22.3	-0.13949934500478	0.13949934500478	-0.187061945916405	0.187061945916405	hypo	case		0.152661331010039	0.75	0.75	2.8	0.699178745142492	5
chr21	17590565	17591042	478	9	22.3277777777778	-0.228292327606033	0.228292327606033	-0.214292560120599	0.214292560120599	hypo	case		0.980146101147076	0.75	0.980146101147076	2.8	0.699178745142492	5
chr20	30721678	30722075	398	5	21.54	-0.242278994900316	0.242278994900316	-0.199825907799509	0.199825907799509	hypo	case		0.442513921927658	0.75	0.75	2.8	0.699178745142492	5
chr20	4277270	4278663	1394	25	24.448	-0.260622021246431	0.260622021246431	-0.302100787126916	0.302100787126916	hypo	case		0.456395792267844	0.75	0.75	2.8	0.699178745142492	5
chr20	16304962	16305237	276	12	22.225	-0.272763308942288	0.272763308942288	-0.246582401789485	0.246582401789485	hypo	case		0.446956388618987	0.75	0.75	2.8	0.699178745142492	5
chr20	22714670	22715294	625	9	22.6722222222222	-0.309898923462388	0.309898923462388	-0.2720835060705	0.2720835060705	hypo	case		0.501855036996368	0.75	0.75	2.8	0.699178745142492	5
chr20	39185971	39186227	257	5	23.25	-0.237560380246014	0.237560380246014	-0.207410649238446	0.207410649238446	hypo	case		0.121692283385835	0.75	0.75	2.8	0.699178745142492	5
chr20	28905149	28905914	766	13	46.9230769230769	-0.167095287925663	0.167095287925663	-0.218618810674763	0.218618810674763	hypo	case		0.200475796742386	0.75	0.75	2.8	0.699178745142492	5
chr20	22832898	22834443	1546	24	21.525	-0.240158489342248	0.240158489342248	-0.229152915071906	0.229152915071906	hypo	case		0.612478644426273	0.75	0.75	2.8	0.699178745142492	5
chr21	19110592	19112427	1836	18	21.9805555555556	-0.161941059735919	0.161941059735919	-0.206749965384946	0.206749965384946	hypo	case		0.353335358976677	0.75	0.75	2.8	0.699178745142492	5
chr20	45738545	45738771	227	6	19.7083333333333	-0.247610171345714	0.247610171345714	-0.27672998337469	0.27672998337469	hypo	case		0.262275558047709	0.75	0.75	2.8	0.699178745142492	5
chr20	18324657	18325318	662	8	23.01875	-0.22596364768917	0.22596364768917	-0.201678775163924	0.201678775163924	hypo	case		0.463610338680341	0.75	0.75	2.8	0.699178745142492	5
chr20	44445258	44446779	1522	18	23.4027777777778	-0.185000158397381	0.185000158397381	-0.273376380238282	0.273376380238282	hypo	case		0.166863991242381	0.75	0.75	2.8	0.699178745142492	5
chr21	25549876	25551391	1516	30	21.38	-0.240808008625502	0.240808008625502	-0.234173288478925	0.234173288478925	hypo	case		0.119637563055081	0.75	0.75	2.8	0.699178745142492	5
chr21	20064088	20064817	730	11	19.2409090909091	-0.249217108851599	0.249217108851599	-0.294605673328171	0.294605673328171	hypo	case		0.285142911251214	0.75	0.75	2.8	0.699178745142492	5
chr20	29572920	29573927	1008	17	16.9588235294118	0.208516299124852	0.208516299124852	0.18368557625571	0.18368557625571	hyper	case		0.292676104406456	0.75	0.75	2.8	0.699178745142492	5
chr20	15931557	15932113	557	20	23.4275	-0.411856580804239	0.411856580804239	-0.405313120669763	0.405313120669763	hypo	case		0.399964812213344	0.75	0.75	2.8	0.699178745142492	5
chr21	18602484	18603577	1094	14	21.7571428571429	0.224942186536807	0.224942186536807	0.252942739829072	0.252942739829072	hyper	case		0.306195463708785	0.75	0.75	2.8	0.699178745142492	5
chr21	9883882	9884740	859	14	63.7678571428572	-0.282527948647153	0.282527948647153	-0.283870523364164	0.283870523364164	hypo	case		0.410239973257102	0.75	0.75	2.8	0.699178745142492	5
chr20	13670655	13670823	169	5	20.35	0.155325661937135	0.155325661937135	0.14612897971978	0.14612897971978	hyper	case		0.370088969950668	0.75	0.75	2.8	0.699178745142492	5
chr20	20681017	20681775	759	20	19.6275	-0.311123240112203	0.311123240112203	-0.282135211832811	0.282135211832811	hypo	case		0.127016918171677	0.75	0.75	2.8	0.699178745142492	5
chr21	6688862	6690545	1684	9	11.4944444444444	-0.209358665571901	0.209358665571901	-0.222242837236845	0.222242837236845	hypo	case		0.679564100219419	0.75	0.75	2.8	0.699178745142492	5
chr21	46589256	46589962	707	16	19.946875	-0.259102402092177	0.259102402092177	-0.292816366338977	0.292816366338977	hypo	case		0.527094574189141	0.75	0.75	2.8	0.699178745142492	5
chr20	12994355	12995278	924	14	20.4071428571429	-0.309422414861984	0.309422414861984	-0.32383373411725	0.32383373411725	hypo	case		0.688319328209343	0.75	0.75	2.8	0.699178745142492	5
chr20	55311873	55313268	1396	16	20.921875	-0.286563232078043	0.286563232078043	-0.271643956887439	0.271643956887439	hypo	case		0.272750443288926	0.75	0.75	2.8	0.699178745142492	5
chr21	9885469	9886458	990	12	59.575	-0.223087327789546	0.223087327789546	-0.2136964516881	0.2136964516881	hypo	case		0.168968205416172	0.75	0.75	2.8	0.699178745142492	5
chr20	55183118	55183302	185	5	20.42	0.0506360966461586	0.0506360966461586	0.00592929923450658	0.0367863961187467	hyper	case		0.343482970995468	0.75	0.75	2.8	0.699178745142492	5
chr20	30713959	30715691	1733	33	21.1272727272727	-0.275769986136517	0.275769986136517	-0.281726557961452	0.281726557961452	hypo	case		0.43130305675944	0.75	0.75	2.8	0.699178745142492	5
chr20	9338047	9339248	1202	15	21.2466666666667	-0.233207258427847	0.233207258427847	-0.21013067830244	0.21013067830244	hypo	case		0.99	0.75	0.99	2.8	0.699178745142492	5
chr20	76623	76688	66	6	23.05	-0.332235298791998	0.332235298791998	-0.333292784672677	0.333292784672677	hypo	case		0.130124607696237	0.75	0.75	2.8	0.699178745142492	5
chr21	17598247	17598634	388	5	20.28	0.177627807540843	0.177627807540843	0.217757433973441	0.217757433973441	hyper	case		0.0326336172545292	0.75	0.75	2.8	0.699178745142492	5
chr20	20198738	20198967	230	5	17.3	0.0174811935198921	0.0174811935198921	0.0875859815885512	0.123935045048945	hyper	case		0.336615500514203	0.75	0.75	2.8	0.699178745142492	5
chr20	11049647	11050481	835	6	19.7833333333333	-0.289874263654164	0.289874263654164	-0.276695449039257	0.276695449039257	hypo	case		0.338101587049719	0.75	0.75	2.8	0.699178745142492	5
chr20	29530515	29531886	1372	15	17.1633333333333	-0.222016102957066	0.222016102957066	-0.245879935762669	0.245879935762669	hypo	case		0.0626731266881007	0.75	0.75	2.8	0.699178745142492	5
chr20	40671459	40673384	1926	34	19.8235294117647	-0.349418674787753	0.349418674787753	-0.319150894467305	0.319150894467305	hypo	case		0.117618529172186	0.75	0.75	2.8	0.699178745142492	5
chr20	18880978	18881409	432	5	22.89	-0.199001514408551	0.199001514408551	-0.216167976155406	0.216167976155406	hypo	case		0.577759098969861	0.75	0.75	2.8	0.699178745142492	5
chr21	13778682	13779071	390	5	18.52	-0.195679877170471	0.195679877170471	-0.152066576512227	0.152066576512227	hypo	case		0.415748837148792	0.75	0.75	2.8	0.699178745142492	5
chr20	14278465	14279215	751	7	20.0785714285714	0.260294281436552	0.260294281436552	0.236287338541188	0.236287338541188	hyper	case		0.776058170794926	0.75	0.776058170794926	2.8	0.699178745142492	5
chr21	14146847	14147624	778	12	22.5208333333333	-0.245122731151321	0.245122731151321	-0.27867882320713	0.27867882320713	hypo	case		0.740012151219862	0.75	0.75	2.8	0.699178745142492	5
chr20	52310742	52311482	741	25	23.108	-0.203335716053208	0.203335716053208	-0.256510113931326	0.256510113931326	hypo	case		0.25075595536279	0.75	0.75	2.8	0.699178745142492	5
chr21	20965267	20966087	821	9	23.2722222222222	-0.179713679826731	0.179713679826731	-0.185400633099642	0.185400633099642	hypo	case		0.180912703118578	0.75	0.75	2.8	0.699178745142492	5
chr20	22532659	22533137	479	8	22.49375	-0.235525192357391	0.235525192357391	-0.276807580593126	0.276807580593126	hypo	case		0.0459254404197424	0.75	0.75	2.8	0.699178745142492	5
chr20	29732235	29733014	780	11	22.7863636363636	-0.16556125353121	0.16556125353121	-0.213071556318821	0.213071556318821	hypo	case		0.31587144576757	0.75	0.75	2.8	0.699178745142492	5
chr21	13080226	13080467	242	9	23.4444444444444	0.249509274052256	0.249509274052256	0.304270550149843	0.304270550149843	hyper	case		0.291747095291202	0.75	0.75	2.8	0.699178745142492	5
chr20	8403335	8403630	296	7	21.25	-0.356385786040585	0.356385786040585	-0.324498018936434	0.324498018936434	hypo	case		0.323081748816585	0.75	0.75	2.8	0.699178745142492	5
chr20	11012104	11013530	1427	18	24.0527777777778	-0.214021347031418	0.214021347031418	-0.249132834915563	0.249132834915563	hypo	case		0.80667837039589	0.75	0.80667837039589	2.8	0.699178745142492	5
chr21	22744607	22744984	378	5	20.27	-0.229305923767308	0.229305923767308	-0.249602086922799	0.249602086922799	hypo	case		0.388365893882569	0.75	0.75	2.8	0.699178745142492	5
chr20	8498180	8499349	1170	39	26.7064102564103	-0.338807087421938	0.338807087421938	-0.345099735989738	0.345099735989738	hypo	case		0.198578763764328	0.75	0.75	2.8	0.699178745142492	5
chr21	29820544	29820837	294	5	23.8	-0.20296532375363	0.20296532375363	-0.214992335099402	0.214992335099402	hypo	case		0.53635653039104	0.75	0.75	2.8	0.699178745142492	5
chr21	14762565	14763173	609	9	22.4444444444444	0.31150435654602	0.31150435654602	0.322636527206922	0.322636527206922	hyper	case		0.261408416292139	0.75	0.75	2.8	0.699178745142492	5
chr21	18091006	18092376	1371	20	18.865	-0.286336795310579	0.286336795310579	-0.323534038204158	0.323534038204158	hypo	case		0.489821051069205	0.75	0.75	2.8	0.699178745142492	5
chr20	9083317	9083811	495	9	17.65	0.176297142502806	0.176297142502806	0.191021034377001	0.191021034377001	hyper	case		0.64193642329322	0.75	0.75	2.8	0.699178745142492	5
chr20	42457516	42458180	665	11	21.1454545454545	-0.297548827450784	0.297548827450784	-0.259580540622319	0.259580540622319	hypo	case		0.551085199665804	0.75	0.75	2.8	0.699178745142492	5
chr20	21883484	21883951	468	7	20.0642857142857	-0.344202589917424	0.344202589917424	-0.352655100218467	0.352655100218467	hypo	case		0.275582459449167	0.75	0.75	2.8	0.699178745142492	5
chr20	54714647	54716480	1834	30	19.6316666666667	-0.214026169708473	0.214026169708473	-0.226731495965117	0.226731495965117	hypo	case		0.646582842299858	0.75	0.75	2.8	0.699178745142492	5
chr20	21211267	21212698	1432	24	23.1958333333333	-0.329215471426676	0.329215471426676	-0.367443157265375	0.367443157265375	hypo	case		0.822417050074962	0.75	0.822417050074962	2.8	0.699178745142492	5
chr21	37935086	37936817	1732	24	25.1833333333333	-0.295070092210927	0.295070092210927	-0.34905310528875	0.34905310528875	hypo	case		0.289588871014798	0.75	0.75	2.8	0.699178745142492	5
chr20	25911781	25911921	141	5	24.08	-0.129085906471891	0.129085906471891	-0.200714125921713	0.200714125921713	hypo	case		0.342572427309803	0.75	0.75	2.8	0.699178745142492	5
chr20	16303605	16304016	412	12	21.075	0.270925467547553	0.270925467547553	0.243264990665368	0.243264990665368	hyper	case		0.145753323310902	0.75	0.75	2.8	0.699178745142492	5
chr21	16356160	16357810	1651	53	21.927358490566	-0.41009717370979	0.41009717370979	-0.414923295035819	0.414923295035819	hypo	case		0.119159836141288	0.75	0.75	2.8	0.699178745142492	5
chr20	2914728	2914894	167	12	21.5416666666667	0.189379316194651	0.189379316194651	0.22690048845536	0.22690048845536	hyper	case		0.415530949772891	0.75	0.75	2.8	0.699178745142492	5
chr20	34593292	34593374	83	6	24.6666666666667	-0.225467735938518	0.225467735938518	-0.216810792195465	0.216810792195465	hypo	case		0.151681037232687	0.75	0.75	2.8	0.699178745142492	5
chr20	60194564	60195004	441	7	19.7214285714286	0.0946031857587421	0.0946031857587421	0.169805296153694	0.194036754382962	hyper	case		0.202529833251678	0.75	0.75	2.8	0.699178745142492	5
chr20	4521203	4522678	1476	54	21.4657407407407	-0.31854990854901	0.31854990854901	-0.328313191543711	0.328313191543711	hypo	case		0.485257404816877	0.75	0.75	2.8	0.699178745142492	5
chr21	43086827	43087956	1130	5	12.44	0.201788077118959	0.201788077118959	0.193211250388619	0.193211250388619	hyper	case		0.141478061745334	0.75	0.75	2.8	0.699178745142492	5
chr20	41032129	41033203	1075	18	23.3194444444444	0.184913903589549	0.184913903589549	0.241349379887527	0.241349379887527	hyper	case		0.748099554232006	0.75	0.75	2.8	0.699178745142492	5
chr20	22605473	22606167	695	17	21.7323529411765	-0.211622330469318	0.211622330469318	-0.197353122563673	0.197353122563673	hypo	case		0.362539058789868	0.75	0.75	2.8	0.699178745142492	5
chr20	18932863	18933269	407	12	20.7041666666667	-0.282026705638952	0.282026705638952	-0.346707522411238	0.346707522411238	hypo	case		0.410410107025257	0.75	0.75	2.8	0.699178745142492	5
chr21	21597652	21598463	812	10	20.89	-0.230748096677274	0.230748096677274	-0.237435285027696	0.237435285027696	hypo	case		0.356329906367796	0.75	0.75	2.8	0.699178745142492	5
chr21	27453815	27454568	754	10	20.185	-0.347944797043305	0.347944797043305	-0.398587662552025	0.398587662552025	hypo	case		0.22449522855333	0.75	0.75	2.8	0.699178745142492	5
chr20	43880939	43881362	424	9	21.0555555555556	-0.334419600549463	0.334419600549463	-0.344573052485652	0.344573052485652	hypo	case		0.286296076836728	0.75	0.75	2.8	0.699178745142492	5
chr21	18532753	18533772	1020	20	21.2225	-0.28369533495531	0.28369533495531	-0.283833782442106	0.283833782442106	hypo	case		0.117396914144556	0.75	0.75	2.8	0.699178745142492	5
chr20	34634622	34634812	191	8	21.85625	0.290792317312718	0.290792317312718	0.304823093627255	0.304823093627255	hyper	case		0.586772182014116	0.75	0.75	2.8	0.699178745142492	5
chr20	9362946	9363959	1014	16	22.934375	0.213255234611218	0.213255234611218	0.240219985035272	0.240219985035272	hyper	case		0.287019433989808	0.75	0.75	2.8	0.699178745142492	5
chr21	15449771	15450314	544	5	22.35	-0.281128830304218	0.281128830304218	-0.229075783090991	0.229075783090991	hypo	case		0.746253565379555	0.75	0.75	2.8	0.699178745142492	5
chr21	12394637	12395672	1036	6	10.325	-0.22111322337256	0.22111322337256	-0.248606087338062	0.248606087338062	hypo	case		0.388877214811998	0.75	0.75	2.8	0.699178745142492	5
chr20	29729214	29729580	367	6	24.45	0.227867671885502	0.227867671885502	0.23913252224253	0.23913252224253	hyper	case		0.201654174734912	0.75	0.75	2.8	0.699178745142492	5
chr21	46026151	46026863	713	12	22.0041666666667	-0.327775902790129	0.327775902790129	-0.371426340594096	0.371426340594096	hypo	case		0.514078637587118	0.75	0.75	2.8	0.699178745142492	5
chr21	13973398	13973794	397	8	23.24375	-0.190738980218152	0.190738980218152	-0.226850505245957	0.226850505245957	hypo	case		0.203476743600475	0.75	0.75	2.8	0.699178745142492	5
chr20	39466492	39467945	1454	20	22.495	-0.242289726851349	0.242289726851349	-0.268692482335187	0.268692482335187	hypo	case		0.0710579464140923	0.75	0.75	2.8	0.699178745142492	5
chr20	15988199	15989637	1439	15	19.81	-0.353655575097492	0.353655575097492	-0.318457691789298	0.318457691789298	hypo	case		0.15597673647014	0.75	0.75	2.8	0.699178745142492	5
chr21	5330917	5331466	550	10	11.785	0.226454814454766	0.226454814454766	0.227541418518958	0.227541418518958	hyper	case		0.186621871619223	0.75	0.75	2.8	0.699178745142492	5
chr20	55413849	55414019	171	6	21.4916666666667	-0.256664554371308	0.256664554371308	-0.281148769545865	0.281148769545865	hypo	case		0.145416861290213	0.75	0.75	2.8	0.699178745142492	5
chr21	28822616	28823709	1094	10	20.125	-0.292594356075604	0.292594356075604	-0.279770826195365	0.279770826195365	hypo	case		0.529207294408668	0.75	0.75	2.8	0.699178745142492	5
chr21	10993166	10994044	879	8	14.26875	0.315556384736193	0.315556384736193	0.322183133432549	0.322183133432549	hyper	case		0.280601282775424	0.75	0.75	2.8	0.699178745142492	5
chr21	34292142	34293570	1429	13	22.5538461538462	-0.343670954549001	0.343670954549001	-0.35506363534915	0.35506363534915	hypo	case		0.449822744528689	0.75	0.75	2.8	0.699178745142492	5
chr20	13073280	13075122	1843	25	20.676	-0.351643546558037	0.351643546558037	-0.364851731516824	0.364851731516824	hypo	case		0.298288145850743	0.75	0.75	2.8	0.699178745142492	5
chr20	40411958	40413342	1385	38	22.3039473684211	-0.331961680074953	0.331961680074953	-0.357600615627727	0.357600615627727	hypo	case		0.582869985590677	0.75	0.75	2.8	0.699178745142492	5
chr21	37432431	37432932	502	5	16.98	-0.154032433960451	0.154032433960451	-0.18032853717126	0.18032853717126	hypo	case		0.415586167782394	0.75	0.75	2.8	0.699178745142492	5
chr21	6651092	6651933	842	20	15.865	-0.3108073396285	0.3108073396285	-0.344772109032312	0.344772109032312	hypo	case		0.134217993953387	0.75	0.75	2.8	0.699178745142492	5
chr21	28243086	28243485	400	6	18.275	0.305074143115129	0.305074143115129	0.298740902216055	0.298740902216055	hyper	case		0.31994802810944	0.75	0.75	2.8	0.699178745142492	5
chr21	24974517	24974820	304	11	23.1	-0.238013619370816	0.238013619370816	-0.256928337916469	0.256928337916469	hypo	case		0.269392027678434	0.75	0.75	2.8	0.699178745142492	5
chr20	9878068	9878378	311	5	21.57	0.11069252500309	0.11069252500309	0.137193964686444	0.171106568611841	hyper	case		0.140603574272479	0.75	0.75	2.8	0.699178745142492	5
chr21	13394950	13395533	584	12	22.1416666666667	-0.226651889544814	0.226651889544814	-0.251348373066327	0.251348373066327	hypo	case		0.471564805636561	0.75	0.75	2.8	0.699178745142492	5
chr20	19175531	19176325	795	11	21.3181818181818	-0.153948053830987	0.153948053830987	-0.18748965716712	0.18748965716712	hypo	case		0.291585187075986	0.75	0.75	2.8	0.699178745142492	5
chr20	40529006	40529851	846	15	20.8133333333333	-0.290887505261075	0.290887505261075	-0.290830544075198	0.290830544075198	hypo	case		0.703402680878821	0.75	0.75	2.8	0.699178745142492	5
chr21	34498521	34500386	1866	27	22.3148148148148	-0.255140615484536	0.255140615484536	-0.25149572641114	0.25149572641114	hypo	case		0.197145596472819	0.75	0.75	2.8	0.699178745142492	5
chr20	51213033	51214487	1455	22	21.6113636363636	-0.225783440275266	0.225783440275266	-0.265571117466051	0.265571117466051	hypo	case		0.537171644245796	0.75	0.75	2.8	0.699178745142492	5
chr20	10491188	10492331	1144	16	21.23125	-0.251020163592031	0.251020163592031	-0.260818664214667	0.260818664214667	hypo	case		0.370349212682592	0.75	0.75	2.8	0.699178745142492	5
chr21	42199200	42199542	343	10	21.225	0.170992959223093	0.170992959223093	0.181500277808791	0.181500277808791	hyper	case		0.0720908014224989	0.75	0.75	2.8	0.699178745142492	5
chr21	24577156	24578542	1387	24	23.0625	-0.294586025932633	0.294586025932633	-0.321328391660201	0.321328391660201	hypo	case		0.215346799106908	0.75	0.75	2.8	0.699178745142492	5
chr20	2425798	2425861	64	6	19.575	-0.312710707430372	0.312710707430372	-0.31000222148965	0.31000222148965	hypo	case		0.397334677051937	0.75	0.75	2.8	0.699178745142492	5
chr20	40459534	40459873	340	10	22.095	-0.220024901171616	0.220024901171616	-0.259516262917432	0.259516262917432	hypo	case		0.16441961118869	0.75	0.75	2.8	0.699178745142492	5
chr20	37371859	37373602	1744	46	24.8978260869565	-0.332351233203379	0.332351233203379	-0.319769018114853	0.319769018114853	hypo	case		0.391585728646484	0.75	0.75	2.8	0.699178745142492	5
chr21	19449562	19450144	583	7	19.65	-0.230665222504489	0.230665222504489	-0.179713619240611	0.179713619240611	hypo	case		0.228478545751954	0.75	0.75	2.8	0.699178745142492	5
chr20	42248022	42248767	746	25	24.046	-0.192598091339785	0.192598091339785	-0.241965998555438	0.241965998555438	hypo	case		0.179627495646958	0.75	0.75	2.8	0.699178745142492	5
chr20	9094630	9095412	783	11	20.2545454545455	0.265548810435046	0.265548810435046	0.285012577378697	0.285012577378697	hyper	case		0.262127021168606	0.75	0.75	2.8	0.699178745142492	5
chr20	15567396	15568383	988	17	21.1411764705882	-0.264818469839414	0.264818469839414	-0.275945889260126	0.275945889260126	hypo	case		0.241895402885693	0.75	0.75	2.8	0.699178745142492	5
chr20	29500248	29501511	1264	16	64.01875	-0.233605566873596	0.233605566873596	-0.250440271645682	0.250440271645682	hypo	case		0.0792100066645239	0.75	0.75	2.8	0.699178745142492	5
chr21	21380786	21381530	745	13	20.7269230769231	0.337952804100535	0.337952804100535	0.361718573909945	0.361718573909945	hyper	case		0.548739849182263	0.75	0.75	2.8	0.699178745142492	5
chr21	19443458	19443770	313	5	24.89	-0.300933811599321	0.300933811599321	-0.327443506801697	0.327443506801697	hypo	case		0.505571220136638	0.75	0.75	2.8	0.699178745142492	5
chr20	24071012	24071824	813	12	18.475	-0.320652503029842	0.320652503029842	-0.316727045423415	0.316727045423415	hypo	case		0.320221489512739	0.75	0.75	2.8	0.699178745142492	5
chr21	17070800	17071982	1183	21	23.1476190476191	-0.31537420723785	0.31537420723785	-0.32240329103956	0.32240329103956	hypo	case		0.39178340946258	0.75	0.75	2.8	0.699178745142492	5
chr20	6364773	6365301	529	12	20.6541666666667	-0.234509658603212	0.234509658603212	-0.211395973827449	0.211395973827449	hypo	case		0.336026172018974	0.75	0.75	2.8	0.699178745142492	5
chr21	40099209	40100016	808	12	22.9666666666667	-0.20563403076386	0.20563403076386	-0.232207936987248	0.232207936987248	hypo	case		0.37046032791976	0.75	0.75	2.8	0.699178745142492	5
chr21	26985251	26985885	635	10	19.735	-0.359252057739181	0.359252057739181	-0.378843007888255	0.378843007888255	hypo	case		0.224045664473462	0.75	0.75	2.8	0.699178745142492	5
chr21	13780133	13781724	1592	14	16.7035714285714	0.274220099126347	0.274220099126347	0.260911944674159	0.260911944674159	hyper	case		0.228487021440129	0.75	0.75	2.8	0.699178745142492	5
chr21	24381507	24382522	1016	16	20.70625	-0.219349055236877	0.219349055236877	-0.18948609087833	0.18948609087833	hypo	case		0.483023924799733	0.75	0.75	2.8	0.699178745142492	5
chr20	10726103	10727674	1572	34	22.7705882352941	-0.243049142655827	0.243049142655827	-0.253516486510796	0.253516486510796	hypo	case		0.504738683805385	0.75	0.75	2.8	0.699178745142492	5
chr21	18577186	18578256	1071	14	21.8892857142857	-0.379843076879121	0.379843076879121	-0.384462802126621	0.384462802126621	hypo	case		0.540109658685332	0.75	0.75	2.8	0.699178745142492	5
chr20	13536964	13537503	540	8	19.9875	-0.371999579365078	0.371999579365078	-0.342586862508878	0.342586862508878	hypo	case		0.359171955473028	0.75	0.75	2.8	0.699178745142492	5
chr20	11414466	11414667	202	5	22.94	-0.132692914693761	0.132692914693761	-0.127863542969624	0.127863542969624	hypo	case		0.378874611924425	0.75	0.75	2.8	0.699178745142492	5
chr21	24106397	24108300	1904	18	20.3333333333333	0.24888793488543	0.24888793488543	0.266284920384836	0.266284920384836	hyper	case		0.10015790773697	0.75	0.75	2.8	0.699178745142492	5
chr21	30246587	30247104	518	10	21.52	-0.217208459249082	0.217208459249082	-0.245889809147073	0.245889809147073	hypo	case		0.437249443531656	0.75	0.75	2.8	0.699178745142492	5
chr20	19897144	19898258	1115	23	22.2173913043478	-0.351026341252998	0.351026341252998	-0.35055534629176	0.35055534629176	hypo	case		0.176836445947739	0.75	0.75	2.8	0.699178745142492	5
chr20	32068876	32069705	830	23	22.2	-0.291277592020013	0.291277592020013	-0.302304416521313	0.302304416521313	hypo	case		0.295978571865327	0.75	0.75	2.8	0.699178745142492	5
chr20	45978315	45979051	737	8	20.93125	0.218714901227134	0.218714901227134	0.286170216273992	0.286170216273992	hyper	case		0.657522634338865	0.75	0.75	2.8	0.699178745142492	5
chr21	15122308	15122431	124	8	18.9625	0.273021635664062	0.273021635664062	0.283982580445363	0.283982580445363	hyper	case		0.452649767863285	0.75	0.75	2.8	0.699178745142492	5
chr21	10047540	10048957	1418	26	32.0480769230769	-0.261866439606085	0.261866439606085	-0.28476741827912	0.28476741827912	hypo	case		0.452349999922444	0.75	0.75	2.8	0.699178745142492	5
chr21	30359226	30359423	198	5	24.63	-0.177859694850302	0.177859694850302	-0.262809150726374	0.262809150726374	hypo	case		0.511293707646834	0.75	0.75	2.8	0.699178745142492	5
chr20	40039067	40039619	553	8	22.2	-0.228151772761627	0.228151772761627	-0.219486929836289	0.219486929836289	hypo	case		0.0858661387745383	0.75	0.75	2.8	0.699178745142492	5
chr20	30672521	30674059	1539	18	22.8694444444444	-0.273139126899509	0.273139126899509	-0.274350978411597	0.274350978411597	hypo	case		0.2659684779639	0.75	0.75	2.8	0.699178745142492	5
chr20	40754593	40756312	1720	21	21.9357142857143	-0.275345481184428	0.275345481184428	-0.296115140970029	0.296115140970029	hypo	case		0.0623367195837898	0.75	0.75	2.8	0.699178745142492	5
chr21	16705745	16705965	221	12	21.2583333333333	-0.378737941741325	0.378737941741325	-0.355581663949191	0.355581663949191	hypo	case		0.173418374121184	0.75	0.75	2.8	0.699178745142492	5
chr20	16979729	16980307	579	12	21.725	-0.416552903676653	0.416552903676653	-0.398969695186406	0.398969695186406	hypo	case		0.456703677422209	0.75	0.75	2.8	0.699178745142492	5
chr20	52441024	52441993	970	12	18.85	0.193536356669482	0.193536356669482	0.208900920381548	0.208900920381548	hyper	case		0.283974860868878	0.75	0.75	2.8	0.699178745142492	5
chr20	5343047	5344042	996	7	18.3928571428571	-0.225025379997079	0.225025379997079	-0.24584863243367	0.24584863243367	hypo	case		0.497757738858377	0.75	0.75	2.8	0.699178745142492	5
chr20	7408131	7409432	1302	20	19.995	-0.23107514962718	0.23107514962718	-0.258952020716553	0.258952020716553	hypo	case		0.17996956211953	0.75	0.75	2.8	0.699178745142492	5
chr21	23305614	23306442	829	5	22.02	0.162709339220695	0.162709339220695	0.183538951244207	0.183538951244207	hyper	case		0.261575003629952	0.75	0.75	2.8	0.699178745142492	5
chr20	8076547	8077256	710	8	20.21875	0.301760006428838	0.301760006428838	0.276172270366579	0.276172270366579	hyper	case		0.0847298526169867	0.75	0.75	2.8	0.699178745142492	5
chr21	37106811	37107096	286	8	21.71875	-0.252592626901013	0.252592626901013	-0.299248012189753	0.299248012189753	hypo	case		0.730741588136077	0.75	0.75	2.8	0.699178745142492	5
chr21	32903709	32904508	800	5	22.3	-0.128498740207559	0.128498740207559	-0.139298551771051	0.139298551771051	hypo	case		0.437849647841081	0.75	0.75	2.8	0.699178745142492	5
chr21	25242006	25243021	1016	27	25.4722222222222	-0.277183335740618	0.277183335740618	-0.297167775704333	0.297167775704333	hypo	case		0.63027218393243	0.75	0.75	2.8	0.699178745142492	5
chr20	30819654	30820185	532	5	55.4	0.356370385890023	0.356370385890023	0.343029426459194	0.343029426459194	hyper	case		0.72392335974493	0.75	0.75	2.8	0.699178745142492	5
chr21	10548042	10549179	1138	13	42.0923076923077	0.319978430046543	0.319978430046543	0.305120178894174	0.305120178894174	hyper	case		0.399451170514942	0.75	0.75	2.8	0.699178745142492	5
chr20	42458687	42458819	133	5	21.71	0.153483846715944	0.153483846715944	0.131708060368378	0.131708060368378	hyper	case		0.842036508732079	0.75	0.842036508732079	2.8	0.699178745142492	5
chr21	22983312	22983521	210	5	23.12	-0.304333236334615	0.304333236334615	-0.247462338507883	0.247462338507883	hypo	case		0.592724672036918	0.75	0.75	2.8	0.699178745142492	5
chr21	22145749	22146495	747	7	11.2357142857143	-0.173262694096027	0.173262694096027	-0.178139962650518	0.178139962650518	hypo	case		0.370797129536309	0.75	0.75	2.8	0.699178745142492	5
chr20	14126271	14127197	927	11	22.7545454545455	0.184239861476491	0.184239861476491	0.167881566744327	0.167881566744327	hyper	case		0.346590034628795	0.75	0.75	2.8	0.699178745142492	5
chr20	40288832	40289989	1158	18	21.25	-0.197384859376825	0.197384859376825	-0.214803786884058	0.214803786884058	hypo	case		0.180406784413307	0.75	0.75	2.8	0.699178745142492	5
chr21	9875702	9876041	340	6	66.9833333333333	0.357226288943673	0.357226288943673	0.354557465431236	0.354557465431236	hyper	case		0.213899780609818	0.75	0.75	2.8	0.699178745142492	5
chr21	37906378	37907443	1066	19	22.6921052631579	0.274186909710617	0.274186909710617	0.31444413131399	0.31444413131399	hyper	case		0.181548602553296	0.75	0.75	2.8	0.699178745142492	5
chr20	25731889	25732724	836	9	25.3444444444444	-0.280242735680095	0.280242735680095	-0.3252832128276	0.3252832128276	hypo	case		0.268892250238929	0.75	0.75	2.8	0.699178745142492	5
chr20	14004728	14004915	188	5	22.67	-0.269282819333755	0.269282819333755	-0.308040742884723	0.308040742884723	hypo	case		0.843217608595025	0.75	0.843217608595025	2.8	0.699178745142492	5
chr21	30244287	30245039	753	9	20.6277777777778	-0.26403422381268	0.26403422381268	-0.241583131858975	0.241583131858975	hypo	case		0.518189767202411	0.75	0.75	2.8	0.699178745142492	5
chr20	14281452	14282736	1285	31	21.9435483870968	-0.340919167940917	0.340919167940917	-0.331402185758961	0.331402185758961	hypo	case		0.601143058598549	0.75	0.75	2.8	0.699178745142492	5
chr20	52915253	52915596	344	6	20.65	-0.33014792968552	0.33014792968552	-0.337953653458535	0.337953653458535	hypo	case		0.387549906137233	0.75	0.75	2.8	0.699178745142492	5
chr21	16336905	16338674	1770	30	23.135	-0.295545301893069	0.295545301893069	-0.305027889405699	0.305027889405699	hypo	case		0.352447446351659	0.75	0.75	2.8	0.699178745142492	5
chr21	17595709	17597123	1415	14	21.0571428571429	-0.313538117336896	0.313538117336896	-0.289546904270855	0.289546904270855	hypo	case		0.543301649295743	0.75	0.75	2.8	0.699178745142492	5
chr20	5813998	5814252	255	19	20.8894736842105	-0.341008835727929	0.341008835727929	-0.35992458682254	0.35992458682254	hypo	case		0.296760483577404	0.75	0.75	2.8	0.699178745142492	5
chr20	17528471	17529356	886	17	20.7647058823529	-0.288714916189761	0.288714916189761	-0.259066510142798	0.259066510142798	hypo	case		0.203424814587812	0.75	0.75	2.8	0.699178745142492	5
chr20	48407738	48408218	481	20	21.435	-0.226957428563924	0.226957428563924	-0.243542850302871	0.243542850302871	hypo	case		0.579683033372191	0.75	0.75	2.8	0.699178745142492	5
chr21	14301093	14302416	1324	29	23.4931034482759	-0.304036778460616	0.304036778460616	-0.284006952475802	0.284006952475802	hypo	case		0.279007882001241	0.75	0.75	2.8	0.699178745142492	5
chr21	18972057	18973977	1921	15	19.1666666666667	-0.264970792450477	0.264970792450477	-0.283267596261913	0.283267596261913	hypo	case		0.311450521380085	0.75	0.75	2.8	0.699178745142492	5
chr20	56939111	56940316	1206	27	21.9148148148148	-0.316097730958412	0.316097730958412	-0.283407053206786	0.283407053206786	hypo	case		0.249942321575957	0.75	0.75	2.8	0.699178745142492	5
chr21	20143957	20144489	533	5	21.68	-0.11029059919054	0.11029059919054	-0.0950256584162857	0.0950256584162857	hypo	case		0.167626785786428	0.75	0.75	2.8	0.699178745142492	5
chr21	46074930	46075543	614	10	20.51	-0.293512421775852	0.293512421775852	-0.306480181422621	0.306480181422621	hypo	case		0.613366976708125	0.75	0.75	2.8	0.699178745142492	5
chr21	21370022	21370606	585	5	21.84	-0.200855859780943	0.200855859780943	-0.178966657749406	0.178966657749406	hypo	case		0.289253250706964	0.75	0.75	2.8	0.699178745142492	5
chr21	14658977	14659231	255	8	22.31875	0.247822000068672	0.247822000068672	0.272577873466441	0.272577873466441	hyper	case		0.324330145383329	0.75	0.75	2.8	0.699178745142492	5
chr20	34795050	34795525	476	11	19.2909090909091	0.185911079440071	0.185911079440071	0.213681237625823	0.213681237625823	hyper	case		0.139851757785786	0.75	0.75	2.8	0.699178745142492	5
chr20	24212419	24213053	635	26	23.1673076923077	-0.232578889220024	0.232578889220024	-0.250979674382496	0.250979674382496	hypo	case		0.344418251929813	0.75	0.75	2.8	0.699178745142492	5
chr20	14243560	14243705	146	5	24.33	-0.196000646256211	0.196000646256211	-0.263715002269721	0.263715002269721	hypo	case		0.643487243400136	0.75	0.75	2.8	0.699178745142492	5
chr20	3529943	3530862	920	21	20.9214285714286	-0.317558435764308	0.317558435764308	-0.308578352878609	0.308578352878609	hypo	case		0.866304428006579	0.75	0.866304428006579	2.8	0.699178745142492	5
chr21	18302776	18304417	1642	23	21.9304347826087	-0.262488766879603	0.262488766879603	-0.268394545541595	0.268394545541595	hypo	case		0.169782341694252	0.75	0.75	2.8	0.699178745142492	5
chr20	31305626	31305956	331	5	21.92	0.218984065819099	0.218984065819099	0.23613301689639	0.23613301689639	hyper	case		0.237744774051163	0.75	0.75	2.8	0.699178745142492	5
chr20	8405238	8405492	255	11	20.6818181818182	-0.298854701733476	0.298854701733476	-0.298903868774284	0.298903868774284	hypo	case		0.932739518492003	0.75	0.932739518492003	2.8	0.699178745142492	5
chr20	8080456	8081309	854	27	21.187037037037	-0.268981432856346	0.268981432856346	-0.298760838636221	0.298760838636221	hypo	case		0.146277154610314	0.75	0.75	2.8	0.699178745142492	5
chr20	13573943	13574306	364	8	20.7625	-0.325142726182586	0.325142726182586	-0.263388819873858	0.263388819873858	hypo	case		0.0486866824670503	0.75	0.75	2.8	0.699178745142492	5
chr20	3654220	3655807	1588	46	21.0326086956522	0.341011384263541	0.341011384263541	0.365453132487447	0.365453132487447	hyper	case		0.0655324864032305	0.75	0.75	2.8	0.699178745142492	5
chr21	27900926	27901500	575	12	22.3125	-0.204355975417918	0.204355975417918	-0.215595231895804	0.215595231895804	hypo	case		0.519395866732434	0.75	0.75	2.8	0.699178745142492	5
chr20	46873778	46874236	459	11	18.4227272727273	-0.398499186033427	0.398499186033427	-0.391405851605709	0.391405851605709	hypo	case		0.150362301251035	0.75	0.75	2.8	0.699178745142492	5
chr21	17964156	17964379	224	10	21.275	-0.350295519836515	0.350295519836515	-0.370755604474873	0.370755604474873	hypo	case		0.354693940926762	0.75	0.75	2.8	0.699178745142492	5
chr20	20471468	20471687	220	8	20.9625	0.232282961184932	0.232282961184932	0.166444184108688	0.166444184108688	hyper	case		0.360655054257748	0.75	0.75	2.8	0.699178745142492	5
chr21	16753328	16753866	539	6	22.5833333333333	-0.305316167921486	0.305316167921486	-0.354948193931841	0.354948193931841	hypo	case		0.599829702324249	0.75	0.75	2.8	0.699178745142492	5
chr21	24639014	24640163	1150	28	22.875	-0.416568459171444	0.416568459171444	-0.439326958222577	0.439326958222577	hypo	case		0.730105122828335	0.75	0.75	2.8	0.699178745142492	5
chr21	23155228	23155660	433	5	24.49	-0.345739827797022	0.345739827797022	-0.297772181342586	0.297772181342586	hypo	case		0.292429032891337	0.75	0.75	2.8	0.699178745142492	5
chr20	14208458	14208959	502	5	19.02	-0.115111066978394	0.115111066978394	-0.207610078992504	0.207610078992504	hypo	case		0.047414521570255	0.75	0.75	2.8	0.699178745142492	5
chr21	9595493	9595782	290	13	20.7153846153846	-0.285075406118363	0.285075406118363	-0.296286638291867	0.296286638291867	hypo	case		0.147931886454185	0.75	0.75	2.8	0.699178745142492	5
chr20	22696044	22697706	1663	28	20.3035714285714	-0.294929200607124	0.294929200607124	-0.303490676452567	0.303490676452567	hypo	case		0.438602559539008	0.75	0.75	2.8	0.699178745142492	5
chr20	45158317	45158945	629	8	23.79375	0.247262788170672	0.247262788170672	0.213279342468107	0.213279342468107	hyper	case		0.389599816355085	0.75	0.75	2.8	0.699178745142492	5
chr20	17146544	17147477	934	16	22.084375	-0.221047744046053	0.221047744046053	-0.26367254028157	0.26367254028157	hypo	case		0.258416261315347	0.75	0.75	2.8	0.699178745142492	5
chr21	29272721	29273043	323	5	21.99	-0.211792869306761	0.211792869306761	-0.232634493612846	0.232634493612846	hypo	case		0.545726582370223	0.75	0.75	2.8	0.699178745142492	5
chr20	56084064	56084723	660	7	22.3642857142857	0.157226437482192	0.157226437482192	0.158536013966372	0.158536013966372	hyper	case		0.652006276502157	0.75	0.75	2.8	0.699178745142492	5
chr21	17967732	17968320	589	10	19.415	-0.223291972419059	0.223291972419059	-0.239056897804342	0.239056897804342	hypo	case		0.516554629797612	0.75	0.75	2.8	0.699178745142492	5
chr20	23003811	23005446	1636	19	22.1026315789474	-0.249127346815409	0.249127346815409	-0.240913355192414	0.240913355192414	hypo	case		0.430754672876325	0.75	0.75	2.8	0.699178745142492	5
chr21	14701854	14702392	539	5	22.6	0.130999118641527	0.130999118641527	0.1320066830799	0.1320066830799	hyper	case		0.891497537868719	0.75	0.891497537868719	2.8	0.699178745142492	5
chr20	20354219	20354775	557	12	23.7708333333333	-0.297915197936812	0.297915197936812	-0.319227221519368	0.319227221519368	hypo	case		0.375206136572066	0.75	0.75	2.8	0.699178745142492	5
chr20	38819415	38821155	1741	56	22.0526785714286	-0.285153216191565	0.285153216191565	-0.298292363603836	0.298292363603836	hypo	case		0.404860490021344	0.75	0.75	2.8	0.699178745142492	5
chr21	15121040	15121722	683	14	21.5571428571429	0.221261577391592	0.221261577391592	0.205826723116665	0.214932605829359	hyper	case		0.260932999085289	0.75	0.75	2.8	0.699178745142492	5
chr20	36283586	36283738	153	5	24.16	-0.10537638568235	0.10537638568235	-0.117802547204387	0.117802547204387	hypo	case		0.693638604301338	0.75	0.75	2.8	0.699178745142492	5
chr21	21652651	21653530	880	16	22.9	-0.215302143667123	0.215302143667123	-0.227894090894202	0.227894090894202	hypo	case		0.220112079300988	0.75	0.75	2.8	0.699178745142492	5
chr20	37073817	37075519	1703	48	23.66875	-0.305545679480512	0.305545679480512	-0.295118444683415	0.295118444683415	hypo	case		0.392645287323841	0.75	0.75	2.8	0.699178745142492	5
chr21	15516826	15517253	428	5	21.94	-0.191741028010007	0.191741028010007	-0.194109160972344	0.194109160972344	hypo	case		0.676580046427233	0.75	0.75	2.8	0.699178745142492	5
chr20	26204553	26206283	1731	17	20.9441176470588	-0.290382568576648	0.290382568576648	-0.233308970154328	0.233308970154328	hypo	case		0.678348122537678	0.75	0.75	2.8	0.699178745142492	5
chr21	13645290	13646215	926	15	12.79	0.13424441364888	0.13424441364888	0.193408994638129	0.193408994638129	hyper	case		0.421905891173664	0.75	0.75	2.8	0.699178745142492	5
chr21	18173026	18174367	1342	19	19.8973684210526	-0.3138714122583	0.3138714122583	-0.350006842200027	0.350006842200027	hypo	case		0.99	0.75	0.99	2.8	0.699178745142492	5
chr21	26567541	26568609	1069	14	19.8607142857143	-0.138027496515054	0.138027496515054	-0.177981705200496	0.189695902029945	hypo	case		0.44962414479327	0.75	0.75	2.8	0.699178745142492	5
chr21	21666587	21667856	1270	12	21.5291666666667	0.204672908082336	0.204672908082336	0.230460985146936	0.232244587676214	hyper	case		0.565675313159644	0.75	0.75	2.8	0.699178745142492	5
chr20	11680396	11681523	1128	18	21.9388888888889	-0.273400107088655	0.273400107088655	-0.27282712268841	0.27282712268841	hypo	case		0.43156716823036	0.75	0.75	2.8	0.699178745142492	5
chr20	14145880	14146677	798	45	23.3244444444444	-0.338963090678833	0.338963090678833	-0.327365722750034	0.327365722750034	hypo	case		0.681508259681967	0.75	0.75	2.8	0.699178745142492	5
chr21	30431465	30432094	630	12	21.9958333333333	-0.316675520543597	0.316675520543597	-0.318010861641718	0.318010861641718	hypo	case		0.186005191006511	0.75	0.75	2.8	0.699178745142492	5
chr20	8754090	8755057	968	11	22.4136363636364	0.215856900816043	0.215856900816043	0.248032098994188	0.248032098994188	hyper	case		0.450626372112894	0.75	0.75	2.8	0.699178745142492	5
chr21	26354652	26355242	591	8	24.19375	-0.227850445007505	0.227850445007505	-0.238457238473389	0.238457238473389	hypo	case		0.424045749286056	0.75	0.75	2.8	0.699178745142492	5
chr21	19723533	19724684	1152	16	23.184375	-0.266527066644685	0.266527066644685	-0.273340900762735	0.273340900762735	hypo	case		0.26714392339681	0.75	0.75	2.8	0.699178745142492	5
chr21	14484775	14486375	1601	11	21.5045454545455	-0.368547845743131	0.368547845743131	-0.386211105214627	0.386211105214627	hypo	case		0.353297663805595	0.75	0.75	2.8	0.699178745142492	5
chr21	35519802	35520621	820	30	23.9083333333333	0.276788295322694	0.276788295322694	0.272982091249482	0.272982091249482	hyper	case		0.431555204791227	0.75	0.75	2.8	0.699178745142492	5
chr21	8559902	8560321	420	27	16.6444444444444	-0.317139117927161	0.317139117927161	-0.339598118146109	0.339598118146109	hypo	case		0.14351354479816	0.75	0.75	2.8	0.699178745142492	5
chr20	9124227	9124462	236	5	21.03	-0.291724990451041	0.291724990451041	-0.345215662071235	0.345215662071235	hypo	case		0.495601972649094	0.75	0.75	2.8	0.699178745142492	5
chr21	26352155	26353821	1667	27	24.8444444444444	-0.272921404208216	0.272921404208216	-0.291141215955312	0.291141215955312	hypo	case		0.267414254705771	0.75	0.75	2.8	0.699178745142492	5
chr21	25995289	25996750	1462	35	19.6414285714286	-0.200314632263162	0.200314632263162	-0.202615291471716	0.202615291471716	hypo	case		0.212784947995579	0.75	0.75	2.8	0.699178745142492	5
chr21	19078058	19078380	323	19	20.8894736842105	-0.300199996411061	0.300199996411061	-0.345851098630889	0.345851098630889	hypo	case		0.0971502629998991	0.75	0.75	2.8	0.699178745142492	5
chr20	31410668	31411779	1112	14	21.2214285714286	0.169344839450988	0.169344839450988	0.202237431633485	0.202237431633485	hyper	case		0.16281206157766	0.75	0.75	2.8	0.699178745142492	5
chr20	47552667	47554157	1491	36	25.25	-0.346475806905268	0.346475806905268	-0.332875797634788	0.332875797634788	hypo	case		0.424904472477141	0.75	0.75	2.8	0.699178745142492	5
chr21	23581499	23582003	505	9	20.3	-0.236055719555518	0.236055719555518	-0.308086868257906	0.308086868257906	hypo	case		0.234730902220332	0.75	0.75	2.8	0.699178745142492	5
chr20	2986818	2988475	1658	22	19.8977272727273	-0.270622806806496	0.270622806806496	-0.278703668186613	0.278703668186613	hypo	case		0.360741470177776	0.75	0.75	2.8	0.699178745142492	5
chr21	40366785	40367234	450	10	21.06	-0.243928413874293	0.243928413874293	-0.304851376542866	0.304851376542866	hypo	case		0.129107746034836	0.75	0.75	2.8	0.699178745142492	5
chr20	32412662	32414192	1531	38	22.3776315789474	-0.333363568439842	0.333363568439842	-0.361414650338519	0.361414650338519	hypo	case		0.562504219698752	0.75	0.75	2.8	0.699178745142492	5
chr20	33118408	33119512	1105	18	23.1583333333333	-0.249116593843797	0.249116593843797	-0.270980740845094	0.270980740845094	hypo	case		0.28674034026665	0.75	0.75	2.8	0.699178745142492	5
chr21	18452034	18452952	919	22	22.0318181818182	-0.285613806218939	0.285613806218939	-0.239257465483636	0.239257465483636	hypo	case		0.435901391166061	0.75	0.75	2.8	0.699178745142492	5
chr20	14617766	14618656	891	14	21.4714285714286	0.292292508858758	0.292292508858758	0.292334661510263	0.292334661510263	hyper	case		0.150187737407128	0.75	0.75	2.8	0.699178745142492	5
chr21	17149881	17150059	179	5	19.55	-0.285032717740922	0.285032717740922	-0.284718942900947	0.284718942900947	hypo	case		0.205202137307279	0.75	0.75	2.8	0.699178745142492	5
chr20	14568322	14569784	1463	18	21.6694444444444	-0.269310788410167	0.269310788410167	-0.223640697823947	0.223640697823947	hypo	case		0.29038127706205	0.75	0.75	2.8	0.699178745142492	5
chr20	29086313	29086586	274	17	141.120588235294	-0.242072298252977	0.242072298252977	-0.245611752633434	0.245611752633434	hypo	case		0.44166064055073	0.75	0.75	2.8	0.699178745142492	5
chr20	3389904	3390761	858	17	24.3411764705882	0.227748482039737	0.227748482039737	0.216861085656265	0.216861085656265	hyper	case		0.493208413393276	0.75	0.75	2.8	0.699178745142492	5
chr21	29246385	29247354	970	20	21.565	-0.305187919187068	0.305187919187068	-0.297202469126858	0.297202469126858	hypo	case		0.242456347652469	0.75	0.75	2.8	0.699178745142492	5
chr21	28501753	28502129	377	37	21.8554054054054	-0.331358253080107	0.331358253080107	-0.321708891402202	0.321708891402202	hypo	case		0.336597616877145	0.75	0.75	2.8	0.699178745142492	5
chr20	14689464	14689788	325	7	22.7928571428571	-0.335491601386455	0.335491601386455	-0.351572829861131	0.351572829861131	hypo	case		0.0881169578987073	0.75	0.75	2.8	0.699178745142492	5
chr21	18803697	18805320	1624	28	22.2339285714286	-0.350537814862795	0.350537814862795	-0.327309278055384	0.327309278055384	hypo	case		0.335321787587522	0.75	0.75	2.8	0.699178745142492	5
chr21	13188197	13188794	598	14	21.8535714285714	0.300888222485015	0.300888222485015	0.282312027546208	0.282312027546208	hyper	case		0.760917726429333	0.75	0.760917726429333	2.8	0.699178745142492	5
chr21	13212768	13213303	536	6	18.7583333333333	0.255242468585245	0.255242468585245	0.257003684297655	0.257003684297655	hyper	case		0.273595176643519	0.75	0.75	2.8	0.699178745142492	5
chr21	17132193	17132385	193	8	18.825	-0.27466538504794	0.27466538504794	-0.270134348871585	0.270134348871585	hypo	case		0.78473036620816	0.75	0.78473036620816	2.8	0.699178745142492	5
chr21	6045328	6046581	1254	11	9.83636363636364	-0.302808857808858	0.302808857808858	-0.360935768080653	0.360935768080653	hypo	case		0.110524630715896	0.75	0.75	2.8	0.699178745142492	5
chr20	45460556	45462424	1869	25	22.4	-0.275814860779728	0.275814860779728	-0.282994399834456	0.282994399834456	hypo	case		0.247450584858541	0.75	0.75	2.8	0.699178745142492	5
chr20	28787472	28788610	1139	15	54.2966666666667	-0.211857135610325	0.211857135610325	-0.224031431626468	0.224031431626468	hypo	case		0.263882441276486	0.75	0.75	2.8	0.699178745142492	5
chr20	9980726	9981426	701	5	23.42	-0.172956211417193	0.172956211417193	-0.167301977617656	0.167301977617656	hypo	case		0.528430864915136	0.75	0.75	2.8	0.699178745142492	5
chr21	5868979	5869785	807	5	12.01	0.156647834986651	0.156647834986651	0.152331239191219	0.152331239191219	hyper	case		0.685329578428726	0.75	0.75	2.8	0.699178745142492	5
chr20	41868770	41869352	583	8	23.3125	-0.225149145062037	0.225149145062037	-0.221682480334733	0.221682480334733	hypo	case		0.0249284019565931	0.75	0.75	2.8	0.699178745142492	5
chr21	21149580	21150044	465	5	18.82	0.0925047876399766	0.0925047876399766	0.0955236565411657	0.146390116651777	hyper	case		0.678206397825977	0.75	0.75	2.8	0.699178745142492	5
chr20	197306	198936	1631	26	21.6980769230769	-0.362142070294466	0.362142070294466	-0.341197661611224	0.341197661611224	hypo	case		0.0805101043794104	0.75	0.75	2.8	0.699178745142492	5
chr21	23518723	23519251	529	13	22.5153846153846	-0.220334787204066	0.220334787204066	-0.218040689944769	0.221311822848523	hypo	case		0.549265929293553	0.75	0.75	2.8	0.699178745142492	5
chr20	41662310	41663020	711	8	20.20625	0.269926904789527	0.269926904789527	0.271795423168409	0.271795423168409	hyper	case		0.561332939884543	0.75	0.75	2.8	0.699178745142492	5
chr20	13725016	13726346	1331	21	22.4380952380952	-0.196139313730001	0.196139313730001	-0.213003995115799	0.213003995115799	hypo	case		0.355879538786798	0.75	0.75	2.8	0.699178745142492	5
chr20	12402270	12402900	631	16	23.353125	-0.311690959887716	0.311690959887716	-0.307062002673401	0.307062002673401	hypo	case		0.290888443447116	0.75	0.75	2.8	0.699178745142492	5
chr21	41576422	41576681	260	7	24.8714285714286	0.1906232034569	0.1906232034569	0.22490430629786	0.22490430629786	hyper	case		0.6360958218873	0.75	0.75	2.8	0.699178745142492	5
chr20	7694334	7695347	1014	13	20.9961538461538	0.287533331734099	0.287533331734099	0.261698851179768	0.261698851179768	hyper	case		0.340107972730255	0.75	0.75	2.8	0.699178745142492	5
chr20	29427407	29428283	877	78	23.3474358974359	-0.252316367067214	0.252316367067214	-0.296257921956322	0.296257921956322	hypo	case		0.062362665158844	0.75	0.75	2.8	0.699178745142492	5
chr20	29378058	29378529	472	16	27.771875	-0.253764970326631	0.253764970326631	-0.286159280240294	0.286159280240294	hypo	case		0.61495147211664	0.75	0.75	2.8	0.699178745142492	5
chr20	37460043	37460335	293	5	23.3	-0.175517559013926	0.175517559013926	-0.194569676855613	0.194569676855613	hypo	case		0.244220609724139	0.75	0.75	2.8	0.699178745142492	5
chr20	37294697	37295992	1296	24	21.6895833333333	0.236299422331644	0.236299422331644	0.23286978865881	0.23286978865881	hyper	case		0.224841039537848	0.75	0.75	2.8	0.699178745142492	5
chr21	25334212	25335801	1590	29	22.7586206896552	-0.330130885206013	0.330130885206013	-0.339792661508523	0.339792661508523	hypo	case		0.744393015875386	0.75	0.75	2.8	0.699178745142492	5
chr21	34771472	34772217	746	15	24.44	-0.258748433981755	0.258748433981755	-0.239837736542663	0.239837736542663	hypo	case		0.297828095145718	0.75	0.75	2.8	0.699178745142492	5
chr20	16928448	16929205	758	14	25.2928571428572	-0.285105261967781	0.285105261967781	-0.314988884238184	0.314988884238184	hypo	case		0.421662797998037	0.75	0.75	2.8	0.699178745142492	5
chr20	30838125	30838548	424	8	71.26875	0.235110200270848	0.235110200270848	0.249135985682815	0.249135985682815	hyper	case		0.374117694133364	0.75	0.75	2.8	0.699178745142492	5
chr21	27133204	27133297	94	6	22.6583333333333	-0.236511923360956	0.236511923360956	-0.239351657813485	0.239351657813485	hypo	case		0.320403203607267	0.75	0.75	2.8	0.699178745142492	5
chr20	38553055	38554165	1111	22	19.4522727272727	-0.328609227051717	0.328609227051717	-0.340829125921417	0.340829125921417	hypo	case		0.457971641762446	0.75	0.75	2.8	0.699178745142492	5
chr21	23194288	23194627	340	8	20.325	-0.233546645587501	0.233546645587501	-0.251521346737536	0.251521346737536	hypo	case		0.22182741542307	0.75	0.75	2.8	0.699178745142492	5
chr21	25267847	25267966	120	5	19.15	0.135311902448967	0.135311902448967	0.143799996658991	0.143799996658991	hyper	case		0.363973360375708	0.75	0.75	2.8	0.699178745142492	5
chr21	17312646	17312908	263	7	22.3357142857143	-0.25113582991232	0.25113582991232	-0.195023028848712	0.195023028848712	hypo	case		0.306582954479546	0.75	0.75	2.8	0.699178745142492	5
chr20	55406641	55408096	1456	25	22.75	-0.28480539932204	0.28480539932204	-0.250470165536917	0.250470165536917	hypo	case		0.7058372941753	0.75	0.75	2.8	0.699178745142492	5
chr21	17004637	17006125	1489	20	25.3075	-0.254362357755189	0.254362357755189	-0.258052409999959	0.258052409999959	hypo	case		0.217264177434091	0.75	0.75	2.8	0.699178745142492	5
chr20	10814767	10815555	789	6	19.5833333333333	-0.247874367640453	0.247874367640453	-0.223879900559522	0.223879900559522	hypo	case		0.303719983403699	0.75	0.75	2.8	0.699178745142492	5
chr20	60044645	60045109	465	5	18.3	0.315103071577074	0.315103071577074	0.330238961808539	0.330238961808539	hyper	case		0.185031710837786	0.75	0.75	2.8	0.699178745142492	5
chr21	27667049	27667621	573	9	20.9555555555556	-0.213601920582571	0.213601920582571	-0.257087307687458	0.257087307687458	hypo	case		0.135292422297837	0.75	0.75	2.8	0.699178745142492	5
chr21	14993219	14994649	1431	38	23.6684210526316	-0.296129819388938	0.296129819388938	-0.283329613441618	0.283329613441618	hypo	case		0.356062158510135	0.75	0.75	2.8	0.699178745142492	5
chr21	15015991	15017822	1832	38	21.8763157894737	-0.319645581427736	0.319645581427736	-0.315048502924173	0.315048502924173	hypo	case		0.28349222734102	0.75	0.75	2.8	0.699178745142492	5
chr20	6843966	6845106	1141	30	21.1016666666667	-0.397162687823094	0.397162687823094	-0.433513615582333	0.433513615582333	hypo	case		0.267065769951643	0.75	0.75	2.8	0.699178745142492	5
chr20	7077985	7079390	1406	22	23.9704545454545	-0.345392582869628	0.345392582869628	-0.367147313618972	0.367147313618972	hypo	case		0.103986280246699	0.75	0.75	2.8	0.699178745142492	5
chr20	63146394	63147162	769	10	22.825	-0.234122692912083	0.234122692912083	-0.283669577004435	0.283669577004435	hypo	case		0.180664866395271	0.75	0.75	2.8	0.699178745142492	5
chr20	7086919	7087011	93	6	22.5416666666667	-0.352696986721905	0.352696986721905	-0.335436221423548	0.335436221423548	hypo	case		0.311645494352865	0.75	0.75	2.8	0.699178745142492	5
chr20	40138840	40139732	893	6	21.7416666666667	-0.196371041638294	0.196371041638294	-0.200464899696434	0.200464899696434	hypo	case		0.268903972759966	0.75	0.75	2.8	0.699178745142492	5
chr21	8819007	8820534	1528	135	35.4537037037037	-0.282427017975037	0.282427017975037	-0.277169876307616	0.277169876307616	hypo	case		0.490190328463965	0.75	0.75	2.8	0.699178745142492	5
chr20	56074569	56075753	1185	15	23.2	-0.313266877976989	0.313266877976989	-0.333914869534914	0.333914869534914	hypo	case		0.553709886924416	0.75	0.75	2.8	0.699178745142492	5
chr21	16175543	16176471	929	12	21.1875	-0.357650246876989	0.357650246876989	-0.361330291508156	0.361330291508156	hypo	case		0.172022925335739	0.75	0.75	2.8	0.699178745142492	5
chr20	21069142	21069786	645	30	18.405	-0.285182955521132	0.285182955521132	-0.272286297976177	0.272286297976177	hypo	case		0.22416186994533	0.75	0.75	2.8	0.699178745142492	5
chr21	19547909	19549056	1148	18	20.9861111111111	-0.276234190535869	0.276234190535869	-0.231890055829699	0.231890055829699	hypo	case		0.536846538815387	0.75	0.75	2.8	0.699178745142492	5
chr20	23761682	23763194	1513	17	22.2294117647059	-0.214103031390179	0.214103031390179	-0.257761768806274	0.257761768806274	hypo	case		0.212663129525211	0.75	0.75	2.8	0.699178745142492	5
chr20	8463725	8464691	967	8	21.05	-0.327980477718557	0.327980477718557	-0.267065558580376	0.267065558580376	hypo	case		0.258308638870631	0.75	0.75	2.8	0.699178745142492	5
chr20	39386291	39386774	484	6	22.1416666666667	-0.245559971486598	0.245559971486598	-0.225340224302642	0.225340224302642	hypo	case		0.533608886407512	0.75	0.75	2.8	0.699178745142492	5
chr20	37239752	37240820	1069	23	21.8869565217391	-0.285917093811275	0.285917093811275	-0.291557205740504	0.291557205740504	hypo	case		0.551809342067063	0.75	0.75	2.8	0.699178745142492	5
chr21	45185891	45186078	188	5	23.27	-0.51005443565386	0.51005443565386	-0.483875948070001	0.483875948070001	hypo	case		0.282526715679412	0.75	0.75	2.8	0.699178745142492	5
chr20	42128753	42129052	300	12	19.4458333333333	-0.303378375912313	0.303378375912313	-0.299433518892055	0.299433518892055	hypo	case		0.260171975297125	0.75	0.75	2.8	0.699178745142492	5
chr21	20660486	20661740	1255	17	25.6411764705882	-0.232546935107862	0.232546935107862	-0.24025164512036	0.24025164512036	hypo	case		0.634610250173793	0.75	0.75	2.8	0.699178745142492	5
chr20	18307383	18307422	40	5	24.17	-0.377957162051003	0.377957162051003	-0.374994927043084	0.374994927043084	hypo	case		0.408844455585598	0.75	0.75	2.8	0.699178745142492	5
chr21	14489318	14489840	523	11	20.8227272727273	-0.257271101103063	0.257271101103063	-0.293957551672717	0.293957551672717	hypo	case		0.501727108629823	0.75	0.75	2.8	0.699178745142492	5
chr20	60853353	60854060	708	17	19.0617647058824	-0.198193087354532	0.198193087354532	-0.203425776968108	0.203425776968108	hypo	case		0.3605478506795	0.75	0.75	2.8	0.699178745142492	5
chr20	118100	119717	1618	13	22.5115384615385	-0.292878847947195	0.292878847947195	-0.287732564765787	0.287732564765787	hypo	case		0.382076034432461	0.75	0.75	2.8	0.699178745142492	5
chr21	45728697	45729855	1159	18	24.1833333333333	-0.2195135506391	0.2195135506391	-0.253393182046506	0.253393182046506	hypo	case		0.471928401028022	0.75	0.75	2.8	0.699178745142492	5
chr21	19946064	19947849	1786	24	23.2833333333333	-0.286440354256751	0.286440354256751	-0.236816640943461	0.236816640943461	hypo	case		0.437071966186224	0.75	0.75	2.8	0.699178745142492	5
chr20	41082694	41083335	642	5	22.89	-0.330769716378423	0.330769716378423	-0.256686816961773	0.256686816961773	hypo	case		0.199410389166181	0.75	0.75	2.8	0.699178745142492	5
chr20	5462852	5463771	920	24	22.4270833333333	0.232180466251057	0.232180466251057	0.240454846809969	0.240454846809969	hyper	case		0.41146253187191	0.75	0.75	2.8	0.699178745142492	5
chr20	11622293	11622484	192	5	20.44	-0.168403261289047	0.168403261289047	-0.141591942832317	0.141591942832317	hypo	case		0.409495478063459	0.75	0.75	2.8	0.699178745142492	5
chr20	9962591	9964118	1528	15	19.6266666666667	-0.290648203518496	0.290648203518496	-0.312072713596436	0.312072713596436	hypo	case		0.273131647200896	0.75	0.75	2.8	0.699178745142492	5
chr21	18673327	18673753	427	6	20.2333333333333	-0.236179002242162	0.236179002242162	-0.245873157917951	0.245873157917951	hypo	case		0.0547687310241175	0.75	0.75	2.8	0.699178745142492	5
chr20	13016589	13017899	1311	10	22.315	-0.329899970932518	0.329899970932518	-0.331437699098602	0.331437699098602	hypo	case		0.143394188391833	0.75	0.75	2.8	0.699178745142492	5
chr21	17007560	17008350	791	16	24.259375	-0.283242637972197	0.283242637972197	-0.307634670839865	0.307634670839865	hypo	case		0.166874995721129	0.75	0.75	2.8	0.699178745142492	5
chr20	13887473	13887833	361	5	23.17	-0.167049689749161	0.167049689749161	-0.190553578313922	0.190553578313922	hypo	case		0.121815116496564	0.75	0.75	2.8	0.699178745142492	5
chr21	30483471	30483820	350	6	22.7333333333333	-0.335776029097764	0.335776029097764	-0.355991775783516	0.355991775783516	hypo	case		0.179640130191949	0.75	0.75	2.8	0.699178745142492	5
chr21	17183901	17183995	95	7	12.05	-0.32916305186042	0.32916305186042	-0.289294070241295	0.289294070241295	hypo	case		0.35819756370288	0.75	0.75	2.8	0.699178745142492	5
chr21	10391232	10391819	588	14	91.85	-0.209558334100888	0.209558334100888	-0.218514222921333	0.218514222921333	hypo	case		0.185013598504772	0.75	0.75	2.8	0.699178745142492	5
chr20	41221883	41222659	777	11	19.8636363636364	-0.315297914169482	0.315297914169482	-0.263827539865857	0.263827539865857	hypo	case		0.755845889430485	0.75	0.755845889430485	2.8	0.699178745142492	5
