seqnames	start	end	width	num_sites	cov	delta_beta	delta_beta_abs	intended_delta_beta	intended_delta_beta_abs	direction	case_group	genome	background_corr_target	expected_correlation	corr_target	corr_sd_used	corr_metric_estimate	neighbor_window
chr21	35593156	35596666	3511	68	19.8183823529412	-0.228472260536797	0.228472260536797	-0.246675349151857	0.246675349151857	hypo	case		0.159648446225605	0.66	0.66	1.2	0.660966753580126	5
chr20	28925394	28929151	3758	76	24.8914473684211	-0.185791620700981	0.185791620700981	-0.175533051540859	0.175533051540859	hypo	case		0.274484075061134	0.66	0.66	1.2	0.660966753580126	5
chr21	35402761	35405978	3218	87	21.1281609195402	-0.325649853004084	0.325649853004084	-0.333156619140684	0.333156619140684	hypo	case		0.321507680474681	0.66	0.66	1.2	0.660966753580126	5
chr20	59658397	59660487	2091	54	24.6787037037037	-0.233346458805439	0.233346458805439	-0.247964217922547	0.247964217922547	hypo	case		0.323330239232369	0.66	0.66	1.2	0.660966753580126	5
chr20	48533765	48537386	3622	82	21.5487804878049	-0.252926063171193	0.252926063171193	-0.271757725160239	0.271757725160239	hypo	case		0.394239586263025	0.66	0.66	1.2	0.660966753580126	5
chr20	29102088	29106656	4569	72	50.7986111111111	0.203750981120602	0.203750981120602	0.231586383460061	0.231586383460061	hyper	case		0.159468058175214	0.66	0.66	1.2	0.660966753580126	5
chr21	25173524	25176271	2748	54	21.1851851851852	-0.244447710489435	0.244447710489435	-0.27022259098137	0.27022259098137	hypo	case		0.22875381855741	0.66	0.66	1.2	0.660966753580126	5
chr20	25747760	25752037	4278	121	24.3425619834711	-0.244511129378541	0.244511129378541	-0.257981883204728	0.257981883204728	hypo	case		0.177159564112985	0.66	0.66	1.2	0.660966753580126	5
chr21	15811948	15816364	4417	94	22.5313829787234	-0.273623364665599	0.273623364665599	-0.257222226039324	0.257222226039324	hypo	case		0.448736033332266	0.66	0.66	1.2	0.660966753580126	5
chr20	32287253	32291051	3799	92	20.9625	0.274654769341423	0.274654769341423	0.266172080129384	0.266172080129384	hyper	case		0.0532697498635652	0.66	0.66	1.2	0.660966753580126	5
chr21	26543163	26545937	2775	96	19.6088541666667	-0.234879083302281	0.234879083302281	-0.250779729636851	0.250779729636851	hypo	case		0.433983559340748	0.66	0.66	1.2	0.660966753580126	5
chr21	28026460	28030723	4264	54	24.4861111111111	-0.294302176252247	0.294302176252247	-0.319251581171748	0.319251581171748	hypo	case		0.34121772272138	0.66	0.66	1.2	0.660966753580126	5
chr20	54554508	54557921	3414	66	26.125	-0.272747366559061	0.272747366559061	-0.271597058915996	0.271597058915996	hypo	case		0.230443850921656	0.66	0.66	1.2	0.660966753580126	5
chr21	29963736	29968505	4770	64	23.4546875	-0.242908991612498	0.242908991612498	-0.248429891804573	0.248429891804573	hypo	case		0.436922775097406	0.66	0.66	1.2	0.660966753580126	5
chr20	60527619	60530436	2818	67	20.0276119402985	-0.199169656992648	0.199169656992648	-0.231149078921112	0.231149078921112	hypo	case		0.270439456013019	0.66	0.66	1.2	0.660966753580126	5
chr20	38856735	38859444	2710	62	19.5370967741936	-0.282812502380807	0.282812502380807	-0.302972065915368	0.302972065915368	hypo	case		0.17785779663475	0.66	0.66	1.2	0.660966753580126	5
chr20	7386347	7390453	4107	54	23.4083333333333	-0.260877411608629	0.260877411608629	-0.292917132884184	0.292917132884184	hypo	case		0.416361981712235	0.66	0.66	1.2	0.660966753580126	5
chr20	34801542	34805978	4437	118	21.7898305084746	-0.23567250809962	0.23567250809962	-0.24830687765211	0.24830687765211	hypo	case		0.293464263206075	0.66	0.66	1.2	0.660966753580126	5
chr20	53869394	53871832	2439	50	19.682	0.284595625639114	0.284595625639114	0.292903526565524	0.292903526565524	hyper	case		0.474681776033163	0.66	0.66	1.2	0.660966753580126	5
chr21	20926905	20928540	1636	52	21.4615384615385	-0.351165799149276	0.351165799149276	-0.357207360354272	0.357207360354272	hypo	case		0.269619403349077	0.66	0.66	1.2	0.660966753580126	5
chr21	30317561	30320287	2727	64	21.56953125	-0.234494059221247	0.234494059221247	-0.251293846207874	0.251293846207874	hypo	case		0.1054956425228	0.66	0.66	1.2	0.660966753580126	5
chr20	17338219	17341666	3448	74	22.4689189189189	0.217702079406001	0.217702079406001	0.229003976421846	0.229003976421846	hyper	case		0.449719702089599	0.66	0.66	1.2	0.660966753580126	5
chr21	9629082	9632574	3493	82	48.4036585365854	0.190484697042306	0.190484697042306	0.206130772491525	0.206130772491525	hyper	case		0.77501080343194	0.66	0.77501080343194	2.8	0.682213840132396	5
chr20	15604542	15608497	3956	90	20.9733333333333	-0.302128793328932	0.302128793328932	-0.314569192233464	0.314569192233464	hypo	case		0.500525864645431	0.66	0.66	1.2	0.660966753580126	5
chr21	13802010	13805839	3830	52	19.9807692307692	0.212868531781571	0.212868531781571	0.218309360366506	0.218309360366506	hyper	case		0.0722901256142486	0.66	0.66	1.2	0.660966753580126	5
chr21	32297490	32301931	4442	242	20.4537190082645	-0.291116086409933	0.291116086409933	-0.298016016630402	0.298016016630402	hypo	case		0.264215107895298	0.66	0.66	1.2	0.660966753580126	5
chr21	13277736	13281414	3679	68	21.3257352941176	-0.306411634718425	0.306411634718425	-0.336963728912574	0.336963728912574	hypo	case		0.257455323252017	0.66	0.66	1.2	0.660966753580126	5
chr21	39927699	39931709	4011	84	23.6577380952381	0.171303980075416	0.171303980075416	0.190438870149761	0.190438870149761	hyper	case		0.0796050804818199	0.66	0.66	1.2	0.660966753580126	5
chr20	19240839	19242805	1967	70	20.9985714285714	-0.237286780043606	0.237286780043606	-0.256788239614394	0.256788239614394	hypo	case		0.477793729901894	0.66	0.66	1.2	0.660966753580126	5
chr20	13975420	13978168	2749	50	20.761	-0.305518376064003	0.305518376064003	-0.338748590689996	0.338748590689996	hypo	case		0.357616039175278	0.66	0.66	1.2	0.660966753580126	5
chr20	53159982	53163672	3691	70	24.9628571428571	-0.24886065716063	0.24886065716063	-0.2574701600335	0.2574701600335	hypo	case		0.588628659436303	0.66	0.66	1.2	0.660966753580126	5
chr21	13493857	13497855	3999	56	23.1723214285714	0.217381533150018	0.217381533150018	0.234360609882596	0.234360609882596	hyper	case		0.120962002449502	0.66	0.66	1.2	0.660966753580126	5
chr21	38599399	38601618	2220	56	21.2276785714286	-0.242169786201008	0.242169786201008	-0.25844709480221	0.25844709480221	hypo	case		0.350671099215025	0.66	0.66	1.2	0.660966753580126	5
chr20	28768909	28773512	4604	70	34.895	-0.218511702897495	0.218511702897495	-0.241158946313235	0.241158946313235	hypo	case		0.229972135629089	0.66	0.66	1.2	0.660966753580126	5
chr21	38519275	38522125	2851	58	24.1974137931035	-0.196840429715001	0.196840429715001	-0.24277855994657	0.24277855994657	hypo	case		0.761017295259626	0.66	0.761017295259626	2.8	0.682213840132396	5
chr20	37735990	37738898	2909	58	22.0741379310345	-0.284105535790774	0.284105535790774	-0.278975159064527	0.278975159064527	hypo	case		0.584148310169983	0.66	0.66	1.2	0.660966753580126	5
chr21	38022550	38026012	3463	104	22.2144230769231	-0.239886697998844	0.239886697998844	-0.246257300638004	0.246257300638004	hypo	case		0.274426341071866	0.66	0.66	1.2	0.660966753580126	5
chr20	4263253	4267649	4397	76	23.7822368421053	-0.282830918081199	0.282830918081199	-0.295046615658099	0.295046615658099	hypo	case		0.219118656796016	0.66	0.66	1.2	0.660966753580126	5
chr20	34234452	34236749	2298	78	24.9544871794872	-0.297751461351462	0.297751461351462	-0.289620592893376	0.289620592893376	hypo	case		0.601201088708388	0.66	0.66	1.2	0.660966753580126	5
chr21	38033227	38036422	3196	78	21.7717948717949	-0.276926395233244	0.276926395233244	-0.284322455235825	0.284322455235825	hypo	case		0.99	0.66	0.99	2.8	0.682213840132396	5
chr20	22091254	22095731	4478	56	24.1669642857143	-0.266381599836766	0.266381599836766	-0.274192413278907	0.274192413278907	hypo	case		0.163385452404308	0.66	0.66	1.2	0.660966753580126	5
chr21	5065097	5068668	3572	74	11.4952702702703	-0.231769233980711	0.231769233980711	-0.233010958962851	0.233010958962851	hypo	case		0.99	0.66	0.99	2.8	0.682213840132396	5
chr20	15595882	15600742	4861	96	22.553125	-0.250508823659212	0.250508823659212	-0.268094273914552	0.268094273914552	hypo	case		0.550139679972574	0.66	0.66	1.2	0.660966753580126	5
chr20	6870542	6873551	3010	64	21.41640625	0.197955769218129	0.197955769218129	0.212934582867603	0.212934582867603	hyper	case		0.248243634277834	0.66	0.66	1.2	0.660966753580126	5
chr20	10422255	10425292	3038	74	23.6040540540541	0.29770150538186	0.29770150538186	0.280980148140312	0.280980148140312	hyper	case		0.115995564581811	0.66	0.66	1.2	0.660966753580126	5
chr20	35897375	35901731	4357	124	22.5439516129032	-0.280888043445837	0.280888043445837	-0.29779980189885	0.29779980189885	hypo	case		0.0773776248863367	0.66	0.66	1.2	0.660966753580126	5
chr21	37812615	37817196	4582	106	22.8259433962264	0.218677049341977	0.218677049341977	0.267867824288198	0.267867824288198	hyper	case		0.295445071432296	0.66	0.66	1.2	0.660966753580126	5
chr20	28736402	28738608	2207	63	28.4984126984127	0.190655410066214	0.190655410066214	0.221064039214468	0.221064039214468	hyper	case		0.472060018220041	0.66	0.66	1.2	0.660966753580126	5
chr20	27812282	27815673	3392	50	17.152	-0.254509625716635	0.254509625716635	-0.296892635155199	0.296892635155199	hypo	case		0.155624995246189	0.66	0.66	1.2	0.660966753580126	5
chr20	39761693	39764347	2655	58	19.6586206896552	0.176233133381032	0.176233133381032	0.205973868671054	0.205973868671054	hyper	case		0.351497604559625	0.66	0.66	1.2	0.660966753580126	5
chr20	16623069	16624573	1505	59	22.3406779661017	-0.302066768792781	0.302066768792781	-0.312863871098954	0.312863871098954	hypo	case		0.193770891516738	0.66	0.66	1.2	0.660966753580126	5
chr21	22734207	22736592	2386	50	24.99	-0.218782516905684	0.218782516905684	-0.224268959553981	0.224268959553981	hypo	case		0.761318944615806	0.66	0.761318944615806	2.8	0.682213840132396	5
chr21	40100527	40103094	2568	53	23.5028301886792	0.161540246487098	0.161540246487098	0.205590644519548	0.205590644519548	hyper	case		0.485937152297439	0.66	0.66	1.2	0.660966753580126	5
chr20	53584395	53587181	2787	60	22.825	-0.258095314755572	0.258095314755572	-0.262387488002021	0.262387488002021	hypo	case		0.286988971689071	0.66	0.66	1.2	0.660966753580126	5
chr20	5547623	5550149	2527	50	21.726	0.217507207217862	0.217507207217862	0.263568873129173	0.263568873129173	hyper	case		0.42253950015975	0.66	0.66	1.2	0.660966753580126	5
chr20	5826628	5829638	3011	62	21.2298387096774	0.196939762947005	0.196939762947005	0.223361643523498	0.223361643523498	hyper	case		0.582297357301619	0.66	0.66	1.2	0.660966753580126	5
chr20	43474850	43478003	3154	104	21.8014423076923	-0.260648398997688	0.260648398997688	-0.272345420899685	0.272345420899685	hypo	case		0.35156299921047	0.66	0.66	1.2	0.660966753580126	5
chr21	36352269	36355990	3722	96	24.8276041666667	-0.23238113021821	0.23238113021821	-0.237953268764011	0.237953268764011	hypo	case		0.449527841751525	0.66	0.66	1.2	0.660966753580126	5
chr20	30563985	30565818	1834	94	22.9101063829787	0.206394587682495	0.206394587682495	0.201374682928449	0.201374682928449	hyper	case		0.661286741129238	0.66	0.661286741129238	1.2	0.660966753580126	5
chr21	14231246	14235301	4056	60	22.43	-0.225425243088568	0.225425243088568	-0.232821389564478	0.232821389564478	hypo	case		0.239392432356437	0.66	0.66	1.2	0.660966753580126	5
chr20	20536646	20539721	3076	50	22.228	-0.249753307011052	0.249753307011052	-0.288804150066128	0.288804150066128	hypo	case		0.137482609000024	0.66	0.66	1.2	0.660966753580126	5
chr20	1447249	1449987	2739	62	19.9725806451613	-0.283192207905452	0.283192207905452	-0.285810117614962	0.285810117614962	hypo	case		0.400657105392089	0.66	0.66	1.2	0.660966753580126	5
chr21	45649954	45653037	3084	52	23.2221153846154	-0.208263436679585	0.208263436679585	-0.208593832233199	0.208593832233199	hypo	case		0.673478224828106	0.66	0.673478224828106	1.1	0.67423733188773	5
chr20	47619419	47622789	3371	86	19.7994186046512	-0.19506986005134	0.19506986005134	-0.195225945116003	0.195225945116003	hypo	case		0.157621316476033	0.66	0.66	1.2	0.660966753580126	5
chr20	23204426	23208057	3632	98	22.0994897959184	0.214552463563028	0.214552463563028	0.245001416344618	0.245001416344618	hyper	case		0.348336568903398	0.66	0.66	1.2	0.660966753580126	5
chr20	3401059	3402952	1894	50	22.149	0.234907387335343	0.234907387335343	0.233923639639697	0.233923639639697	hyper	case		0.335259039469103	0.66	0.66	1.2	0.660966753580126	5
chr21	21672500	21676723	4224	66	24.9	-0.18755162451224	0.18755162451224	-0.201265831495928	0.201265831495928	hypo	case		0.99	0.66	0.99	2.8	0.682213840132396	5
chr20	15227075	15230549	3475	77	21.9298701298701	-0.292979259264523	0.292979259264523	-0.303592406956695	0.303592406956695	hypo	case		0.340714311229811	0.66	0.66	1.2	0.660966753580126	5
chr20	5288324	5291703	3380	65	20.0192307692308	-0.26021400678303	0.26021400678303	-0.253006792850829	0.253006792850829	hypo	case		0.99	0.66	0.99	2.8	0.682213840132396	5
chr20	12259028	12263426	4399	84	23.9047619047619	-0.233536649494908	0.233536649494908	-0.228651945733192	0.228651945733192	hypo	case		0.0930981515733626	0.66	0.66	1.2	0.660966753580126	5
chr21	33961298	33962764	1467	54	22.6694444444444	-0.293262075399641	0.293262075399641	-0.31678670162949	0.31678670162949	hypo	case		0.173098952226698	0.66	0.66	1.2	0.660966753580126	5
chr21	16036005	16039879	3875	50	22.112	-0.300335437625517	0.300335437625517	-0.303151438458774	0.303151438458774	hypo	case		0.760015656896051	0.66	0.760015656896051	2.8	0.682213840132396	5
chr20	6335022	6339913	4892	68	19.3683823529412	-0.263618426202766	0.263618426202766	-0.259343944820566	0.259343944820566	hypo	case		0.351100486024987	0.66	0.66	1.2	0.660966753580126	5
chr21	8766282	8770773	4492	68	59.5169117647059	0.234025423577655	0.234025423577655	0.229769718730089	0.229769718730089	hyper	case		0.0977725923540903	0.66	0.66	1.2	0.660966753580126	5
chr21	35745650	35750647	4998	80	20.92125	-0.270154637747161	0.270154637747161	-0.269324913471644	0.269324913471644	hypo	case		0.579628196553086	0.66	0.66	1.2	0.660966753580126	5
chr20	7444428	7445920	1493	60	19.3508333333333	-0.284454509043451	0.284454509043451	-0.29880809657498	0.29880809657498	hypo	case		0.649063253396911	0.66	0.66	1.2	0.660966753580126	5
chr21	19126211	19129136	2926	78	20.7846153846154	-0.291072594912057	0.291072594912057	-0.300978895438516	0.300978895438516	hypo	case		0.114034748153895	0.66	0.66	1.2	0.660966753580126	5
chr20	56133668	56138075	4408	88	22.1363636363636	-0.279719519005127	0.279719519005127	-0.294339487160653	0.294339487160653	hypo	case		0.113378439724142	0.66	0.66	1.2	0.660966753580126	5
chr21	16159091	16161968	2878	54	21.2703703703704	-0.344064503710819	0.344064503710819	-0.347201178229929	0.347201178229929	hypo	case		0.915508687299423	0.66	0.915508687299423	2.8	0.682213840132396	5
chr20	54953847	54958563	4717	124	23.4411290322581	-0.291719897168248	0.291719897168248	-0.300492390063135	0.300492390063135	hypo	case		0.525351900335851	0.66	0.66	1.2	0.660966753580126	5
chr20	19823128	19825791	2664	80	23.851875	-0.314249563620839	0.314249563620839	-0.332662064730143	0.332662064730143	hypo	case		0.603537670320836	0.66	0.66	1.2	0.660966753580126	5
chr21	5156226	5161175	4950	203	11.7581280788177	-0.314484981392876	0.314484981392876	-0.320816005442024	0.320816005442024	hypo	case		0.430109763070332	0.66	0.66	1.2	0.660966753580126	5
chr21	33783977	33787498	3522	54	22.8740740740741	-0.267108887536248	0.267108887536248	-0.287210672063072	0.287210672063072	hypo	case		0.400340191630925	0.66	0.66	1.2	0.660966753580126	5
chr20	37724149	37728033	3885	84	22.572619047619	-0.255442933899371	0.255442933899371	-0.262861711210775	0.262861711210775	hypo	case		0.603562064802468	0.66	0.66	1.2	0.660966753580126	5
chr20	41112535	41114513	1979	64	19.90546875	-0.256713620404572	0.256713620404572	-0.284485838889468	0.284485838889468	hypo	case		0.529407481198721	0.66	0.66	1.2	0.660966753580126	5
chr20	52151167	52154407	3241	200	21.534	-0.353720663347347	0.353720663347347	-0.356066233472126	0.356066233472126	hypo	case		0.436895642086935	0.66	0.66	1.2	0.660966753580126	5
chr20	53463516	53466592	3077	70	20.95	-0.286746042736721	0.286746042736721	-0.281882935231283	0.281882935231283	hypo	case		0.499210858289895	0.66	0.66	1.2	0.660966753580126	5
chr20	51150742	51153700	2959	62	23.9120967741936	-0.261195381165331	0.261195381165331	-0.253838057102763	0.253838057102763	hypo	case		0.32675396185681	0.66	0.66	1.2	0.660966753580126	5
chr20	41768892	41771740	2849	58	21.5991379310345	-0.258779078544437	0.258779078544437	-0.261310702977329	0.261310702977329	hypo	case		0.321195780378299	0.66	0.66	1.2	0.660966753580126	5
chr21	40478787	40482355	3569	75	23.396	-0.217752858959257	0.217752858959257	-0.224745691831073	0.224745691831073	hypo	case		0.606701573236814	0.66	0.66	1.2	0.660966753580126	5
chr20	6655885	6659789	3905	58	21.6405172413793	-0.227892576479483	0.227892576479483	-0.238600965191848	0.238600965191848	hypo	case		0.38000501326281	0.66	0.66	1.2	0.660966753580126	5
chr21	13450897	13455251	4355	70	21.6621428571429	-0.20582408228679	0.20582408228679	-0.229549477474634	0.229549477474634	hypo	case		0.141443013560335	0.66	0.66	1.2	0.660966753580126	5
chr21	19792013	19796153	4141	99	21.2222222222222	-0.27156210890246	0.27156210890246	-0.272184289010918	0.272184289010918	hypo	case		0.246564424302427	0.66	0.66	1.2	0.660966753580126	5
chr20	10956868	10959650	2783	64	21.01015625	-0.262873843885807	0.262873843885807	-0.261145188455613	0.261145188455613	hypo	case		0.0784461741670248	0.66	0.66	1.2	0.660966753580126	5
chr20	60179904	60182926	3023	96	23.5578125	-0.28056382244149	0.28056382244149	-0.298986278350818	0.298986278350818	hypo	case		0.11165374223298	0.66	0.66	1.2	0.660966753580126	5
chr20	25175350	25179983	4634	110	21.9577272727273	-0.226466466109974	0.226466466109974	-0.242693535469247	0.242693535469247	hypo	case		0.281547596148617	0.66	0.66	1.2	0.660966753580126	5
chr20	8709530	8712252	2723	66	24.6212121212121	-0.297953522420141	0.297953522420141	-0.281827749658575	0.281827749658575	hypo	case		0.91528065597597	0.66	0.91528065597597	2.8	0.682213840132396	5
chr20	31273668	31275161	1494	82	24.159756097561	-0.28059393936863	0.28059393936863	-0.3023300164305	0.3023300164305	hypo	case		0.445199186560749	0.66	0.66	1.2	0.660966753580126	5
chr20	11721151	11724350	3200	54	22.0212962962963	-0.272248067316309	0.272248067316309	-0.278762835361151	0.278762835361151	hypo	case		0.454164900445255	0.66	0.66	1.2	0.660966753580126	5
chr20	44099348	44102662	3315	56	21.8589285714286	-0.252189713253777	0.252189713253777	-0.250989782476918	0.250989782476918	hypo	case		0.330073097100911	0.66	0.66	1.2	0.660966753580126	5
chr21	19238928	19243380	4453	53	18.3358490566038	-0.285108082706767	0.285108082706767	-0.297498501363017	0.297498501363017	hypo	case		0.341623586863881	0.66	0.66	1.2	0.660966753580126	5
chr20	8201535	8206460	4926	70	21.9642857142857	0.209761222258111	0.209761222258111	0.240689924096353	0.240689924096353	hyper	case		0.331977962169209	0.66	0.66	1.2	0.660966753580126	5
chr21	19212728	19214661	1934	78	21.1858974358974	-0.28938605200994	0.28938605200994	-0.302497494059167	0.302497494059167	hypo	case		0.370990273486446	0.66	0.66	1.2	0.660966753580126	5
chr20	46235604	46239030	3427	68	20.5463235294118	-0.281299760512853	0.281299760512853	-0.29506477856742	0.29506477856742	hypo	case		0.262816365128692	0.66	0.66	1.2	0.660966753580126	5
chr21	32707482	32710637	3156	80	23.205625	-0.266639864764082	0.266639864764082	-0.283867833403741	0.283867833403741	hypo	case		0.633751768384954	0.66	0.66	1.2	0.660966753580126	5
chr20	22784080	22788594	4515	80	21.94625	-0.249615199712319	0.249615199712319	-0.25755868950519	0.25755868950519	hypo	case		0.264503463707253	0.66	0.66	1.2	0.660966753580126	5
chr20	10500262	10502612	2351	58	22.675	-0.20869125797572	0.20869125797572	-0.215693305499121	0.215693305499121	hypo	case		0.360768997298075	0.66	0.66	1.2	0.660966753580126	5
chr21	13888796	13891686	2891	57	22.3833333333333	-0.282941365223259	0.282941365223259	-0.270238566354386	0.270238566354386	hypo	case		0.633705888303611	0.66	0.66	1.2	0.660966753580126	5
chr20	52513783	52518293	4511	52	21.4471153846154	-0.271989046012027	0.271989046012027	-0.275377618711406	0.275377618711406	hypo	case		0.406919259581366	0.66	0.66	1.2	0.660966753580126	5
chr20	10572816	10577034	4219	64	22.18828125	-0.206074133484531	0.206074133484531	-0.221305135792395	0.221305135792395	hypo	case		0.560189996556067	0.66	0.66	1.2	0.660966753580126	5
chr21	19024707	19026752	2046	50	19.668	-0.259181738015279	0.259181738015279	-0.27119855283615	0.27119855283615	hypo	case		0.29453042717262	0.66	0.66	1.2	0.660966753580126	5
chr21	40732822	40735341	2520	52	21.7269230769231	-0.252912186627324	0.252912186627324	-0.281357449413459	0.281357449413459	hypo	case		0.223284216037488	0.66	0.66	1.2	0.660966753580126	5
chr20	42798705	42801325	2621	59	22.3661016949153	-0.25873929387946	0.25873929387946	-0.241977047905476	0.241977047905476	hypo	case		0.114999061282893	0.66	0.66	1.2	0.660966753580126	5
chr20	38691740	38694728	2989	54	22.8981481481482	-0.245063356106101	0.245063356106101	-0.264935310619579	0.264935310619579	hypo	case		0.420305309593821	0.66	0.66	1.2	0.660966753580126	5
chr20	45882615	45885130	2516	94	22.9489361702128	-0.252831989576807	0.252831989576807	-0.25891664404924	0.25891664404924	hypo	case		0.422375065418087	0.66	0.66	1.2	0.660966753580126	5
chr21	46232683	46236040	3358	72	23.1451388888889	-0.219594999186263	0.219594999186263	-0.215472527940915	0.215472527940915	hypo	case		0.309823117022625	0.66	0.66	1.2	0.660966753580126	5
chr20	9608971	9613176	4206	96	21.48125	-0.23845683262656	0.23845683262656	-0.266555878168548	0.266555878168548	hypo	case		0.2778410189847	0.66	0.66	1.2	0.660966753580126	5
chr21	9103700	9108226	4527	86	13.6581395348837	-0.250935726585198	0.250935726585198	-0.296325636279276	0.296325636279276	hypo	case		0.64216593032176	0.66	0.66	1.2	0.660966753580126	5
chr20	48850207	48852546	2340	64	22.0859375	-0.244982072341542	0.244982072341542	-0.272690785141751	0.272690785141751	hypo	case		0.239402086726607	0.66	0.66	1.2	0.660966753580126	5
chr20	33528403	33533022	4620	137	22.9386861313869	-0.272496824560198	0.272496824560198	-0.28310759939435	0.28310759939435	hypo	case		0.410041180773766	0.66	0.66	1.2	0.660966753580126	5
chr21	34167439	34170417	2979	52	21.1923076923077	-0.276118911536319	0.276118911536319	-0.294431256350211	0.294431256350211	hypo	case		0.199145838071928	0.66	0.66	1.2	0.660966753580126	5
chr20	6492283	6496667	4385	52	21.6509615384615	0.166132272470403	0.166132272470403	0.181199766195757	0.181199766195757	hyper	case		0.461138024967264	0.66	0.66	1.2	0.660966753580126	5
chr21	29834224	29839153	4930	56	22.2169642857143	-0.229160124656374	0.229160124656374	-0.225252889140227	0.225252889140227	hypo	case		0.202399697329242	0.66	0.66	1.2	0.660966753580126	5
chr21	37625218	37627846	2629	59	19.4601694915254	-0.203190668249879	0.203190668249879	-0.240597239301258	0.240597239301258	hypo	case		0.176534032344037	0.66	0.66	1.2	0.660966753580126	5
chr21	13404874	13406107	1234	56	25.2142857142857	-0.264174409961781	0.264174409961781	-0.261478885491103	0.261478885491103	hypo	case		0.629990952651274	0.66	0.66	1.2	0.660966753580126	5
chr20	37652002	37654193	2192	54	22.5111111111111	-0.251339302331579	0.251339302331579	-0.239720840406025	0.239720840406025	hypo	case		0.14243214258622	0.66	0.66	1.2	0.660966753580126	5
chr20	21226547	21231380	4834	78	21.1679487179487	-0.232655558092382	0.232655558092382	-0.25676611136916	0.25676611136916	hypo	case		0.447949245712271	0.66	0.66	1.2	0.660966753580126	5
chr21	35680833	35682929	2097	64	21.4171875	-0.238166714503014	0.238166714503014	-0.240420175828099	0.240420175828099	hypo	case		0.315669767587532	0.66	0.66	1.2	0.660966753580126	5
chr21	18455839	18460574	4736	68	19.1514705882353	-0.248579719657539	0.248579719657539	-0.275593685895285	0.275593685895285	hypo	case		0.150789412550719	0.66	0.66	1.2	0.660966753580126	5
chr20	9410083	9414939	4857	120	22.6666666666667	-0.249902106013328	0.249902106013328	-0.263554948670712	0.263554948670712	hypo	case		0.542652569745477	0.66	0.66	1.2	0.660966753580126	5
chr21	16659945	16663578	3634	78	22.1871794871795	-0.239273340569525	0.239273340569525	-0.259045381544817	0.259045381544817	hypo	case		0.404447681819412	0.66	0.66	1.2	0.660966753580126	5
chr21	10606064	10609061	2998	68	57.4720588235294	-0.245325108513986	0.245325108513986	-0.245418258837287	0.245418258837287	hypo	case		0.0965242686576306	0.66	0.66	1.2	0.660966753580126	5
chr21	30035713	30037601	1889	52	22.9682692307692	-0.26670064250646	0.26670064250646	-0.306719459319689	0.306719459319689	hypo	case		0.390464421708688	0.66	0.66	1.2	0.660966753580126	5
chr20	1365894	1370157	4264	82	24.8957317073171	-0.334491015242948	0.334491015242948	-0.313329277284491	0.313329277284491	hypo	case		0.370454509153677	0.66	0.66	1.2	0.660966753580126	5
chr20	59025693	59028464	2772	58	22.4810344827586	0.23564802511915	0.23564802511915	0.247897338493811	0.247897338493811	hyper	case		0.605705003379087	0.66	0.66	1.2	0.660966753580126	5
chr21	13066473	13067905	1433	50	24.657	-0.174166842315293	0.174166842315293	-0.184756578511137	0.193102287212549	hypo	case		0.99	0.66	0.99	2.8	0.682213840132396	5
chr20	17276823	17280036	3214	60	24.1791666666667	-0.217651720666901	0.217651720666901	-0.236269847809557	0.236269847809557	hypo	case		0.456268592892136	0.66	0.66	1.2	0.660966753580126	5
chr20	9426400	9427904	1505	52	21.4173076923077	-0.269575728969595	0.269575728969595	-0.258012478213868	0.258012478213868	hypo	case		0.138930128937174	0.66	0.66	1.2	0.660966753580126	5
chr20	31265332	31269006	3675	68	22.8727941176471	-0.187896762079263	0.187896762079263	-0.190176601267741	0.190176601267741	hypo	case		0.192716320960725	0.66	0.66	1.2	0.660966753580126	5
chr20	41119721	41124106	4386	90	20.6527777777778	-0.223815091282081	0.223815091282081	-0.229328088376716	0.229328088376716	hypo	case		0.167355728341654	0.66	0.66	1.2	0.660966753580126	5
chr21	35347810	35351112	3303	68	21.7676470588235	-0.199263711806332	0.199263711806332	-0.203371628332363	0.203371628332363	hypo	case		0.246975227228445	0.66	0.66	1.2	0.660966753580126	5
chr20	53961688	53965158	3471	114	21.0885964912281	-0.273748152693973	0.273748152693973	-0.298364133872028	0.298364133872028	hypo	case		0.407840429956017	0.66	0.66	1.2	0.660966753580126	5
chr21	14627788	14631645	3858	54	23.0740740740741	-0.267326862446893	0.267326862446893	-0.274451786529627	0.274451786529627	hypo	case		0.494436708246745	0.66	0.66	1.2	0.660966753580126	5
chr20	22841343	22844946	3604	68	19.4419117647059	-0.27739195680935	0.27739195680935	-0.295052341133534	0.295052341133534	hypo	case		0.314666010174072	0.66	0.66	1.2	0.660966753580126	5
chr21	14839820	14843920	4101	170	24.3714705882353	-0.293124222468752	0.293124222468752	-0.287968531104199	0.287968531104199	hypo	case		0.223797623434793	0.66	0.66	1.2	0.660966753580126	5
chr20	41451676	41454148	2473	96	24.4979166666667	-0.246476391111093	0.246476391111093	-0.252906889871971	0.252906889871971	hypo	case		0.230660421179176	0.66	0.66	1.2	0.660966753580126	5
chr21	28152668	28156912	4245	59	22.214406779661	0.123593908686765	0.123593908686765	0.142732240657954	0.150288705103626	hyper	case		0.769102166034163	0.66	0.769102166034163	2.8	0.682213840132396	5
chr20	58429063	58431890	2828	62	23.6306451612903	-0.268428151748789	0.268428151748789	-0.274616203745611	0.274616203745611	hypo	case		0.246470023999028	0.66	0.66	1.2	0.660966753580126	5
chr20	9222300	9226790	4491	76	19.8625	-0.222652781946528	0.222652781946528	-0.232597182269334	0.232597182269334	hypo	case		0.272233352573639	0.66	0.66	1.2	0.660966753580126	5
chr20	16988342	16990773	2432	54	20.0537037037037	-0.232183509043303	0.232183509043303	-0.261439630563894	0.261439630563894	hypo	case		0.226574742713087	0.66	0.66	1.2	0.660966753580126	5
chr20	42646217	42649368	3152	76	24.0131578947368	-0.277069746257355	0.277069746257355	-0.308972697968515	0.308972697968515	hypo	case		0.188477053136751	0.66	0.66	1.2	0.660966753580126	5
chr20	21935311	21939655	4345	56	22.1482142857143	0.225064602098271	0.225064602098271	0.260200217915838	0.260200217915838	hyper	case		0.207453556856561	0.66	0.66	1.2	0.660966753580126	5
chr21	29433369	29438264	4896	84	21.7363095238095	-0.252450939054481	0.252450939054481	-0.253266529035004	0.253266529035004	hypo	case		0.428024343549465	0.66	0.66	1.2	0.660966753580126	5
chr21	26625036	26629146	4111	99	19.2419191919192	-0.29864229664758	0.29864229664758	-0.310394068231821	0.310394068231821	hypo	case		0.528768711572217	0.66	0.66	1.2	0.660966753580126	5
chr20	20296712	20301695	4984	127	20.5385826771654	-0.290845792838053	0.290845792838053	-0.310479666593205	0.310479666593205	hypo	case		0.0546717034751831	0.66	0.66	1.2	0.660966753580126	5
chr21	9671638	9673677	2040	52	39.6057692307692	0.240683863008174	0.240683863008174	0.264894597351827	0.264894597351827	hyper	case		0.51630603371229	0.66	0.66	1.2	0.660966753580126	5
chr21	26974551	26977142	2592	57	20.1798245614035	-0.240428245247889	0.240428245247889	-0.28406981916394	0.28406981916394	hypo	case		0.279647290591168	0.66	0.66	1.2	0.660966753580126	5
chr21	44790396	44793670	3275	74	20.2972972972973	-0.275374604267955	0.275374604267955	-0.271066103159701	0.271066103159701	hypo	case		0.278655543323355	0.66	0.66	1.2	0.660966753580126	5
chr21	23035947	23040404	4458	60	21.0916666666667	-0.22949754243095	0.22949754243095	-0.251481512256469	0.251481512256469	hypo	case		0.183551202458124	0.66	0.66	1.2	0.660966753580126	5
chr21	19347024	19349947	2924	52	21.7307692307692	-0.256638587683955	0.256638587683955	-0.275090812986075	0.275090812986075	hypo	case		0.198544463613101	0.66	0.66	1.2	0.660966753580126	5
chr20	20494394	20498756	4363	108	22.7597222222222	0.188742689578586	0.188742689578586	0.212555281281433	0.212555281281433	hyper	case		0.177666669654759	0.66	0.66	1.2	0.660966753580126	5
chr20	54313526	54317865	4340	76	20.7026315789474	-0.333587659451008	0.333587659451008	-0.352998581092585	0.352998581092585	hypo	case		0.322718580700475	0.66	0.66	1.2	0.660966753580126	5
chr20	29799256	29803564	4309	100	24.977	-0.23760656493436	0.23760656493436	-0.23635084107619	0.23635084107619	hypo	case		0.571761425660581	0.66	0.66	1.2	0.660966753580126	5
chr21	14574914	14579329	4416	74	21.1351351351351	-0.213184748447225	0.213184748447225	-0.239071508889098	0.239071508889098	hypo	case		0.112617728330266	0.66	0.66	1.2	0.660966753580126	5
chr20	41115248	41119110	3863	100	20.4755	-0.289328008256192	0.289328008256192	-0.299981592928049	0.299981592928049	hypo	case		0.559699751411577	0.66	0.66	1.2	0.660966753580126	5
chr20	54937344	54940088	2745	54	24.4101851851852	-0.252472340904253	0.252472340904253	-0.256518389136482	0.256518389136482	hypo	case		0.265819687966974	0.66	0.66	1.2	0.660966753580126	5
chr20	55709356	55714039	4684	68	21.0227941176471	-0.249334409727001	0.249334409727001	-0.253024317595144	0.253024317595144	hypo	case		0.419218689543271	0.66	0.66	1.2	0.660966753580126	5
chr20	1143888	1147450	3563	75	21.9206666666667	-0.170857532127057	0.170857532127057	-0.200709433209469	0.200709433209469	hypo	case		0.231158495622323	0.66	0.66	1.2	0.660966753580126	5
chr20	3053657	3057015	3359	119	23.7865546218487	-0.275372082280289	0.275372082280289	-0.291389081689985	0.291389081689985	hypo	case		0.173385735386617	0.66	0.66	1.2	0.660966753580126	5
chr21	35512716	35513541	826	56	22.7544642857143	-0.287151676825216	0.287151676825216	-0.297403841122225	0.297403841122225	hypo	case		0.211042962502268	0.66	0.66	1.2	0.660966753580126	5
chr21	38225239	38230149	4911	108	20.8458333333333	-0.288152434045429	0.288152434045429	-0.294612134096069	0.294612134096069	hypo	case		0.591885599721829	0.66	0.66	1.2	0.660966753580126	5
chr20	45003703	45005674	1972	92	22.2369565217391	-0.26721360465199	0.26721360465199	-0.271189666025385	0.271189666025385	hypo	case		0.375178946553186	0.66	0.66	1.2	0.660966753580126	5
chr20	22434498	22437412	2915	54	23.1675925925926	-0.206919568478743	0.206919568478743	-0.225249800751682	0.225249800751682	hypo	case		0.201819611952408	0.66	0.66	1.2	0.660966753580126	5
chr20	45986600	45989400	2801	112	24.2428571428571	0.246332022860164	0.246332022860164	0.255049442433115	0.255049442433115	hyper	case		0.37061596646094	0.66	0.66	1.2	0.660966753580126	5
chr21	5230525	5233801	3277	96	106.7296875	-0.190048365464717	0.190048365464717	-0.186752776787427	0.186752776787427	hypo	case		0.496025629642488	0.66	0.66	1.2	0.660966753580126	5
chr21	19842523	19845181	2659	66	23.6659090909091	-0.291676814162695	0.291676814162695	-0.313144646843602	0.313144646843602	hypo	case		0.588986621697372	0.66	0.66	1.2	0.660966753580126	5
chr20	21532354	21536872	4519	90	23.725	0.228305965758058	0.228305965758058	0.246235837094198	0.246235837094198	hyper	case		0.0492628916583221	0.66	0.66	1.2	0.660966753580126	5
chr20	55002152	55006314	4163	70	23.5678571428571	-0.266230118208091	0.266230118208091	-0.267185424375775	0.267185424375775	hypo	case		0.0895342398186133	0.66	0.66	1.2	0.660966753580126	5
chr21	40088785	40092153	3369	62	22.3040322580645	-0.245421590666856	0.245421590666856	-0.251978876115888	0.251978876115888	hypo	case		0.353574033328753	0.66	0.66	1.2	0.660966753580126	5
chr20	20602707	20606501	3795	74	20.7878378378378	0.237736364744217	0.237736364744217	0.255753014457324	0.255753014457324	hyper	case		0.290026151955064	0.66	0.66	1.2	0.660966753580126	5
chr21	11313877	11318117	4241	76	12.4236842105263	0.172731322496948	0.172731322496948	0.196921787996382	0.196921787996382	hyper	case		0.340439687842302	0.66	0.66	1.2	0.660966753580126	5
chr21	10588525	10592534	4010	64	61.77890625	0.2427129376686	0.2427129376686	0.261235547868615	0.261235547868615	hyper	case		0.101509504723225	0.66	0.66	1.2	0.660966753580126	5
chr21	20123773	20126965	3193	74	21.5790540540541	-0.18829645157434	0.18829645157434	-0.198568590291319	0.198568590291319	hypo	case		0.225644793510855	0.66	0.66	1.2	0.660966753580126	5
chr20	30334569	30339005	4437	145	21.3731034482759	-0.286316932494671	0.286316932494671	-0.278599553436546	0.278599553436546	hypo	case		0.542112585890292	0.66	0.66	1.2	0.660966753580126	5
chr20	29060446	29064109	3664	90	56.5044444444445	-0.199281505504371	0.199281505504371	-0.191852035774892	0.191852035774892	hypo	case		0.73125683935855	0.66	0.73125683935855	2.8	0.682213840132396	5
chr21	20197661	20201520	3860	62	24.5508064516129	-0.284642297642706	0.284642297642706	-0.283569183595625	0.283569183595625	hypo	case		0.551817054099032	0.66	0.66	1.2	0.660966753580126	5
chr21	40564010	40568877	4868	88	22.0602272727273	-0.221963975543725	0.221963975543725	-0.253116044113931	0.253116044113931	hypo	case		0.281710466840282	0.66	0.66	1.2	0.660966753580126	5
chr20	35879509	35881959	2451	64	23.428125	-0.279861662339035	0.279861662339035	-0.295339330831306	0.295339330831306	hypo	case		0.404700273019366	0.66	0.66	1.2	0.660966753580126	5
chr21	13444154	13446364	2211	52	20.1923076923077	-0.230487502533676	0.230487502533676	-0.252686912795553	0.252686912795553	hypo	case		0.2609656522901	0.66	0.66	1.2	0.660966753580126	5
chr21	40440426	40443490	3065	55	21.1681818181818	-0.309130775313127	0.309130775313127	-0.295632199806614	0.295632199806614	hypo	case		0.297370660306913	0.66	0.66	1.2	0.660966753580126	5
chr20	46428778	46431536	2759	58	21.6603448275862	-0.212420717805371	0.212420717805371	-0.228854990158742	0.228854990158742	hypo	case		0.594675898861406	0.66	0.66	1.2	0.660966753580126	5
chr20	22869102	22873172	4071	72	23.1388888888889	-0.202302739419615	0.202302739419615	-0.236565883158515	0.236565883158515	hypo	case		0.33593440718956	0.66	0.66	1.2	0.660966753580126	5
chr20	39950199	39955046	4848	86	22.0808139534884	-0.257763007017636	0.257763007017636	-0.28915192894241	0.28915192894241	hypo	case		0.506383089236727	0.66	0.66	1.2	0.660966753580126	5
chr20	44562376	44566739	4364	94	22.3260638297872	-0.295291432058685	0.295291432058685	-0.302505455491544	0.302505455491544	hypo	case		0.15546778566449	0.66	0.66	1.2	0.660966753580126	5
chr21	36596435	36599369	2935	76	21.2723684210526	-0.301933061459994	0.301933061459994	-0.302639307243867	0.302639307243867	hypo	case		0.322184598186595	0.66	0.66	1.2	0.660966753580126	5
chr21	30879355	30882179	2825	76	21.4875	-0.24772731601414	0.24772731601414	-0.243085782531148	0.243085782531148	hypo	case		0.192762411246936	0.66	0.66	1.2	0.660966753580126	5
chr20	24707147	24710887	3741	72	21.9618055555556	-0.216628364842916	0.216628364842916	-0.247810338576228	0.247810338576228	hypo	case		0.825711699678763	0.66	0.825711699678763	2.8	0.682213840132396	5
chr20	31754970	31757518	2549	84	20.6505952380952	-0.297967658704821	0.297967658704821	-0.309627635246342	0.309627635246342	hypo	case		0.480059430396255	0.66	0.66	1.2	0.660966753580126	5
chr20	22455156	22457878	2723	56	23.1883928571429	0.201047177504466	0.201047177504466	0.241420062808103	0.241420062808103	hyper	case		0.260153497056332	0.66	0.66	1.2	0.660966753580126	5
chr21	38625398	38628980	3583	54	20.8518518518519	-0.271328503548659	0.271328503548659	-0.28030194703768	0.28030194703768	hypo	case		0.422294567339801	0.66	0.66	1.2	0.660966753580126	5
chr20	55893599	55897902	4304	68	22.5941176470588	-0.282068945859421	0.282068945859421	-0.311944678044197	0.311944678044197	hypo	case		0.535330322836493	0.66	0.66	1.2	0.660966753580126	5
chr21	13401033	13403918	2886	59	23.156779661017	-0.251516234615423	0.251516234615423	-0.257340029696428	0.257340029696428	hypo	case		0.219589021360342	0.66	0.66	1.2	0.660966753580126	5
chr20	41531597	41535104	3508	50	23.352	0.205917203337302	0.205917203337302	0.242607795684434	0.242607795684434	hyper	case		0.393939170146734	0.66	0.66	1.2	0.660966753580126	5
chr20	41445256	41449669	4414	100	24.876	-0.270040805345502	0.270040805345502	-0.279900546708367	0.279900546708367	hypo	case		0.158122070480745	0.66	0.66	1.2	0.660966753580126	5
chr20	22103609	22106174	2566	52	23.8576923076923	-0.275892228593576	0.275892228593576	-0.293514636789832	0.293514636789832	hypo	case		0.144655409753568	0.66	0.66	1.2	0.660966753580126	5
chr20	30318431	30322506	4076	92	20.7804347826087	-0.242500373772332	0.242500373772332	-0.243331426802159	0.243331426802159	hypo	case		0.473132921815397	0.66	0.66	1.2	0.660966753580126	5
chr20	23859866	23862408	2543	54	21.6777777777778	0.25456643043389	0.25456643043389	0.275953430055825	0.275953430055825	hyper	case		0.128928006948528	0.66	0.66	1.2	0.660966753580126	5
chr20	35730152	35733996	3845	97	18.8051546391753	0.260626387266263	0.260626387266263	0.267031598239589	0.267031598239589	hyper	case		0.13006226349716	0.66	0.66	1.2	0.660966753580126	5
chr21	28633687	28635354	1668	50	21.086	-0.269329783592817	0.269329783592817	-0.310840029277001	0.310840029277001	hypo	case		0.712213050450909	0.66	0.712213050450909	2.8	0.682213840132396	5
chr21	10459122	10461741	2620	58	104.741379310345	-0.265593649223087	0.265593649223087	-0.272706389411133	0.272706389411133	hypo	case		0.231242165068312	0.66	0.66	1.2	0.660966753580126	5
chr21	29307823	29312594	4772	62	22.7838709677419	-0.269291802577521	0.269291802577521	-0.299462130799655	0.299462130799655	hypo	case		0.386058787344769	0.66	0.66	1.2	0.660966753580126	5
chr20	11194267	11197609	3343	56	20.55	-0.263639814516239	0.263639814516239	-0.25605382474168	0.25605382474168	hypo	case		0.678022758899215	0.66	0.678022758899215	1.1	0.67423733188773	5
chr20	31709303	31710967	1665	72	21.6680555555556	0.209166597731725	0.209166597731725	0.219408980608431	0.219408980608431	hyper	case		0.316527747380635	0.66	0.66	1.2	0.660966753580126	5
chr21	25133342	25137968	4627	64	25.25	-0.269664903519481	0.269664903519481	-0.276508764718875	0.276508764718875	hypo	case		0.99	0.66	0.99	2.8	0.682213840132396	5
chr21	30853686	30858307	4622	80	20.866875	-0.27867105710125	0.27867105710125	-0.289014104360297	0.289014104360297	hypo	case		0.138851860226195	0.66	0.66	1.2	0.660966753580126	5
chr20	58451179	58454223	3045	56	22.8455357142857	-0.266461771692156	0.266461771692156	-0.293655346236978	0.293655346236978	hypo	case		0.31989492664105	0.66	0.66	1.2	0.660966753580126	5
chr21	38296024	38300589	4566	114	22.6425438596491	-0.233008701802325	0.233008701802325	-0.255320696215241	0.255320696215241	hypo	case		0.226042908117802	0.66	0.66	1.2	0.660966753580126	5
chr21	18682132	18685082	2951	68	21.9573529411765	-0.258984114779079	0.258984114779079	-0.270287223468658	0.270287223468658	hypo	case		0.25844616368474	0.66	0.66	1.2	0.660966753580126	5
chr20	11410934	11413420	2487	70	21.5385714285714	-0.231078884491325	0.231078884491325	-0.235911819071378	0.235911819071378	hypo	case		0.538909515761943	0.66	0.66	1.2	0.660966753580126	5
chr20	23173360	23177007	3648	54	24.0722222222222	-0.310707015764888	0.310707015764888	-0.287070287744792	0.287070287744792	hypo	case		0.441512774763325	0.66	0.66	1.2	0.660966753580126	5
chr21	22603535	22607163	3629	62	21.0959677419355	-0.246793388568666	0.246793388568666	-0.243609489503438	0.243609489503438	hypo	case		0.143595517078956	0.66	0.66	1.2	0.660966753580126	5
chr20	48530330	48533172	2843	62	21.9814516129032	-0.173820947123069	0.173820947123069	-0.2307000838412	0.2307000838412	hypo	case		0.0978622856523913	0.66	0.66	1.2	0.660966753580126	5
chr20	33560775	33565215	4441	135	19.6122222222222	0.126205743860543	0.126205743860543	0.140034262226483	0.145356075025888	hyper	case		0.682872923749993	0.66	0.682872923749993	2.8	0.682213840132396	5
chr20	26254138	26258697	4560	58	24.6112068965517	-0.221238109173285	0.221238109173285	-0.193152830905467	0.193152830905467	hypo	case		0.327197219614212	0.66	0.66	1.2	0.660966753580126	5
chr21	24579209	24583353	4145	70	22.9528571428571	-0.294223772440546	0.294223772440546	-0.319573720584701	0.319573720584701	hypo	case		0.0782647752526735	0.66	0.66	1.2	0.660966753580126	5
chr21	15774655	15778537	3883	50	22.082	0.183459889182052	0.183459889182052	0.178835312588683	0.178835312588683	hyper	case		0.255742083201011	0.66	0.66	1.2	0.660966753580126	5
chr21	7961268	7965373	4106	50	80.821	0.224303685589608	0.224303685589608	0.229326530135939	0.229326530135939	hyper	case		0.046527077886119	0.66	0.66	1.2	0.660966753580126	5
chr20	31325950	31328174	2225	64	22.60234375	-0.22027674070912	0.22027674070912	-0.233650940649018	0.233650940649018	hypo	case		0.225103283586726	0.66	0.66	1.2	0.660966753580126	5
chr21	20329786	20332978	3193	62	20.1782258064516	-0.293501984159638	0.293501984159638	-0.295056845978844	0.295056845978844	hypo	case		0.178820173973283	0.66	0.66	1.2	0.660966753580126	5
chr21	22235557	22239269	3713	50	15.863	-0.263958908462837	0.263958908462837	-0.288444628989735	0.288444628989735	hypo	case		0.565563651412451	0.66	0.66	1.2	0.660966753580126	5
chr20	30876331	30879602	3272	60	37.0466666666667	0.134959768509454	0.134959768509454	0.161698638374794	0.175326141589459	hyper	case		0.839318501379361	0.66	0.839318501379361	2.8	0.682213840132396	5
chr21	37544338	37547668	3331	164	22.9582317073171	-0.251868119760803	0.251868119760803	-0.265190781976113	0.265190781976113	hypo	case		0.654935849310136	0.66	0.66	1.2	0.660966753580126	5
chr20	18680209	18683813	3605	64	22.64375	-0.249507742251102	0.249507742251102	-0.290906307940499	0.290906307940499	hypo	case		0.523839063495391	0.66	0.66	1.2	0.660966753580126	5
chr20	11260768	11264860	4093	70	21.5371428571429	-0.259949052961635	0.259949052961635	-0.295933103579917	0.295933103579917	hypo	case		0.193913261170195	0.66	0.66	1.2	0.660966753580126	5
chr20	43976769	43980480	3712	60	22.745	-0.25444318055102	0.25444318055102	-0.259237436109699	0.259237436109699	hypo	case		0.159529652035594	0.66	0.66	1.2	0.660966753580126	5
chr20	37501350	37504185	2836	62	24.3491935483871	-0.20902319588777	0.20902319588777	-0.217201982499839	0.217201982499839	hypo	case		0.608070145450436	0.66	0.66	1.2	0.660966753580126	5
chr20	23828296	23830685	2390	50	20.959	-0.295674641070038	0.295674641070038	-0.302421868855453	0.302421868855453	hypo	case		0.181201340479061	0.66	0.66	1.2	0.660966753580126	5
chr21	45722723	45726789	4067	126	22.8115079365079	-0.292069752098883	0.292069752098883	-0.284450510453912	0.284450510453912	hypo	case		0.75652933937851	0.66	0.75652933937851	2.8	0.682213840132396	5
chr21	28735620	28740587	4968	96	23.203125	-0.263885561932705	0.263885561932705	-0.268190890620406	0.268190890620406	hypo	case		0.16993718871356	0.66	0.66	1.2	0.660966753580126	5
chr20	54304981	54309781	4801	129	21.5713178294574	-0.247124438771947	0.247124438771947	-0.260024377595166	0.260024377595166	hypo	case		0.32726120140526	0.66	0.66	1.2	0.660966753580126	5
chr21	22435963	22440066	4104	98	22.4408163265306	-0.22585131512951	0.22585131512951	-0.248530788505583	0.248530788505583	hypo	case		0.535513984855277	0.66	0.66	1.2	0.660966753580126	5
chr20	35704485	35708889	4405	116	24.2081896551724	-0.265583701390405	0.265583701390405	-0.273395241209348	0.273395241209348	hypo	case		0.177679449248623	0.66	0.66	1.2	0.660966753580126	5
chr20	23235480	23239073	3594	54	21.7944444444444	0.199336868051979	0.199336868051979	0.193729919609986	0.193729919609986	hyper	case		0.262511505378596	0.66	0.66	1.2	0.660966753580126	5
chr21	18966154	18967650	1497	56	22.6160714285714	-0.343698103727308	0.343698103727308	-0.32657213890395	0.32657213890395	hypo	case		0.233148889821513	0.66	0.66	1.2	0.660966753580126	5
chr20	24340931	24344542	3612	56	23.4285714285714	-0.26602665964809	0.26602665964809	-0.279913805064351	0.279913805064351	hypo	case		0.335969010371349	0.66	0.66	1.2	0.660966753580126	5
chr20	35423631	35428410	4780	148	21.0780405405405	-0.30744140386281	0.30744140386281	-0.312703931792984	0.312703931792984	hypo	case		0.419754521822813	0.66	0.66	1.2	0.660966753580126	5
chr20	11903039	11907077	4039	72	24.1361111111111	0.222978734547401	0.222978734547401	0.230437238758981	0.230437238758981	hyper	case		0.391554668324552	0.66	0.66	1.2	0.660966753580126	5
chr20	40915462	40920419	4958	74	22.3108108108108	-0.273358615223315	0.273358615223315	-0.279460742876294	0.279460742876294	hypo	case		0.185748914265645	0.66	0.66	1.2	0.660966753580126	5
chr20	20442112	20445466	3355	74	21.4966216216216	-0.280531440350249	0.280531440350249	-0.296489829155386	0.296489829155386	hypo	case		0.247761368080028	0.66	0.66	1.2	0.660966753580126	5
chr21	38619680	38624655	4976	118	20.7495762711864	-0.221393135770442	0.221393135770442	-0.247974556283386	0.247974556283386	hypo	case		0.487096081977734	0.66	0.66	1.2	0.660966753580126	5
chr20	22349097	22353765	4669	83	19.8403614457831	-0.295215643829556	0.295215643829556	-0.284390387512975	0.284390387512975	hypo	case		0.743291807675815	0.66	0.743291807675815	2.8	0.682213840132396	5
chr21	13265419	13267938	2520	62	23.9395161290323	-0.18731636547896	0.18731636547896	-0.167912226412637	0.167912226412637	hypo	case		0.323281618844857	0.66	0.66	1.2	0.660966753580126	5
chr20	13865816	13869582	3767	94	22.7707446808511	-0.272394117590349	0.272394117590349	-0.28358773569182	0.28358773569182	hypo	case		0.28179289330095	0.66	0.66	1.2	0.660966753580126	5
chr21	20737913	20740788	2876	64	21.25078125	-0.316100042828299	0.316100042828299	-0.318657425824912	0.318657425824912	hypo	case		0.284440167653348	0.66	0.66	1.2	0.660966753580126	5
chr20	5264367	5267256	2890	55	20.0527272727273	-0.227885909875483	0.227885909875483	-0.254032398908367	0.254032398908367	hypo	case		0.508588337250757	0.66	0.66	1.2	0.660966753580126	5
chr20	15404484	15408852	4369	87	20.9683908045977	-0.308080264034211	0.308080264034211	-0.309660721983002	0.309660721983002	hypo	case		0.311613743099846	0.66	0.66	1.2	0.660966753580126	5
chr21	10623932	10628337	4406	140	53.3842857142857	-0.255096148754891	0.255096148754891	-0.253913428412898	0.253913428412898	hypo	case		0.573661703632759	0.66	0.66	1.2	0.660966753580126	5
chr20	11921419	11924175	2757	80	22.37625	-0.254174862847267	0.254174862847267	-0.260873225381278	0.260873225381278	hypo	case		0.335706586879034	0.66	0.66	1.2	0.660966753580126	5
chr20	40827752	40831636	3885	62	20.9411290322581	-0.194245498397088	0.194245498397088	-0.187237441492578	0.187237441492578	hypo	case		0.746271727326725	0.66	0.746271727326725	2.8	0.682213840132396	5
chr20	36474311	36479167	4857	134	22.0764925373134	-0.242132890745189	0.242132890745189	-0.266373256797194	0.266373256797194	hypo	case		0.530927724651504	0.66	0.66	1.2	0.660966753580126	5
chr20	12041930	12044948	3019	50	22.009	-0.210974165629025	0.210974165629025	-0.194665644443686	0.194665644443686	hypo	case		0.357816491627757	0.66	0.66	1.2	0.660966753580126	5
chr20	41601268	41604881	3614	62	19.9741935483871	-0.261014133235402	0.261014133235402	-0.270006626867066	0.270006626867066	hypo	case		0.190473768097366	0.66	0.66	1.2	0.660966753580126	5
chr20	35903599	35907857	4259	78	20.8076923076923	-0.272212571388841	0.272212571388841	-0.276329030665246	0.276329030665246	hypo	case		0.566313772747627	0.66	0.66	1.2	0.660966753580126	5
chr20	28619591	28622949	3359	94	46.2675531914894	-0.260807590856719	0.260807590856719	-0.26627159468866	0.26627159468866	hypo	case		0.13558161016731	0.66	0.66	1.2	0.660966753580126	5
chr20	47597519	47601822	4304	146	22.0633561643836	-0.248865444118585	0.248865444118585	-0.246484806003957	0.246484806003957	hypo	case		0.399313762632936	0.66	0.66	1.2	0.660966753580126	5
chr21	29280031	29282326	2296	54	21.6175925925926	-0.251496494427724	0.251496494427724	-0.27412198293569	0.27412198293569	hypo	case		0.0498150205938319	0.66	0.66	1.2	0.660966753580126	5
chr20	22716477	22721263	4787	92	22.395652173913	-0.271574594411643	0.271574594411643	-0.247708398086766	0.247708398086766	hypo	case		0.430637495674016	0.66	0.66	1.2	0.660966753580126	5
chr20	42591646	42595769	4124	96	22.8598958333333	-0.237273715623454	0.237273715623454	-0.241066091447624	0.241066091447624	hypo	case		0.12041037329914	0.66	0.66	1.2	0.660966753580126	5
chr20	21802968	21805818	2851	68	20.1382352941176	-0.338705344461292	0.338705344461292	-0.358515647558612	0.358515647558612	hypo	case		0.52481828323116	0.66	0.66	1.2	0.660966753580126	5
chr21	19969793	19973273	3481	66	22.3613636363636	-0.356477302360519	0.356477302360519	-0.352287291052709	0.352287291052709	hypo	case		0.319462230722497	0.66	0.66	1.2	0.660966753580126	5
chr20	60368822	60372320	3499	62	22.0983870967742	-0.286973189512594	0.286973189512594	-0.31100188424105	0.31100188424105	hypo	case		0.230635733836622	0.66	0.66	1.2	0.660966753580126	5
chr20	17386357	17391344	4988	82	20.2359756097561	-0.241979300731366	0.241979300731366	-0.245815086542014	0.245815086542014	hypo	case		0.188068588957916	0.66	0.66	1.2	0.660966753580126	5
chr20	45533744	45536372	2629	51	22.071568627451	-0.27542183453016	0.27542183453016	-0.274874446211633	0.274874446211633	hypo	case		0.117612321880365	0.66	0.66	1.2	0.660966753580126	5
chr20	54998243	55000421	2179	50	22.33	-0.260074199790488	0.260074199790488	-0.269202779611657	0.269202779611657	hypo	case		0.277419840010919	0.66	0.66	1.2	0.660966753580126	5
chr21	10486219	10490173	3955	71	36.2359154929577	-0.186319582565779	0.186319582565779	-0.188425566095892	0.188425566095892	hypo	case		0.679127807629248	0.66	0.679127807629248	2.8	0.682213840132396	5
chr20	50558752	50563370	4619	134	24.5623134328358	-0.23415631941613	0.23415631941613	-0.26323013706737	0.26323013706737	hypo	case		0.249905296514616	0.66	0.66	1.2	0.660966753580126	5
chr21	14429229	14432053	2825	50	17.48	-0.267159327965636	0.267159327965636	-0.266875077243829	0.266875077243829	hypo	case		0.212157493614549	0.66	0.66	1.2	0.660966753580126	5
chr20	6550298	6554314	4017	59	22.1932203389831	-0.28216048051072	0.28216048051072	-0.248237417057777	0.248237417057777	hypo	case		0.348286028645116	0.66	0.66	1.2	0.660966753580126	5
chr21	16200962	16204877	3916	52	21.2721153846154	-0.24973996196339	0.24973996196339	-0.227017086318469	0.227017086318469	hypo	case		0.812656581400847	0.66	0.812656581400847	2.8	0.682213840132396	5
chr21	16279678	16284173	4496	66	20.6030303030303	0.117106955536716	0.117106955536716	0.146503996715918	0.153037814410058	hyper	case		0.721225646646458	0.66	0.721225646646458	2.8	0.682213840132396	5
chr20	18411889	18414510	2622	52	24.725	-0.173477927573014	0.173477927573014	-0.167423313216747	0.167423313216747	hypo	case		0.176101532880484	0.66	0.66	1.2	0.660966753580126	5
chr20	2648276	2649319	1044	60	22.37	-0.358113921787635	0.358113921787635	-0.366862835708061	0.366862835708061	hypo	case		0.0934775940170896	0.66	0.66	1.2	0.660966753580126	5
chr20	3654069	3655921	1853	54	21.5740740740741	0.271975105371756	0.271975105371756	0.282546028501374	0.282546028501374	hyper	case		0.378220587796005	0.66	0.66	1.2	0.660966753580126	5
chr20	52122244	52124987	2744	77	23.1616883116883	-0.248731495809747	0.248731495809747	-0.267682242130542	0.267682242130542	hypo	case		0.394435423990744	0.66	0.66	1.2	0.660966753580126	5
chr20	33956548	33960017	3470	108	20.9615740740741	-0.262977314492586	0.262977314492586	-0.282419741829968	0.282419741829968	hypo	case		0.348411488225709	0.66	0.66	1.2	0.660966753580126	5
chr21	20810873	20813745	2873	52	22.7586538461538	-0.323178295570178	0.323178295570178	-0.335762265993417	0.335762265993417	hypo	case		0.170723853844636	0.66	0.66	1.2	0.660966753580126	5
chr20	25102767	25107244	4478	126	21.9761904761905	-0.278615300057752	0.278615300057752	-0.285512469821642	0.285512469821642	hypo	case		0.367709421175806	0.66	0.66	1.2	0.660966753580126	5
chr20	45236089	45240149	4061	60	22.25	-0.279917986372941	0.279917986372941	-0.301871179850475	0.301871179850475	hypo	case		0.0833576574524305	0.66	0.66	1.2	0.660966753580126	5
chr20	52336414	52339123	2710	82	22.6103658536585	-0.259479188863998	0.259479188863998	-0.274868208376338	0.274868208376338	hypo	case		0.66049692050615	0.66	0.66049692050615	1.2	0.660966753580126	5
chr20	5668638	5673082	4445	188	20.938829787234	-0.298094121629767	0.298094121629767	-0.302815649339113	0.302815649339113	hypo	case		0.720644587698932	0.66	0.720644587698932	2.8	0.682213840132396	5
chr21	19493451	19496368	2918	166	20.6307228915663	-0.26503760801282	0.26503760801282	-0.261024135904575	0.261024135904575	hypo	case		0.507567227140425	0.66	0.66	1.2	0.660966753580126	5
chr20	52414592	52419375	4784	100	22.8635	-0.31733116687344	0.31733116687344	-0.309609963704651	0.309609963704651	hypo	case		0.553231642851323	0.66	0.66	1.2	0.660966753580126	5
chr21	9355509	9358153	2645	66	78.9787878787879	-0.238269341214674	0.238269341214674	-0.259113911152036	0.259113911152036	hypo	case		0.474762459506336	0.66	0.66	1.2	0.660966753580126	5
chr20	42854892	42859882	4991	98	20.3709183673469	-0.257360612560922	0.257360612560922	-0.261882782954215	0.261882782954215	hypo	case		0.308984595314072	0.66	0.66	1.2	0.660966753580126	5
chr20	4402893	4407819	4927	70	22.4592857142857	-0.253689799208729	0.253689799208729	-0.276204922505898	0.276204922505898	hypo	case		0.237773854461076	0.66	0.66	1.2	0.660966753580126	5
chr20	19204142	19206698	2557	66	21.3909090909091	0.203728831735037	0.203728831735037	0.247337004032776	0.247337004032776	hyper	case		0.202565934245275	0.66	0.66	1.2	0.660966753580126	5
chr20	42917279	42920377	3099	63	22.5373015873016	-0.254394657777627	0.254394657777627	-0.24906860176218	0.24906860176218	hypo	case		0.149477114552991	0.66	0.66	1.2	0.660966753580126	5
chr20	5930983	5934946	3964	82	21.2451219512195	-0.273365975882218	0.273365975882218	-0.257473683934531	0.257473683934531	hypo	case		0.282632629607298	0.66	0.66	1.2	0.660966753580126	5
chr21	27799282	27803795	4514	102	21.4004901960784	-0.264623723193583	0.264623723193583	-0.282566764102404	0.282566764102404	hypo	case		0.374408951036313	0.66	0.66	1.2	0.660966753580126	5
chr21	37616002	37620302	4301	97	19.7365979381443	-0.239186843551382	0.239186843551382	-0.248765874616553	0.248765874616553	hypo	case		0.705850733971733	0.66	0.705850733971733	2.8	0.682213840132396	5
chr20	40847014	40849319	2306	76	24.0355263157895	-0.278930515692871	0.278930515692871	-0.293003008140178	0.293003008140178	hypo	case		0.458102739305234	0.66	0.66	1.2	0.660966753580126	5
chr21	20961584	20964126	2543	52	22.8307692307692	-0.298875253109365	0.298875253109365	-0.300418040320513	0.300418040320513	hypo	case		0.325132804667009	0.66	0.66	1.2	0.660966753580126	5
chr21	37461134	37465975	4842	70	21.6457142857143	0.268884811905133	0.268884811905133	0.247594764040367	0.247594764040367	hyper	case		0.170689410195213	0.66	0.66	1.2	0.660966753580126	5
chr20	23619824	23621721	1898	52	21.8625	-0.244778560694269	0.244778560694269	-0.264593258911716	0.264593258911716	hypo	case		0.289305056677357	0.66	0.66	1.2	0.660966753580126	5
chr21	27465361	27469200	3840	111	21.6445945945946	-0.271147083803081	0.271147083803081	-0.285597700919493	0.285597700919493	hypo	case		0.150551986191737	0.66	0.66	1.2	0.660966753580126	5
chr21	7127765	7131498	3734	188	25.6279255319149	0.204883342704571	0.204883342704571	0.204126140986087	0.204126140986087	hyper	case		0.284373584456068	0.66	0.66	1.2	0.660966753580126	5
chr20	11816838	11820382	3545	50	20.184	-0.284426558922344	0.284426558922344	-0.287663742181842	0.287663742181842	hypo	case		0.201672225022514	0.66	0.66	1.2	0.660966753580126	5
chr21	26214596	26216521	1926	60	20.12	-0.333247070052024	0.333247070052024	-0.32529278513474	0.32529278513474	hypo	case		0.646738887027154	0.66	0.66	1.2	0.660966753580126	5
chr21	35804817	35808697	3881	76	22.7980263157895	-0.276138344019655	0.276138344019655	-0.313718046860681	0.313718046860681	hypo	case		0.60511193431722	0.66	0.66	1.2	0.660966753580126	5
chr20	40381177	40382509	1333	50	22.053	-0.321926166377081	0.321926166377081	-0.349727591385038	0.349727591385038	hypo	case		0.237068375641794	0.66	0.66	1.2	0.660966753580126	5
chr21	43175432	43180265	4834	130	12.3388461538462	0.23216519727588	0.23216519727588	0.249247512395675	0.249247512395675	hyper	case		0.206688691556527	0.66	0.66	1.2	0.660966753580126	5
chr20	23140672	23143328	2657	84	21.8994047619048	-0.264331646712309	0.264331646712309	-0.268605550270209	0.268605550270209	hypo	case		0.110401881436617	0.66	0.66	1.2	0.660966753580126	5
chr20	1023357	1025075	1719	52	24.6048076923077	-0.26770299343473	0.26770299343473	-0.264029908247778	0.264029908247778	hypo	case		0.0663167991749979	0.66	0.66	1.2	0.660966753580126	5
chr20	19200999	19201551	553	50	21.086	-0.315570027978118	0.315570027978118	-0.346382772662377	0.346382772662377	hypo	case		0.204670022235709	0.66	0.66	1.2	0.660966753580126	5
chr21	18856956	18859929	2974	76	23.1973684210526	-0.241556766076927	0.241556766076927	-0.252911046055033	0.252911046055033	hypo	case		0.99	0.66	0.99	2.8	0.682213840132396	5
chr21	24838638	24840633	1996	130	21.0688461538462	-0.261138283240458	0.261138283240458	-0.269308957616558	0.269308957616558	hypo	case		0.170425444215822	0.66	0.66	1.2	0.660966753580126	5
chr21	6864631	6867980	3350	64	14.71953125	-0.259367539450424	0.259367539450424	-0.262763344877259	0.262763344877259	hypo	case		0.211318462574381	0.66	0.66	1.2	0.660966753580126	5
chr20	35646013	35648020	2008	70	22.6092857142857	-0.289651358982307	0.289651358982307	-0.280185039432577	0.280185039432577	hypo	case		0.217357525353792	0.66	0.66	1.2	0.660966753580126	5
chr20	42024350	42027755	3406	64	20.3078125	-0.24941715278317	0.24941715278317	-0.254679015772143	0.254679015772143	hypo	case		0.338427185430807	0.66	0.66	1.2	0.660966753580126	5
chr21	17792846	17797383	4538	51	21.0892156862745	-0.253237920508919	0.253237920508919	-0.292213249095708	0.292213249095708	hypo	case		0.172420221031633	0.66	0.66	1.2	0.660966753580126	5
chr21	34652402	34655868	3467	70	22.475	-0.284128183762051	0.284128183762051	-0.281870571996752	0.281870571996752	hypo	case		0.223081305415978	0.66	0.66	1.2	0.660966753580126	5
chr21	25194399	25195528	1130	50	22.523	-0.270627385840137	0.270627385840137	-0.299965004835634	0.299965004835634	hypo	case		0.0988302392097759	0.66	0.66	1.2	0.660966753580126	5
chr21	32179260	32183225	3966	54	22.7666666666667	-0.287380165557069	0.287380165557069	-0.310927592813397	0.310927592813397	hypo	case		0.20472813652098	0.66	0.66	1.2	0.660966753580126	5
chr20	6488441	6491509	3069	70	21.68	0.237299682857909	0.237299682857909	0.253552470783482	0.253552470783482	hyper	case		0.322780114898555	0.66	0.66	1.2	0.660966753580126	5
chr21	34259546	34263024	3479	56	22.5741071428571	-0.232457283650932	0.232457283650932	-0.262891622253384	0.262891622253384	hypo	case		0.107646306543191	0.66	0.66	1.2	0.660966753580126	5
chr20	47296677	47301403	4727	122	23.7299180327869	-0.261717523424521	0.261717523424521	-0.279782780246887	0.279782780246887	hypo	case		0.156231284332086	0.66	0.66	1.2	0.660966753580126	5
chr21	23897200	23901426	4227	54	21.3722222222222	-0.286784828743454	0.286784828743454	-0.295901872468207	0.295901872468207	hypo	case		0.926078698186361	0.66	0.926078698186361	2.8	0.682213840132396	5
chr21	37717521	37721007	3487	107	20.0518691588785	-0.225017712212115	0.225017712212115	-0.239580038733616	0.239580038733616	hypo	case		0.321222102049549	0.66	0.66	1.2	0.660966753580126	5
chr21	22395833	22398540	2708	63	22.9206349206349	-0.296476594579112	0.296476594579112	-0.296778706218635	0.296778706218635	hypo	case		0.291555705976894	0.66	0.66	1.2	0.660966753580126	5
chr21	29112804	29116507	3704	94	20.6643617021277	-0.283448161556224	0.283448161556224	-0.265651365887898	0.265651365887898	hypo	case		0.13329043951749	0.66	0.66	1.2	0.660966753580126	5
chr20	35629496	35633046	3551	104	21.1884615384615	-0.277956062580328	0.277956062580328	-0.299965371510341	0.299965371510341	hypo	case		0.265565518286763	0.66	0.66	1.2	0.660966753580126	5
chr20	11753295	11757735	4441	84	20.5059523809524	0.13416284481769	0.13416284481769	0.170809832292072	0.170809832292072	hyper	case		0.135403382746134	0.66	0.66	1.2	0.660966753580126	5
chr21	22769000	22771989	2990	96	20.2583333333333	-0.294087594576089	0.294087594576089	-0.288377078580183	0.288377078580183	hypo	case		0.178874338566215	0.66	0.66	1.2	0.660966753580126	5
chr20	32269545	32272744	3200	85	23.0658823529412	-0.207530426554718	0.207530426554718	-0.21700109162601	0.21700109162601	hypo	case		0.290770837565904	0.66	0.66	1.2	0.660966753580126	5
chr21	32093932	32096856	2925	98	20.5811224489796	-0.285246979569217	0.285246979569217	-0.27940607591725	0.27940607591725	hypo	case		0.808940100623931	0.66	0.808940100623931	2.8	0.682213840132396	5
chr20	45645165	45648101	2937	200	24.38925	-0.326724674068152	0.326724674068152	-0.336075353649456	0.336075353649456	hypo	case		0.324137591343959	0.66	0.66	1.2	0.660966753580126	5
chr20	16235385	16238358	2974	61	22.1188524590164	-0.25095361149995	0.25095361149995	-0.253485215346075	0.253485215346075	hypo	case		0.200481973929251	0.66	0.66	1.2	0.660966753580126	5
chr20	23716243	23720718	4476	82	20.9993902439024	-0.286240803153015	0.286240803153015	-0.289562214375557	0.289562214375557	hypo	case		0.227943394790669	0.66	0.66	1.2	0.660966753580126	5
chr21	37375594	37379288	3695	118	24.3652542372881	0.2051747540382	0.2051747540382	0.218451771655753	0.218451771655753	hyper	case		0.148778537990949	0.66	0.66	1.2	0.660966753580126	5
chr20	34814023	34815364	1342	52	22.0711538461538	-0.263407039242808	0.263407039242808	-0.275252449744119	0.275252449744119	hypo	case		0.36587370198032	0.66	0.66	1.2	0.660966753580126	5
chr20	29791834	29794501	2668	52	32.3394230769231	-0.199942421822321	0.199942421822321	-0.229478314044011	0.229478314044011	hypo	case		0.566986287246818	0.66	0.66	1.2	0.660966753580126	5
chr20	20500690	20504685	3996	90	23.5338888888889	-0.270807594119014	0.270807594119014	-0.271347565285071	0.271347565285071	hypo	case		0.152284235183381	0.66	0.66	1.2	0.660966753580126	5
chr20	19052985	19057290	4306	68	24.3080882352941	-0.275097284428943	0.275097284428943	-0.266301373388111	0.266301373388111	hypo	case		0.242582442246196	0.66	0.66	1.2	0.660966753580126	5
chr20	30109701	30113324	3624	52	19.8	-0.298641769494215	0.298641769494215	-0.29289267785872	0.29289267785872	hypo	case		0.854136419007983	0.66	0.854136419007983	2.8	0.682213840132396	5
chr20	49698043	49700805	2763	70	21.1107142857143	-0.150615411482423	0.150615411482423	-0.172558034744386	0.172558034744386	hypo	case		0.44937938465566	0.66	0.66	1.2	0.660966753580126	5
chr20	12968437	12971663	3227	52	23.6144230769231	-0.242353996066245	0.242353996066245	-0.235532118102439	0.235532118102439	hypo	case		0.0500761515561959	0.66	0.66	1.2	0.660966753580126	5
chr20	33585191	33587701	2511	77	19.9915584415584	-0.250078117254422	0.250078117254422	-0.293233828204592	0.293233828204592	hypo	case		0.600867826179452	0.66	0.66	1.2	0.660966753580126	5
chr21	7617328	7618482	1155	56	26.3017857142857	-0.23169721304222	0.23169721304222	-0.248273282769899	0.248273282769899	hypo	case		0.0980645395199177	0.66	0.66	1.2	0.660966753580126	5
chr20	1818861	1821749	2889	72	22.0201388888889	-0.291573856418302	0.291573856418302	-0.313768081625476	0.313768081625476	hypo	case		0.184225026871651	0.66	0.66	1.2	0.660966753580126	5
chr20	41576298	41579601	3304	90	23.475	-0.192583360329596	0.192583360329596	-0.199761221976337	0.199761221976337	hypo	case		0.279967018953973	0.66	0.66	1.2	0.660966753580126	5
chr21	9128571	9131811	3241	162	21.587037037037	0.205236818798992	0.205236818798992	0.214380805324167	0.214380805324167	hyper	case		0.73691794795511	0.66	0.73691794795511	2.8	0.682213840132396	5
chr20	32852230	32855664	3435	66	23.3719696969697	-0.236412960398062	0.236412960398062	-0.244336592691839	0.244336592691839	hypo	case		0.473477793778672	0.66	0.66	1.2	0.660966753580126	5
chr21	26050177	26053526	3350	70	21.9307142857143	0.196618258420918	0.196618258420918	0.203447410460787	0.203447410460787	hyper	case		0.45244700605508	0.66	0.66	1.2	0.660966753580126	5
chr21	35921777	35925854	4078	78	21.4807692307692	0.196798000030896	0.196798000030896	0.223059397091773	0.223059397091773	hyper	case		0.112953721706367	0.66	0.66	1.2	0.660966753580126	5
chr21	18318190	18322944	4755	112	22.759375	-0.288308529363613	0.288308529363613	-0.300540626271111	0.300540626271111	hypo	case		0.660828247465315	0.66	0.660828247465315	1.2	0.660966753580126	5
chr20	55249986	55253853	3868	113	21.8429203539823	-0.276801764847347	0.276801764847347	-0.276613736210863	0.276613736210863	hypo	case		0.478950928505896	0.66	0.66	1.2	0.660966753580126	5
chr20	41304385	41306322	1938	62	19.4685483870968	-0.270496586772737	0.270496586772737	-0.26965582984728	0.26965582984728	hypo	case		0.458985536883347	0.66	0.66	1.2	0.660966753580126	5
chr21	36089793	36092046	2254	64	20.80078125	-0.28159992440546	0.28159992440546	-0.291573047650102	0.291573047650102	hypo	case		0.289122348050011	0.66	0.66	1.2	0.660966753580126	5
chr21	25014083	25017879	3797	80	22.170625	-0.256528361129049	0.256528361129049	-0.255814668995638	0.255814668995638	hypo	case		0.0946024260907352	0.66	0.66	1.2	0.660966753580126	5
chr20	4319359	4322204	2846	73	23.9582191780822	-0.322863862134173	0.322863862134173	-0.302730689885944	0.302730689885944	hypo	case		0.216209508853732	0.66	0.66	1.2	0.660966753580126	5
chr21	8531404	8533461	2058	52	19.55	0.221346485138051	0.221346485138051	0.237632352437155	0.237632352437155	hyper	case		0.402536976792056	0.66	0.66	1.2	0.660966753580126	5
chr20	8865855	8870689	4835	80	24.58875	-0.248798715444242	0.248798715444242	-0.268049466030746	0.268049466030746	hypo	case		0.269215608052663	0.66	0.66	1.2	0.660966753580126	5
chr20	17022760	17025279	2520	54	22.6009259259259	-0.180419758595049	0.180419758595049	-0.210493567262915	0.210493567262915	hypo	case		0.278199078482295	0.66	0.66	1.2	0.660966753580126	5
chr21	30459484	30464113	4630	126	19.8769841269841	-0.222953658925724	0.222953658925724	-0.242963826875249	0.242963826875249	hypo	case		0.286472038594705	0.66	0.66	1.2	0.660966753580126	5
chr21	34740572	34744465	3894	104	23.3033653846154	-0.309502737775602	0.309502737775602	-0.321946193586407	0.321946193586407	hypo	case		0.112696751047073	0.66	0.66	1.2	0.660966753580126	5
chr21	45810206	45814156	3951	106	20.5099056603774	-0.29098852630488	0.29098852630488	-0.300702235766889	0.300702235766889	hypo	case		0.508931521199239	0.66	0.66	1.2	0.660966753580126	5
chr21	26114987	26119329	4343	88	24.1517045454546	-0.197596237033936	0.197596237033936	-0.237602712618361	0.237602712618361	hypo	case		0.305750520082353	0.66	0.66	1.2	0.660966753580126	5
chr21	10739347	10741770	2424	100	53.8135	0.22019153271787	0.22019153271787	0.235127330072136	0.235127330072136	hyper	case		0.20483066255474	0.66	0.66	1.2	0.660966753580126	5
chr21	34839007	34841624	2618	76	24.6743421052632	-0.322024125302886	0.322024125302886	-0.342044343607326	0.342044343607326	hypo	case		0.485256948030974	0.66	0.66	1.2	0.660966753580126	5
chr20	51988326	51990209	1884	55	21.16	-0.316589553440272	0.316589553440272	-0.287615572994866	0.287615572994866	hypo	case		0.38177564041681	0.66	0.66	1.2	0.660966753580126	5
chr21	37409058	37411313	2256	50	22.691	-0.257789413832066	0.257789413832066	-0.258969625410035	0.258969625410035	hypo	case		0.455445447070069	0.66	0.66	1.2	0.660966753580126	5
chr20	10344310	10347306	2997	50	21.707	-0.19239947152553	0.19239947152553	-0.203731258356588	0.203731258356588	hypo	case		0.325232485053717	0.66	0.66	1.2	0.660966753580126	5
chr20	18839091	18841365	2275	52	25.3115384615385	-0.24554631970635	0.24554631970635	-0.264593440261567	0.264593440261567	hypo	case		0.113452678348183	0.66	0.66	1.2	0.660966753580126	5
chr21	18285585	18290019	4435	78	23.1378205128205	-0.324737801300066	0.324737801300066	-0.323297007541808	0.323297007541808	hypo	case		0.41027856402949	0.66	0.66	1.2	0.660966753580126	5
chr20	4346438	4349182	2745	52	22.1269230769231	-0.279991733169315	0.279991733169315	-0.26780236024301	0.26780236024301	hypo	case		0.601416355495409	0.66	0.66	1.2	0.660966753580126	5
chr20	15504952	15507973	3022	68	25.5132352941176	-0.323695147571247	0.323695147571247	-0.335163021496972	0.335163021496972	hypo	case		0.409449878592177	0.66	0.66	1.2	0.660966753580126	5
chr21	7588366	7592845	4480	144	38.5746527777778	-0.297759575385002	0.297759575385002	-0.318870370008954	0.318870370008954	hypo	case		0.815385803807378	0.66	0.815385803807378	2.8	0.682213840132396	5
chr21	39937897	39941027	3131	74	23.5195945945946	0.189107836685279	0.189107836685279	0.176859823448818	0.176859823448818	hyper	case		0.0938869504532896	0.66	0.66	1.2	0.660966753580126	5
chr20	39528096	39531877	3782	50	21.168	0.206640372063577	0.206640372063577	0.232850483250559	0.232850483250559	hyper	case		0.459345784623564	0.66	0.66	1.2	0.660966753580126	5
chr20	6898520	6902949	4430	94	22.9808510638298	-0.272988156605985	0.272988156605985	-0.274522114229516	0.274522114229516	hypo	case		0.380103606295701	0.66	0.66	1.2	0.660966753580126	5
chr20	23722685	23725472	2788	54	21.8185185185185	-0.280954215857261	0.280954215857261	-0.278338843379288	0.278338843379288	hypo	case		0.639399603248557	0.66	0.66	1.2	0.660966753580126	5
chr20	47554729	47558977	4249	92	22.9929347826087	-0.21203492053427	0.21203492053427	-0.236558220218387	0.236558220218387	hypo	case		0.12890294684049	0.66	0.66	1.2	0.660966753580126	5
chr21	26160899	26164813	3915	88	19.7732954545455	-0.197744660805386	0.197744660805386	-0.240281310748338	0.240281310748338	hypo	case		0.508842567452846	0.66	0.66	1.2	0.660966753580126	5
chr21	26944712	26948905	4194	80	19.88625	0.240537267504087	0.240537267504087	0.256816632666637	0.256816632666637	hyper	case		0.429122727433034	0.66	0.66	1.2	0.660966753580126	5
chr20	4351927	4356170	4244	65	21.6107692307692	-0.256303289100827	0.256303289100827	-0.26613957955579	0.26613957955579	hypo	case		0.388283568321261	0.66	0.66	1.2	0.660966753580126	5
chr20	52735975	52740590	4616	94	23.7191489361702	-0.235048719846128	0.235048719846128	-0.232796011825195	0.232796011825195	hypo	case		0.100110801674193	0.66	0.66	1.2	0.660966753580126	5
chr20	56993730	56998708	4979	132	24.3265151515152	-0.226599132076542	0.226599132076542	-0.23851794179562	0.23851794179562	hypo	case		0.99	0.66	0.99	2.8	0.682213840132396	5
chr20	35238145	35240484	2340	66	22.3106060606061	-0.284020508138657	0.284020508138657	-0.3287478954181	0.3287478954181	hypo	case		0.497357137166491	0.66	0.66	1.2	0.660966753580126	5
chr20	26365420	26367262	1843	53	15.8415094339623	-0.2607902920112	0.2607902920112	-0.253210086274134	0.253210086274134	hypo	case		0.17855863733529	0.66	0.66	1.2	0.660966753580126	5
chr20	17295206	17298055	2850	54	19.6703703703704	0.272106666635589	0.272106666635589	0.307539813833108	0.307539813833108	hyper	case		0.270875374809751	0.66	0.66	1.2	0.660966753580126	5
chr21	20805492	20809255	3764	56	21.9008928571429	-0.249783303719979	0.249783303719979	-0.270726676029688	0.270726676029688	hypo	case		0.471353510653318	0.66	0.66	1.2	0.660966753580126	5
chr20	29477042	29480820	3779	55	18.0209090909091	-0.213834398673444	0.213834398673444	-0.248739532798535	0.248739532798535	hypo	case		0.648082927731146	0.66	0.66	1.2	0.660966753580126	5
chr21	28940218	28943934	3717	50	22.722	0.199060076788697	0.199060076788697	0.200671643398305	0.200671643398305	hyper	case		0.117087120786213	0.66	0.66	1.2	0.660966753580126	5
chr20	41299589	41303773	4185	106	22.6617924528302	-0.27629248172113	0.27629248172113	-0.259495388387821	0.259495388387821	hypo	case		0.305339731837444	0.66	0.66	1.2	0.660966753580126	5
chr21	21984509	21987337	2829	68	21.8463235294118	-0.328036627364591	0.328036627364591	-0.355664775623541	0.355664775623541	hypo	case		0.429238158343498	0.66	0.66	1.2	0.660966753580126	5
chr20	41572222	41575761	3540	70	23.075	-0.252736625773531	0.252736625773531	-0.284443614151676	0.284443614151676	hypo	case		0.425292943813526	0.66	0.66	1.2	0.660966753580126	5
chr20	39372568	39375162	2595	50	22.402	-0.316763048467561	0.316763048467561	-0.305294868046633	0.305294868046633	hypo	case		0.125438836271954	0.66	0.66	1.2	0.660966753580126	5
chr20	8308338	8313298	4961	89	23.4466292134831	0.203925697252514	0.203925697252514	0.209934714149547	0.209934714149547	hyper	case		0.450074411547792	0.66	0.66	1.2	0.660966753580126	5
chr20	14529963	14533334	3372	70	23.4621428571429	-0.2336181724942	0.2336181724942	-0.241662996066622	0.241662996066622	hypo	case		0.187410678599645	0.66	0.66	1.2	0.660966753580126	5
chr20	55436465	55440819	4355	104	21.0495192307692	0.174261765818461	0.174261765818461	0.200288261648667	0.200288261648667	hyper	case		0.0890172910165243	0.66	0.66	1.2	0.660966753580126	5
chr21	16239641	16244369	4729	78	21.0455128205128	-0.206093780822618	0.206093780822618	-0.207126687224701	0.207126687224701	hypo	case		0.407687033504292	0.66	0.66	1.2	0.660966753580126	5
chr20	10002026	10006752	4727	72	20.5131944444444	0.159996132183067	0.159996132183067	0.173629393169252	0.173629393169252	hyper	case		0.392432494058678	0.66	0.66	1.2	0.660966753580126	5
chr20	57778234	57781226	2993	68	21.8220588235294	-0.291495232546871	0.291495232546871	-0.279923422565755	0.279923422565755	hypo	case		0.245011877201523	0.66	0.66	1.2	0.660966753580126	5
chr20	10372374	10377281	4908	87	21.5316091954023	-0.21409384604044	0.21409384604044	-0.235314666185073	0.235314666185073	hypo	case		0.439110923891204	0.66	0.66	1.2	0.660966753580126	5
chr21	31068929	31073646	4718	84	22.1101190476191	-0.26140364714967	0.26140364714967	-0.276262342703887	0.276262342703887	hypo	case		0.604949780417596	0.66	0.66	1.2	0.660966753580126	5
chr20	49657169	49662029	4861	104	22.1514423076923	0.238810994190571	0.238810994190571	0.234052550829401	0.234052550829401	hyper	case		0.573916039337713	0.66	0.66	1.2	0.660966753580126	5
chr20	40305590	40309077	3488	75	20.9073333333333	-0.240451379491022	0.240451379491022	-0.251876174628161	0.251876174628161	hypo	case		0.180000789220739	0.66	0.66	1.2	0.660966753580126	5
chr21	18776643	18780786	4144	60	19.4866666666667	-0.281362740376211	0.281362740376211	-0.293254345617699	0.293254345617699	hypo	case		0.453434560307612	0.66	0.66	1.2	0.660966753580126	5
chr21	5246114	5249198	3085	50	57.34	0.181247708546975	0.181247708546975	0.171146705856384	0.171146705856384	hyper	case		0.734846653164667	0.66	0.734846653164667	2.8	0.682213840132396	5
chr21	35292217	35294880	2664	64	20.571875	0.230818549379047	0.230818549379047	0.253927203053933	0.253927203053933	hyper	case		0.252428791318116	0.66	0.66	1.2	0.660966753580126	5
chr20	50736449	50738042	1594	50	25.851	-0.217719038709588	0.217719038709588	-0.252963653120903	0.252963653120903	hypo	case		0.21667018399214	0.66	0.66	1.2	0.660966753580126	5
chr20	23466786	23469563	2778	52	20.2192307692308	-0.307488774668703	0.307488774668703	-0.303333719945407	0.303333719945407	hypo	case		0.457165986281131	0.66	0.66	1.2	0.660966753580126	5
chr20	47602692	47607056	4365	102	21.6004901960784	-0.177031591173833	0.177031591173833	-0.190742784891554	0.190742784891554	hypo	case		0.748760216262362	0.66	0.748760216262362	2.8	0.682213840132396	5
chr21	32400179	32404038	3860	114	22.9925438596491	-0.258593400295941	0.258593400295941	-0.275993494950196	0.275993494950196	hypo	case		0.185459170389699	0.66	0.66	1.2	0.660966753580126	5
chr20	44360795	44363305	2511	60	20.42	-0.199438936465745	0.199438936465745	-0.228288162887399	0.228288162887399	hypo	case		0.403280520845252	0.66	0.66	1.2	0.660966753580126	5
chr20	55057344	55060705	3362	70	21.8407142857143	-0.25300160634739	0.25300160634739	-0.256726518187781	0.256726518187781	hypo	case		0.890847403983269	0.66	0.890847403983269	2.8	0.682213840132396	5
chr21	46469518	46471814	2297	88	23.2994318181818	-0.262855506744234	0.262855506744234	-0.285468094598723	0.285468094598723	hypo	case		0.288934677746307	0.66	0.66	1.2	0.660966753580126	5
chr20	59974360	59977872	3513	72	21.7166666666667	-0.292201541210876	0.292201541210876	-0.305005560726808	0.305005560726808	hypo	case		0.334796304295757	0.66	0.66	1.2	0.660966753580126	5
chr20	51175253	51179229	3977	122	24.2901639344262	-0.243879900009045	0.243879900009045	-0.259898207125132	0.259898207125132	hypo	case		0.21173397771014	0.66	0.66	1.2	0.660966753580126	5
chr21	16017172	16019848	2677	57	17.8578947368421	0.190330053718212	0.190330053718212	0.225780537480016	0.225780537480016	hyper	case		0.622461286305682	0.66	0.66	1.2	0.660966753580126	5
chr21	28968355	28973342	4988	94	23.2537234042553	-0.229712558161169	0.229712558161169	-0.241550550359519	0.241550550359519	hypo	case		0.383377356408	0.66	0.66	1.2	0.660966753580126	5
chr21	33196841	33200269	3429	94	20.3372340425532	0.232353812272307	0.232353812272307	0.223818032715343	0.223818032715343	hyper	case		0.702642368382134	0.66	0.702642368382134	2.8	0.682213840132396	5
chr21	22836778	22840917	4140	52	22.6317307692308	-0.261799206903464	0.261799206903464	-0.264811746438828	0.264811746438828	hypo	case		0.177011160433849	0.66	0.66	1.2	0.660966753580126	5
chr21	16356160	16357848	1689	58	22.1362068965517	-0.295142281828497	0.295142281828497	-0.313377224867829	0.313377224867829	hypo	case		0.524473000867786	0.66	0.66	1.2	0.660966753580126	5
chr20	18710770	18714046	3277	67	20.989552238806	-0.254652705004218	0.254652705004218	-0.264245157762447	0.264245157762447	hypo	case		0.152945393880441	0.66	0.66	1.2	0.660966753580126	5
chr21	38240876	38245528	4653	112	22.3629464285714	-0.246100906396079	0.246100906396079	-0.248671647407217	0.248671647407217	hypo	case		0.397616481576163	0.66	0.66	1.2	0.660966753580126	5
chr20	24235310	24238101	2792	62	22.0322580645161	-0.234960168339698	0.234960168339698	-0.258475408903738	0.258475408903738	hypo	case		0.252036678129499	0.66	0.66	1.2	0.660966753580126	5
chr20	28805589	28809703	4115	80	61.19875	-0.243520877094472	0.243520877094472	-0.255257578460729	0.255257578460729	hypo	case		0.724175204789098	0.66	0.724175204789098	2.8	0.682213840132396	5
chr21	14165857	14168740	2884	80	20.431875	-0.280945920111446	0.280945920111446	-0.293139392697994	0.293139392697994	hypo	case		0.524740686866423	0.66	0.66	1.2	0.660966753580126	5
chr20	56313681	56316919	3239	58	20.623275862069	-0.261790892100103	0.261790892100103	-0.265045967939592	0.265045967939592	hypo	case		0.267447232157559	0.66	0.66	1.2	0.660966753580126	5
chr21	29691108	29694710	3603	94	22.9398936170213	-0.260407394941388	0.260407394941388	-0.279046062793748	0.279046062793748	hypo	case		0.212504391784291	0.66	0.66	1.2	0.660966753580126	5
chr20	30298399	30302647	4249	136	21.7264705882353	0.268386193100964	0.268386193100964	0.294202461874261	0.294202461874261	hyper	case		0.298324796342276	0.66	0.66	1.2	0.660966753580126	5
chr20	8997794	9000802	3009	62	22.2766129032258	-0.246599728647461	0.246599728647461	-0.297546991071734	0.297546991071734	hypo	case		0.327625114000031	0.66	0.66	1.2	0.660966753580126	5
chr21	33582410	33585430	3021	104	22.9543269230769	-0.291438173419618	0.291438173419618	-0.284767348802928	0.284767348802928	hypo	case		0.433114699940365	0.66	0.66	1.2	0.660966753580126	5
chr20	11666443	11668790	2348	58	23.2172413793103	-0.284926460867584	0.284926460867584	-0.286549696309738	0.286549696309738	hypo	case		0.323532703411878	0.66	0.66	1.2	0.660966753580126	5
chr20	7193796	7196503	2708	58	24.1931034482759	-0.288732305619421	0.288732305619421	-0.301020547111411	0.301020547111411	hypo	case		0.651408475460768	0.66	0.66	1.2	0.660966753580126	5
chr21	15832740	15836369	3630	60	21.1633333333333	-0.185599917267284	0.185599917267284	-0.224639819393417	0.224639819393417	hypo	case		0.264771712888073	0.66	0.66	1.2	0.660966753580126	5
chr21	39262209	39264652	2444	50	22.926	-0.321104604959784	0.321104604959784	-0.318562960597117	0.318562960597117	hypo	case		0.171279021738853	0.66	0.66	1.2	0.660966753580126	5
chr21	33555893	33560759	4867	124	20.9911290322581	0.202613174431572	0.202613174431572	0.23281176786793	0.23281176786793	hyper	case		0.150847398719606	0.66	0.66	1.2	0.660966753580126	5
chr20	12633338	12636354	3017	52	20.9923076923077	-0.306546721344829	0.306546721344829	-0.331071235494224	0.331071235494224	hypo	case		0.452137286818242	0.66	0.66	1.2	0.660966753580126	5
chr20	51344029	51347507	3479	84	24.0261904761905	-0.276864046406348	0.276864046406348	-0.282326027338918	0.282326027338918	hypo	case		0.423177726511824	0.66	0.66	1.2	0.660966753580126	5
chr20	29525943	29527828	1886	68	19.5485294117647	-0.24300141433154	0.24300141433154	-0.255421530979875	0.255421530979875	hypo	case		0.448472676803294	0.66	0.66	1.2	0.660966753580126	5
chr20	22062097	22066021	3925	64	22.94765625	0.175897412863252	0.175897412863252	0.20149954726084	0.20149954726084	hyper	case		0.154824054584262	0.66	0.66	1.2	0.660966753580126	5
chr20	23156177	23159521	3345	100	22.9775	-0.325686026475587	0.325686026475587	-0.342736599973651	0.342736599973651	hypo	case		0.211908709304964	0.66	0.66	1.2	0.660966753580126	5
chr20	243174	247711	4538	76	21.3690789473684	-0.249931452434296	0.249931452434296	-0.246995105273027	0.246995105273027	hypo	case		0.93738553064183	0.66	0.93738553064183	2.8	0.682213840132396	5
chr20	40135404	40138034	2631	64	23.06875	-0.249888693884456	0.249888693884456	-0.26441214493794	0.26441214493794	hypo	case		0.273462484362014	0.66	0.66	1.2	0.660966753580126	5
chr21	7625133	7628866	3734	188	25.8827127659574	-0.234201352006391	0.234201352006391	-0.255296199830946	0.255296199830946	hypo	case		0.166822082119744	0.66	0.66	1.2	0.660966753580126	5
chr20	47559606	47563161	3556	68	21.2345588235294	0.127036373071056	0.127036373071056	0.135000774048701	0.137453399834749	hyper	case		0.99	0.66	0.99	2.8	0.682213840132396	5
chr20	41047004	41051082	4079	56	19.8642857142857	0.241237967791494	0.241237967791494	0.263056087743093	0.263056087743093	hyper	case		0.362997970438085	0.66	0.66	1.2	0.660966753580126	5
chr21	18404299	18407816	3518	52	21.8663461538462	-0.279735150613011	0.279735150613011	-0.292111696848807	0.292111696848807	hypo	case		0.177756683629035	0.66	0.66	1.2	0.660966753580126	5
chr21	9847363	9850661	3299	66	62.55	0.271496956964753	0.271496956964753	0.282712165325059	0.282712165325059	hyper	case		0.247200498716297	0.66	0.66	1.2	0.660966753580126	5
chr20	12048359	12053316	4958	98	24.3704081632653	0.174870311286116	0.174870311286116	0.192263776617743	0.192263776617743	hyper	case		0.331899225940436	0.66	0.66	1.2	0.660966753580126	5
chr21	30765473	30769327	3855	76	21.8072368421053	-0.267933929148944	0.267933929148944	-0.273206761240129	0.273206761240129	hypo	case		0.387116631128285	0.66	0.66	1.2	0.660966753580126	5
chr20	9623730	9627971	4242	64	22.9359375	-0.233310732283725	0.233310732283725	-0.244628941909001	0.244628941909001	hypo	case		0.192794924152735	0.66	0.66	1.2	0.660966753580126	5
chr21	18313035	18316982	3948	78	20.7698717948718	-0.281450862177719	0.281450862177719	-0.29004399279936	0.29004399279936	hypo	case		0.638171951006924	0.66	0.66	1.2	0.660966753580126	5
chr20	49389239	49393681	4443	102	22.9671568627451	-0.275399158549031	0.275399158549031	-0.284265385525993	0.284265385525993	hypo	case		0.197652229893528	0.66	0.66	1.2	0.660966753580126	5
chr20	6643964	6648878	4915	85	20.8552941176471	-0.280632187625784	0.280632187625784	-0.286442484020852	0.286442484020852	hypo	case		0.255482841444942	0.66	0.66	1.2	0.660966753580126	5
chr21	25117691	25119189	1499	52	21.1	-0.34817155481391	0.34817155481391	-0.329710025787068	0.329710025787068	hypo	case		0.0427525825827659	0.66	0.66	1.2	0.660966753580126	5
chr20	11352522	11356820	4299	59	21.8593220338983	-0.255199460244217	0.255199460244217	-0.261930129207357	0.261930129207357	hypo	case		0.344864295962046	0.66	0.66	1.2	0.660966753580126	5
chr20	14927133	14930703	3571	88	18.6840909090909	-0.252148649716194	0.252148649716194	-0.25473836522972	0.25473836522972	hypo	case		0.29248929884074	0.66	0.66	1.2	0.660966753580126	5
chr21	16137978	16142245	4268	78	20.2544871794872	-0.277110287380088	0.277110287380088	-0.274537767623356	0.274537767623356	hypo	case		0.130293197572632	0.66	0.66	1.2	0.660966753580126	5
chr20	11617478	11621710	4233	124	20.1225806451613	-0.277941255416281	0.277941255416281	-0.276444681784462	0.276444681784462	hypo	case		0.869039909996346	0.66	0.869039909996346	2.8	0.682213840132396	5
chr20	31716523	31719449	2927	58	22.4793103448276	0.2266227832135	0.2266227832135	0.259466280814434	0.259466280814434	hyper	case		0.270840108987477	0.66	0.66	1.2	0.660966753580126	5
chr20	2952650	2954909	2260	74	23.2641891891892	-0.349727333830033	0.349727333830033	-0.3626653987845	0.3626653987845	hypo	case		0.361147031375751	0.66	0.66	1.2	0.660966753580126	5
chr20	41153114	41155614	2501	52	25.3	-0.274564186794748	0.274564186794748	-0.268314180917006	0.268314180917006	hypo	case		0.275313275665245	0.66	0.66	1.2	0.660966753580126	5
chr20	30943269	30947363	4095	54	26.662962962963	-0.205137443574366	0.205137443574366	-0.199513402182195	0.199513402182195	hypo	case		0.355173362832643	0.66	0.66	1.2	0.660966753580126	5
chr20	52541066	52545013	3948	99	19.690404040404	-0.244868344830171	0.244868344830171	-0.272718788478622	0.272718788478622	hypo	case		0.475415153561	0.66	0.66	1.2	0.660966753580126	5
chr20	22913424	22918108	4685	88	22.7278409090909	-0.268951711009971	0.268951711009971	-0.297800752118492	0.297800752118492	hypo	case		0.227852151933371	0.66	0.66	1.2	0.660966753580126	5
chr20	37764792	37769253	4462	82	22.2737804878049	-0.189860129036558	0.189860129036558	-0.194191789928663	0.194191789928663	hypo	case		0.376107772610739	0.66	0.66	1.2	0.660966753580126	5
chr20	57637344	57640306	2963	56	23.4232142857143	-0.268510816841346	0.268510816841346	-0.301492300251522	0.301492300251522	hypo	case		0.187066365956102	0.66	0.66	1.2	0.660966753580126	5
chr21	32212090	32215663	3574	58	23.2172413793103	0.158809157397424	0.158809157397424	0.169277627039752	0.169277627039752	hyper	case		0.219204123980601	0.66	0.66	1.2	0.660966753580126	5
chr21	29697281	29702062	4782	86	23.2377906976744	-0.293026267117666	0.293026267117666	-0.308676053764056	0.308676053764056	hypo	case		0.220483834544907	0.66	0.66	1.2	0.660966753580126	5
chr20	23047336	23052289	4954	632	20.3476265822785	0.298899364893232	0.298899364893232	0.299288173063254	0.299288173063254	hyper	case		0.356332763058183	0.66	0.66	1.2	0.660966753580126	5
chr20	54966200	54968816	2617	52	20.4557692307692	-0.261470063518123	0.261470063518123	-0.27871661615777	0.27871661615777	hypo	case		0.156300389440525	0.66	0.66	1.2	0.660966753580126	5
chr21	20408642	20412496	3855	50	23.108	-0.263199909637917	0.263199909637917	-0.261820011585774	0.261820011585774	hypo	case		0.340227078188337	0.66	0.66	1.2	0.660966753580126	5
chr20	57413479	57417480	4002	176	25.0897727272727	-0.29685064566546	0.29685064566546	-0.300597867246565	0.300597867246565	hypo	case		0.24958510803193	0.66	0.66	1.2	0.660966753580126	5
chr21	23785407	23788683	3277	60	21.3741666666667	-0.361519029216681	0.361519029216681	-0.386450351593203	0.386450351593203	hypo	case		0.200837955550046	0.66	0.66	1.2	0.660966753580126	5
chr21	30002058	30005071	3014	52	20.6769230769231	-0.220110336031267	0.220110336031267	-0.244239254936418	0.244239254936418	hypo	case		0.414430809957854	0.66	0.66	1.2	0.660966753580126	5
chr20	4872286	4877282	4997	170	21.8905882352941	-0.220575294583587	0.220575294583587	-0.239332041552999	0.239332041552999	hypo	case		0.148605878892855	0.66	0.66	1.2	0.660966753580126	5
chr20	21909569	21914106	4538	69	20.0463768115942	-0.269710661958104	0.269710661958104	-0.282597028790507	0.282597028790507	hypo	case		0.420361491157157	0.66	0.66	1.2	0.660966753580126	5
chr20	28589500	28592872	3373	60	22.1583333333333	-0.301431705162777	0.301431705162777	-0.296738697621892	0.296738697621892	hypo	case		0.681636786891584	0.66	0.681636786891584	2.8	0.682213840132396	5
chr21	22075662	22080414	4753	62	19.9991935483871	-0.280095581185538	0.280095581185538	-0.264658426497223	0.264658426497223	hypo	case		0.154104299168609	0.66	0.66	1.2	0.660966753580126	5
chr20	19429448	19434415	4968	88	19.8431818181818	-0.251321633794027	0.251321633794027	-0.285676131298976	0.285676131298976	hypo	case		0.319251312697065	0.66	0.66	1.2	0.660966753580126	5
chr21	40404230	40407011	2782	54	22.337037037037	0.233148773857609	0.233148773857609	0.262639009533856	0.262639009533856	hyper	case		0.101037747668374	0.66	0.66	1.2	0.660966753580126	5
chr21	33993439	33998188	4750	86	22.2558139534884	-0.228668594056506	0.228668594056506	-0.239008063586415	0.239008063586415	hypo	case		0.720734997541601	0.66	0.720734997541601	2.8	0.682213840132396	5
chr21	31718004	31719796	1793	68	20.775	-0.256998381407446	0.256998381407446	-0.264228057724979	0.264228057724979	hypo	case		0.36453096705873	0.66	0.66	1.2	0.660966753580126	5
chr20	12827557	12830603	3047	71	22.4866197183099	0.217213735824547	0.217213735824547	0.237054655006838	0.237054655006838	hyper	case		0.155461226138074	0.66	0.66	1.2	0.660966753580126	5
chr21	23583975	23586595	2621	56	20.2973214285714	-0.325642265211058	0.325642265211058	-0.350720945803856	0.350720945803856	hypo	case		0.308511559052268	0.66	0.66	1.2	0.660966753580126	5
chr20	27572638	27576232	3595	80	15.43375	-0.313933131279401	0.313933131279401	-0.324501940029156	0.324501940029156	hypo	case		0.292034963031076	0.66	0.66	1.2	0.660966753580126	5
chr21	31663959	31667525	3567	89	23.9443820224719	-0.233943862144686	0.233943862144686	-0.246041198330945	0.246041198330945	hypo	case		0.141647931883728	0.66	0.66	1.2	0.660966753580126	5
chr20	29387001	29390284	3284	71	21.9408450704225	0.14766966643844	0.14766966643844	0.153398904889248	0.153398904889248	hyper	case		0.70039068110125	0.66	0.70039068110125	2.8	0.682213840132396	5
chr20	23213958	23218053	4096	62	23.591935483871	-0.292041219692437	0.292041219692437	-0.279402658001682	0.279402658001682	hypo	case		0.278614584639696	0.66	0.66	1.2	0.660966753580126	5
chr20	4449959	4453383	3425	52	21.85	-0.199830239463929	0.199830239463929	-0.230140526983429	0.230140526983429	hypo	case		0.219904793191799	0.66	0.66	1.2	0.660966753580126	5
chr21	23014182	23016022	1841	54	23.9046296296296	-0.246298452752363	0.246298452752363	-0.257905515036738	0.257905515036738	hypo	case		0.38458736858234	0.66	0.66	1.2	0.660966753580126	5
chr21	18058541	18063506	4966	95	22.6305263157895	-0.303611513431586	0.303611513431586	-0.312700271006674	0.312700271006674	hypo	case		0.421413468275657	0.66	0.66	1.2	0.660966753580126	5
chr21	9729568	9732834	3267	50	61.719	-0.22455804234927	0.22455804234927	-0.228897865609173	0.228897865609173	hypo	case		0.539956234067252	0.66	0.66	1.2	0.660966753580126	5
chr20	58324340	58326450	2111	76	22.3230263157895	-0.244746015107096	0.244746015107096	-0.267578421825811	0.267578421825811	hypo	case		0.424152506991077	0.66	0.66	1.2	0.660966753580126	5
chr21	14995501	14999671	4171	68	22.5845588235294	0.228955446167597	0.228955446167597	0.2277146847499	0.2277146847499	hyper	case		0.0992754959173975	0.66	0.66	1.2	0.660966753580126	5
chr21	21279122	21281038	1917	53	19.1877358490566	-0.252748756908763	0.252748756908763	-0.267634185239639	0.267634185239639	hypo	case		0.281131746998819	0.66	0.66	1.2	0.660966753580126	5
chr21	25083715	25087069	3355	80	23.168125	-0.273739035186749	0.273739035186749	-0.294376796491275	0.294376796491275	hypo	case		0.128191299610146	0.66	0.66	1.2	0.660966753580126	5
chr20	27559228	27563984	4757	55	16.5172727272727	-0.307944260467438	0.307944260467438	-0.33487660396215	0.33487660396215	hypo	case		0.100410655316332	0.66	0.66	1.2	0.660966753580126	5
chr21	27104635	27107677	3043	59	22.2169491525424	-0.24776032736127	0.24776032736127	-0.269413456076013	0.269413456076013	hypo	case		0.248416889098563	0.66	0.66	1.2	0.660966753580126	5
chr21	26247860	26250913	3054	56	23.8080357142857	-0.27305886656319	0.27305886656319	-0.280018115651039	0.280018115651039	hypo	case		0.350977989351916	0.66	0.66	1.2	0.660966753580126	5
chr20	25049493	25053668	4176	152	23.0858552631579	-0.249121020150755	0.249121020150755	-0.258332545753112	0.258332545753112	hypo	case		0.291198729658422	0.66	0.66	1.2	0.660966753580126	5
chr21	34244464	34248520	4057	64	23.45859375	-0.243030717947505	0.243030717947505	-0.247368953252337	0.247368953252337	hypo	case		0.383813884961399	0.66	0.66	1.2	0.660966753580126	5
chr20	11201057	11206004	4948	55	19.6363636363636	-0.220065923541543	0.220065923541543	-0.234270384710821	0.234270384710821	hypo	case		0.320397757847656	0.66	0.66	1.2	0.660966753580126	5
chr20	13821629	13825715	4087	86	23.3238372093023	-0.28761183193032	0.28761183193032	-0.284515624068011	0.284515624068011	hypo	case		0.303185593327797	0.66	0.66	1.2	0.660966753580126	5
chr20	4089909	4094868	4960	136	21.6106617647059	-0.259005987086552	0.259005987086552	-0.261890882320874	0.261890882320874	hypo	case		0.411564779092875	0.66	0.66	1.2	0.660966753580126	5
chr21	17483272	17487087	3816	184	20.1788043478261	-0.287715312116281	0.287715312116281	-0.304411394062829	0.304411394062829	hypo	case		0.263446984590105	0.66	0.66	1.2	0.660966753580126	5
chr21	43114766	43118681	3916	78	12.5038461538462	-0.260262017050016	0.260262017050016	-0.255223592190649	0.255223592190649	hypo	case		0.611482002788604	0.66	0.66	1.2	0.660966753580126	5
chr21	40908426	40913288	4863	106	23.0448113207547	-0.210009921887958	0.210009921887958	-0.212765366994688	0.212765366994688	hypo	case		0.382263582397415	0.66	0.66	1.2	0.660966753580126	5
chr21	19912070	19915444	3375	79	25.2025316455696	-0.246837407974441	0.246837407974441	-0.255393252119576	0.255393252119576	hypo	case		0.225167735605091	0.66	0.66	1.2	0.660966753580126	5
chr20	22415438	22418893	3456	52	22.5461538461538	-0.245163375737861	0.245163375737861	-0.254813643033931	0.254813643033931	hypo	case		0.62883743785674	0.66	0.66	1.2	0.660966753580126	5
chr20	43407879	43411741	3863	60	20.3125	0.208643472469559	0.208643472469559	0.207420203451573	0.207420203451573	hyper	case		0.0717053514813893	0.66	0.66	1.2	0.660966753580126	5
chr20	20316708	20320003	3296	79	17.3689873417722	-0.180284232718966	0.180284232718966	-0.207429071213176	0.207429071213176	hypo	case		0.426169391020471	0.66	0.66	1.2	0.660966753580126	5
chr20	29565368	29568285	2918	124	12.6286290322581	-0.200425853831122	0.200425853831122	-0.227657952612918	0.227657952612918	hypo	case		0.321613086352283	0.66	0.66	1.2	0.660966753580126	5
chr21	9792941	9796172	3232	81	59.7012345679012	0.241476251049161	0.241476251049161	0.237123023788796	0.237123023788796	hyper	case		0.380760180805831	0.66	0.66	1.2	0.660966753580126	5
chr20	4378237	4383148	4912	70	22.6535714285714	-0.255628750944053	0.255628750944053	-0.266811265454972	0.266811265454972	hypo	case		0.228872912163765	0.66	0.66	1.2	0.660966753580126	5
chr21	35060806	35064045	3240	56	22.3616071428571	-0.23798870294768	0.23798870294768	-0.258225012634093	0.258225012634093	hypo	case		0.332798205171812	0.66	0.66	1.2	0.660966753580126	5
chr20	7184061	7188101	4041	60	23.2341666666667	-0.297495050097795	0.297495050097795	-0.288437297394141	0.288437297394141	hypo	case		0.209700071058749	0.66	0.66	1.2	0.660966753580126	5
chr21	28095704	28099599	3896	80	22.820625	-0.280247551860482	0.280247551860482	-0.2802679026058	0.2802679026058	hypo	case		0.292566650506089	0.66	0.66	1.2	0.660966753580126	5
chr21	15633663	15636988	3326	56	20.8830357142857	-0.259571997972439	0.259571997972439	-0.272346157976555	0.272346157976555	hypo	case		0.441651222211788	0.66	0.66	1.2	0.660966753580126	5
chr20	56047969	56051686	3718	86	21.946511627907	-0.246881478541584	0.246881478541584	-0.245422360545507	0.245422360545507	hypo	case		0.575194162256839	0.66	0.66	1.2	0.660966753580126	5
chr20	15051184	15054187	3004	78	22.3589743589744	-0.242141699341923	0.242141699341923	-0.235875470371267	0.235875470371267	hypo	case		0.204609660855088	0.66	0.66	1.2	0.660966753580126	5
chr20	33772682	33775656	2975	62	24.0370967741936	-0.254817103504174	0.254817103504174	-0.254887982347133	0.254887982347133	hypo	case		0.384149101376035	0.66	0.66	1.2	0.660966753580126	5
chr20	20277025	20281854	4830	113	21.3172566371681	0.171161257090623	0.171161257090623	0.176370624807108	0.176370624807108	hyper	case		0.415341125344669	0.66	0.66	1.2	0.660966753580126	5
chr20	23403275	23407966	4692	92	22.7092391304348	-0.220600445815105	0.220600445815105	-0.262878563681734	0.263319202948181	hypo	case		0.99	0.66	0.99	2.8	0.682213840132396	5
chr21	30833624	30836254	2631	54	23.2111111111111	-0.265113961748148	0.265113961748148	-0.265880117188797	0.265880117188797	hypo	case		0.451504488304924	0.66	0.66	1.2	0.660966753580126	5
chr21	37369428	37372242	2815	50	21.119	0.234754292328276	0.234754292328276	0.26355237019311	0.26355237019311	hyper	case		0.262185912017793	0.66	0.66	1.2	0.660966753580126	5
chr21	26678731	26681984	3254	84	23.9684523809524	-0.253976220104551	0.253976220104551	-0.258802231833583	0.258802231833583	hypo	case		0.287020193177214	0.66	0.66	1.2	0.660966753580126	5
chr20	61152896	61155374	2479	70	23.0328571428571	-0.311424981931045	0.311424981931045	-0.320362351983347	0.320362351983347	hypo	case		0.347085536349176	0.66	0.66	1.2	0.660966753580126	5
chr21	18435299	18438966	3668	66	23.5219696969697	-0.291404348782667	0.291404348782667	-0.307017056845242	0.307017056845242	hypo	case		0.562851330027908	0.66	0.66	1.2	0.660966753580126	5
chr20	34422817	34427745	4929	122	21.4840163934426	-0.222904176715297	0.222904176715297	-0.223772383074226	0.223772383074226	hypo	case		0.532036653633055	0.66	0.66	1.2	0.660966753580126	5
chr21	40177688	40179898	2211	79	21.1474683544304	-0.194235605081193	0.194235605081193	-0.234618733706425	0.234618733706425	hypo	case		0.0819220381460782	0.66	0.66	1.2	0.660966753580126	5
chr20	29030220	29033726	3507	82	22.5121951219512	0.23651455694933	0.23651455694933	0.260130699321857	0.260130699321857	hyper	case		0.259730011070954	0.66	0.66	1.2	0.660966753580126	5
chr20	9089973	9093913	3941	54	18.6851851851852	-0.18647007583929	0.18647007583929	-0.226036822783278	0.226036822783278	hypo	case		0.187047789904659	0.66	0.66	1.2	0.660966753580126	5
chr21	20424966	20426152	1187	66	25.594696969697	-0.301198836882455	0.301198836882455	-0.291906309835614	0.291906309835614	hypo	case		0.618078402313774	0.66	0.66	1.2	0.660966753580126	5
chr21	15177374	15182059	4686	108	23.3296296296296	-0.318016937397532	0.318016937397532	-0.326126166432607	0.326126166432607	hypo	case		0.540992340514641	0.66	0.66	1.2	0.660966753580126	5
chr21	14224756	14227454	2699	51	20.0019607843137	-0.29919186981973	0.29919186981973	-0.323264436956696	0.323264436956696	hypo	case		0.366148503140042	0.66	0.66	1.2	0.660966753580126	5
chr20	21582808	21584893	2086	55	22.5609090909091	-0.293780167685594	0.293780167685594	-0.299406759738274	0.299406759738274	hypo	case		0.501320614091864	0.66	0.66	1.2	0.660966753580126	5
chr21	15382369	15385437	3069	68	19.9132352941176	-0.267689851766979	0.267689851766979	-0.265322144837954	0.265322144837954	hypo	case		0.415451795341171	0.66	0.66	1.2	0.660966753580126	5
chr21	42433312	42435559	2248	50	20.571	-0.153959741712244	0.153959741712244	-0.185818360236057	0.185818360236057	hypo	case		0.403381747678917	0.66	0.66	1.2	0.660966753580126	5
chr21	26422325	26427139	4815	93	22.2666666666667	-0.277849314499856	0.277849314499856	-0.294460963935783	0.294460963935783	hypo	case		0.230352424101286	0.66	0.66	1.2	0.660966753580126	5
chr20	18487673	18491166	3494	74	23.0777027027027	-0.257673133091999	0.257673133091999	-0.265560349557147	0.265560349557147	hypo	case		0.177418140615464	0.66	0.66	1.2	0.660966753580126	5
chr21	32684724	32686052	1329	51	24.5117647058824	-0.305438721578453	0.305438721578453	-0.324320051987742	0.324320051987742	hypo	case		0.461755327918559	0.66	0.66	1.2	0.660966753580126	5
chr20	31436981	31438477	1497	60	20.9775	-0.249887658510034	0.249887658510034	-0.262693655184342	0.262693655184342	hypo	case		0.0516594876413004	0.66	0.66	1.2	0.660966753580126	5
chr20	19741857	19745387	3531	66	19.9431818181818	-0.310908480430036	0.310908480430036	-0.312825835739575	0.312825835739575	hypo	case		0.0562870533397145	0.66	0.66	1.2	0.660966753580126	5
chr20	16225498	16230286	4789	285	21.8778947368421	-0.322547551783965	0.322547551783965	-0.328002832029439	0.328002832029439	hypo	case		0.258606161847939	0.66	0.66	1.2	0.660966753580126	5
chr21	10566694	10569764	3071	54	50.4027777777778	-0.198618089178177	0.198618089178177	-0.206503705715447	0.206503705715447	hypo	case		0.680483337423451	0.66	0.680483337423451	2.8	0.682213840132396	5
chr21	17058246	17061478	3233	52	22.4548076923077	-0.254508602705482	0.254508602705482	-0.286651595843131	0.286651595843131	hypo	case		0.178987909471642	0.66	0.66	1.2	0.660966753580126	5
chr20	50212006	50216786	4781	146	21.9246575342466	0.188794776445683	0.188794776445683	0.211971654487319	0.211971654487319	hyper	case		0.240930478491036	0.66	0.66	1.2	0.660966753580126	5
chr21	24331004	24335953	4950	100	22.2675	-0.325801306626357	0.325801306626357	-0.348720145635276	0.348720145635276	hypo	case		0.417482245548643	0.66	0.66	1.2	0.660966753580126	5
chr20	9466740	9470726	3987	66	21.0772727272727	-0.256180477107858	0.256180477107858	-0.251601711305178	0.251601711305178	hypo	case		0.623598985216678	0.66	0.66	1.2	0.660966753580126	5
chr20	51207882	51212256	4375	60	21.6258333333333	-0.271482389464118	0.271482389464118	-0.295673944295798	0.295673944295798	hypo	case		0.159713090097418	0.66	0.66	1.2	0.660966753580126	5
chr21	20798463	20803205	4743	113	22.9964601769912	-0.259872618194643	0.259872618194643	-0.263453084780329	0.263453084780329	hypo	case		0.423380401260723	0.66	0.66	1.2	0.660966753580126	5
chr21	13806548	13810460	3913	88	23.4869318181818	-0.283120053710961	0.283120053710961	-0.294586075104185	0.294586075104185	hypo	case		0.108598389807135	0.66	0.66	1.2	0.660966753580126	5
chr21	37404138	37408383	4246	72	21.0131944444444	0.245969861350419	0.245969861350419	0.25427929576476	0.25427929576476	hyper	case		0.114951970932717	0.66	0.66	1.2	0.660966753580126	5
chr20	60902541	60904683	2143	60	21.7358333333333	-0.202457105305071	0.202457105305071	-0.229592235908267	0.229592235908267	hypo	case		0.163090496081718	0.66	0.66	1.2	0.660966753580126	5
chr20	20592109	20596236	4128	79	21.0221518987342	-0.189896897564821	0.189896897564821	-0.198403889543132	0.198403889543132	hypo	case		0.199656883918762	0.66	0.66	1.2	0.660966753580126	5
chr20	43965038	43967543	2506	64	24.03046875	-0.296124634559359	0.296124634559359	-0.319666551442147	0.319666551442147	hypo	case		0.208424201895274	0.66	0.66	1.2	0.660966753580126	5
chr20	52318333	52320683	2351	68	23.1272058823529	-0.306605252275054	0.306605252275054	-0.302497153254823	0.302497153254823	hypo	case		0.482689138834995	0.66	0.66	1.2	0.660966753580126	5
chr21	32925962	32929796	3835	94	22.986170212766	-0.246750957754186	0.246750957754186	-0.244177609664565	0.244177609664565	hypo	case		0.312096543879354	0.66	0.66	1.2	0.660966753580126	5
chr20	10567418	10572270	4853	106	21.9688679245283	-0.30174068443898	0.30174068443898	-0.290323619376483	0.290323619376483	hypo	case		0.203696693845556	0.66	0.66	1.2	0.660966753580126	5
chr20	45025932	45029063	3132	64	23.33125	-0.235401399522472	0.235401399522472	-0.234341949868345	0.234341949868345	hypo	case		0.34251330261259	0.66	0.66	1.2	0.660966753580126	5
chr20	28509457	28514089	4633	101	43.9455445544554	0.168606314605774	0.168606314605774	0.177345254579182	0.177345254579182	hyper	case		0.135729392233611	0.66	0.66	1.2	0.660966753580126	5
chr20	52288996	52293555	4560	110	21.6163636363636	-0.285536072098232	0.285536072098232	-0.306683508542906	0.306683508542906	hypo	case		0.347193069974683	0.66	0.66	1.2	0.660966753580126	5
chr21	14515195	14519009	3815	64	20.91640625	-0.249828286199611	0.249828286199611	-0.274877940652923	0.274877940652923	hypo	case		0.107079403186975	0.66	0.66	1.2	0.660966753580126	5
chr20	20570421	20574807	4387	64	19.6859375	-0.257210764249056	0.257210764249056	-0.278117815956741	0.278117815956741	hypo	case		0.15715755309915	0.66	0.66	1.2	0.660966753580126	5
chr20	39615609	39619220	3612	52	22.4192307692308	-0.235920872711485	0.235920872711485	-0.235275893826166	0.235275893826166	hypo	case		0.0950994854683309	0.66	0.66	1.2	0.660966753580126	5
chr21	40652239	40656779	4541	86	21.3308139534884	-0.241227538477733	0.241227538477733	-0.251621527797881	0.251621527797881	hypo	case		0.392924041050576	0.66	0.66	1.2	0.660966753580126	5
chr20	23063351	23066070	2720	52	23.0903846153846	0.186972660834459	0.186972660834459	0.208072156516705	0.208072156516705	hyper	case		0.174692231080879	0.66	0.66	1.2	0.660966753580126	5
chr20	30757980	30761843	3864	62	13.3016129032258	-0.255379492467125	0.255379492467125	-0.289571600278348	0.289571600278348	hypo	case		0.319053788017791	0.66	0.66	1.2	0.660966753580126	5
chr20	19804557	19807171	2615	52	19.7692307692308	-0.251022871565214	0.251022871565214	-0.273476751737102	0.273476751737102	hypo	case		0.266052332844666	0.66	0.66	1.2	0.660966753580126	5
chr21	32290638	32293607	2970	54	23.7287037037037	-0.239792752497549	0.239792752497549	-0.270516192638016	0.270516192638016	hypo	case		0.493530119625437	0.66	0.66	1.2	0.660966753580126	5
chr20	25908350	25911031	2682	60	24.2333333333333	-0.29793155941781	0.29793155941781	-0.311220582639037	0.311220582639037	hypo	case		0.776308823785661	0.66	0.776308823785661	2.8	0.682213840132396	5
chr21	36879754	36884211	4458	172	23.1686046511628	-0.278543622483715	0.278543622483715	-0.290440149772808	0.290440149772808	hypo	case		0.51233948175666	0.66	0.66	1.2	0.660966753580126	5
chr20	24243563	24248356	4794	64	20.83671875	-0.285971907232334	0.285971907232334	-0.281421087855823	0.281421087855823	hypo	case		0.138930604655243	0.66	0.66	1.2	0.660966753580126	5
chr21	18382585	18385965	3381	50	22.851	-0.279987600970064	0.279987600970064	-0.274109318960581	0.274109318960581	hypo	case		0.211817089141175	0.66	0.66	1.2	0.660966753580126	5
chr20	8157942	8162181	4240	58	23.1129310344828	-0.236992876360544	0.236992876360544	-0.259152297874544	0.259152297874544	hypo	case		0.171648333727247	0.66	0.66	1.2	0.660966753580126	5
chr20	45376164	45377921	1758	50	20.537	-0.234208276656829	0.234208276656829	-0.264480378833929	0.264480378833929	hypo	case		0.605291917729363	0.66	0.66	1.2	0.660966753580126	5
chr20	16860236	16864349	4114	72	20.5152777777778	-0.277397806421862	0.277397806421862	-0.292682512676612	0.292682512676612	hypo	case		0.202374013709032	0.66	0.66	1.2	0.660966753580126	5
chr20	40524121	40528441	4321	58	20.523275862069	-0.27163680257352	0.27163680257352	-0.290370340132605	0.290370340132605	hypo	case		0.156248099151595	0.66	0.66	1.2	0.660966753580126	5
chr20	17426702	17429472	2771	51	22.1862745098039	-0.172730675121979	0.172730675121979	-0.201840908896653	0.201840908896653	hypo	case		0.682060907814498	0.66	0.682060907814498	2.8	0.682213840132396	5
chr20	52420073	52423251	3179	51	22.5176470588235	-0.332148271545936	0.332148271545936	-0.32850470351172	0.32850470351172	hypo	case		0.203322125139362	0.66	0.66	1.2	0.660966753580126	5
chr20	42229910	42233733	3824	56	20.3883928571429	-0.257894326787133	0.257894326787133	-0.279170446156566	0.279170446156566	hypo	case		0.377692503236204	0.66	0.66	1.2	0.660966753580126	5
chr21	33261097	33264923	3827	128	23.20703125	-0.313566215318953	0.313566215318953	-0.31580584386937	0.31580584386937	hypo	case		0.348791759678778	0.66	0.66	1.2	0.660966753580126	5
chr20	23793501	23795257	1757	53	18.7028301886792	-0.280063205150924	0.280063205150924	-0.270192445062771	0.270192445062771	hypo	case		0.99	0.66	0.99	2.8	0.682213840132396	5
chr20	41751273	41755532	4260	68	24.7720588235294	-0.198534015484641	0.198534015484641	-0.21921061966137	0.21921061966137	hypo	case		0.550027555909185	0.66	0.66	1.2	0.660966753580126	5
chr20	13114812	13118252	3441	70	24.6321428571429	-0.206639569522388	0.206639569522388	-0.223100738269107	0.223100738269107	hypo	case		0.594285497898404	0.66	0.66	1.2	0.660966753580126	5
chr21	27692004	27695579	3576	52	19.5557692307692	-0.293307997328981	0.293307997328981	-0.302759532579042	0.302759532579042	hypo	case		0.132960639169606	0.66	0.66	1.2	0.660966753580126	5
chr20	26182510	26186368	3859	50	22.598	-0.228201681931708	0.228201681931708	-0.193242868563725	0.193242868563725	hypo	case		0.5630445218053	0.66	0.66	1.2	0.660966753580126	5
chr20	55693243	55695464	2222	76	23.3296052631579	-0.250829756907896	0.250829756907896	-0.272957553661861	0.272957553661861	hypo	case		0.0668601730810785	0.66	0.66	1.2	0.660966753580126	5
chr20	47541190	47544427	3238	58	23.4112068965517	0.208928099542078	0.208928099542078	0.227928317342693	0.227928317342693	hyper	case		0.99	0.66	0.99	2.8	0.682213840132396	5
chr20	56320153	56324717	4565	74	21.0358108108108	0.190367983245928	0.190367983245928	0.23949876371405	0.23949876371405	hyper	case		0.305892916886995	0.66	0.66	1.2	0.660966753580126	5
chr20	61029921	61033732	3812	70	20.5357142857143	-0.282821468054705	0.282821468054705	-0.294858902359549	0.294858902359549	hypo	case		0.183834842097421	0.66	0.66	1.2	0.660966753580126	5
chr20	59851442	59853669	2228	76	22.4802631578947	-0.275151325005323	0.275151325005323	-0.277641919220226	0.277641919220226	hypo	case		0.544491291584249	0.66	0.66	1.2	0.660966753580126	5
chr20	43031204	43035612	4409	84	19.6928571428571	-0.257654280498371	0.257654280498371	-0.264151034335824	0.264151034335824	hypo	case		0.0888772573758202	0.66	0.66	1.2	0.660966753580126	5
chr20	20811479	20816261	4783	114	22.6899122807018	-0.283873043248085	0.283873043248085	-0.292118793131636	0.292118793131636	hypo	case		0.0577197168356141	0.66	0.66	1.2	0.660966753580126	5
chr21	8653884	8655592	1709	51	10.0960784313725	-0.279931072807911	0.279931072807911	-0.307420108021305	0.307420108021305	hypo	case		0.473229087885442	0.66	0.66	1.2	0.660966753580126	5
chr20	34763013	34765435	2423	92	23.4576086956522	-0.273750801419745	0.273750801419745	-0.275598284347814	0.275598284347814	hypo	case		0.463135014445187	0.66	0.66	1.2	0.660966753580126	5
chr20	59158063	59162183	4121	116	22.7952586206897	-0.283625064573977	0.283625064573977	-0.282195234207307	0.282195234207307	hypo	case		0.174126735845756	0.66	0.66	1.2	0.660966753580126	5
chr21	38030313	38032691	2379	60	20.8125	-0.312948096474463	0.312948096474463	-0.344834275106727	0.344834275106727	hypo	case		0.467136022402394	0.66	0.66	1.2	0.660966753580126	5
chr20	59611375	59615666	4292	138	19.1228260869565	-0.264748191785715	0.264748191785715	-0.265650511127056	0.265650511127056	hypo	case		0.302240887582328	0.66	0.66	1.2	0.660966753580126	5
chr21	30816770	30819809	3040	50	21.427	-0.241508054367221	0.241508054367221	-0.245422423932533	0.245422423932533	hypo	case		0.99	0.66	0.99	2.8	0.682213840132396	5
chr20	55592219	55594405	2187	60	22.6175	-0.283055992002168	0.283055992002168	-0.27006437403993	0.27006437403993	hypo	case		0.0947904443814755	0.66	0.66	1.2	0.660966753580126	5
chr21	36348135	36351721	3587	82	23.3268292682927	-0.290445501902387	0.290445501902387	-0.300458510606026	0.300458510606026	hypo	case		0.343901728842584	0.66	0.66	1.2	0.660966753580126	5
chr21	15001055	15004778	3724	70	24.2992857142857	0.291206649365987	0.291206649365987	0.298265647028465	0.298265647028465	hyper	case		0.617741979681471	0.66	0.66	1.2	0.660966753580126	5
chr21	21038460	21042476	4017	62	22.7177419354839	-0.276945666902077	0.276945666902077	-0.268000026261352	0.268000026261352	hypo	case		0.161152808180052	0.66	0.66	1.2	0.660966753580126	5
chr20	3873402	3876559	3158	72	22.2576388888889	-0.21033931445363	0.21033931445363	-0.210841235492469	0.210841235492469	hypo	case		0.0480241564848601	0.66	0.66	1.2	0.660966753580126	5
chr21	5222664	5226037	3374	70	84.025	-0.213090589950704	0.213090589950704	-0.217701345638676	0.217701345638676	hypo	case		0.243730877735885	0.66	0.66	1.2	0.660966753580126	5
chr21	38773166	38776693	3528	98	22.2051020408163	-0.228277777010383	0.228277777010383	-0.262849590281572	0.262849590281572	hypo	case		0.231597438093538	0.66	0.66	1.2	0.660966753580126	5
chr20	16042160	16045829	3670	56	22.6982142857143	0.177378160403277	0.177378160403277	0.198777448238967	0.198777448238967	hyper	case		0.160476761913137	0.66	0.66	1.2	0.660966753580126	5
chr20	6262592	6266964	4373	66	22.669696969697	-0.253809063562204	0.253809063562204	-0.232541900056196	0.232541900056196	hypo	case		0.502548847269668	0.66	0.66	1.2	0.660966753580126	5
chr20	42558259	42563180	4922	82	22.4957317073171	-0.283665708872256	0.283665708872256	-0.296513919570337	0.296513919570337	hypo	case		0.309008140432553	0.66	0.66	1.2	0.660966753580126	5
chr20	40821504	40826001	4498	68	21.3514705882353	-0.212487221536349	0.212487221536349	-0.21991849840883	0.21991849840883	hypo	case		0.298790829686684	0.66	0.66	1.2	0.660966753580126	5
chr20	11231597	11234254	2658	54	21.1527777777778	-0.284248366541159	0.284248366541159	-0.276172427935983	0.276172427935983	hypo	case		0.173191917654443	0.66	0.66	1.2	0.660966753580126	5
chr20	21000954	21005308	4355	72	19.61875	-0.298333501274694	0.298333501274694	-0.317825534722509	0.317825534722509	hypo	case		0.375326477033879	0.66	0.66	1.2	0.660966753580126	5
chr21	14508675	14512221	3547	94	22.0718085106383	-0.3076193532028	0.3076193532028	-0.301924013709128	0.301924013709128	hypo	case		0.930218392333685	0.66	0.930218392333685	2.8	0.682213840132396	5
chr21	24735848	24739018	3171	64	21.9203125	-0.28175815164802	0.28175815164802	-0.30773110960461	0.30773110960461	hypo	case		0.569499313911176	0.66	0.66	1.2	0.660966753580126	5
chr21	18686773	18690091	3319	52	18.8365384615385	0.192678808368998	0.192678808368998	0.21027075214739	0.21027075214739	hyper	case		0.426547997230025	0.66	0.66	1.2	0.660966753580126	5
chr20	7847486	7851380	3895	70	22.9914285714286	-0.208812042985005	0.208812042985005	-0.24002619787514	0.24002619787514	hypo	case		0.114897886466954	0.66	0.66	1.2	0.660966753580126	5
chr20	1556499	1559370	2872	62	21.9814516129032	-0.232018132945121	0.232018132945121	-0.242798281591094	0.242798281591094	hypo	case		0.0824621588389963	0.66	0.66	1.2	0.660966753580126	5
chr20	27424824	27427542	2719	70	21.4428571428571	-0.313004673307448	0.313004673307448	-0.299122849363011	0.299122849363011	hypo	case		0.220264558166961	0.66	0.66	1.2	0.660966753580126	5
chr21	44673929	44678246	4318	104	22.2350961538462	-0.251870405283852	0.251870405283852	-0.260180223764384	0.260180223764384	hypo	case		0.0745306297198492	0.66	0.66	1.2	0.660966753580126	5
chr21	28660591	28664080	3490	56	24.3410714285714	-0.291361689202993	0.291361689202993	-0.269434542680983	0.269434542680983	hypo	case		0.402259530037957	0.66	0.66	1.2	0.660966753580126	5
chr20	42699777	42703082	3306	82	20.9585365853659	-0.293645801854633	0.293645801854633	-0.317892343311101	0.317892343311101	hypo	case		0.31141674185787	0.66	0.66	1.2	0.660966753580126	5
chr20	17268589	17272448	3860	51	23.6627450980392	0.246449795992845	0.246449795992845	0.273332659316512	0.273332659316512	hyper	case		0.142980466729052	0.66	0.66	1.2	0.660966753580126	5
chr20	26672031	26675620	3590	69	16.4065217391304	-0.272612661253566	0.272612661253566	-0.280503571795218	0.280503571795218	hypo	case		0.180034525423339	0.66	0.66	1.2	0.660966753580126	5
chr21	10749894	10754548	4655	80	115.98875	0.179723280290071	0.179723280290071	0.207063896683405	0.207063896683405	hyper	case		0.564280579219776	0.66	0.66	1.2	0.660966753580126	5
chr20	42078087	42082004	3918	84	21.9351190476191	-0.261700927923259	0.261700927923259	-0.270161158376698	0.270161158376698	hypo	case		0.208477121019759	0.66	0.66	1.2	0.660966753580126	5
chr20	6813373	6816720	3348	52	22.0605769230769	-0.302186003427009	0.302186003427009	-0.294777245648111	0.294777245648111	hypo	case		0.188666513615828	0.66	0.66	1.2	0.660966753580126	5
chr21	22509421	22511650	2230	52	22.0278846153846	-0.228251090027233	0.228251090027233	-0.252965413353898	0.252965413353898	hypo	case		0.185827067637699	0.66	0.66	1.2	0.660966753580126	5
chr20	41274053	41276707	2655	58	20.6215517241379	-0.210432196988116	0.210432196988116	-0.218538860839505	0.218538860839505	hypo	case		0.280301188970085	0.66	0.66	1.2	0.660966753580126	5
chr21	31060430	31062732	2303	50	21.97	-0.320133320732066	0.320133320732066	-0.301465991695726	0.301465991695726	hypo	case		0.56750808611589	0.66	0.66	1.2	0.660966753580126	5
chr21	37805257	37809808	4552	82	20.840243902439	-0.240753372163388	0.240753372163388	-0.24329291145788	0.24329291145788	hypo	case		0.570299411343875	0.66	0.66	1.2	0.660966753580126	5
chr20	55464699	55467935	3237	50	23.673	-0.322209528147741	0.322209528147741	-0.345355723101839	0.345355723101839	hypo	case		0.328581380267542	0.66	0.66	1.2	0.660966753580126	5
chr21	29989042	29993739	4698	66	21.9242424242424	0.184802890896095	0.184802890896095	0.206331573896714	0.206331573896714	hyper	case		0.377756056174385	0.66	0.66	1.2	0.660966753580126	5
chr20	10834424	10837881	3458	56	22.0553571428571	-0.244563660423149	0.244563660423149	-0.286546428721512	0.286546428721512	hypo	case		0.452303933963869	0.66	0.66	1.2	0.660966753580126	5
chr20	8956513	8958927	2415	52	21.25	-0.292492756191435	0.292492756191435	-0.296616204916382	0.296616204916382	hypo	case		0.164332181628655	0.66	0.66	1.2	0.660966753580126	5
chr21	19560484	19562649	2166	58	21.8862068965517	-0.281424729160992	0.281424729160992	-0.290203085684801	0.290203085684801	hypo	case		0.412080641117199	0.66	0.66	1.2	0.660966753580126	5
chr21	46696842	46699775	2934	481	44.2295218295218	-0.262299927027814	0.262299927027814	-0.275984033736351	0.275984033736351	hypo	case		0.320982611076314	0.66	0.66	1.2	0.660966753580126	5
chr21	38374154	38377754	3601	90	22.9272222222222	-0.333720662691104	0.333720662691104	-0.331809402281712	0.331809402281712	hypo	case		0.15482415637666	0.66	0.66	1.2	0.660966753580126	5
chr21	33098223	33099966	1744	98	20.8525510204082	-0.239231564690841	0.239231564690841	-0.273364029548585	0.273364029548585	hypo	case		0.660637796111345	0.66	0.660637796111345	1.2	0.660966753580126	5
chr21	15999040	16002853	3814	60	20.3966666666667	-0.217090415211697	0.217090415211697	-0.222406463518002	0.222406463518002	hypo	case		0.43800907420921	0.66	0.66	1.2	0.660966753580126	5
chr20	24391437	24396433	4997	116	20.0780172413793	-0.280473751578871	0.280473751578871	-0.275157779450198	0.275157779450198	hypo	case		0.543753289311678	0.66	0.66	1.2	0.660966753580126	5
chr20	43268328	43273155	4828	96	21.35	-0.244505603825031	0.244505603825031	-0.282907313086149	0.282907313086149	hypo	case		0.399879487431023	0.66	0.66	1.2	0.660966753580126	5
chr21	27968763	27971636	2874	102	23.5441176470588	-0.304347169577512	0.304347169577512	-0.313219154358107	0.313219154358107	hypo	case		0.341931155415187	0.66	0.66	1.2	0.660966753580126	5
chr20	52876113	52880630	4518	74	21.3966216216216	-0.330997893552702	0.330997893552702	-0.33079185530755	0.33079185530755	hypo	case		0.516454098690819	0.66	0.66	1.2	0.660966753580126	5
chr20	18065762	18069432	3671	82	20.8780487804878	-0.254795930541899	0.254795930541899	-0.239751387543782	0.239751387543782	hypo	case		0.312857343473963	0.66	0.66	1.2	0.660966753580126	5
chr20	51274802	51279657	4856	144	22.1607638888889	-0.24480899176339	0.24480899176339	-0.237229251090667	0.237229251090667	hypo	case		0.276118197721587	0.66	0.66	1.2	0.660966753580126	5
chr20	18605331	18609432	4102	75	24.65	-0.287420029106252	0.287420029106252	-0.267580888637899	0.267580888637899	hypo	case		0.525671027040049	0.66	0.66	1.2	0.660966753580126	5
chr20	13109692	13113279	3588	70	25.2507142857143	0.188571062345957	0.188571062345957	0.211389123650695	0.211389123650695	hyper	case		0.097414244051982	0.66	0.66	1.2	0.660966753580126	5
chr20	129531	132233	2703	136	20.4441176470588	-0.245536151986751	0.245536151986751	-0.273279567343539	0.273279567343539	hypo	case		0.156159528900951	0.66	0.66	1.2	0.660966753580126	5
chr21	20387454	20391614	4161	78	21.8301282051282	-0.257618454801033	0.257618454801033	-0.280148625703214	0.280148625703214	hypo	case		0.497910557954031	0.66	0.66	1.2	0.660966753580126	5
chr21	34622589	34626939	4351	90	20.6288888888889	-0.258001176147182	0.258001176147182	-0.282923464794684	0.282923464794684	hypo	case		0.14132128212316	0.66	0.66	1.2	0.660966753580126	5
chr20	22106769	22109926	3158	56	22.4321428571429	-0.198181260561473	0.198181260561473	-0.235003631989329	0.235003631989329	hypo	case		0.144048533139799	0.66	0.66	1.2	0.660966753580126	5
chr20	37481554	37485815	4262	80	18.93375	-0.27279506038171	0.27279506038171	-0.287416522065156	0.287416522065156	hypo	case		0.528120637098707	0.66	0.66	1.2	0.660966753580126	5
chr21	23589153	23593775	4623	66	19.9916666666667	-0.323334325947169	0.323334325947169	-0.330704400980008	0.330704400980008	hypo	case		0.656227781476525	0.66	0.66	1.2	0.660966753580126	5
chr20	34446237	34450221	3985	62	22.0040322580645	-0.288845696733003	0.288845696733003	-0.284639153569773	0.284639153569773	hypo	case		0.0965975575933755	0.66	0.66	1.2	0.660966753580126	5
chr20	6370130	6374747	4618	76	21.6611842105263	-0.2770590630584	0.2770590630584	-0.298990134932014	0.298990134932014	hypo	case		0.563940677585331	0.66	0.66	1.2	0.660966753580126	5
chr20	19406730	19409461	2732	60	20.8916666666667	-0.263079161798743	0.263079161798743	-0.273236059095385	0.273236059095385	hypo	case		0.13136802340307	0.66	0.66	1.2	0.660966753580126	5
chr21	20821096	20825837	4742	74	19.8912162162162	-0.207945023910908	0.207945023910908	-0.219982342087396	0.219982342087396	hypo	case		0.495446353797597	0.66	0.66	1.2	0.660966753580126	5
chr21	28782464	28784361	1898	97	22.5860824742268	-0.326314613503867	0.326314613503867	-0.341661591865353	0.341661591865353	hypo	case		0.189616619569179	0.66	0.66	1.2	0.660966753580126	5
chr21	32721404	32724437	3034	71	22.8183098591549	-0.271362790982388	0.271362790982388	-0.28654414616671	0.28654414616671	hypo	case		0.205591146775987	0.66	0.66	1.2	0.660966753580126	5
chr21	24460330	24463976	3647	51	19.3205882352941	-0.311179989209157	0.311179989209157	-0.334514160239215	0.334514160239215	hypo	case		0.310136072737329	0.66	0.66	1.2	0.660966753580126	5
chr21	15824655	15827766	3112	66	19.9545454545455	0.227326828669771	0.227326828669771	0.227576883330289	0.227576883330289	hyper	case		0.0646220990535397	0.66	0.66	1.2	0.660966753580126	5
chr20	8213883	8215989	2107	56	21.7026785714286	-0.203240011598707	0.203240011598707	-0.215925554822741	0.215925554822741	hypo	case		0.16460280445752	0.66	0.66	1.2	0.660966753580126	5
chr21	35881235	35883503	2269	52	19.3480769230769	-0.156032430496971	0.156032430496971	-0.187434053764388	0.187434053764388	hypo	case		0.655914045241583	0.66	0.66	1.2	0.660966753580126	5
chr21	37885601	37889498	3898	57	20.6122807017544	0.216908921496263	0.216908921496263	0.210308583873353	0.210308583873353	hyper	case		0.99	0.66	0.99	2.8	0.682213840132396	5
chr20	41156193	41158961	2769	52	23.8480769230769	0.215999536628021	0.215999536628021	0.220170527049082	0.220170527049082	hyper	case		0.290868078950151	0.66	0.66	1.2	0.660966753580126	5
chr21	40292773	40294794	2022	54	23.5398148148148	-0.265354602218105	0.265354602218105	-0.25570881564411	0.25570881564411	hypo	case		0.394545239617837	0.66	0.66	1.2	0.660966753580126	5
chr21	17679702	17683650	3949	53	12.5745283018868	-0.247536241869156	0.247536241869156	-0.248212143223408	0.248212143223408	hypo	case		0.323198674539459	0.66	0.66	1.2	0.660966753580126	5
chr20	45650395	45653711	3317	74	23.4736486486487	-0.295849791531015	0.295849791531015	-0.3019429100273	0.3019429100273	hypo	case		0.5067204325279	0.66	0.66	1.2	0.660966753580126	5
chr20	31766551	31771438	4888	156	23.1650641025641	-0.330446144870263	0.330446144870263	-0.344750871611781	0.344750871611781	hypo	case		0.32835298945705	0.66	0.66	1.2	0.660966753580126	5
chr21	18042740	18046925	4186	58	23.5758620689655	-0.258005500782182	0.258005500782182	-0.261441233761681	0.261441233761681	hypo	case		0.12057584384836	0.66	0.66	1.2	0.660966753580126	5
chr21	27604313	27608179	3867	64	21.990625	-0.29958448276769	0.29958448276769	-0.308393872891734	0.308393872891734	hypo	case		0.145985943503488	0.66	0.66	1.2	0.660966753580126	5
chr20	21592942	21596741	3800	52	25.2201923076923	-0.233709996421259	0.233709996421259	-0.242755591205531	0.242755591205531	hypo	case		0.166149404050858	0.66	0.66	1.2	0.660966753580126	5
chr20	20446447	20451065	4619	66	21.9378787878788	0.275578328979291	0.275578328979291	0.268577268022866	0.268577268022866	hyper	case		0.156800775540603	0.66	0.66	1.2	0.660966753580126	5
chr21	46241830	46245120	3291	75	19.2086666666667	-0.232899426385124	0.232899426385124	-0.263163614041253	0.263163614041253	hypo	case		0.582278308060979	0.66	0.66	1.2	0.660966753580126	5
chr20	17372161	17376381	4221	80	23.378125	-0.200633403947176	0.200633403947176	-0.201803557726667	0.201803557726667	hypo	case		0.107823431831878	0.66	0.66	1.2	0.660966753580126	5
chr21	35424298	35427949	3652	92	21.5239130434783	-0.232399963829463	0.232399963829463	-0.246108726317438	0.246108726317438	hypo	case		0.655654496162751	0.66	0.66	1.2	0.660966753580126	5
chr20	33208297	33212187	3891	76	22.1131578947368	0.201755652771927	0.201755652771927	0.226754744762286	0.226754744762286	hyper	case		0.280103195412605	0.66	0.66	1.2	0.660966753580126	5
chr21	24913719	24917785	4067	58	22.0060344827586	-0.277602042282671	0.277602042282671	-0.303770258183257	0.303770258183257	hypo	case		0.0150423403805136	0.66	0.66	1.2	0.660966753580126	5
chr21	17778528	17782083	3556	66	21.030303030303	-0.223858836712378	0.223858836712378	-0.215070078043808	0.215070078043808	hypo	case		0.125760190304286	0.66	0.66	1.2	0.660966753580126	5
chr21	21483989	21486690	2702	78	22.8051282051282	-0.270262405790756	0.270262405790756	-0.264796480578463	0.264796480578463	hypo	case		0.471711734532534	0.66	0.66	1.2	0.660966753580126	5
chr20	56149841	56153221	3381	56	21.5785714285714	-0.190753347713383	0.190753347713383	-0.212658856892549	0.212658856892549	hypo	case		0.241888731972696	0.66	0.66	1.2	0.660966753580126	5
chr21	35263808	35268361	4554	87	20.8086206896552	-0.338702329072989	0.338702329072989	-0.353842942024921	0.353842942024921	hypo	case		0.506778058487648	0.66	0.66	1.2	0.660966753580126	5
chr20	151555	155372	3818	66	21.1492424242424	-0.289392010346407	0.289392010346407	-0.273737867350818	0.273737867350818	hypo	case		0.437486240426724	0.66	0.66	1.2	0.660966753580126	5
chr21	15410852	15414793	3942	52	22.3394230769231	-0.269031721049141	0.269031721049141	-0.278030814437388	0.278030814437388	hypo	case		0.68045221197197	0.66	0.68045221197197	2.8	0.682213840132396	5
chr20	5879574	5882440	2867	80	22.93625	-0.205090921001338	0.205090921001338	-0.246479423318312	0.246479423318312	hypo	case		0.180816898075894	0.66	0.66	1.2	0.660966753580126	5
chr21	19465549	19469966	4418	90	21.8455555555556	-0.319735238373778	0.319735238373778	-0.314176102572103	0.314176102572103	hypo	case		0.209067220174386	0.66	0.66	1.2	0.660966753580126	5
chr20	33820707	33824621	3915	110	21.8668181818182	-0.209063830916477	0.209063830916477	-0.237710487154418	0.237710487154418	hypo	case		0.35542249701606	0.66	0.66	1.2	0.660966753580126	5
chr21	26220855	26223155	2301	58	22.0172413793103	-0.222447574264085	0.222447574264085	-0.219514732096358	0.219514732096358	hypo	case		0.634697288352751	0.66	0.66	1.2	0.660966753580126	5
chr21	22026593	22028957	2365	68	22.3404411764706	-0.273420913859992	0.273420913859992	-0.292221964012046	0.292221964012046	hypo	case		0.41522578234134	0.66	0.66	1.2	0.660966753580126	5
chr21	13877482	13881849	4368	71	28.4246478873239	0.164498629963006	0.164498629963006	0.147602199609134	0.156242791434246	hyper	case		0.718322104066484	0.66	0.718322104066484	2.8	0.682213840132396	5
chr20	1128824	1132565	3742	94	22.5670212765957	-0.235566552687748	0.235566552687748	-0.277543400589923	0.277543400589923	hypo	case		0.22011427942578	0.66	0.66	1.2	0.660966753580126	5
chr20	55415340	55417488	2149	62	24.5564516129032	-0.256431819932449	0.256431819932449	-0.263678926121927	0.263678926121927	hypo	case		0.0873478908743904	0.66	0.66	1.2	0.660966753580126	5
chr20	19691161	19694147	2987	103	23.7218446601942	-0.182223193506039	0.182223193506039	-0.192827950146081	0.192827950146081	hypo	case		0.153160339234501	0.66	0.66	1.2	0.660966753580126	5
chr21	8821458	8826454	4997	72	37.1305555555556	0.232355783824678	0.232355783824678	0.248366355116723	0.248366355116723	hyper	case		0.479208183076745	0.66	0.66	1.2	0.660966753580126	5
chr21	22449602	22453863	4262	84	23.6720238095238	-0.333182716933675	0.333182716933675	-0.336388044674971	0.336388044674971	hypo	case		0.452204583993797	0.66	0.66	1.2	0.660966753580126	5
chr21	25183564	25186193	2630	58	20.8241379310345	-0.229565207454149	0.229565207454149	-0.242396615176315	0.242396615176315	hypo	case		0.104521791620753	0.66	0.66	1.2	0.660966753580126	5
chr20	33233223	33237224	4002	74	23.5283783783784	-0.240508454853469	0.240508454853469	-0.263189690015721	0.263189690015721	hypo	case		0.367379849876536	0.66	0.66	1.2	0.660966753580126	5
chr20	20237217	20241590	4374	72	22.3666666666667	0.196134114923193	0.196134114923193	0.217537210617647	0.217537210617647	hyper	case		0.419647313755135	0.66	0.66	1.2	0.660966753580126	5
chr20	24219464	24221248	1785	114	23.605701754386	-0.271470682595066	0.271470682595066	-0.285996930212079	0.285996930212079	hypo	case		0.140578119477773	0.66	0.66	1.2	0.660966753580126	5
chr20	10709378	10714077	4700	66	22.5636363636364	-0.223239862599553	0.223239862599553	-0.207570767392952	0.207570767392952	hypo	case		0.257605654415743	0.66	0.66	1.2	0.660966753580126	5
chr20	32392239	32396544	4306	120	24.9916666666667	-0.235144952081737	0.235144952081737	-0.210425729625908	0.210425729625908	hypo	case		0.811135623130579	0.66	0.811135623130579	2.8	0.682213840132396	5
chr21	31311706	31314069	2364	50	20.443	-0.23754676466922	0.23754676466922	-0.244291177654482	0.244291177654482	hypo	case		0.413722635268814	0.66	0.66	1.2	0.660966753580126	5
chr20	60422339	60425801	3463	80	23.361875	-0.245143069069496	0.245143069069496	-0.256362711968233	0.256362711968233	hypo	case		0.540396821243768	0.66	0.66	1.2	0.660966753580126	5
chr21	38602182	38605930	3749	114	20.7986842105263	-0.301892565149575	0.301892565149575	-0.306247656333826	0.306247656333826	hypo	case		0.25658530821117	0.66	0.66	1.2	0.660966753580126	5
chr21	21071010	21072913	1904	52	20.3432692307692	-0.307176413220169	0.307176413220169	-0.32944672231398	0.32944672231398	hypo	case		0.544085058110958	0.66	0.66	1.2	0.660966753580126	5
chr20	10290089	10294249	4161	63	21.1007936507937	-0.294410677768785	0.294410677768785	-0.288392917346384	0.288392917346384	hypo	case		0.52550935788392	0.66	0.66	1.2	0.660966753580126	5
chr21	10768993	10771714	2722	78	73.3891025641026	-0.180596116083639	0.180596116083639	-0.175590892210988	0.175590892210988	hypo	case		0.839139807746476	0.66	0.839139807746476	2.8	0.682213840132396	5
chr20	21631123	21635628	4506	76	24.2763157894737	-0.24289518633893	0.24289518633893	-0.241329257773619	0.241329257773619	hypo	case		0.380302561551015	0.66	0.66	1.2	0.660966753580126	5
chr21	37428850	37431750	2901	55	18.5681818181818	-0.248749187130497	0.248749187130497	-0.256994177300553	0.256994177300553	hypo	case		0.598159563285235	0.66	0.66	1.2	0.660966753580126	5
chr20	46108491	46111438	2948	70	21.06	-0.222157422282791	0.222157422282791	-0.225519787293788	0.225519787293788	hypo	case		0.204761939406727	0.66	0.66	1.2	0.660966753580126	5
chr21	23343837	23345957	2121	72	21.7909722222222	-0.292275404715608	0.292275404715608	-0.293647698142043	0.293647698142043	hypo	case		0.187129884684979	0.66	0.66	1.2	0.660966753580126	5
chr20	58935417	58938284	2868	60	20.8075	-0.303936944876961	0.303936944876961	-0.306229012008566	0.306229012008566	hypo	case		0.48979931425283	0.66	0.66	1.2	0.660966753580126	5
chr20	60237307	60242018	4712	127	23.7751968503937	-0.240642943789318	0.240642943789318	-0.265407717098939	0.265407717098939	hypo	case		0.649250168773746	0.66	0.66	1.2	0.660966753580126	5
chr21	28137822	28141316	3495	55	22.8581818181818	-0.242169594686965	0.242169594686965	-0.276798802349653	0.276798802349653	hypo	case		0.493029955295273	0.66	0.66	1.2	0.660966753580126	5
chr21	28682486	28685643	3158	54	23.8157407407407	-0.257514416649481	0.257514416649481	-0.267751966650096	0.267751966650096	hypo	case		0.420469256497479	0.66	0.66	1.2	0.660966753580126	5
chr21	41141303	41145090	3788	120	21.235	-0.232213942545217	0.232213942545217	-0.237316667477989	0.237316667477989	hypo	case		0.326206691678702	0.66	0.66	1.2	0.660966753580126	5
chr20	33552592	33555338	2747	52	20.6961538461538	-0.248588133848804	0.248588133848804	-0.242515595893111	0.242515595893111	hypo	case		0.502812257543932	0.66	0.66	1.2	0.660966753580126	5
chr20	23584276	23588597	4322	80	21.64375	-0.277936291974504	0.277936291974504	-0.2909505281859	0.2909505281859	hypo	case		0.213315778917183	0.66	0.66	1.2	0.660966753580126	5
chr21	23553923	23557469	3547	69	20.4166666666667	-0.24688246496291	0.24688246496291	-0.245997122586646	0.245997122586646	hypo	case		0.276049593189607	0.66	0.66	1.2	0.660966753580126	5
chr20	29034255	29035936	1682	74	23.7256756756757	-0.296383851318279	0.296383851318279	-0.298511458441434	0.298511458441434	hypo	case		0.675933741203254	0.66	0.675933741203254	1.1	0.67423733188773	5
chr20	42141019	42144607	3589	70	22.3221428571429	-0.293822808814474	0.293822808814474	-0.30983724090303	0.30983724090303	hypo	case		0.214434990251766	0.66	0.66	1.2	0.660966753580126	5
chr20	41307909	41311142	3234	58	20.6896551724138	0.184789759949388	0.184789759949388	0.192898602650545	0.192898602650545	hyper	case		0.188379459632236	0.66	0.66	1.2	0.660966753580126	5
chr21	17635885	17638962	3078	67	13.5261194029851	-0.227389838976526	0.227389838976526	-0.264131903001179	0.264131903001179	hypo	case		0.0551729595875691	0.66	0.66	1.2	0.660966753580126	5
chr20	30987959	30992784	4826	68	23.2647058823529	-0.24046969864111	0.24046969864111	-0.275516816763614	0.275516816763614	hypo	case		0.310888364759795	0.66	0.66	1.2	0.660966753580126	5
chr20	38683912	38687218	3307	62	22.2475806451613	0.254396818621724	0.254396818621724	0.271221829157659	0.271221829157659	hyper	case		0.112723643462154	0.66	0.66	1.2	0.660966753580126	5
chr21	13571357	13572764	1408	60	23.1625	-0.283710996067481	0.283710996067481	-0.284662197317838	0.284662197317838	hypo	case		0.99	0.66	0.99	2.8	0.682213840132396	5
chr21	37892921	37895241	2321	58	21.0991379310345	-0.232088022529515	0.232088022529515	-0.237132159048697	0.237132159048697	hypo	case		0.466061369770915	0.66	0.66	1.2	0.660966753580126	5
chr21	26616713	26621187	4475	66	21.8886363636364	-0.339990085740569	0.339990085740569	-0.335800958215394	0.335800958215394	hypo	case		0.158896250504021	0.66	0.66	1.2	0.660966753580126	5
chr21	40368869	40371826	2958	59	20.7881355932203	-0.262251771697671	0.262251771697671	-0.269204518668926	0.269204518668926	hypo	case		0.0163405625438152	0.66	0.66	1.2	0.660966753580126	5
chr20	18181391	18185462	4072	102	19.596568627451	-0.2616081961763	0.2616081961763	-0.27283582440706	0.27283582440706	hypo	case		0.330006210535058	0.66	0.66	1.2	0.660966753580126	5
chr21	10370291	10375212	4922	156	83.4445512820513	-0.297033755422144	0.297033755422144	-0.288163564384448	0.288163564384448	hypo	case		0.377069262998572	0.66	0.66	1.2	0.660966753580126	5
chr21	10096598	10100324	3727	106	41.9231132075472	-0.290005948431874	0.290005948431874	-0.311150641371511	0.311150641371511	hypo	case		0.418858203704537	0.66	0.66	1.2	0.660966753580126	5
chr20	21059229	21062683	3455	76	21.7940789473684	-0.284416303672739	0.284416303672739	-0.310869819105831	0.310869819105831	hypo	case		0.0763318817946665	0.66	0.66	1.2	0.660966753580126	5
chr21	15009999	15011730	1732	62	22.7120967741935	-0.2727112027557	0.2727112027557	-0.288452441625807	0.288452441625807	hypo	case		0.0846794294055964	0.66	0.66	1.2	0.660966753580126	5
chr21	34365437	34367105	1669	68	21.6808823529412	-0.304596224270147	0.304596224270147	-0.306877437689315	0.306877437689315	hypo	case		0.169441038682911	0.66	0.66	1.2	0.660966753580126	5
chr20	19381346	19385558	4213	71	22.7316901408451	-0.224220475619881	0.224220475619881	-0.207544462654423	0.207544462654423	hypo	case		0.614948263738151	0.66	0.66	1.2	0.660966753580126	5
chr21	27281091	27284017	2927	54	23.1314814814815	-0.252580728400926	0.252580728400926	-0.264932163382545	0.264932163382545	hypo	case		0.245974889598389	0.66	0.66	1.2	0.660966753580126	5
chr20	26149120	26152889	3770	76	22.2960526315789	-0.26516476776689	0.26516476776689	-0.25689361870254	0.25689361870254	hypo	case		0.646912092110466	0.66	0.66	1.2	0.660966753580126	5
chr20	11789555	11794043	4489	93	21.8650537634409	-0.286111785569481	0.286111785569481	-0.310038042615062	0.310038042615062	hypo	case		0.560296321873025	0.66	0.66	1.2	0.660966753580126	5
chr20	40014513	40018357	3845	55	22.3527272727273	0.242239296418181	0.242239296418181	0.245343303253616	0.245343303253616	hyper	case		0.0513080765827539	0.66	0.66	1.2	0.660966753580126	5
chr21	23865700	23868512	2813	54	20.3787037037037	-0.256947058325979	0.256947058325979	-0.284094196565644	0.284094196565644	hypo	case		0.663799771482671	0.66	0.663799771482671	1.3	0.662728703476138	5
chr21	33963274	33965917	2644	64	22.79296875	-0.211733617622943	0.211733617622943	-0.208233317540103	0.208233317540103	hypo	case		0.291335038463073	0.66	0.66	1.2	0.660966753580126	5
chr21	30990470	30994204	3735	56	21.0892857142857	-0.274667942360522	0.274667942360522	-0.298128735302688	0.298128735302688	hypo	case		0.161824485562409	0.66	0.66	1.2	0.660966753580126	5
chr21	15077594	15081184	3591	60	20.9916666666667	-0.29279998998929	0.29279998998929	-0.263985374731239	0.263985374731239	hypo	case		0.155444963414511	0.66	0.66	1.2	0.660966753580126	5
chr21	17385149	17388974	3826	60	21.9058333333333	-0.22299088516998	0.22299088516998	-0.218579757852176	0.218579757852176	hypo	case		0.381347702094914	0.66	0.66	1.2	0.660966753580126	5
chr20	40247313	40248508	1196	72	20.2194444444444	-0.212978347528132	0.212978347528132	-0.24124683475092	0.24124683475092	hypo	case		0.255436698944108	0.66	0.66	1.2	0.660966753580126	5
chr20	53375374	53378319	2946	76	24.0368421052632	-0.246266526846663	0.246266526846663	-0.233115641934775	0.233115641934775	hypo	case		0.14788974449461	0.66	0.66	1.2	0.660966753580126	5
chr20	1623295	1625171	1877	52	22.9759615384615	-0.230798721700048	0.230798721700048	-0.242433849213327	0.242433849213327	hypo	case		0.362529592962627	0.66	0.66	1.2	0.660966753580126	5
chr20	17453694	17457209	3516	116	21.7573275862069	-0.24426686952352	0.24426686952352	-0.271112229985238	0.271112229985238	hypo	case		0.489669017682211	0.66	0.66	1.2	0.660966753580126	5
chr20	22940093	22943381	3289	58	24.8784482758621	-0.307496965944036	0.307496965944036	-0.315265740091421	0.315265740091421	hypo	case		0.264183898733058	0.66	0.66	1.2	0.660966753580126	5
chr20	12761812	12764794	2983	54	21.775	0.21623090679026	0.21623090679026	0.228102099034528	0.228102099034528	hyper	case		0.358381083144655	0.66	0.66	1.2	0.660966753580126	5
chr20	54675139	54677110	1972	60	15.7916666666667	-0.311767020496703	0.311767020496703	-0.298419859378065	0.298419859378065	hypo	case		0.250028981579188	0.66	0.66	1.2	0.660966753580126	5
chr20	14057524	14060939	3416	61	20.0532786885246	-0.210244310035921	0.210244310035921	-0.263152120221561	0.263152120221561	hypo	case		0.126008253470252	0.66	0.66	1.2	0.660966753580126	5
chr20	12662691	12665867	3177	73	20.7116438356164	-0.286282535931258	0.286282535931258	-0.289835211633975	0.289835211633975	hypo	case		0.891635926087099	0.66	0.891635926087099	2.8	0.682213840132396	5
chr20	11044580	11048099	3520	56	19.8419642857143	-0.270299040453982	0.270299040453982	-0.268183770306133	0.268183770306133	hypo	case		0.402273675679702	0.66	0.66	1.2	0.660966753580126	5
chr20	31385738	31390551	4814	113	20.9632743362832	-0.217374114734022	0.217374114734022	-0.22974885850935	0.22974885850935	hypo	case		0.21549118386947	0.66	0.66	1.2	0.660966753580126	5
chr21	35118724	35123386	4663	54	21.0435185185185	-0.237885965324986	0.237885965324986	-0.255732287541665	0.255732287541665	hypo	case		0.844455205798467	0.66	0.844455205798467	2.8	0.682213840132396	5
chr21	22557477	22560085	2609	60	20.6258333333333	-0.253961002609131	0.253961002609131	-0.243729183039908	0.243729183039908	hypo	case		0.37913614945054	0.66	0.66	1.2	0.660966753580126	5
chr21	22029469	22033106	3638	62	21.2935483870968	-0.291012300892329	0.291012300892329	-0.301769783270302	0.301769783270302	hypo	case		0.207246290338044	0.66	0.66	1.2	0.660966753580126	5
chr21	39902653	39906045	3393	109	21.2807339449541	-0.267598658579384	0.267598658579384	-0.280893353908053	0.280893353908053	hypo	case		0.341190189260206	0.66	0.66	1.2	0.660966753580126	5
chr21	46475673	46478504	2832	110	22.765	-0.19832022088028	0.19832022088028	-0.207022870371777	0.207022870371777	hypo	case		0.983200719816326	0.66	0.983200719816326	2.8	0.682213840132396	5
chr21	20250325	20255126	4802	108	17.9694444444444	-0.296754969483853	0.296754969483853	-0.29738716105505	0.29738716105505	hypo	case		0.377027343285324	0.66	0.66	1.2	0.660966753580126	5
chr20	8449282	8451715	2434	54	22.7555555555556	0.174730149229502	0.174730149229502	0.183250583551338	0.183250583551338	hyper	case		0.272977622801609	0.66	0.66	1.2	0.660966753580126	5
chr21	14971957	14975759	3803	62	22.7120967741935	-0.21413580238416	0.21413580238416	-0.258565586364807	0.258565586364807	hypo	case		0.169846545817553	0.66	0.66	1.2	0.660966753580126	5
chr20	20511916	20516022	4107	86	24.2720930232558	-0.215558511240673	0.215558511240673	-0.232132961097715	0.232132961097715	hypo	case		0.0246927409560848	0.66	0.66	1.2	0.660966753580126	5
chr21	24113166	24115290	2125	62	22.9854838709677	-0.310095847455398	0.310095847455398	-0.338610465208517	0.338610465208517	hypo	case		0.374848846750995	0.66	0.66	1.2	0.660966753580126	5
chr20	23856391	23859292	2902	84	22.8690476190476	-0.221382791767979	0.221382791767979	-0.261366816987951	0.261366816987951	hypo	case		0.622404722516938	0.66	0.66	1.2	0.660966753580126	5
chr21	38164443	38167580	3138	64	21.8390625	-0.253469175703768	0.253469175703768	-0.279507746491796	0.279507746491796	hypo	case		0.288360893286778	0.66	0.66	1.2	0.660966753580126	5
chr20	4053550	4055966	2417	87	22.451724137931	-0.286899674587105	0.286899674587105	-0.303979795299149	0.303979795299149	hypo	case		0.584434152010172	0.66	0.66	1.2	0.660966753580126	5
chr20	31674217	31677630	3414	78	22.7583333333333	0.243192414009019	0.243192414009019	0.261138221338032	0.261138221338032	hyper	case		0.406691955942803	0.66	0.66	1.2	0.660966753580126	5
chr20	44435737	44437693	1957	86	21.1755813953488	-0.249644178536567	0.249644178536567	-0.250277065592628	0.250277065592628	hypo	case		0.334496950749944	0.66	0.66	1.2	0.660966753580126	5
chr20	21462796	21465752	2957	62	21.6604838709677	-0.332237322703629	0.332237322703629	-0.354067613437907	0.354067613437907	hypo	case		0.383495056406096	0.66	0.66	1.2	0.660966753580126	5
chr21	20826378	20831122	4745	102	21.0274509803922	-0.238671867780158	0.238671867780158	-0.246413214767695	0.246413214767695	hypo	case		0.156954312819968	0.66	0.66	1.2	0.660966753580126	5
chr20	21375861	21379214	3354	104	23.06875	-0.2399240349921	0.2399240349921	-0.247123887874803	0.247123887874803	hypo	case		0.248719671326596	0.66	0.66	1.2	0.660966753580126	5
chr21	13455930	13458665	2736	56	21.11875	0.271782861644022	0.271782861644022	0.273830044962121	0.273830044962121	hyper	case		0.156397971386059	0.66	0.66	1.2	0.660966753580126	5
chr20	54698602	54702586	3985	78	21.1551282051282	-0.252925033299706	0.252925033299706	-0.286019070821269	0.286019070821269	hypo	case		0.327099433695885	0.66	0.66	1.2	0.660966753580126	5
chr20	41899592	41902817	3226	58	21.8094827586207	-0.210468252339485	0.210468252339485	-0.21369077710935	0.21369077710935	hypo	case		0.200974496198907	0.66	0.66	1.2	0.660966753580126	5
chr21	23097886	23102745	4860	112	20.721875	-0.249650302184598	0.249650302184598	-0.274356882704749	0.274356882704749	hypo	case		0.538154485190654	0.66	0.66	1.2	0.660966753580126	5
chr21	25321514	25325444	3931	81	20.9697530864198	-0.318088410281345	0.318088410281345	-0.319531329868603	0.319531329868603	hypo	case		0.347082557192636	0.66	0.66	1.2	0.660966753580126	5
chr20	16911332	16913712	2381	65	21.0715384615385	-0.271489053692127	0.271489053692127	-0.262562061833781	0.262562061833781	hypo	case		0.220063255758063	0.66	0.66	1.2	0.660966753580126	5
chr21	14528847	14532123	3277	66	23.925	-0.296135881058287	0.296135881058287	-0.305083171958686	0.305083171958686	hypo	case		0.380727537398625	0.66	0.66	1.2	0.660966753580126	5
chr20	29433407	29436512	3106	50	17.139	0.240610904465465	0.240610904465465	0.223912874042482	0.223912874042482	hyper	case		0.186645950673634	0.66	0.66	1.2	0.660966753580126	5
chr20	29464427	29466611	2185	50	20.289	-0.17255627607647	0.17255627607647	-0.196034777374391	0.196034777374391	hypo	case		0.717311208448584	0.66	0.717311208448584	2.8	0.682213840132396	5
chr20	12332305	12336113	3809	63	19.4436507936508	-0.283708771836286	0.283708771836286	-0.288439340093169	0.288439340093169	hypo	case		0.283303966448772	0.66	0.66	1.2	0.660966753580126	5
chr21	17657100	17661927	4828	78	11.05	-0.194189004606719	0.194189004606719	-0.181993448356658	0.181993448356658	hypo	case		0.516051841939576	0.66	0.66	1.2	0.660966753580126	5
chr21	36093787	36096647	2861	55	21.0427272727273	-0.271547745602413	0.271547745602413	-0.284194397049721	0.284194397049721	hypo	case		0.229141469928695	0.66	0.66	1.2	0.660966753580126	5
chr21	30610435	30614084	3650	53	20.9367924528302	-0.247209668350973	0.247209668350973	-0.233218267340851	0.233218267340851	hypo	case		0.879737308766491	0.66	0.879737308766491	2.8	0.682213840132396	5
chr21	41541251	41545176	3926	112	25.7772321428571	-0.308252752082362	0.308252752082362	-0.304430730386117	0.304430730386117	hypo	case		0.99	0.66	0.99	2.8	0.682213840132396	5
chr21	26251437	26254586	3150	56	24.3133928571429	-0.292745624480224	0.292745624480224	-0.309058523594021	0.309058523594021	hypo	case		0.343887674110068	0.66	0.66	1.2	0.660966753580126	5
chr21	28541813	28546019	4207	95	21.0131578947368	-0.325093567389671	0.325093567389671	-0.328560554268453	0.328560554268453	hypo	case		0.1528193451662	0.66	0.66	1.2	0.660966753580126	5
chr20	19146674	19148339	1666	56	21.2017857142857	-0.34394775715115	0.34394775715115	-0.347157949139125	0.347157949139125	hypo	case		0.123731001704171	0.66	0.66	1.2	0.660966753580126	5
chr21	9697678	9702190	4513	77	14.361038961039	0.193505179106202	0.193505179106202	0.212949659333864	0.212949659333864	hyper	case		0.187802840722913	0.66	0.66	1.2	0.660966753580126	5
chr20	5927694	5929966	2273	52	21.6596153846154	0.130111508967344	0.130111508967344	0.154428497717616	0.164431540106714	hyper	case		0.664266607179602	0.66	0.664266607179602	2.6	0.665165515526917	5
chr20	38080280	38082683	2404	64	22.47734375	-0.286020848652688	0.286020848652688	-0.320233218065659	0.320233218065659	hypo	case		0.771043759910853	0.66	0.771043759910853	2.8	0.682213840132396	5
chr21	18193049	18197933	4885	94	20.2824468085106	-0.268552193841621	0.268552193841621	-0.273792133220824	0.273792133220824	hypo	case		0.795216339897191	0.66	0.795216339897191	2.8	0.682213840132396	5
chr20	38391462	38395961	4500	90	22.1566666666667	-0.28181850657438	0.28181850657438	-0.278252142807321	0.278252142807321	hypo	case		0.125653166857733	0.66	0.66	1.2	0.660966753580126	5
chr20	6948240	6951415	3176	106	22.9594339622642	-0.333675853717416	0.333675853717416	-0.337467681782787	0.337467681782787	hypo	case		0.896559276180328	0.66	0.896559276180328	2.8	0.682213840132396	5
chr21	17502829	17504942	2114	54	23.037037037037	-0.316847891194691	0.316847891194691	-0.318170056490489	0.318170056490489	hypo	case		0.486709845515857	0.66	0.66	1.2	0.660966753580126	5
chr20	6029244	6034127	4884	100	21.6335	-0.226137961540996	0.226137961540996	-0.242501144383504	0.242501144383504	hypo	case		0.739493473888717	0.66	0.739493473888717	2.8	0.682213840132396	5
chr21	10542173	10545511	3339	106	39.2316037735849	-0.26248611662746	0.26248611662746	-0.271171728742404	0.271171728742404	hypo	case		0.240877255150357	0.66	0.66	1.2	0.660966753580126	5
chr20	49152406	49155310	2905	106	22.1410377358491	-0.240850859665267	0.240850859665267	-0.252226425774974	0.252226425774974	hypo	case		0.632038671484168	0.66	0.66	1.2	0.660966753580126	5
chr21	43276453	43279877	3425	221	20.4524886877828	-0.258989967422304	0.258989967422304	-0.27911704053704	0.27911704053704	hypo	case		0.259981285492934	0.66	0.66	1.2	0.660966753580126	5
chr20	21337667	21341110	3444	52	23.8163461538462	-0.315417889424953	0.315417889424953	-0.333688161892623	0.333688161892623	hypo	case		0.356585293398162	0.66	0.66	1.2	0.660966753580126	5
chr21	41348274	41353108	4835	148	23.9912162162162	-0.334162251440011	0.334162251440011	-0.347470319176184	0.347470319176184	hypo	case		0.290671542981601	0.66	0.66	1.2	0.660966753580126	5
chr20	18792285	18795690	3406	126	22.5813492063492	-0.184427043039551	0.184427043039551	-0.192424808205526	0.192424808205526	hypo	case		0.0586740443935856	0.66	0.66	1.2	0.660966753580126	5
chr20	45357752	45360829	3078	81	21.8512345679012	0.217878135037874	0.217878135037874	0.214449995844759	0.214449995844759	hyper	case		0.16762360842953	0.66	0.66	1.2	0.660966753580126	5
chr20	22000219	22003335	3117	74	23.172972972973	-0.25250919837509	0.25250919837509	-0.221175533445068	0.221175533445068	hypo	case		0.143144663625475	0.66	0.66	1.2	0.660966753580126	5
chr20	13304352	13308870	4519	72	22.8645833333333	-0.255645039671168	0.255645039671168	-0.25062475580332	0.25062475580332	hypo	case		0.315302891757356	0.66	0.66	1.2	0.660966753580126	5
chr21	27372408	27376644	4237	73	20.6328767123288	-0.256686865066748	0.256686865066748	-0.289028325948641	0.289028325948641	hypo	case		0.194491509612256	0.66	0.66	1.2	0.660966753580126	5
chr20	24640131	24644065	3935	66	23.2378787878788	-0.245247179451332	0.245247179451332	-0.275520851129666	0.275520851129666	hypo	case		0.179906246550776	0.66	0.66	1.2	0.660966753580126	5
chr21	24635698	24638395	2698	52	21.7596153846154	-0.188294385662381	0.188294385662381	-0.188349239244838	0.188349239244838	hypo	case		0.150309760142703	0.66	0.66	1.2	0.660966753580126	5
chr20	54540813	54544020	3208	56	23.1383928571429	-0.25393699035784	0.25393699035784	-0.276680842441296	0.276680842441296	hypo	case		0.20562716393905	0.66	0.66	1.2	0.660966753580126	5
chr21	33622719	33626684	3966	100	21.485	-0.256295134341502	0.256295134341502	-0.248516288430829	0.248516288430829	hypo	case		0.196421124547077	0.66	0.66	1.2	0.660966753580126	5
chr21	5368063	5372037	3975	52	13.6413461538462	0.205702387185616	0.205702387185616	0.230682256159735	0.230682256159735	hyper	case		0.0473187538019121	0.66	0.66	1.2	0.660966753580126	5
chr21	20921466	20924169	2704	58	23.2655172413793	-0.22397024299927	0.22397024299927	-0.231250250938972	0.231250250938972	hypo	case		0.878040931647527	0.66	0.878040931647527	2.8	0.682213840132396	5
chr21	23221318	23225137	3820	62	22.4556451612903	-0.313894430197675	0.313894430197675	-0.321099828828356	0.321099828828356	hypo	case		0.192922958088943	0.66	0.66	1.2	0.660966753580126	5
chr21	16129812	16134512	4701	108	21.7212962962963	-0.313217507462129	0.313217507462129	-0.324314726763207	0.324314726763207	hypo	case		0.187437419369955	0.66	0.66	1.2	0.660966753580126	5
chr20	30498744	30502154	3411	163	22.2110429447853	-0.224317308619577	0.224317308619577	-0.243697214788502	0.243697214788502	hypo	case		0.636306724263723	0.66	0.66	1.2	0.660966753580126	5
chr21	17982140	17985702	3563	50	19.949	-0.231639946201267	0.231639946201267	-0.23223101316611	0.23223101316611	hypo	case		0.99	0.66	0.99	2.8	0.682213840132396	5
chr20	55184229	55185730	1502	74	19.2608108108108	-0.282236580186128	0.282236580186128	-0.283059012067492	0.283059012067492	hypo	case		0.42117202074415	0.66	0.66	1.2	0.660966753580126	5
chr20	2604037	2608517	4481	72	19.3381944444444	-0.246269635918142	0.246269635918142	-0.220482255876432	0.220482255876432	hypo	case		0.16904667613615	0.66	0.66	1.2	0.660966753580126	5
chr20	48302679	48306678	4000	74	24.6054054054054	-0.292693701714559	0.292693701714559	-0.296132219337359	0.296132219337359	hypo	case		0.320530861504654	0.66	0.66	1.2	0.660966753580126	5
chr21	16754452	16757939	3488	66	22.2492424242424	-0.251130741766116	0.251130741766116	-0.291591824636323	0.291591824636323	hypo	case		0.351803483056308	0.66	0.66	1.2	0.660966753580126	5
chr20	4468366	4471450	3085	55	21.1045454545455	0.257126429940739	0.257126429940739	0.279087659170206	0.279087659170206	hyper	case		0.19568679396814	0.66	0.66	1.2	0.660966753580126	5
chr21	31592600	31595473	2874	76	20.6697368421053	-0.244794404413422	0.244794404413422	-0.261440581652413	0.261440581652413	hypo	case		0.690820549371008	0.66	0.690820549371008	2.8	0.682213840132396	5
chr21	37838014	37841249	3236	58	20.8129310344828	-0.270713234674288	0.270713234674288	-0.289018691544107	0.289018691544107	hypo	case		0.278091511779219	0.66	0.66	1.2	0.660966753580126	5
chr21	21828959	21831337	2379	60	21.4225	-0.231166832980327	0.231166832980327	-0.224545846179206	0.224545846179206	hypo	case		0.278466248697523	0.66	0.66	1.2	0.660966753580126	5
chr20	9357750	9362367	4618	90	24.2033333333333	0.251029109913281	0.251029109913281	0.254349880548527	0.254349880548527	hyper	case		0.179013750909079	0.66	0.66	1.2	0.660966753580126	5
chr20	8964158	8967836	3679	54	22.9148148148148	-0.26932654791847	0.26932654791847	-0.276116197134128	0.276116197134128	hypo	case		0.140363339346204	0.66	0.66	1.2	0.660966753580126	5
chr20	32236208	32239734	3527	76	24.2572368421053	-0.207136642063715	0.207136642063715	-0.205767784369855	0.205767784369855	hypo	case		0.23440465407526	0.66	0.66	1.2	0.660966753580126	5
chr20	18208422	18211882	3461	134	19.6936567164179	-0.254924387621281	0.254924387621281	-0.253116112013356	0.253116112013356	hypo	case		0.839930308984948	0.66	0.839930308984948	2.8	0.682213840132396	5
chr20	20206169	20209271	3103	58	21.3068965517241	-0.199562934345892	0.199562934345892	-0.227149948885634	0.227149948885634	hypo	case		0.628327256017009	0.66	0.66	1.2	0.660966753580126	5
chr21	19286830	19289066	2237	58	23.5810344827586	-0.280640770317835	0.280640770317835	-0.284045216949081	0.284045216949081	hypo	case		0.186963341909494	0.66	0.66	1.2	0.660966753580126	5
chr21	12966123	12970343	4221	96	38.8453125	-0.229366410112761	0.229366410112761	-0.238823659602207	0.238823659602207	hypo	case		0.371771757758335	0.66	0.66	1.2	0.660966753580126	5
chr21	31825431	31828566	3136	54	22.9972222222222	-0.248292828570786	0.248292828570786	-0.240501292165329	0.240501292165329	hypo	case		0.345040897824129	0.66	0.66	1.2	0.660966753580126	5
chr20	11710667	11714367	3701	77	24.4084415584416	-0.221002242992029	0.221002242992029	-0.226536226891606	0.226536226891606	hypo	case		0.391140002503321	0.66	0.66	1.2	0.660966753580126	5
chr20	60171858	60174257	2400	68	21.4132352941177	-0.300459424679772	0.300459424679772	-0.296680621703347	0.296680621703347	hypo	case		0.265776147634591	0.66	0.66	1.2	0.660966753580126	5
chr20	11551953	11555220	3268	50	22.412	0.205738044059479	0.205738044059479	0.21904274356344	0.21904274356344	hyper	case		0.523446631624374	0.66	0.66	1.2	0.660966753580126	5
chr21	24400586	24404223	3638	60	19.7758333333333	-0.295215926456461	0.295215926456461	-0.321157266064423	0.321157266064423	hypo	case		0.429189082836085	0.66	0.66	1.2	0.660966753580126	5
chr21	22846181	22850618	4438	70	21.8857142857143	-0.306034252370314	0.306034252370314	-0.317124350133624	0.317124350133624	hypo	case		0.382543744408627	0.66	0.66	1.2	0.660966753580126	5
chr20	12491182	12493946	2765	62	22.3338709677419	-0.27897969737494	0.27897969737494	-0.268940325977823	0.268940325977823	hypo	case		0.354538123963135	0.66	0.66	1.2	0.660966753580126	5
chr20	52944166	52948563	4398	50	22.189	-0.249712655967996	0.249712655967996	-0.251102129470794	0.251102129470794	hypo	case		0.51555414619391	0.66	0.66	1.2	0.660966753580126	5
chr20	43891382	43896179	4798	94	20.3510638297872	-0.194310383306065	0.194310383306065	-0.209743757367364	0.209743757367364	hypo	case		0.10353641066271	0.66	0.66	1.2	0.660966753580126	5
chr21	34617845	34621838	3994	96	20.0369791666667	-0.253747916501719	0.253747916501719	-0.278086446785177	0.278086446785177	hypo	case		0.367060821356505	0.66	0.66	1.2	0.660966753580126	5
chr20	5360545	5364827	4283	92	21.0554347826087	-0.213648836528203	0.213648836528203	-0.210341965394689	0.210341965394689	hypo	case		0.26763857216436	0.66	0.66	1.2	0.660966753580126	5
chr20	16786210	16790453	4244	68	23.6014705882353	-0.283901440341881	0.283901440341881	-0.310112202644837	0.310112202644837	hypo	case		0.201189852154565	0.66	0.66	1.2	0.660966753580126	5
chr20	63863	67136	3274	52	19.5557692307692	-0.253661113345562	0.253661113345562	-0.279440701377435	0.279440701377435	hypo	case		0.209455880267031	0.66	0.66	1.2	0.660966753580126	5
chr20	22651716	22656474	4759	168	19.0538690476191	-0.278503406688524	0.278503406688524	-0.283267506418191	0.283267506418191	hypo	case		0.397465527283751	0.66	0.66	1.2	0.660966753580126	5
chr21	9535204	9537964	2761	60	26.015	-0.284463514926616	0.284463514926616	-0.296411062272422	0.296411062272422	hypo	case		0.41997002422259	0.66	0.66	1.2	0.660966753580126	5
chr21	38123537	38128316	4780	92	22.016847826087	-0.246634708588214	0.246634708588214	-0.277955340821412	0.277955340821412	hypo	case		0.152983997101182	0.66	0.66	1.2	0.660966753580126	5
chr20	62266244	62270201	3958	220	22.2097727272727	-0.257830299736559	0.257830299736559	-0.260000661389593	0.260000661389593	hypo	case		0.860081956792868	0.66	0.860081956792868	2.8	0.682213840132396	5
chr21	14100744	14104208	3465	68	22.8125	-0.339017340254481	0.339017340254481	-0.364386451483222	0.364386451483222	hypo	case		0.389146758600977	0.66	0.66	1.2	0.660966753580126	5
chr20	34886057	34890653	4597	97	20.7252577319588	-0.294457506456093	0.294457506456093	-0.30340904274097	0.30340904274097	hypo	case		0.247640192793379	0.66	0.66	1.2	0.660966753580126	5
chr20	22828035	22832361	4327	52	21.1615384615385	-0.302036674373723	0.302036674373723	-0.308072486427416	0.308072486427416	hypo	case		0.532500699830107	0.66	0.66	1.2	0.660966753580126	5
chr21	44783952	44788584	4633	151	21.4046357615894	-0.245168818007272	0.245168818007272	-0.263831721635518	0.263831721635518	hypo	case		0.139300499770036	0.66	0.66	1.2	0.660966753580126	5
chr21	28879229	28880973	1745	54	22.4638888888889	-0.289725740405112	0.289725740405112	-0.287890903554606	0.287890903554606	hypo	case		0.407157608065875	0.66	0.66	1.2	0.660966753580126	5
chr20	52902855	52906220	3366	56	19.7491071428571	-0.172246344657312	0.172246344657312	-0.19555980705876	0.19555980705876	hypo	case		0.916989058410946	0.66	0.916989058410946	2.8	0.682213840132396	5
chr21	18797440	18802052	4613	96	21.9703125	-0.231711236002262	0.231711236002262	-0.24967723625832	0.24967723625832	hypo	case		0.118728822512642	0.66	0.66	1.2	0.660966753580126	5
chr20	17165503	17170478	4976	97	22.4159793814433	-0.314360157096073	0.314360157096073	-0.310568568404245	0.310568568404245	hypo	case		0.408730309823512	0.66	0.66	1.2	0.660966753580126	5
chr21	45682275	45684797	2523	54	24.0564814814815	-0.280438478780809	0.280438478780809	-0.296023282120076	0.296023282120076	hypo	case		0.401322322207485	0.66	0.66	1.2	0.660966753580126	5
chr20	35830990	35835855	4866	112	22.7053571428571	-0.287629525828807	0.287629525828807	-0.306715145748615	0.306715145748615	hypo	case		0.324367051772197	0.66	0.66	1.2	0.660966753580126	5
chr20	16253031	16256400	3370	54	24.2777777777778	-0.301860308839585	0.301860308839585	-0.291740521115336	0.291740521115336	hypo	case		0.242122924811036	0.66	0.66	1.2	0.660966753580126	5
chr21	13022378	13025315	2938	54	40.1259259259259	-0.245956970088717	0.245956970088717	-0.258220704440396	0.258220704440396	hypo	case		0.284636588975746	0.66	0.66	1.2	0.660966753580126	5
chr20	23934614	23937539	2926	80	23.4025	-0.27738626519345	0.27738626519345	-0.274123994106308	0.274123994106308	hypo	case		0.290119407741019	0.66	0.66	1.2	0.660966753580126	5
chr21	39124552	39128002	3451	77	22.8818181818182	0.179696137910504	0.179696137910504	0.185819977005569	0.185819977005569	hyper	case		0.30435001794585	0.66	0.66	1.2	0.660966753580126	5
chr20	34501503	34504030	2528	56	23.6464285714286	-0.246277292019998	0.246277292019998	-0.245240427648044	0.245240427648044	hypo	case		0.688257856606776	0.66	0.688257856606776	2.8	0.682213840132396	5
chr21	18259335	18262597	3263	50	22.47	-0.189958176849656	0.189958176849656	-0.191527264237029	0.191527264237029	hypo	case		0.190740829047955	0.66	0.66	1.2	0.660966753580126	5
chr20	30731844	30734951	3108	59	22.6305084745763	-0.223527057724711	0.223527057724711	-0.224255873495813	0.224255873495813	hypo	case		0.180559795911351	0.66	0.66	1.2	0.660966753580126	5
chr20	60955622	60959366	3745	59	23.664406779661	0.201153006761265	0.201153006761265	0.233961585664175	0.233961585664175	hyper	case		0.198924868639301	0.66	0.66	1.2	0.660966753580126	5
chr20	12053877	12055279	1403	52	24.8509615384615	-0.252513991400715	0.252513991400715	-0.256458871778548	0.256458871778548	hypo	case		0.476167504657014	0.66	0.66	1.2	0.660966753580126	5
chr20	31712129	31715988	3860	83	23.3018072289157	0.244515086747405	0.244515086747405	0.255837243373865	0.255837243373865	hyper	case		0.381808873564463	0.66	0.66	1.2	0.660966753580126	5
chr20	39918236	39922589	4354	66	20.1159090909091	-0.245292417755216	0.245292417755216	-0.240745378061246	0.240745378061246	hypo	case		0.3561040050185	0.66	0.66	1.2	0.660966753580126	5
chr20	54757936	54762193	4258	74	21.8141891891892	-0.253208012901249	0.253208012901249	-0.262358302136848	0.262358302136848	hypo	case		0.211755847277651	0.66	0.66	1.2	0.660966753580126	5
chr21	34807212	34810142	2931	80	22.2875	-0.242585673982647	0.242585673982647	-0.252780791189023	0.252780791189023	hypo	case		0.378892061893037	0.66	0.66	1.2	0.660966753580126	5
chr21	21799552	21804255	4704	58	20.3387931034483	0.195780610421023	0.195780610421023	0.21277015435046	0.21277015435046	hyper	case		0.502310669232462	0.66	0.66	1.2	0.660966753580126	5
chr20	37785443	37789617	4175	112	19.8232142857143	-0.335749972412772	0.335749972412772	-0.358793013134006	0.358793013134006	hypo	case		0.578927403726423	0.66	0.66	1.2	0.660966753580126	5
chr21	26149527	26153963	4437	102	20.0480392156863	-0.236013742851031	0.236013742851031	-0.242055669482805	0.242055669482805	hypo	case		0.732024088746791	0.66	0.732024088746791	2.8	0.682213840132396	5
chr21	36098825	36102513	3689	102	22.45	-0.291632219664169	0.291632219664169	-0.299653188294025	0.299653188294025	hypo	case		0.164071411622295	0.66	0.66	1.2	0.660966753580126	5
chr21	16828283	16830410	2128	52	20.6288461538462	-0.26439461704303	0.26439461704303	-0.297043458898292	0.297043458898292	hypo	case		0.338061286997818	0.66	0.66	1.2	0.660966753580126	5
chr20	8298918	8303801	4884	78	22.1961538461538	-0.348996550769739	0.348996550769739	-0.343761824708961	0.343761824708961	hypo	case		0.956436638951205	0.66	0.956436638951205	2.8	0.682213840132396	5
chr20	58672054	58676830	4777	206	20.7519417475728	-0.310625734797213	0.310625734797213	-0.299797832465382	0.299797832465382	hypo	case		0.182851019988311	0.66	0.66	1.2	0.660966753580126	5
chr20	40743168	40747394	4227	106	20.802358490566	-0.2694077010136	0.2694077010136	-0.281769905739097	0.281769905739097	hypo	case		0.277682090877969	0.66	0.66	1.2	0.660966753580126	5
chr21	23466764	23470046	3283	68	18.4691176470588	-0.279050126764784	0.279050126764784	-0.29386047313733	0.29386047313733	hypo	case		0.238208599404564	0.66	0.66	1.2	0.660966753580126	5
chr20	29329933	29333418	3486	80	63.235	-0.238125568118506	0.238125568118506	-0.241317774579608	0.241317774579608	hypo	case		0.116399689230941	0.66	0.66	1.2	0.660966753580126	5
chr20	2363853	2367676	3824	84	24.5232142857143	-0.294304827333556	0.294304827333556	-0.309663569179687	0.309663569179687	hypo	case		0.136230677815609	0.66	0.66	1.2	0.660966753580126	5
chr20	2547986	2552892	4907	120	24.5904166666667	-0.275531276009647	0.275531276009647	-0.275019696569709	0.275019696569709	hypo	case		0.123917393440228	0.66	0.66	1.2	0.660966753580126	5
chr21	31444130	31447045	2916	66	22.9719696969697	-0.303604672992283	0.303604672992283	-0.31574155983693	0.31574155983693	hypo	case		0.156120450547541	0.66	0.66	1.2	0.660966753580126	5
chr20	61038986	61041771	2786	100	23.0545	-0.291508354089908	0.291508354089908	-0.286600274316737	0.286600274316737	hypo	case		0.148453580269047	0.66	0.66	1.2	0.660966753580126	5
chr21	35295425	35298150	2726	60	22.9433333333333	-0.248702001787572	0.248702001787572	-0.281661589050461	0.281661589050461	hypo	case		0.388668746977229	0.66	0.66	1.2	0.660966753580126	5
chr20	527728	531388	3661	60	20.4008333333333	0.179149579738362	0.179149579738362	0.221926102908746	0.221926102908746	hyper	case		0.614740226572018	0.66	0.66	1.2	0.660966753580126	5
chr20	49176942	49179226	2285	109	23.8050458715596	-0.210191075821073	0.210191075821073	-0.209504573419779	0.209504573419779	hypo	case		0.305971050430208	0.66	0.66	1.2	0.660966753580126	5
chr20	60465188	60470049	4862	110	22.3263636363636	0.198170750723996	0.198170750723996	0.207412633153947	0.207412633153947	hyper	case		0.399219046458073	0.66	0.66	1.2	0.660966753580126	5
chr20	8322870	8327617	4748	60	22.4641666666667	-0.202191485734222	0.202191485734222	-0.230986428107914	0.230986428107914	hypo	case		0.457998726831049	0.66	0.66	1.2	0.660966753580126	5
chr20	46922097	46926232	4136	106	22.0768867924528	-0.274448098649825	0.274448098649825	-0.294602241214286	0.294602241214286	hypo	case		0.195129967387612	0.66	0.66	1.2	0.660966753580126	5
chr21	10642394	10645239	2846	60	58.3858333333333	-0.21136029443664	0.21136029443664	-0.228372981093832	0.228372981093832	hypo	case		0.289704165737282	0.66	0.66	1.2	0.660966753580126	5
chr21	35632277	35636040	3764	80	24.6925	-0.284309669595213	0.284309669595213	-0.271762427676066	0.271762427676066	hypo	case		0.518794156964896	0.66	0.66	1.2	0.660966753580126	5
chr20	2880681	2883084	2404	62	22.7096774193548	-0.240923294751542	0.240923294751542	-0.259941137744152	0.259941137744152	hypo	case		0.63779749585444	0.66	0.66	1.2	0.660966753580126	5
chr20	52298555	52302323	3769	66	22.7393939393939	-0.211124618465498	0.211124618465498	-0.229366499238638	0.229366499238638	hypo	case		0.616375746480408	0.66	0.66	1.2	0.660966753580126	5
chr20	18450978	18453764	2787	70	21.6385714285714	-0.309372787336497	0.309372787336497	-0.310223940081775	0.310223940081775	hypo	case		0.271596174289266	0.66	0.66	1.2	0.660966753580126	5
chr20	11246229	11249998	3770	72	20.5798611111111	0.221183246746354	0.221183246746354	0.227742382151058	0.227742382151058	hyper	case		0.08950657522445	0.66	0.66	1.2	0.660966753580126	5
chr20	19576477	19580967	4491	102	23.5759803921569	-0.2658587094146	0.2658587094146	-0.270233307897535	0.270233307897535	hypo	case		0.759023785848652	0.66	0.759023785848652	2.8	0.682213840132396	5
chr20	18260505	18263928	3424	107	21.3018691588785	-0.243769687293581	0.243769687293581	-0.255821512934586	0.255821512934586	hypo	case		0.272254745293369	0.66	0.66	1.2	0.660966753580126	5
chr20	13008924	13011596	2673	59	21.8338983050847	0.217501618064934	0.217501618064934	0.224515205664024	0.224515205664024	hyper	case		0.180742194611361	0.66	0.66	1.2	0.660966753580126	5
chr21	13254783	13256724	1942	62	22.1346774193548	-0.236239598443975	0.236239598443975	-0.248408011770493	0.248408011770493	hypo	case		0.121896290846004	0.66	0.66	1.2	0.660966753580126	5
chr21	16302641	16307148	4508	62	18.9395161290323	-0.266780460037039	0.266780460037039	-0.270359182414719	0.270359182414719	hypo	case		0.249744957931634	0.66	0.66	1.2	0.660966753580126	5
chr20	43027100	43030643	3544	64	22.29765625	-0.256482064667234	0.256482064667234	-0.2554285625328	0.2554285625328	hypo	case		0.137297280249124	0.66	0.66	1.2	0.660966753580126	5
chr21	23955269	23958063	2795	58	21.6836206896552	-0.270838784038982	0.270838784038982	-0.277666317741966	0.277666317741966	hypo	case		0.388053577402235	0.66	0.66	1.2	0.660966753580126	5
chr20	12315929	12319531	3603	52	18.8615384615385	-0.266697777884777	0.266697777884777	-0.276072921848851	0.276072921848851	hypo	case		0.377406175923787	0.66	0.66	1.2	0.660966753580126	5
chr20	43645975	43649435	3461	130	22.4515384615385	-0.300847206991126	0.300847206991126	-0.311829601567259	0.311829601567259	hypo	case		0.256042459323449	0.66	0.66	1.2	0.660966753580126	5
chr21	14172309	14175264	2956	60	21.2225	-0.283900732302713	0.283900732302713	-0.277359780749159	0.277359780749159	hypo	case		0.107240743639682	0.66	0.66	1.2	0.660966753580126	5
chr21	34359875	34364752	4878	148	21.6719594594595	-0.270450024951203	0.270450024951203	-0.300231999268552	0.300231999268552	hypo	case		0.401251967319614	0.66	0.66	1.2	0.660966753580126	5
chr21	13555487	13559579	4093	50	23.468	0.216769351717898	0.216769351717898	0.257534551700938	0.257534551700938	hyper	case		0.226267454137846	0.66	0.66	1.2	0.660966753580126	5
chr21	6353603	6358167	4565	86	39.7063953488372	-0.241869483032727	0.241869483032727	-0.245002675885579	0.245002675885579	hypo	case		0.155479345375411	0.66	0.66	1.2	0.660966753580126	5
chr20	22789103	22793566	4464	62	19.983064516129	-0.25441202506633	0.25441202506633	-0.261847191983879	0.261847191983879	hypo	case		0.312483075517792	0.66	0.66	1.2	0.660966753580126	5
chr20	6596776	6601516	4741	86	21.9401162790698	-0.279201583405771	0.279201583405771	-0.274841192982095	0.274841192982095	hypo	case		0.136476873379232	0.66	0.66	1.2	0.660966753580126	5
chr20	23395881	23400615	4735	94	22.536170212766	-0.248003244482422	0.248003244482422	-0.260687675520129	0.260687675520129	hypo	case		0.518338785450337	0.66	0.66	1.2	0.660966753580126	5
chr20	9194068	9197924	3857	76	20.9164473684211	-0.220128214128278	0.220128214128278	-0.239247320777807	0.239247320777807	hypo	case		0.547615460133344	0.66	0.66	1.2	0.660966753580126	5
chr21	9724571	9729014	4444	86	60.2976744186047	-0.233218609970107	0.233218609970107	-0.236856921144895	0.236856921144895	hypo	case		0.54687774547935	0.66	0.66	1.2	0.660966753580126	5
chr21	34467000	34470312	3313	60	10.5983333333333	-0.263721578496395	0.263721578496395	-0.282470882157862	0.282470882157862	hypo	case		0.594074701396968	0.66	0.66	1.2	0.660966753580126	5
chr20	29718935	29723436	4502	83	24.4698795180723	-0.296099294685612	0.296099294685612	-0.271941508996737	0.271941508996737	hypo	case		0.386303056010915	0.66	0.66	1.2	0.660966753580126	5
chr21	22726917	22730811	3895	66	24.3522727272727	-0.275049192286183	0.275049192286183	-0.282447785563455	0.282447785563455	hypo	case		0.521097240498088	0.66	0.66	1.2	0.660966753580126	5
chr20	231751	235709	3959	139	20.6395683453237	-0.235074816440417	0.235074816440417	-0.235110517179675	0.235110517179675	hypo	case		0.0894711015607241	0.66	0.66	1.2	0.660966753580126	5
chr20	52572259	52576518	4260	74	20.7297297297297	-0.284951363943066	0.284951363943066	-0.313255581222091	0.313255581222091	hypo	case		0.430998583807838	0.66	0.66	1.2	0.660966753580126	5
chr20	5815870	5820381	4512	85	21.5323529411765	-0.264236792987079	0.264236792987079	-0.253870144635637	0.253870144635637	hypo	case		0.638301327797891	0.66	0.66	1.2	0.660966753580126	5
chr20	46613350	46614558	1209	52	21.0105769230769	-0.265192188039953	0.265192188039953	-0.25929732452727	0.25929732452727	hypo	case		0.618006572722746	0.66	0.66	1.2	0.660966753580126	5
chr20	42905408	42908307	2900	88	22.4625	-0.248963462048399	0.248963462048399	-0.264402885395301	0.264402885395301	hypo	case		0.453954407570937	0.66	0.66	1.2	0.660966753580126	5
chr20	48959440	48964392	4953	148	24.6635135135135	-0.269698570695106	0.269698570695106	-0.299293365849023	0.299293365849023	hypo	case		0.204770749296653	0.66	0.66	1.2	0.660966753580126	5
chr20	42548714	42551679	2966	56	22.33125	-0.248833055318403	0.248833055318403	-0.255531517809529	0.255531517809529	hypo	case		0.487163748254059	0.66	0.66	1.2	0.660966753580126	5
chr20	30269693	30274242	4550	77	20.5668831168831	-0.195805423264292	0.195805423264292	-0.239305407923386	0.239305407923386	hypo	case		0.758851685448393	0.66	0.758851685448393	2.8	0.682213840132396	5
chr20	25542633	25545374	2742	70	22.38	-0.228479320277489	0.228479320277489	-0.234591644889636	0.234591644889636	hypo	case		0.363682630048136	0.66	0.66	1.2	0.660966753580126	5
chr20	14505438	14508657	3220	58	25.3474137931035	-0.248807789279505	0.248807789279505	-0.290213240697417	0.290213240697417	hypo	case		0.385411665065699	0.66	0.66	1.2	0.660966753580126	5
chr21	13220620	13223568	2949	50	24.48	-0.220018023547295	0.220018023547295	-0.228273989255959	0.228273989255959	hypo	case		0.225822389874089	0.66	0.66	1.2	0.660966753580126	5
chr20	8339492	8340784	1293	70	22.9157142857143	-0.274410458490794	0.274410458490794	-0.272535025925772	0.272535025925772	hypo	case		0.243335560188549	0.66	0.66	1.2	0.660966753580126	5
chr21	36562559	36564585	2027	53	24.2018867924528	-0.268264429451019	0.268264429451019	-0.280175812579001	0.280175812579001	hypo	case		0.143626469130777	0.66	0.66	1.2	0.660966753580126	5
chr21	15992475	15995134	2660	75	23.0233333333333	-0.297707431478062	0.297707431478062	-0.312652649675977	0.312652649675977	hypo	case		0.375289096098625	0.66	0.66	1.2	0.660966753580126	5
chr20	38549708	38552441	2734	52	21.4653846153846	-0.278485541620508	0.278485541620508	-0.254457618313307	0.254457618313307	hypo	case		0.425903134917248	0.66	0.66	1.2	0.660966753580126	5
chr21	19374566	19376719	2154	77	20.7948051948052	-0.35305652481299	0.35305652481299	-0.352376043247592	0.352376043247592	hypo	case		0.573612300595609	0.66	0.66	1.2	0.660966753580126	5
chr21	7285823	7290628	4806	76	63.9822368421053	-0.193173458506133	0.193173458506133	-0.209782234010422	0.209782234010422	hypo	case		0.368318009581509	0.66	0.66	1.2	0.660966753580126	5
chr20	40455733	40458995	3263	58	22.1620689655172	-0.313418313000458	0.313418313000458	-0.30972028849821	0.30972028849821	hypo	case		0.293072621027912	0.66	0.66	1.2	0.660966753580126	5
chr21	23987788	23992695	4908	100	24.0085	-0.279082288259374	0.279082288259374	-0.276578881947219	0.276578881947219	hypo	case		0.670860601068159	0.66	0.670860601068159	1.1	0.67423733188773	5
chr20	39349269	39353579	4311	60	22.9741666666667	-0.205995210310923	0.205995210310923	-0.235714850429178	0.235714850429178	hypo	case		0.690902438492231	0.66	0.690902438492231	2.8	0.682213840132396	5
chr21	32823647	32827808	4162	55	13.4045454545455	-0.291720632523651	0.291720632523651	-0.346093442202244	0.346093442202244	hypo	case		0.167011114184411	0.66	0.66	1.2	0.660966753580126	5
chr20	40534108	40536167	2060	54	19.9796296296296	-0.246692463282541	0.246692463282541	-0.267932473611401	0.267932473611401	hypo	case		0.2483829101221	0.66	0.66	1.2	0.660966753580126	5
chr20	29514375	29517707	3333	99	54.9449494949495	-0.235670843489074	0.235670843489074	-0.226833472227128	0.226833472227128	hypo	case		0.507180125310512	0.66	0.66	1.2	0.660966753580126	5
chr21	19681298	19684645	3348	97	22.1118556701031	-0.319843791717577	0.319843791717577	-0.328586733003471	0.328586733003471	hypo	case		0.347827742058211	0.66	0.66	1.2	0.660966753580126	5
chr20	37836582	37841356	4775	100	20.2275	-0.301309192249174	0.301309192249174	-0.31776252151722	0.31776252151722	hypo	case		0.416017487764779	0.66	0.66	1.2	0.660966753580126	5
chr20	37791649	37795073	3425	78	21.0666666666667	-0.313699267189611	0.313699267189611	-0.315047205536795	0.315047205536795	hypo	case		0.233597490260872	0.66	0.66	1.2	0.660966753580126	5
chr20	9049702	9053364	3663	96	22.146875	-0.219531192098951	0.219531192098951	-0.228689519907328	0.228689519907328	hypo	case		0.412700376297395	0.66	0.66	1.2	0.660966753580126	5
chr20	8778865	8780713	1849	54	24.2203703703704	-0.304654370907467	0.304654370907467	-0.3069086131412	0.3069086131412	hypo	case		0.221434576376577	0.66	0.66	1.2	0.660966753580126	5
chr20	13888677	13890582	1906	62	23.7846774193548	-0.270772739381212	0.270772739381212	-0.302831173781884	0.302831173781884	hypo	case		0.0997700257856362	0.66	0.66	1.2	0.660966753580126	5
chr20	59375560	59378401	2842	70	22.9771428571429	0.167695104158659	0.167695104158659	0.163174849349776	0.163174849349776	hyper	case		0.99	0.66	0.99	2.8	0.682213840132396	5
chr20	12411423	12415490	4068	67	20.6985074626866	-0.250616211368778	0.250616211368778	-0.260290377208764	0.260290377208764	hypo	case		0.573201620452113	0.66	0.66	1.2	0.660966753580126	5
chr20	54397588	54402172	4585	80	22.15125	-0.313419346504671	0.313419346504671	-0.305971921722073	0.305971921722073	hypo	case		0.335782061468811	0.66	0.66	1.2	0.660966753580126	5
chr21	15595891	15599551	3661	74	21.1554054054054	-0.300151866808983	0.300151866808983	-0.278594456186169	0.278594456186169	hypo	case		0.168603040567591	0.66	0.66	1.2	0.660966753580126	5
chr21	20334482	20338444	3963	50	19.658	-0.26099080017318	0.26099080017318	-0.257974009027817	0.257974009027817	hypo	case		0.0672276792005423	0.66	0.66	1.2	0.660966753580126	5
chr20	30348130	30352491	4362	72	23.1569444444444	0.207732559238562	0.207732559238562	0.227732609987143	0.227732609987143	hyper	case		0.291765665981622	0.66	0.66	1.2	0.660966753580126	5
chr20	52154924	52156811	1888	50	21.434	-0.302866798373427	0.302866798373427	-0.282754228291413	0.282754228291413	hypo	case		0.262687618363677	0.66	0.66	1.2	0.660966753580126	5
chr20	21887676	21889780	2105	101	20.6965346534653	-0.175530949474652	0.175530949474652	-0.1983288310838	0.1983288310838	hypo	case		0.255151185994751	0.66	0.66	1.2	0.660966753580126	5
chr20	13578454	13581969	3516	70	20.4721428571429	-0.324370040315963	0.324370040315963	-0.329230661284102	0.329230661284102	hypo	case		0.233174216339243	0.66	0.66	1.2	0.660966753580126	5
chr21	28266443	28269155	2713	52	22.2990384615385	-0.284455484452699	0.284455484452699	-0.308756557146072	0.308756557146072	hypo	case		0.304897957667215	0.66	0.66	1.2	0.660966753580126	5
chr20	23926077	23930582	4506	82	22.8262195121951	-0.303545497486971	0.303545497486971	-0.319548416838262	0.319548416838262	hypo	case		0.284662762053113	0.66	0.66	1.2	0.660966753580126	5
chr20	43072673	43076608	3936	80	21.0025	-0.283637888471097	0.283637888471097	-0.314546962788935	0.314546962788935	hypo	case		0.143763240535471	0.66	0.66	1.2	0.660966753580126	5
chr21	23690426	23693796	3371	84	24.0886904761905	-0.294321471598432	0.294321471598432	-0.285971003342195	0.285971003342195	hypo	case		0.544784780012662	0.66	0.66	1.2	0.660966753580126	5
chr21	24965458	24969527	4070	56	21.90625	-0.217123762041496	0.217123762041496	-0.223922125756743	0.223922125756743	hypo	case		0.471278218633614	0.66	0.66	1.2	0.660966753580126	5
chr20	11613435	11616794	3360	50	20.404	-0.225578631440395	0.225578631440395	-0.240110884771086	0.240110884771086	hypo	case		0.309639012193738	0.66	0.66	1.2	0.660966753580126	5
chr21	26240088	26241955	1868	61	22.1032786885246	-0.33968681284316	0.33968681284316	-0.346240080183584	0.346240080183584	hypo	case		0.18609305954311	0.66	0.66	1.2	0.660966753580126	5
chr20	17950083	17954927	4845	131	23.9175572519084	-0.275192711297683	0.275192711297683	-0.298226741868403	0.298226741868403	hypo	case		0.562027541635864	0.66	0.66	1.2	0.660966753580126	5
chr20	21546470	21549441	2972	78	22.8198717948718	-0.266333779743625	0.266333779743625	-0.294923159431265	0.294923159431265	hypo	case		0.477185564306718	0.66	0.66	1.2	0.660966753580126	5
chr20	37183237	37185946	2710	58	23.1327586206897	0.181706209897816	0.181706209897816	0.170782287560236	0.170782287560236	hyper	case		0.398500223458126	0.66	0.66	1.2	0.660966753580126	5
chr20	1319767	1322110	2344	76	22.6164473684211	-0.246194605689998	0.246194605689998	-0.250472669835797	0.250472669835797	hypo	case		0.230955160480964	0.66	0.66	1.2	0.660966753580126	5
chr20	60231675	60235022	3348	62	24.0741935483871	-0.23965010620202	0.23965010620202	-0.269373946309687	0.269373946309687	hypo	case		0.469928611534742	0.66	0.66	1.2	0.660966753580126	5
chr21	30420835	30423057	2223	74	21.4608108108108	-0.258605028101176	0.258605028101176	-0.252608160715593	0.252608160715593	hypo	case		0.151079513371826	0.66	0.66	1.2	0.660966753580126	5
chr20	38482488	38484942	2455	60	20.6433333333333	-0.341081595943058	0.341081595943058	-0.351895647472244	0.351895647472244	hypo	case		0.151979807132861	0.66	0.66	1.2	0.660966753580126	5
chr21	32089033	32093265	4233	86	21.7912790697674	-0.272212753799635	0.272212753799635	-0.277848048851466	0.277848048851466	hypo	case		0.204851096230437	0.66	0.66	1.2	0.660966753580126	5
chr21	35091154	35095889	4736	55	22.0190909090909	-0.2470343252931	0.2470343252931	-0.257807993981699	0.257807993981699	hypo	case		0.146412695154387	0.66	0.66	1.2	0.660966753580126	5
chr21	38118824	38123030	4207	164	23.2948170731707	-0.288803497976241	0.288803497976241	-0.305507526820303	0.305507526820303	hypo	case		0.326615395837845	0.66	0.66	1.2	0.660966753580126	5
chr20	54057816	54061891	4076	122	21.7627049180328	-0.256148205054485	0.256148205054485	-0.25154698222841	0.25154698222841	hypo	case		0.148171599321704	0.66	0.66	1.2	0.660966753580126	5
chr20	12924819	12927815	2997	61	20.977868852459	0.216953933548114	0.216953933548114	0.268500420393699	0.268500420393699	hyper	case		0.155205250555432	0.66	0.66	1.2	0.660966753580126	5
chr21	18572727	18576002	3276	58	23.9224137931035	-0.293580429446229	0.293580429446229	-0.312882223341279	0.312882223341279	hypo	case		0.467503786254182	0.66	0.66	1.2	0.660966753580126	5
chr20	60176131	60179237	3107	66	22.7242424242424	-0.25774932243152	0.25774932243152	-0.25308753678872	0.25308753678872	hypo	case		0.611133605356729	0.66	0.66	1.2	0.660966753580126	5
chr21	16726855	16728738	1884	78	22.5230769230769	-0.322695782475686	0.322695782475686	-0.334670156705548	0.334670156705548	hypo	case		0.29716565093006	0.66	0.66	1.2	0.660966753580126	5
chr21	23163924	23166819	2896	54	21.3037037037037	-0.261184043092276	0.261184043092276	-0.257820236433624	0.257820236433624	hypo	case		0.0850154033058137	0.66	0.66	1.2	0.660966753580126	5
chr21	20850817	20855307	4491	78	21.8339743589744	-0.27333168787742	0.27333168787742	-0.267937312314401	0.267937312314401	hypo	case		0.0221579318179703	0.66	0.66	1.2	0.660966753580126	5
chr21	19639364	19643018	3655	87	22.067816091954	-0.219919192574628	0.219919192574628	-0.221840104754898	0.221840104754898	hypo	case		0.121160623639585	0.66	0.66	1.2	0.660966753580126	5
chr21	30843812	30848436	4625	98	22.2760204081633	-0.253084436190475	0.253084436190475	-0.267536179735593	0.267536179735593	hypo	case		0.99	0.66	0.99	2.8	0.682213840132396	5
chr20	52279868	52284125	4258	72	22.4861111111111	-0.2521393438645	0.2521393438645	-0.268332605112253	0.268332605112253	hypo	case		0.308953263701947	0.66	0.66	1.2	0.660966753580126	5
chr21	45847364	45851552	4189	98	22.2673469387755	-0.2819961615956	0.2819961615956	-0.281233600602676	0.281233600602676	hypo	case		0.105126977649356	0.66	0.66	1.2	0.660966753580126	5
chr20	6066502	6071362	4861	98	22.5908163265306	-0.277604139099695	0.277604139099695	-0.26892962337287	0.26892962337287	hypo	case		0.937693532970161	0.66	0.937693532970161	2.8	0.682213840132396	5
chr20	33850145	33854400	4256	136	21.2316176470588	-0.281942289098181	0.281942289098181	-0.307767415594523	0.307767415594523	hypo	case		0.350471537319324	0.66	0.66	1.2	0.660966753580126	5
chr21	24763093	24765761	2669	54	21.8703703703704	-0.253122793408233	0.253122793408233	-0.252628729907021	0.252628729907021	hypo	case		0.220340058201499	0.66	0.66	1.2	0.660966753580126	5
chr20	14226233	14227694	1462	142	18.9577464788732	0.235659565224383	0.235659565224383	0.260769568523539	0.260769568523539	hyper	case		0.141795715284269	0.66	0.66	1.2	0.660966753580126	5
chr20	10164868	10169692	4825	81	19.5481481481481	-0.257859136600825	0.257859136600825	-0.27378849155095	0.27378849155095	hypo	case		0.336773258949933	0.66	0.66	1.2	0.660966753580126	5
chr21	6827611	6832571	4961	148	13.9733108108108	-0.228248108305327	0.228248108305327	-0.242571410259359	0.242571410259359	hypo	case		0.669494627240745	0.66	0.669494627240745	2.9	0.666693585000217	5
chr20	11893610	11896523	2914	56	22.0392857142857	-0.206438328912358	0.206438328912358	-0.222541000193464	0.222541000193464	hypo	case		0.127966702683695	0.66	0.66	1.2	0.660966753580126	5
chr20	28796361	28800450	4090	52	33.3740384615385	-0.245602185682517	0.245602185682517	-0.245945701228475	0.245945701228475	hypo	case		0.324017458560496	0.66	0.66	1.2	0.660966753580126	5
