seqnames	start	end	width	num_sites	cov	delta_beta	delta_beta_abs	intended_delta_beta	intended_delta_beta_abs	direction	case_group	genome	background_corr_target	expected_correlation	corr_target	corr_sd_used	corr_metric_estimate	neighbor_window
chr20	29413622	29413916	295	8	32.1	0.158785790973413	0.158785790973413	0.112763558133739	0.112763558133739	hyper	case		0.388326155634006	0.52	0.52	0.5	0.54199328225688	5
chr21	20930924	20931848	925	10	22.985	0.165007739532591	0.165007739532591	0.105075110224541	0.105075110224541	hyper	case		0.463457676358387	0.52	0.52	0.5	0.54199328225688	5
chr21	21460868	21461376	509	12	18.6875	-0.273491569459334	0.273491569459334	-0.335370075105706	0.335370075105706	hypo	case		0.195644587988651	0.52	0.52	0.5	0.54199328225688	5
chr21	29918316	29919826	1511	20	21.56	-0.184921316536061	0.184921316536061	-0.188324201947349	0.188324201947349	hypo	case		0.106925668294464	0.52	0.52	0.5	0.54199328225688	5
chr20	37752739	37752882	144	8	21.74375	0.253282796422498	0.253282796422498	0.225473475888016	0.225473475888016	hyper	case		0.321871203509584	0.52	0.52	0.5	0.54199328225688	5
chr21	16862815	16864273	1459	18	22.3194444444444	-0.137081722334818	0.137081722334818	-0.138747214941007	0.138747214941007	hypo	case		0.134429546080129	0.52	0.52	0.5	0.54199328225688	5
chr21	37466860	37468399	1540	24	23.2854166666667	0.161634960217548	0.161634960217548	0.207912006506744	0.207912006506744	hyper	case		0.231266122333951	0.52	0.52	0.5	0.54199328225688	5
chr20	18462368	18463278	911	22	18.9818181818182	-0.273922618517133	0.273922618517133	-0.305416221838491	0.305416221838491	hypo	case		0.125652177158763	0.52	0.52	0.5	0.54199328225688	5
chr20	58432423	58433341	919	10	22.815	-0.219250414822412	0.219250414822412	-0.298018662723643	0.298018662723643	hypo	case		0.291787411429683	0.52	0.52	0.5	0.54199328225688	5
chr21	14538894	14539875	982	18	22.5861111111111	-0.212170426229835	0.212170426229835	-0.210565087249447	0.210565087249447	hypo	case		0.205348604377487	0.52	0.52	0.5	0.54199328225688	5
chr20	41959532	41960556	1025	22	21.4863636363636	-0.286840414868138	0.286840414868138	-0.297964069203146	0.297964069203146	hypo	case		0.15401507015936	0.52	0.52	0.5	0.54199328225688	5
chr21	23233775	23234384	610	18	22.7527777777778	-0.170571400243468	0.170571400243468	-0.215397401399104	0.215397401399104	hypo	case		0.239806251693891	0.52	0.52	0.5	0.54199328225688	5
chr21	24225590	24226279	690	22	22.3477272727273	-0.282571470984133	0.282571470984133	-0.272613518130394	0.272613518130394	hypo	case		0.319538677423416	0.52	0.52	0.5	0.54199328225688	5
chr21	16058524	16058879	356	10	23.125	-0.233055726151185	0.233055726151185	-0.207310705968434	0.207310705968434	hypo	case		0.331537989973399	0.52	0.52	0.5	0.54199328225688	5
chr20	14901506	14901692	187	6	24.5333333333333	-0.214513376942464	0.214513376942464	-0.151051620387338	0.151051620387338	hypo	case		0.192780187393639	0.52	0.52	0.5	0.54199328225688	5
chr20	39726787	39728235	1449	20	20.565	-0.237131358429081	0.237131358429081	-0.252825053238002	0.252825053238002	hypo	case		0.219566703515218	0.52	0.52	0.5	0.54199328225688	5
chr21	27211454	27211995	542	16	20.60625	-0.218830492099733	0.218830492099733	-0.243527860673898	0.243527860673898	hypo	case		0.370228576926577	0.52	0.52	0.5	0.54199328225688	5
chr21	27643017	27644920	1904	24	21.1895833333333	-0.218729301608289	0.218729301608289	-0.208225582203108	0.208225582203108	hypo	case		0.749973908854536	0.52	0.749973908854536	2.8	0.699178745142492	5
chr21	40574731	40575872	1142	26	20.4192307692308	-0.297455519489609	0.297455519489609	-0.352338483344135	0.352338483344135	hypo	case		0.15335917267406	0.52	0.52	0.5	0.54199328225688	5
chr20	54382260	54383118	859	12	20.1458333333333	-0.226660085937583	0.226660085937583	-0.231708106560923	0.231708106560923	hypo	case		0.217449020325105	0.52	0.52	0.5	0.54199328225688	5
chr20	9199427	9200661	1235	24	20.0208333333333	-0.280585616345732	0.280585616345732	-0.288711753952241	0.288711753952241	hypo	case		0.18289455029306	0.52	0.52	0.5	0.54199328225688	5
chr21	10091035	10091313	279	6	46.525	0.119101606294495	0.119101606294495	0.139744427445167	0.139744427445167	hyper	case		0.498327184937144	0.52	0.52	0.5	0.54199328225688	5
chr21	30863619	30864967	1349	22	20.1113636363636	-0.274676910672962	0.274676910672962	-0.306739407644093	0.306739407644093	hypo	case		0.358282395740669	0.52	0.52	0.5	0.54199328225688	5
chr21	13920517	13920838	322	8	19.53125	0.164663974005959	0.164663974005959	0.193453594557844	0.193453594557844	hyper	case		0.396084212448956	0.52	0.52	0.5	0.54199328225688	5
chr21	14262769	14263560	792	14	19.8964285714286	-0.240615306713271	0.240615306713271	-0.246767652595985	0.246767652595985	hypo	case		0.149637740145678	0.52	0.52	0.5	0.54199328225688	5
chr20	7453756	7454613	858	14	22.3785714285714	0.170242093620661	0.170242093620661	0.231872587098708	0.231872587098708	hyper	case		0.403734140543753	0.52	0.52	0.5	0.54199328225688	5
chr21	5520588	5521188	601	6	11.0083333333333	-0.13793159951611	0.13793159951611	-0.100002655269763	0.100002655269763	hypo	case		0.195656735939503	0.52	0.52	0.5	0.54199328225688	5
chr21	23753594	23754421	828	18	21.1972222222222	-0.24562442516471	0.24562442516471	-0.223100253629385	0.223100253629385	hypo	case		0.276315700591005	0.52	0.52	0.5	0.54199328225688	5
chr21	10078521	10078750	230	6	33.325	-0.0711944319012367	0.0711944319012367	-0.0870485893427044	0.0870485893427044	hypo	case		0.621434399823695	0.52	0.621434399823695	1.8	0.625305162337618	5
chr20	6798009	6798144	136	6	22.3666666666667	-0.216272236051855	0.216272236051855	-0.161464845094395	0.161464845094395	hypo	case		0.497528147650744	0.52	0.52	0.5	0.54199328225688	5
chr20	25136777	25137041	265	10	21.11	0.205929682975811	0.205929682975811	0.259753177580197	0.259753177580197	hyper	case		0.34052679934363	0.52	0.52	0.5	0.54199328225688	5
chr20	13708504	13709987	1484	32	23.0109375	-0.291568323581505	0.291568323581505	-0.314256383798746	0.314256383798746	hypo	case		0.56093758824295	0.52	0.56093758824295	0.5	0.54199328225688	5
chr21	15551258	15551513	256	8	23.04375	-0.211106176141914	0.211106176141914	-0.166160923024286	0.166160923024286	hypo	case		0.147407945369438	0.52	0.52	0.5	0.54199328225688	5
chr20	18672927	18673094	168	18	21.3805555555556	-0.158987862097485	0.158987862097485	-0.194373399143374	0.194373399143374	hypo	case		0.851119641787455	0.52	0.851119641787455	2.8	0.699178745142492	5
chr20	45613209	45614101	893	12	23.6166666666667	-0.201150592849499	0.201150592849499	-0.199552351323541	0.199552351323541	hypo	case		0.200324139989018	0.52	0.52	0.5	0.54199328225688	5
chr20	22167775	22168641	867	8	25.13125	0.114567306249774	0.114567306249774	0.128103791542209	0.128103791542209	hyper	case		0.14209080229635	0.52	0.52	0.5	0.54199328225688	5
chr21	32894878	32895255	378	10	22.6	-0.144429956990059	0.144429956990059	-0.12575370362614	0.12575370362614	hypo	case		0.466075383259907	0.52	0.52	0.5	0.54199328225688	5
chr21	7008982	7009347	366	5	12.22	-0.183170196407909	0.183170196407909	-0.136519353231803	0.136519353231803	hypo	case		0.0667338946576517	0.52	0.52	0.5	0.54199328225688	5
chr21	14410069	14410510	442	8	20.54375	-0.12672368431107	0.12672368431107	-0.210352262270039	0.210352262270039	hypo	case		0.0761194356581406	0.52	0.52	0.5	0.54199328225688	5
chr20	16078662	16079436	775	16	21.2375	-0.294615772285489	0.294615772285489	-0.338526559305907	0.338526559305907	hypo	case		0.365026951050792	0.52	0.52	0.5	0.54199328225688	5
chr21	17842022	17842423	402	16	20.2375	-0.118304285083287	0.118304285083287	-0.137050743063255	0.137050743063255	hypo	case		0.196824504491782	0.52	0.52	0.5	0.54199328225688	5
chr20	26206875	26207396	522	10	20.285	0.116390163356248	0.116390163356248	0.151994378670945	0.151994378670945	hyper	case		0.159835590146646	0.52	0.52	0.5	0.54199328225688	5
chr21	24161702	24161804	103	8	18.33125	-0.19683696815346	0.19683696815346	-0.212128057536381	0.212128057536381	hypo	case		0.243770289220492	0.52	0.52	0.5	0.54199328225688	5
chr20	11915018	11915774	757	12	21.9291666666667	-0.213736757742535	0.213736757742535	-0.239087225932931	0.239087225932931	hypo	case		0.525187423703675	0.52	0.525187423703675	0.5	0.54199328225688	5
chr20	28827323	28827674	352	6	46.9833333333333	-0.0715194209071396	0.0715194209071396	-0.101168985263571	0.101168985263571	hypo	case		0.28213151682397	0.52	0.52	0.5	0.54199328225688	5
chr21	32634068	32635362	1295	10	20.205	-0.304887978901384	0.304887978901384	-0.297443509285844	0.297443509285844	hypo	case		0.531278085308627	0.52	0.531278085308627	0.5	0.54199328225688	5
chr20	19193395	19195185	1791	30	22.3966666666667	-0.23547091838812	0.23547091838812	-0.284561062965946	0.284561062965946	hypo	case		0.28206624099973	0.52	0.52	0.5	0.54199328225688	5
chr21	27678712	27678959	248	6	24.875	-0.162482137518037	0.162482137518037	-0.143317038629625	0.143317038629625	hypo	case		0.105246717139781	0.52	0.52	0.5	0.54199328225688	5
chr21	17600306	17601487	1182	38	21.0197368421053	-0.316657650184256	0.316657650184256	-0.335725628689137	0.335725628689137	hypo	case		0.547098176589498	0.52	0.547098176589498	0.5	0.54199328225688	5
chr20	45738545	45738771	227	6	19.7083333333333	0.135064721690559	0.135064721690559	0.0944307410617814	0.0944307410617814	hyper	case		0.196203884374963	0.52	0.52	0.5	0.54199328225688	5
chr20	15562959	15563111	153	6	21.9833333333333	-0.0887965949645332	0.0887965949645332	-0.0691393072957174	0.0691393072957174	hypo	case		0.692113500686785	0.52	0.692113500686785	1.1	0.6923721055347	5
chr20	30219603	30220728	1126	13	31.8423076923077	0.141690040828272	0.141690040828272	0.123149813269853	0.123149813269853	hyper	case		0.738948331707818	0.52	0.738948331707818	2.8	0.699178745142492	5
chr20	39939011	39939441	431	6	21.075	0.149866955228703	0.149866955228703	0.107348679539938	0.107348679539938	hyper	case		0.289259831143332	0.52	0.52	0.5	0.54199328225688	5
chr21	17288431	17288748	318	10	14	-0.194270457629268	0.194270457629268	-0.201166145748324	0.201166145748324	hypo	case		0.266502451062795	0.52	0.52	0.5	0.54199328225688	5
chr21	9921715	9922486	772	6	61.025	-0.188471599251015	0.188471599251015	-0.121618893793371	0.121618893793371	hypo	case		0.13999816548242	0.52	0.52	0.5	0.54199328225688	5
chr20	13044353	13045306	954	20	23.7875	-0.186392734804205	0.186392734804205	-0.22190063201252	0.22190063201252	hypo	case		0.348682493445481	0.52	0.52	0.5	0.54199328225688	5
chr21	13061681	13062156	476	6	25.5083333333333	0.170824396676305	0.170824396676305	0.125384188981024	0.125384188981024	hyper	case		0.0856738698498166	0.52	0.52	0.5	0.54199328225688	5
chr21	38181097	38182830	1734	18	21.4111111111111	-0.0900694402343756	0.0900694402343756	-0.129378115047836	0.129378115047836	hypo	case		0.664824437038397	0.52	0.664824437038397	2.9	0.663976794839226	5
chr20	8096043	8096537	495	10	16.41	-0.22203046295065	0.22203046295065	-0.213520087417862	0.213520087417862	hypo	case		0.258437241659542	0.52	0.52	0.5	0.54199328225688	5
chr20	22696044	22697707	1664	30	20.0366666666667	-0.259060938354468	0.259060938354468	-0.280032572196508	0.280032572196508	hypo	case		0.323495887117483	0.52	0.52	0.5	0.54199328225688	5
chr21	26348536	26350517	1982	37	22.0094594594595	-0.277309620640773	0.277309620640773	-0.305426436286212	0.305426436286212	hypo	case		0.407744705649097	0.52	0.52	0.5	0.54199328225688	5
chr20	55579931	55580508	578	8	22.75	-0.0801087124895091	0.0801087124895091	-0.0891766833200586	0.0891766833200586	hypo	case		0.289353936179234	0.52	0.52	0.5	0.54199328225688	5
chr21	9538515	9539275	761	28	30.9553571428571	-0.196557503042276	0.196557503042276	-0.21510925911955	0.21510925911955	hypo	case		0.38331942446749	0.52	0.52	0.5	0.54199328225688	5
chr20	13403836	13404521	686	12	21.2333333333333	-0.224114731754858	0.224114731754858	-0.241507948289616	0.241507948289616	hypo	case		0.0342789023693555	0.52	0.52	0.5	0.54199328225688	5
chr20	29606114	29606457	344	9	17.3111111111111	-0.121725396718565	0.121725396718565	-0.168457777828788	0.168457777828788	hypo	case		0.146357054176574	0.52	0.52	0.5	0.54199328225688	5
chr21	9655188	9656161	974	20	67.5	-0.29541989464986	0.29541989464986	-0.319761512362021	0.319761512362021	hypo	case		0.204443051021539	0.52	0.52	0.5	0.54199328225688	5
chr21	18218660	18219065	406	8	22.51875	-0.214572781507137	0.214572781507137	-0.255765370904802	0.255765370904802	hypo	case		0.618485302007156	0.52	0.618485302007156	1.8	0.625305162337618	5
chr20	14496859	14497930	1072	18	21.4694444444444	-0.229279128782995	0.229279128782995	-0.256442933049058	0.256442933049058	hypo	case		0.105150953783472	0.52	0.52	0.5	0.54199328225688	5
chr21	21234529	21234828	300	10	20.665	0.233932271966509	0.233932271966509	0.309304159091739	0.309304159091739	hyper	case		0.316802322811218	0.52	0.52	0.5	0.54199328225688	5
chr20	11187211	11188287	1077	10	21.035	-0.236827829918807	0.236827829918807	-0.246849183844102	0.246849183844102	hypo	case		0.311761892003065	0.52	0.52	0.5	0.54199328225688	5
chr20	15627935	15628591	657	6	18.1666666666667	-0.14082588356869	0.14082588356869	-0.108777864127664	0.108777864127664	hypo	case		0.15718754413805	0.52	0.52	0.5	0.54199328225688	5
chr21	25769735	25770527	793	8	20.175	-0.223771950628497	0.223771950628497	-0.223130814045793	0.223130814045793	hypo	case		0.672098036438829	0.52	0.672098036438829	2.7	0.672386119003475	5
chr20	39966058	39967731	1674	18	18.2222222222222	0.186672643864422	0.186672643864422	0.228383023781738	0.228383023781738	hyper	case		0.0601504134192901	0.52	0.52	0.5	0.54199328225688	5
chr20	29530466	29531886	1421	18	17.375	-0.216807941190092	0.216807941190092	-0.193656534056437	0.193656534056437	hypo	case		0.317151578442875	0.52	0.52	0.5	0.54199328225688	5
chr20	23177668	23179587	1920	28	24.6910714285714	-0.223286148036628	0.223286148036628	-0.260762722583308	0.260762722583308	hypo	case		0.259110405863388	0.52	0.52	0.5	0.54199328225688	5
chr21	42207629	42207927	299	6	19.3	-0.150793461109629	0.150793461109629	-0.112724143723611	0.112724143723611	hypo	case		0.99	0.52	0.99	2.8	0.699178745142492	5
chr20	34881944	34882944	1001	36	20.1736111111111	-0.317003703400296	0.317003703400296	-0.355030980741993	0.355030980741993	hypo	case		0.433451160486509	0.52	0.52	0.5	0.54199328225688	5
chr21	22275629	22276510	882	17	13.8529411764706	-0.335486785048027	0.335486785048027	-0.323201314304042	0.323201314304042	hypo	case		0.22258995577283	0.52	0.52	0.5	0.54199328225688	5
chr21	23078848	23079866	1019	12	21.8416666666667	-0.177945616432125	0.177945616432125	-0.208105294242081	0.208105294242081	hypo	case		0.0972795842022767	0.52	0.52	0.5	0.54199328225688	5
chr21	28494884	28496373	1490	28	20.6321428571429	-0.303165716863803	0.303165716863803	-0.305145504671803	0.305145504671803	hypo	case		0.267445582453232	0.52	0.52	0.5	0.54199328225688	5
chr20	11058322	11059930	1609	30	21.29	-0.290012845627548	0.290012845627548	-0.305565244134618	0.305565244134618	hypo	case		0.234051743620819	0.52	0.52	0.5	0.54199328225688	5
chr21	23792196	23792793	598	6	20.925	0.142813433480204	0.142813433480204	0.0904929113224452	0.0904929113224452	hyper	case		0.392584578741255	0.52	0.52	0.5	0.54199328225688	5
chr20	52795307	52795679	373	8	20.3	-0.225213300977294	0.225213300977294	-0.21611353406685	0.21611353406685	hypo	case		0.315949603586511	0.52	0.52	0.5	0.54199328225688	5
chr21	39144335	39144434	100	6	22.2583333333333	-0.151503237189531	0.151503237189531	-0.149344437363446	0.149344437363446	hypo	case		0.219520107283653	0.52	0.52	0.5	0.54199328225688	5
chr20	16928248	16929205	958	20	24.89	-0.221339444298167	0.221339444298167	-0.275770621692237	0.275770621692237	hypo	case		0.296660987860953	0.52	0.52	0.5	0.54199328225688	5
chr20	4472055	4473751	1697	24	22.925	-0.244427479264774	0.244427479264774	-0.272028752765899	0.272028752765899	hypo	case		0.400904757562967	0.52	0.52	0.5	0.54199328225688	5
chr20	8745689	8746121	433	20	25.2075	-0.274414326645332	0.274414326645332	-0.313207340723252	0.313207340723252	hypo	case		0.455242642103605	0.52	0.52	0.5	0.54199328225688	5
chr21	13811829	13812544	716	12	23.2625	-0.130291482403325	0.130291482403325	-0.169194491221789	0.169194491221789	hypo	case		0.276061452873666	0.52	0.52	0.5	0.54199328225688	5
chr21	25226008	25226550	543	6	19.3	0.123556825393719	0.123556825393719	0.105310630734379	0.105310630734379	hyper	case		0.111393937920326	0.52	0.52	0.5	0.54199328225688	5
chr20	7080534	7081345	812	12	22.8625	-0.201409208912303	0.201409208912303	-0.279081162108265	0.279081162108265	hypo	case		0.243267656092186	0.52	0.52	0.5	0.54199328225688	5
chr20	24884675	24884808	134	6	22.4666666666667	-0.182627762421797	0.182627762421797	-0.165959296466438	0.165959296466438	hypo	case		0.0663338828470724	0.52	0.52	0.5	0.54199328225688	5
chr21	20856627	20857933	1307	32	21.184375	-0.153369674980727	0.153369674980727	-0.12369968437304	0.12369968437304	hypo	case		0.422612856944063	0.52	0.52	0.5	0.54199328225688	5
chr20	15272628	15273333	706	14	22.7964285714286	-0.255556328961146	0.255556328961146	-0.289333307577724	0.289333307577724	hypo	case		0.69223104622901	0.52	0.69223104622901	1.1	0.6923721055347	5
chr20	22118164	22119659	1496	60	21.5558333333333	-0.23629568241963	0.23629568241963	-0.25069617570822	0.25069617570822	hypo	case		0.0834575948184965	0.52	0.52	0.5	0.54199328225688	5
chr20	37052063	37053498	1436	52	22.3086538461538	-0.262642315858038	0.262642315858038	-0.278471230331824	0.278471230331824	hypo	case		0.375676325587492	0.52	0.52	0.5	0.54199328225688	5
chr20	45520538	45521620	1083	16	23.784375	0.192068621150269	0.192068621150269	0.186282796199792	0.186282796199792	hyper	case		0.0441056516741914	0.52	0.52	0.5	0.54199328225688	5
chr20	35046366	35047762	1397	22	24.5931818181818	-0.293668666545395	0.293668666545395	-0.319117019842419	0.319117019842419	hypo	case		0.243211117997866	0.52	0.52	0.5	0.54199328225688	5
chr21	35291371	35291429	59	6	19.45	-0.169819468220044	0.169819468220044	-0.118962827944942	0.118962827944942	hypo	case		0.24176147880829	0.52	0.52	0.5	0.54199328225688	5
chr20	29245385	29245635	251	6	22.675	-0.06772183788485	0.06772183788485	-0.0869008601847469	0.0869008601847469	hypo	case		0.318758530302845	0.52	0.52	0.5	0.54199328225688	5
chr21	38522861	38524439	1579	34	22.7455882352941	-0.273682899345542	0.273682899345542	-0.323409867770324	0.323409867770324	hypo	case		0.336328990507972	0.52	0.52	0.5	0.54199328225688	5
chr21	29443187	29443447	261	10	22.15	-0.257931461076699	0.257931461076699	-0.315585438474665	0.315585438474665	hypo	case		0.334483740780186	0.52	0.52	0.5	0.54199328225688	5
chr20	180816	181275	460	6	23.1166666666667	-0.17371184730739	0.17371184730739	-0.0963809283883817	0.0963809283883817	hypo	case		0.533901632872901	0.52	0.533901632872901	0.5	0.54199328225688	5
chr20	125993	127593	1601	44	22.2511363636364	-0.288365777489419	0.288365777489419	-0.283815766988234	0.283815766988234	hypo	case		0.523661165960758	0.52	0.523661165960758	0.5	0.54199328225688	5
chr20	14824316	14825893	1578	26	21.0288461538462	-0.305215045120248	0.305215045120248	-0.321703508607314	0.321703508607314	hypo	case		0.593934962635249	0.52	0.593934962635249	0.8	0.598084698803687	5
chr20	26203427	26204004	578	14	22.8321428571429	-0.239424653435863	0.239424653435863	-0.246846281463105	0.246846281463105	hypo	case		0.230281235274905	0.52	0.52	0.5	0.54199328225688	5
chr21	29265427	29266582	1156	28	20.0785714285714	-0.219058374749965	0.219058374749965	-0.230619076335209	0.230619076335209	hypo	case		0.208594488884573	0.52	0.52	0.5	0.54199328225688	5
chr20	6419194	6419491	298	6	21.075	-0.159638699319096	0.159638699319096	-0.150156307120931	0.150156307120931	hypo	case		0.0763108969170915	0.52	0.52	0.5	0.54199328225688	5
chr21	16478654	16479357	704	8	22.35	-0.185232618276715	0.185232618276715	-0.179862310602326	0.179862310602326	hypo	case		0.492446638140702	0.52	0.52	0.5	0.54199328225688	5
chr20	2829453	2829653	201	11	19.0227272727273	-0.199626178083743	0.199626178083743	-0.266715690879327	0.266715690879327	hypo	case		0.548112708677832	0.52	0.548112708677832	0.5	0.54199328225688	5
chr20	28767130	28768148	1019	22	25.5613636363636	-0.299084618744182	0.299084618744182	-0.334593210541721	0.334593210541721	hypo	case		0.421215865553301	0.52	0.52	0.5	0.54199328225688	5
chr20	41662107	41663054	948	16	20.665625	-0.110061063701237	0.110061063701237	-0.164230998400296	0.164230998400296	hypo	case		0.653525990753943	0.52	0.653525990753943	3	0.656090136222712	5
chr20	52232079	52232142	64	6	20.425	-0.134294458457789	0.134294458457789	-0.113901699779329	0.113901699779329	hypo	case		0.365702357123115	0.52	0.52	0.5	0.54199328225688	5
chr20	4293812	4294635	824	12	23.9	-0.170443212613819	0.170443212613819	-0.204342359706988	0.204342359706988	hypo	case		0.175933217519503	0.52	0.52	0.5	0.54199328225688	5
chr21	15420572	15422098	1527	36	22.5777777777778	-0.224051920819107	0.224051920819107	-0.234992505967697	0.234992505967697	hypo	case		0.131955662571788	0.52	0.52	0.5	0.54199328225688	5
chr21	28853814	28854010	197	6	20.9416666666667	-0.19845283139026	0.19845283139026	-0.134689274767649	0.134689274767649	hypo	case		0.359452721865274	0.52	0.52	0.5	0.54199328225688	5
chr20	11119149	11119833	685	14	21.0607142857143	0.142919568864494	0.142919568864494	0.157403543180578	0.157403543180578	hyper	case		0.99	0.52	0.99	2.8	0.699178745142492	5
chr20	28628857	28629090	234	6	32.7166666666667	-0.0467375724625854	0.0467375724625854	-0.0261516208555859	0.0697518206199537	hypo	case		0.742689751589893	0.52	0.742689751589893	2.8	0.699178745142492	5
chr21	17708207	17708938	732	6	11.1416666666667	-0.174029667228197	0.174029667228197	-0.225434647891153	0.225434647891153	hypo	case		0.288529911833412	0.52	0.52	0.5	0.54199328225688	5
chr20	54600052	54600953	902	10	21.775	-0.254519780287486	0.254519780287486	-0.278770101183335	0.278770101183335	hypo	case		0.226042408479034	0.52	0.52	0.5	0.54199328225688	5
chr21	9050504	9051432	929	10	23.06	-0.264305362891261	0.264305362891261	-0.172774888699481	0.172774888699481	hypo	case		0.260596270013712	0.52	0.52	0.5	0.54199328225688	5
chr20	42239459	42240593	1135	30	22.6666666666667	-0.219508410417971	0.219508410417971	-0.222839487947771	0.222839487947771	hypo	case		0.237002324269069	0.52	0.52	0.5	0.54199328225688	5
chr20	8245726	8246811	1086	10	22.68	-0.266873573087934	0.266873573087934	-0.267259980064904	0.267259980064904	hypo	case		0.176844290487661	0.52	0.52	0.5	0.54199328225688	5
chr20	54986286	54986880	595	8	19.025	-0.209642327459402	0.209642327459402	-0.238838648075169	0.238838648075169	hypo	case		0.273970446361801	0.52	0.52	0.5	0.54199328225688	5
chr20	16709502	16709892	391	12	24.3708333333333	-0.239243205891658	0.239243205891658	-0.240725903785547	0.240725903785547	hypo	case		0.216017906926685	0.52	0.52	0.5	0.54199328225688	5
chr21	29192114	29192333	220	22	20.5409090909091	-0.306542710438417	0.306542710438417	-0.289114521529736	0.289114521529736	hypo	case		0.32345465627867	0.52	0.52	0.5	0.54199328225688	5
chr20	39828464	39829946	1483	32	19.325	0.233168473729716	0.233168473729716	0.225032366500941	0.225032366500941	hyper	case		0.615933094030062	0.52	0.615933094030062	2	0.606725593235955	5
chr20	59539080	59540100	1021	8	22.15	-0.19587981375139	0.19587981375139	-0.191599504894741	0.191599504894741	hypo	case		0.346100467350243	0.52	0.52	0.5	0.54199328225688	5
chr20	9499182	9499623	442	10	22.695	-0.296114976783075	0.296114976783075	-0.344496171824023	0.344496171824023	hypo	case		0.0625096148973514	0.52	0.52	0.5	0.54199328225688	5
chr20	59427150	59427879	730	10	22.07	-0.258093550639379	0.258093550639379	-0.234694800103722	0.234694800103722	hypo	case		0.0625202382580948	0.52	0.52	0.5	0.54199328225688	5
chr21	21472913	21474049	1137	18	20.9722222222222	0.100380641447823	0.100380641447823	0.155906352238999	0.155906352238999	hyper	case		0.7570497911095	0.52	0.7570497911095	2.8	0.699178745142492	5
chr20	9981948	9983361	1414	16	23.99375	-0.245165248486999	0.245165248486999	-0.316532123869853	0.316532123869853	hypo	case		0.317736131606182	0.52	0.52	0.5	0.54199328225688	5
chr21	20726003	20727756	1754	22	22.2977272727273	0.11314859613869	0.11314859613869	0.161695046668489	0.161695046668489	hyper	case		0.779257643842452	0.52	0.779257643842452	2.8	0.699178745142492	5
chr21	10101914	10102519	606	12	42.7416666666667	0.201278640190089	0.201278640190089	0.183237898875678	0.183237898875678	hyper	case		0.240659866362805	0.52	0.52	0.5	0.54199328225688	5
chr21	23718563	23719461	899	16	20.959375	0.243228930282691	0.243228930282691	0.223295584214094	0.223295584214094	hyper	case		0.351973774896461	0.52	0.52	0.5	0.54199328225688	5
chr20	16382648	16384286	1639	26	21.6269230769231	-0.23385422180218	0.23385422180218	-0.248040700268698	0.248040700268698	hypo	case		0.267174394574576	0.52	0.52	0.5	0.54199328225688	5
chr21	38689101	38689935	835	12	22.8833333333333	-0.147939850849133	0.147939850849133	-0.143215896041782	0.143215896041782	hypo	case		0.99	0.52	0.99	2.8	0.699178745142492	5
chr21	18348804	18350514	1711	20	21.7975	0.255939594149709	0.255939594149709	0.294096612200666	0.294096612200666	hyper	case		0.471492278129203	0.52	0.52	0.5	0.54199328225688	5
chr20	34227215	34227663	449	16	25.925	-0.323711714701621	0.323711714701621	-0.336833008085204	0.336833008085204	hypo	case		0.260372115237048	0.52	0.52	0.5	0.54199328225688	5
chr21	13698985	13700628	1644	10	11.005	0.188022075354699	0.188022075354699	0.234930707693762	0.234930707693762	hyper	case		0.307677489827889	0.52	0.52	0.5	0.54199328225688	5
chr21	24321275	24321923	649	8	23.775	-0.163049105187071	0.163049105187071	-0.127810751459781	0.127810751459781	hypo	case		0.270477483591367	0.52	0.52	0.5	0.54199328225688	5
chr20	39923184	39923593	410	6	21.0916666666667	-0.0984703595362172	0.0984703595362172	-0.0891132871657142	0.0891132871657142	hypo	case		0.535959792013151	0.52	0.535959792013151	0.5	0.54199328225688	5
chr20	40086572	40087318	747	14	23.7571428571429	-0.27207620849336	0.27207620849336	-0.328283126223059	0.328283126223059	hypo	case		0.110546594455731	0.52	0.52	0.5	0.54199328225688	5
chr20	16455644	16456817	1174	20	24.315	-0.274663348063617	0.274663348063617	-0.299159453591886	0.299159453591886	hypo	case		0.122701048400949	0.52	0.52	0.5	0.54199328225688	5
chr20	60702791	60704579	1789	38	24.0802631578947	-0.286585082937019	0.286585082937019	-0.318414764685402	0.318414764685402	hypo	case		0.284434826929298	0.52	0.52	0.5	0.54199328225688	5
chr20	8115857	8116627	771	14	23.5571428571429	-0.264841694186441	0.264841694186441	-0.299524765380811	0.299524765380811	hypo	case		0.112699955647942	0.52	0.52	0.5	0.54199328225688	5
chr21	37934882	37936817	1936	30	25.0716666666667	-0.306497246811323	0.306497246811323	-0.316682333348175	0.316682333348175	hypo	case		0.0560115058103482	0.52	0.52	0.5	0.54199328225688	5
chr21	21611585	21612807	1223	18	19.7638888888889	0.202957998809205	0.202957998809205	0.247312587771722	0.247312587771722	hyper	case		0.0501277418171992	0.52	0.52	0.5	0.54199328225688	5
chr20	14452602	14453674	1073	18	20.5611111111111	-0.182942139682467	0.182942139682467	-0.17137104409281	0.17137104409281	hypo	case		0.548300462822199	0.52	0.548300462822199	0.5	0.54199328225688	5
chr20	55560117	55561859	1743	28	22.1517857142857	-0.274424874136832	0.274424874136832	-0.271104289943723	0.271104289943723	hypo	case		0.291855560424993	0.52	0.52	0.5	0.54199328225688	5
chr21	23483585	23484747	1163	18	20.9361111111111	-0.155802051503423	0.155802051503423	-0.1697611339369	0.1697611339369	hypo	case		0.119232061975371	0.52	0.52	0.5	0.54199328225688	5
chr21	9248671	9249644	974	26	41.45	0.248290668036878	0.248290668036878	0.29081995167938	0.29081995167938	hyper	case		0.350856533211442	0.52	0.52	0.5	0.54199328225688	5
chr20	55628278	55628377	100	12	21.9166666666667	-0.16590446207308	0.16590446207308	-0.224239635367625	0.224239635367625	hypo	case		0.114924859375131	0.52	0.52	0.5	0.54199328225688	5
chr21	22754397	22755167	771	8	21.4	-0.143859679710037	0.143859679710037	-0.153493782436849	0.153493782436849	hypo	case		0.0673797965052339	0.52	0.52	0.5	0.54199328225688	5
chr20	16156240	16157046	807	24	22.7916666666667	-0.206367622957366	0.206367622957366	-0.230024649223861	0.230024649223861	hypo	case		0.378951454891881	0.52	0.52	0.5	0.54199328225688	5
chr20	19266277	19267101	825	12	24.7791666666667	-0.206505323182289	0.206505323182289	-0.201021161679886	0.201021161679886	hypo	case		0.23020264371107	0.52	0.52	0.5	0.54199328225688	5
chr21	17072669	17073316	648	20	24.285	-0.256756529439116	0.256756529439116	-0.241961040035418	0.241961040035418	hypo	case		0.397948781736364	0.52	0.52	0.5	0.54199328225688	5
chr20	8546980	8547556	577	12	20.2541666666667	0.240414086187605	0.240414086187605	0.307074638103953	0.307074638103953	hyper	case		0.354175568415075	0.52	0.52	0.5	0.54199328225688	5
chr21	32854678	32855253	576	8	24.25	-0.149432675346586	0.149432675346586	-0.163271821808134	0.163271821808134	hypo	case		0.31114207802272	0.52	0.52	0.5	0.54199328225688	5
chr21	40460777	40462503	1727	28	24.3303571428571	0.21554781394121	0.21554781394121	0.239451495112585	0.239451495112585	hyper	case		0.44738295187838	0.52	0.52	0.5	0.54199328225688	5
chr20	11494343	11495160	818	8	19.31875	-0.222881772697439	0.222881772697439	-0.218481010897486	0.218481010897486	hypo	case		0.185806879776182	0.52	0.52	0.5	0.54199328225688	5
chr21	28214811	28216197	1387	26	22.8307692307692	0.184016808539993	0.184016808539993	0.224542539537812	0.224542539537812	hyper	case		0.458147193937016	0.52	0.52	0.5	0.54199328225688	5
chr20	30215928	30216985	1058	10	39.455	-0.196056229707648	0.196056229707648	-0.197665215392399	0.197665215392399	hypo	case		0.339667061019719	0.52	0.52	0.5	0.54199328225688	5
chr21	20965017	20966253	1237	16	23.096875	0.165195709332522	0.165195709332522	0.211089301338156	0.211089301338156	hyper	case		0.18023307238447	0.52	0.52	0.5	0.54199328225688	5
chr21	13633255	13633705	451	7	11.6785714285714	-0.127379409698489	0.127379409698489	-0.159891589406982	0.159891589406982	hypo	case		0.322141035688792	0.52	0.52	0.5	0.54199328225688	5
chr20	8298084	8298347	264	6	20.1666666666667	-0.159270729802897	0.159270729802897	-0.114210570582135	0.114210570582135	hypo	case		0.155180973153587	0.52	0.52	0.5	0.54199328225688	5
chr21	17034185	17034721	537	20	21.2625	-0.287294764732458	0.287294764732458	-0.301720464873725	0.301720464873725	hypo	case		0.218925777501203	0.52	0.52	0.5	0.54199328225688	5
chr20	41297505	41298206	702	12	23.9083333333333	-0.235016481288612	0.235016481288612	-0.221035365211175	0.221035365211175	hypo	case		0.779369730926567	0.52	0.779369730926567	2.8	0.699178745142492	5
chr21	21489029	21489846	818	16	22.290625	-0.288938671240865	0.288938671240865	-0.278145957112457	0.278145957112457	hypo	case		0.231671324310971	0.52	0.52	0.5	0.54199328225688	5
chr20	38048040	38050000	1961	54	22.8462962962963	0.195363433214332	0.195363433214332	0.212219180824796	0.212219180824796	hyper	case		0.232532421551032	0.52	0.52	0.5	0.54199328225688	5
chr20	8744500	8744710	211	6	22.5833333333333	-0.109422433004029	0.109422433004029	-0.114604018977513	0.114604018977513	hypo	case		0.0644192414888638	0.52	0.52	0.5	0.54199328225688	5
chr21	19006650	19007075	426	10	19.13	0.106030684434743	0.106030684434743	0.157017952325105	0.229722288722827	hyper	case		0.99	0.52	0.99	2.8	0.699178745142492	5
chr21	24617282	24617553	272	8	22.40625	-0.12244575368944	0.12244575368944	-0.106530895452061	0.106530895452061	hypo	case		0.42692441823173	0.52	0.52	0.5	0.54199328225688	5
chr20	10259589	10260611	1023	12	21.3208333333333	-0.216422410166778	0.216422410166778	-0.301981469628066	0.301981469628066	hypo	case		0.0416711996019955	0.52	0.52	0.5	0.54199328225688	5
chr21	19481239	19481597	359	12	21.5666666666667	-0.28252483392148	0.28252483392148	-0.314753301307477	0.314753301307477	hypo	case		0.367834182201366	0.52	0.52	0.5	0.54199328225688	5
chr20	14741095	14741375	281	6	19.3833333333333	-0.087863136294653	0.087863136294653	-0.108211305338052	0.108211305338052	hypo	case		0.238479535000971	0.52	0.52	0.5	0.54199328225688	5
chr20	31357024	31357843	820	10	24.26	0.169215446273508	0.169215446273508	0.159656596474396	0.159656596474396	hyper	case		0.99	0.52	0.99	2.8	0.699178745142492	5
chr20	29385941	29386489	549	12	19.4541666666667	-0.190915545958777	0.190915545958777	-0.259735718774336	0.259735718774336	hypo	case		0.026974349450755	0.52	0.52	0.5	0.54199328225688	5
chr20	1514378	1515200	823	8	21.5625	0.154060582883298	0.154060582883298	0.172128794778814	0.172128794778814	hyper	case		0.181941732016957	0.52	0.52	0.5	0.54199328225688	5
chr20	18635116	18635405	290	12	25.3583333333333	0.25714271135307	0.25714271135307	0.255316765998281	0.255316765998281	hyper	case		0.240839121351374	0.52	0.52	0.5	0.54199328225688	5
chr21	31101632	31102124	493	8	22.91875	-0.161738332117146	0.161738332117146	-0.187874540445895	0.187874540445895	hypo	case		0.151720428115404	0.52	0.52	0.5	0.54199328225688	5
chr20	18797902	18799459	1558	20	22.705	-0.311754216180426	0.311754216180426	-0.32209921369994	0.32209921369994	hypo	case		0.166374503150307	0.52	0.52	0.5	0.54199328225688	5
chr21	27213964	27215757	1794	21	20.3	0.177539763297202	0.177539763297202	0.253863592559394	0.253863592559394	hyper	case		0.122248357058004	0.52	0.52	0.5	0.54199328225688	5
chr21	29854743	29855240	498	8	18.9125	-0.163964647806255	0.163964647806255	-0.132509911637947	0.132509911637947	hypo	case		0.24086415172211	0.52	0.52	0.5	0.54199328225688	5
chr20	79538	80958	1421	25	24.014	-0.205973896605781	0.205973896605781	-0.209890844920658	0.209890844920658	hypo	case		0.700013740441913	0.52	0.700013740441913	2.8	0.699178745142492	5
chr21	25204227	25205593	1367	12	18.9	0.185587837587299	0.185587837587299	0.244745675652183	0.244745675652183	hyper	case		0.613193306908304	0.52	0.613193306908304	2	0.606725593235955	5
chr20	18927675	18928492	818	8	20.68125	-0.188504726184436	0.188504726184436	-0.252862099852912	0.252862099852912	hypo	case		0.236151133882996	0.52	0.52	0.5	0.54199328225688	5
chr20	42383837	42384531	695	22	21.8840909090909	-0.255389442334822	0.255389442334822	-0.259261638881813	0.259261638881813	hypo	case		0.267888136575089	0.52	0.52	0.5	0.54199328225688	5
chr20	13186301	13186359	59	5	20.76	-0.167828851374057	0.167828851374057	-0.121573627392234	0.121573627392234	hypo	case		0.217077317726672	0.52	0.52	0.5	0.54199328225688	5
chr20	43311088	43311471	384	10	24.33	-0.192363381664483	0.192363381664483	-0.189435306587988	0.189435306587988	hypo	case		0.593916154410657	0.52	0.593916154410657	0.8	0.598084698803687	5
chr20	58058131	58059811	1681	37	21.3945945945946	-0.273570053292681	0.273570053292681	-0.281766444417596	0.281766444417596	hypo	case		0.249444116558628	0.52	0.52	0.5	0.54199328225688	5
chr21	35449321	35451003	1683	40	24.5675	-0.305678773039758	0.305678773039758	-0.294875778440243	0.294875778440243	hypo	case		0.972942349893096	0.52	0.972942349893096	2.8	0.699178745142492	5
chr21	23031391	23032031	641	14	20.0107142857143	-0.255343561809346	0.255343561809346	-0.235083219965134	0.235083219965134	hypo	case		0.294164283624119	0.52	0.52	0.5	0.54199328225688	5
chr20	31346619	31347407	789	22	21.8318181818182	-0.226716737049369	0.226716737049369	-0.246983816944933	0.246983816944933	hypo	case		0.102810939767369	0.52	0.52	0.5	0.54199328225688	5
chr20	30685196	30685572	377	10	23.605	-0.167569988195641	0.167569988195641	-0.178868855547604	0.178868855547604	hypo	case		0.287613372699028	0.52	0.52	0.5	0.54199328225688	5
chr21	15573291	15573847	557	8	20.31875	-0.216934388428986	0.216934388428986	-0.224860873976031	0.224860873976031	hypo	case		0.0942607523807208	0.52	0.52	0.5	0.54199328225688	5
chr20	39995983	39996150	168	8	22.6625	-0.0708556660269398	0.0708556660269398	-0.0867169585098349	0.118607157501917	hypo	case		0.74184257186794	0.52	0.74184257186794	2.8	0.699178745142492	5
chr20	54132945	54134250	1306	24	23.3729166666667	0.219310633441149	0.219310633441149	0.264181416738035	0.264181416738035	hyper	case		0.482731167716101	0.52	0.52	0.5	0.54199328225688	5
chr20	23970993	23971123	131	8	21.40625	0.260192915203617	0.260192915203617	0.248571382759783	0.248571382759783	hyper	case		0.159196276573665	0.52	0.52	0.5	0.54199328225688	5
chr20	9242136	9242285	150	6	22.9333333333333	0.144775983650464	0.144775983650464	0.127156247519584	0.127156247519584	hyper	case		0.32321374292234	0.52	0.52	0.5	0.54199328225688	5
chr21	21335338	21336655	1318	12	21.4458333333333	-0.157783404969516	0.157783404969516	-0.141701666384211	0.141701666384211	hypo	case		0.519083286923426	0.52	0.52	0.5	0.54199328225688	5
chr21	25701538	25703464	1927	46	24.404347826087	-0.235898637394025	0.235898637394025	-0.263962556860357	0.263962556860357	hypo	case		0.277206959239303	0.52	0.52	0.5	0.54199328225688	5
chr21	13337428	13337567	140	6	21.2	-0.0766558162386432	0.0766558162386432	-0.143663663915705	0.143663663915705	hypo	case		0.0583226173335907	0.52	0.52	0.5	0.54199328225688	5
chr20	55977260	55978699	1440	23	22.5717391304348	0.276141571119512	0.276141571119512	0.286508774942857	0.286508774942857	hyper	case		0.524315635187284	0.52	0.524315635187284	0.5	0.54199328225688	5
chr21	29920375	29922097	1723	24	21.7875	-0.269392843232925	0.269392843232925	-0.306323680853324	0.306323680853324	hypo	case		0.869038125407356	0.52	0.869038125407356	2.8	0.699178745142492	5
chr21	30792313	30792535	223	6	21.0166666666667	-0.173538245122699	0.173538245122699	-0.134016920638533	0.134016920638533	hypo	case		0.486465153558959	0.52	0.52	0.5	0.54199328225688	5
chr20	24714535	24715615	1081	22	21.5227272727273	-0.299047601078143	0.299047601078143	-0.331427873288491	0.331427873288491	hypo	case		0.693113425209533	0.52	0.693113425209533	1.1	0.6923721055347	5
chr20	6234379	6235170	792	12	25.1291666666667	-0.276922686035186	0.276922686035186	-0.286491008952205	0.286491008952205	hypo	case		0.0707736374110156	0.52	0.52	0.5	0.54199328225688	5
chr21	31212468	31214269	1802	46	22.5152173913044	-0.274000669884046	0.274000669884046	-0.288062391484047	0.288062391484047	hypo	case		0.183392262295138	0.52	0.52	0.5	0.54199328225688	5
chr21	17790622	17792259	1638	20	22.17	0.250951868374997	0.250951868374997	0.276297488905634	0.276297488905634	hyper	case		0.129430143706638	0.52	0.52	0.5	0.54199328225688	5
chr21	27562381	27563716	1336	24	19.80625	-0.265995163385697	0.265995163385697	-0.244038408081856	0.244038408081856	hypo	case		0.437372876852864	0.52	0.52	0.5	0.54199328225688	5
chr21	7582858	7583818	961	14	25.2214285714286	-0.259382764251374	0.259382764251374	-0.250239799079655	0.250239799079655	hypo	case		0.403929577752533	0.52	0.52	0.5	0.54199328225688	5
chr20	29218118	29219609	1492	30	19.68	-0.161733800822175	0.161733800822175	-0.163827309381087	0.163827309381087	hypo	case		0.696227428125965	0.52	0.696227428125965	1.4	0.694391410451815	5
chr20	17256698	17257671	974	10	20.09	-0.203571034773197	0.203571034773197	-0.279440722826029	0.279440722826029	hypo	case		0.438700437167222	0.52	0.52	0.5	0.54199328225688	5
chr21	9161561	9162449	889	18	16.7444444444444	-0.239815274195646	0.239815274195646	-0.2623044957442	0.2623044957442	hypo	case		0.401815690375491	0.52	0.52	0.5	0.54199328225688	5
chr21	32874059	32875439	1381	40	23.32875	-0.267796154734816	0.267796154734816	-0.280976115098085	0.280976115098085	hypo	case		0.4266772538698	0.52	0.52	0.5	0.54199328225688	5
chr21	10353211	10354612	1402	30	102.046666666667	0.218649201781569	0.218649201781569	0.238858814979914	0.238858814979914	hyper	case		0.435259158755853	0.52	0.52	0.5	0.54199328225688	5
chr20	8059918	8060467	550	10	20.535	-0.198252653225202	0.198252653225202	-0.227372115755412	0.227372115755412	hypo	case		0.42387771396758	0.52	0.52	0.5	0.54199328225688	5
chr20	21885219	21885588	370	6	21.2333333333333	-0.0682920396173353	0.0682920396173353	-0.0979991157364705	0.0979991157364705	hypo	case		0.542392972309724	0.52	0.542392972309724	0.5	0.54199328225688	5
chr21	25217736	25219074	1339	18	21.0361111111111	-0.281919999101376	0.281919999101376	-0.267765009106953	0.267765009106953	hypo	case		0.238794675534672	0.52	0.52	0.5	0.54199328225688	5
chr20	7351881	7352988	1108	30	20.935	-0.222979042430847	0.222979042430847	-0.275556972135622	0.275556972135622	hypo	case		0.395138795725326	0.52	0.52	0.5	0.54199328225688	5
chr20	9123911	9124474	564	10	21.625	-0.183821131772967	0.183821131772967	-0.124247748680385	0.124247748680385	hypo	case		0.511710694508612	0.52	0.52	0.5	0.54199328225688	5
chr21	21229297	21230990	1694	24	20.1104166666667	-0.216849864443972	0.216849864443972	-0.252177547970523	0.252177547970523	hypo	case		0.48608291614149	0.52	0.52	0.5	0.54199328225688	5
chr21	8567882	8568248	367	12	25.1208333333333	-0.116077424696534	0.116077424696534	-0.140843250021574	0.140843250021574	hypo	case		0.12714967250675	0.52	0.52	0.5	0.54199328225688	5
chr20	1681790	1682356	567	8	20.65625	-0.229257385021662	0.229257385021662	-0.173851323060787	0.173851323060787	hypo	case		0.205487313824882	0.52	0.52	0.5	0.54199328225688	5
chr21	34801065	34802168	1104	20	20.8675	0.255543230980544	0.255543230980544	0.280523670858352	0.280523670858352	hyper	case		0.238073677476462	0.52	0.52	0.5	0.54199328225688	5
chr21	17243994	17244716	723	18	11.9583333333333	-0.26108828875373	0.26108828875373	-0.303032156154112	0.303032156154112	hypo	case		0.137743419241481	0.52	0.52	0.5	0.54199328225688	5
chr21	21130439	21132103	1665	19	20.3131578947368	-0.247905457741657	0.247905457741657	-0.292425537534085	0.292425537534085	hypo	case		0.449031787989008	0.52	0.52	0.5	0.54199328225688	5
chr20	38073286	38075213	1928	29	19.6120689655172	0.246347353195223	0.246347353195223	0.280813733679605	0.280813733679605	hyper	case		0.49700328715997	0.52	0.52	0.5	0.54199328225688	5
chr20	42860532	42862040	1509	12	20.7208333333333	-0.225547565372098	0.225547565372098	-0.250106226548444	0.250106226548444	hypo	case		0.338665216027064	0.52	0.52	0.5	0.54199328225688	5
chr20	16957453	16958818	1366	20	23.8775	-0.290680077782103	0.290680077782103	-0.319662238041233	0.319662238041233	hypo	case		0.200435303312702	0.52	0.52	0.5	0.54199328225688	5
chr21	23907606	23908824	1219	28	21.575	-0.267129445545525	0.267129445545525	-0.279767396505293	0.279767396505293	hypo	case		0.68711976276957	0.52	0.68711976276957	1.1	0.6923721055347	5
chr21	16939174	16939519	346	6	21.3083333333333	-0.248375881796141	0.248375881796141	-0.156690894865489	0.156690894865489	hypo	case		0.309064562010113	0.52	0.52	0.5	0.54199328225688	5
chr21	22694561	22695536	976	8	20.9125	-0.132554996112562	0.132554996112562	-0.136740530076071	0.136740530076071	hypo	case		0.219709827158103	0.52	0.52	0.5	0.54199328225688	5
chr20	30463301	30464729	1429	16	22.859375	0.18549564671147	0.18549564671147	0.125005820350015	0.15180170169653	hyper	case		0.71910244572324	0.52	0.71910244572324	2.8	0.699178745142492	5
chr20	45676402	45677370	969	10	22.04	-0.188828068083004	0.188828068083004	-0.146185464045878	0.146185464045878	hypo	case		0.0764960033754958	0.52	0.52	0.5	0.54199328225688	5
chr20	29811866	29811971	106	6	19.975	-0.151112666950153	0.151112666950153	-0.12816386403345	0.12816386403345	hypo	case		0.257584539494628	0.52	0.52	0.5	0.54199328225688	5
chr21	26347025	26348023	999	10	23.52	-0.254430515952755	0.254430515952755	-0.245090102817861	0.245090102817861	hypo	case		0.499970885257833	0.52	0.52	0.5	0.54199328225688	5
chr20	39539080	39539467	388	6	21.0083333333333	-0.119240782483918	0.119240782483918	-0.0788998803371847	0.0788998803371847	hypo	case		0.399742408851623	0.52	0.52	0.5	0.54199328225688	5
chr20	11586625	11588209	1585	26	17.8057692307692	-0.269431293924784	0.269431293924784	-0.299366434055921	0.299366434055921	hypo	case		0.348178645356547	0.52	0.52	0.5	0.54199328225688	5
chr21	38246117	38246463	347	8	21.46875	-0.204453282148377	0.204453282148377	-0.213094001300182	0.213094001300182	hypo	case		0.0921230985697622	0.52	0.52	0.5	0.54199328225688	5
chr21	19895090	19895207	118	10	25.065	-0.204804121753492	0.204804121753492	-0.254916737505439	0.254916737505439	hypo	case		0.292061634955479	0.52	0.52	0.5	0.54199328225688	5
chr21	23095272	23096856	1585	28	21.0535714285714	-0.252750963269784	0.252750963269784	-0.253961615304275	0.253961615304275	hypo	case		0.437129823694404	0.52	0.52	0.5	0.54199328225688	5
chr20	16026812	16027508	697	12	21.4333333333333	0.204102563981315	0.204102563981315	0.233605821292493	0.233605821292493	hyper	case		0.139254638622726	0.52	0.52	0.5	0.54199328225688	5
chr20	29405770	29406758	989	12	34.8666666666667	-0.234144328269616	0.234144328269616	-0.200264098122954	0.200264098122954	hypo	case		0.619451085807632	0.52	0.619451085807632	1.8	0.625305162337618	5
chr20	45165032	45165853	822	10	20.845	0.152982711608189	0.152982711608189	0.171491909774899	0.171491909774899	hyper	case		0.290149558608303	0.52	0.52	0.5	0.54199328225688	5
chr20	11330589	11332303	1715	18	21.6111111111111	-0.2388209807246	0.2388209807246	-0.303954120380808	0.303954120380808	hypo	case		0.117299243201823	0.52	0.52	0.5	0.54199328225688	5
chr20	18796226	18796708	483	8	20.275	-0.13918510496926	0.13918510496926	-0.135956974007531	0.135956974007531	hypo	case		0.561845941340165	0.52	0.561845941340165	0.5	0.54199328225688	5
chr20	59287236	59288420	1185	18	20.5944444444444	-0.214141964285322	0.214141964285322	-0.251335411990206	0.251335411990206	hypo	case		0.312748128734731	0.52	0.52	0.5	0.54199328225688	5
chr20	8576896	8577925	1030	42	22.7226190476191	-0.305733821943507	0.305733821943507	-0.316611129795139	0.316611129795139	hypo	case		0.138761112264834	0.52	0.52	0.5	0.54199328225688	5
chr20	12833815	12835027	1213	14	21.7392857142857	0.198974445716396	0.198974445716396	0.193716506674767	0.205137348694315	hyper	case		0.774479680019227	0.52	0.774479680019227	2.8	0.699178745142492	5
chr20	18595369	18596834	1466	40	20.7975	-0.29191920722096	0.29191920722096	-0.326556201005365	0.326556201005365	hypo	case		0.296586386874868	0.52	0.52	0.5	0.54199328225688	5
chr20	40728739	40729221	483	6	22.425	0.171095256275404	0.171095256275404	0.160929811549974	0.160929811549974	hyper	case		0.461674151280964	0.52	0.52	0.5	0.54199328225688	5
chr20	8540972	8541379	408	8	21.4125	0.150301247559328	0.150301247559328	0.195367068334183	0.195367068334183	hyper	case		0.456966137006783	0.52	0.52	0.5	0.54199328225688	5
chr20	19191038	19192300	1263	12	23.5	-0.246699348744445	0.246699348744445	-0.287192640160464	0.287192640160464	hypo	case		0.376130154925438	0.52	0.52	0.5	0.54199328225688	5
chr20	15120052	15121639	1588	36	22.1972222222222	-0.289350013636136	0.289350013636136	-0.288076086833705	0.288076086833705	hypo	case		0.185361708663816	0.52	0.52	0.5	0.54199328225688	5
chr20	5915311	5917244	1934	56	23.1107142857143	-0.288427155299422	0.288427155299422	-0.317386264939192	0.317386264939192	hypo	case		0.362861185812235	0.52	0.52	0.5	0.54199328225688	5
chr21	18179148	18180787	1640	26	21.8903846153846	-0.213255924096491	0.213255924096491	-0.30020911006204	0.30020911006204	hypo	case		0.519516001142537	0.52	0.52	0.5	0.54199328225688	5
chr21	37183938	37185410	1473	34	22.9573529411765	-0.223373574581157	0.223373574581157	-0.250790961147635	0.250790961147635	hypo	case		0.165018268501749	0.52	0.52	0.5	0.54199328225688	5
chr20	29384911	29385157	247	6	21.5916666666667	0.187374919296502	0.187374919296502	0.165689843893339	0.165689843893339	hyper	case		0.313317770692517	0.52	0.52	0.5	0.54199328225688	5
chr20	52259256	52259547	292	6	18.7083333333333	0.085958472299812	0.085958472299812	0.126203894887135	0.126203894887135	hyper	case		0.198183389320559	0.52	0.52	0.5	0.54199328225688	5
chr20	20463976	20464296	321	18	19.1944444444444	0.215741167609726	0.215741167609726	0.272665934870022	0.272665934870022	hyper	case		0.0908930746396781	0.52	0.52	0.5	0.54199328225688	5
chr21	19193597	19193907	311	6	19.625	-0.130507121343416	0.130507121343416	-0.129721728642214	0.129721728642214	hypo	case		0.32270369594398	0.52	0.52	0.5	0.54199328225688	5
chr20	12477342	12478821	1480	28	20.3464285714286	-0.196261023586307	0.196261023586307	-0.22164556153273	0.22164556153273	hypo	case		0.281816011064531	0.52	0.52	0.5	0.54199328225688	5
chr20	40317220	40318172	953	12	23.6916666666667	-0.286619685288189	0.286619685288189	-0.264953059743581	0.264953059743581	hypo	case		0.179317129510492	0.52	0.52	0.5	0.54199328225688	5
chr20	60463367	60464072	706	8	21.675	0.117964419943628	0.117964419943628	0.115201526630081	0.115201526630081	hyper	case		0.326310381523913	0.52	0.52	0.5	0.54199328225688	5
chr21	26784331	26785216	886	15	23.7666666666667	-0.247069247716769	0.247069247716769	-0.263162884619067	0.263162884619067	hypo	case		0.238737647172356	0.52	0.52	0.5	0.54199328225688	5
chr21	10072080	10072637	558	10	33.26	0.101058627903774	0.101058627903774	0.143413732795647	0.143413732795647	hyper	case		0.28252897374162	0.52	0.52	0.5	0.54199328225688	5
chr21	35179062	35179784	723	12	21.575	-0.24610732213126	0.24610732213126	-0.240897948003708	0.240897948003708	hypo	case		0.130011490932218	0.52	0.52	0.5	0.54199328225688	5
chr21	22585579	22586572	994	24	20.2666666666667	-0.250688565476958	0.250688565476958	-0.272680489454262	0.272680489454262	hypo	case		0.434361866919527	0.52	0.52	0.5	0.54199328225688	5
chr21	25368644	25369035	392	16	23.640625	-0.266829149863693	0.266829149863693	-0.325825213801359	0.325825213801359	hypo	case		0.530254454179922	0.52	0.530254454179922	0.5	0.54199328225688	5
chr20	21217935	21218295	361	6	19.9166666666667	-0.202581915782801	0.202581915782801	-0.130778213043353	0.130778213043353	hypo	case		0.0935328844780163	0.52	0.52	0.5	0.54199328225688	5
chr20	55155822	55156268	447	6	20.0583333333333	-0.12689097730295	0.12689097730295	-0.131796649055039	0.131796649055039	hypo	case		0.427571099154584	0.52	0.52	0.5	0.54199328225688	5
chr20	6259620	6260457	838	14	21.5642857142857	-0.241555195604252	0.241555195604252	-0.283666933817023	0.283666933817023	hypo	case		0.15860288599922	0.52	0.52	0.5	0.54199328225688	5
chr20	31298354	31299130	777	8	24.21875	-0.19488243518603	0.19488243518603	-0.164836864760539	0.164836864760539	hypo	case		0.283567778161373	0.52	0.52	0.5	0.54199328225688	5
chr20	25110721	25112155	1435	16	20.978125	-0.262017511485093	0.262017511485093	-0.235833261692034	0.235833261692034	hypo	case		0.230574114710883	0.52	0.52	0.5	0.54199328225688	5
chr20	6017143	6017287	145	6	21.975	0.121350787227135	0.121350787227135	0.144427043687922	0.144427043687922	hyper	case		0.347095162323132	0.52	0.52	0.5	0.54199328225688	5
chr21	26641132	26642172	1041	8	20.16875	-0.243061998048539	0.243061998048539	-0.258936606806418	0.258936606806418	hypo	case		0.398944768478195	0.52	0.52	0.5	0.54199328225688	5
chr21	35833302	35834933	1632	24	20.55625	-0.169971308691981	0.169971308691981	-0.218407037291819	0.218407037291819	hypo	case		0.209992326565068	0.52	0.52	0.5	0.54199328225688	5
chr21	24577156	24578542	1387	24	23.0625	-0.314762654500361	0.314762654500361	-0.330009650405732	0.330009650405732	hypo	case		0.552485925134948	0.52	0.552485925134948	0.5	0.54199328225688	5
chr21	14591944	14592793	850	12	20.0833333333333	-0.193889363085442	0.193889363085442	-0.117911859579893	0.117911859579893	hypo	case		0.354092414602878	0.52	0.52	0.5	0.54199328225688	5
chr20	8264281	8265375	1095	14	20.9107142857143	-0.295098504330282	0.295098504330282	-0.293264829624333	0.293264829624333	hypo	case		0.862046015246685	0.52	0.862046015246685	2.8	0.699178745142492	5
chr21	10441825	10442889	1065	26	122.217307692308	-0.261172016058946	0.261172016058946	-0.249629101996088	0.249629101996088	hypo	case		0.330594872462951	0.52	0.52	0.5	0.54199328225688	5
chr20	29420002	29421123	1122	14	32.6678571428571	-0.0596796186823918	0.0596796186823918	-0.0755149290695936	0.0755149290695936	hypo	case		0.99	0.52	0.99	2.8	0.699178745142492	5
chr20	14537620	14538961	1342	34	23.1279411764706	-0.232551155326025	0.232551155326025	-0.233195676483895	0.233195676483895	hypo	case		0.250857453109123	0.52	0.52	0.5	0.54199328225688	5
chr20	31253134	31253941	808	16	21	-0.193404872411805	0.193404872411805	-0.196617461418596	0.196617461418596	hypo	case		0.300241040453201	0.52	0.52	0.5	0.54199328225688	5
chr21	28692945	28693603	659	10	21.45	-0.114862444192971	0.114862444192971	-0.137965326611278	0.137965326611278	hypo	case		0.272398876049556	0.52	0.52	0.5	0.54199328225688	5
chr20	42912600	42913230	631	10	20.985	0.281777112277569	0.281777112277569	0.273016974025556	0.273016974025556	hyper	case		0.214132334264173	0.52	0.52	0.5	0.54199328225688	5
chr21	17148124	17149380	1257	12	22.1958333333333	0.192326131685459	0.192326131685459	0.195438263762704	0.195438263762704	hyper	case		0.213177097515002	0.52	0.52	0.5	0.54199328225688	5
chr20	42158617	42159005	389	8	21.90625	0.1372109390008	0.1372109390008	0.176523289809833	0.176523289809833	hyper	case		0.165255534959329	0.52	0.52	0.5	0.54199328225688	5
chr20	930221	931108	888	10	22.2	0.108199672393857	0.108199672393857	0.158394916664818	0.158394916664818	hyper	case		0.769327613540066	0.52	0.769327613540066	2.8	0.699178745142492	5
chr20	9202109	9202964	856	8	20.56875	-0.208505549175188	0.208505549175188	-0.212338530116483	0.212338530116483	hypo	case		0.131475505997374	0.52	0.52	0.5	0.54199328225688	5
chr21	23749859	23751252	1394	32	23.1203125	-0.295962122447524	0.295962122447524	-0.315871817966878	0.315871817966878	hypo	case		0.164107954211067	0.52	0.52	0.5	0.54199328225688	5
chr21	21644366	21645858	1493	30	20.7083333333333	-0.3254955357515	0.3254955357515	-0.289828506726429	0.289828506726429	hypo	case		0.575816417686132	0.52	0.575816417686132	0.6	0.585232407482571	5
chr21	22699405	22700864	1460	16	20.2375	-0.195436846543157	0.195436846543157	-0.170005717947395	0.170005717947395	hypo	case		0.438844491610496	0.52	0.52	0.5	0.54199328225688	5
chr20	49704437	49704933	497	50	23.1	-0.267856331350453	0.267856331350453	-0.284294501889045	0.284294501889045	hypo	case		0.277452538771575	0.52	0.52	0.5	0.54199328225688	5
chr20	42638321	42638690	370	10	18.555	-0.210265790814078	0.210265790814078	-0.186359506531674	0.186359506531674	hypo	case		0.129200016152642	0.52	0.52	0.5	0.54199328225688	5
chr20	54866008	54867815	1808	32	19.4953125	0.209405022829357	0.209405022829357	0.23248337744342	0.23248337744342	hyper	case		0.410579183006489	0.52	0.52	0.5	0.54199328225688	5
chr21	5524408	5525317	910	5	10.7	-0.232345489477842	0.232345489477842	-0.175570277418317	0.175570277418317	hypo	case		0.398858155465381	0.52	0.52	0.5	0.54199328225688	5
chr20	10426321	10427980	1660	40	22.7025	-0.230471588184093	0.230471588184093	-0.253875858699915	0.253875858699915	hypo	case		0.600393969381457	0.52	0.600393969381457	0.9	0.600455710553614	5
chr21	9748683	9749146	464	10	60.16	-0.0952565458339196	0.0952565458339196	-0.106099622927532	0.106099622927532	hypo	case		0.569311000901059	0.52	0.569311000901059	0.6	0.585232407482571	5
chr20	30696236	30696658	423	6	24.8666666666667	-0.0661486490048944	0.0661486490048944	-0.0634989928961759	0.0634989928961759	hypo	case		0.479319543198889	0.52	0.52	0.5	0.54199328225688	5
chr20	20153261	20154418	1158	12	21.8958333333333	-0.214727342868624	0.214727342868624	-0.213495119151521	0.213495119151521	hypo	case		0.270758922102045	0.52	0.52	0.5	0.54199328225688	5
chr20	24599581	24601519	1939	38	21.1986842105263	-0.266537672286578	0.266537672286578	-0.295532880426214	0.295532880426214	hypo	case		0.286565761467096	0.52	0.52	0.5	0.54199328225688	5
chr21	13831236	13831820	585	10	22.645	0.262511177187479	0.262511177187479	0.316385104173487	0.316385104173487	hyper	case		0.35333908673609	0.52	0.52	0.5	0.54199328225688	5
chr20	8853360	8855016	1657	50	21.511	0.224575510104915	0.224575510104915	0.26029280501422	0.26029280501422	hyper	case		0.551065130919795	0.52	0.551065130919795	0.5	0.54199328225688	5
chr20	29534408	29534895	488	10	23.885	0.24879079305482	0.24879079305482	0.343087114567312	0.343087114567312	hyper	case		0.391014198652365	0.52	0.52	0.5	0.54199328225688	5
chr21	21704977	21706906	1930	38	22.0486842105263	-0.184610322270919	0.184610322270919	-0.216779663211965	0.216779663211965	hypo	case		0.420109800634729	0.52	0.52	0.5	0.54199328225688	5
chr21	7470221	7471615	1395	20	10.8075	-0.230294796577691	0.230294796577691	-0.203883451839659	0.203883451839659	hypo	case		0.99	0.52	0.99	2.8	0.699178745142492	5
chr21	37899150	37900797	1648	36	19.2902777777778	-0.265275795913491	0.265275795913491	-0.293073113418165	0.293073113418165	hypo	case		0.288801335183905	0.52	0.52	0.5	0.54199328225688	5
chr21	19635354	19636883	1530	22	20.75	-0.294796387263333	0.294796387263333	-0.283947909502204	0.283947909502204	hypo	case		0.265742487295964	0.52	0.52	0.5	0.54199328225688	5
chr21	32785495	32786037	543	7	13.8214285714286	-0.274296792388898	0.274296792388898	-0.164640795281126	0.164640795281126	hypo	case		0.217575318458376	0.52	0.52	0.5	0.54199328225688	5
chr20	60193415	60193850	436	14	21.125	-0.254912301279113	0.254912301279113	-0.272953903391618	0.272953903391618	hypo	case		0.161731339212727	0.52	0.52	0.5	0.54199328225688	5
chr20	32004066	32004660	595	14	21.7107142857143	-0.22410968051731	0.22410968051731	-0.312115535247136	0.312115535247136	hypo	case		0.228186329923667	0.52	0.52	0.5	0.54199328225688	5
chr20	40695782	40696738	957	10	22.485	0.161243244790278	0.161243244790278	0.155798370834183	0.155798370834183	hyper	case		0.264575591053262	0.52	0.52	0.5	0.54199328225688	5
chr21	29662444	29663374	931	10	22.895	-0.353434423161205	0.353434423161205	-0.396439486213065	0.396439486213065	hypo	case		0.345558953468563	0.52	0.52	0.5	0.54199328225688	5
chr20	8242217	8243512	1296	22	22.5659090909091	0.233662135505565	0.233662135505565	0.256390727660095	0.256390727660095	hyper	case		0.22992963014149	0.52	0.52	0.5	0.54199328225688	5
chr20	21063407	21064136	730	16	19.009375	-0.197256233328661	0.197256233328661	-0.178030377609463	0.178030377609463	hypo	case		0.169468119892507	0.52	0.52	0.5	0.54199328225688	5
chr20	41927312	41928580	1269	18	24.0555555555556	0.264764812473783	0.264764812473783	0.312297936832409	0.312297936832409	hyper	case		0.266104829129182	0.52	0.52	0.5	0.54199328225688	5
chr21	34258850	34259042	193	6	21.2083333333333	-0.163798844562095	0.163798844562095	-0.145883927484471	0.145883927484471	hypo	case		0.256513398645516	0.52	0.52	0.5	0.54199328225688	5
chr21	38413702	38414092	391	8	19.35625	-0.232997606032798	0.232997606032798	-0.172715379079951	0.172715379079951	hypo	case		0.393034372625716	0.52	0.52	0.5	0.54199328225688	5
chr20	14210876	14211120	245	8	21.61875	-0.17806211081165	0.17806211081165	-0.142253352985849	0.142253352985849	hypo	case		0.108960301692452	0.52	0.52	0.5	0.54199328225688	5
chr21	21117752	21119327	1576	22	22.5204545454545	-0.296992237842853	0.296992237842853	-0.3424052050051	0.3424052050051	hypo	case		0.189413548316207	0.52	0.52	0.5	0.54199328225688	5
chr21	24254793	24256365	1573	20	20.455	-0.271522887408143	0.271522887408143	-0.283295241813833	0.283295241813833	hypo	case		0.590884131218708	0.52	0.590884131218708	0.6	0.585232407482571	5
chr21	34662251	34662801	551	8	22.93125	-0.112880742855761	0.112880742855761	-0.116966524351685	0.116966524351685	hypo	case		0.415685480507865	0.52	0.52	0.5	0.54199328225688	5
chr20	17336443	17337691	1249	28	22.0821428571429	-0.163685279659096	0.163685279659096	-0.155401654699463	0.155401654699463	hypo	case		0.332992578039213	0.52	0.52	0.5	0.54199328225688	5
chr20	58415998	58417041	1044	18	20.8944444444444	-0.201859207536783	0.201859207536783	-0.201624989156079	0.201624989156079	hypo	case		0.751487440115092	0.52	0.751487440115092	2.8	0.699178745142492	5
chr20	29391086	29391302	217	8	19.5375	-0.173339002691447	0.173339002691447	-0.165723451372556	0.165723451372556	hypo	case		0.416947846767737	0.52	0.52	0.5	0.54199328225688	5
chr21	13249012	13249814	803	26	21.3442307692308	-0.234948929403242	0.234948929403242	-0.255236813130528	0.255236813130528	hypo	case		0.293821536278245	0.52	0.52	0.5	0.54199328225688	5
chr21	29127884	29129088	1205	40	23.89375	-0.34493281507273	0.34493281507273	-0.343507848231742	0.343507848231742	hypo	case		0.26587231042226	0.52	0.52	0.5	0.54199328225688	5
chr20	8789365	8791049	1685	34	22.0029411764706	0.217779381760931	0.217779381760931	0.253402369138281	0.253402369138281	hyper	case		0.226300914786868	0.52	0.52	0.5	0.54199328225688	5
chr21	10009933	10011772	1840	64	26.52890625	-0.164880336986943	0.164880336986943	-0.198800820046773	0.198800820046773	hypo	case		0.435720150116596	0.52	0.52	0.5	0.54199328225688	5
chr20	16495744	16496629	886	18	22.2944444444444	-0.17614577452433	0.17614577452433	-0.233515087855116	0.233515087855116	hypo	case		0.509589737687178	0.52	0.52	0.5	0.54199328225688	5
chr21	25059868	25059983	116	6	20.9	-0.251752923179279	0.251752923179279	-0.21727274280863	0.21727274280863	hypo	case		0.213630635452248	0.52	0.52	0.5	0.54199328225688	5
chr20	15988198	15989637	1440	18	19.7833333333333	0.156667380304133	0.156667380304133	0.21340007193991	0.21340007193991	hyper	case		0.0449709497341637	0.52	0.52	0.5	0.54199328225688	5
chr21	14194585	14196404	1820	28	21.2142857142857	-0.225736385383883	0.225736385383883	-0.239679913765735	0.239679913765735	hypo	case		0.482332690509184	0.52	0.52	0.5	0.54199328225688	5
chr21	9604403	9604765	363	20	38.1025	-0.222351454341773	0.222351454341773	-0.258969038378757	0.258969038378757	hypo	case		0.349029783626829	0.52	0.52	0.5	0.54199328225688	5
chr20	5099306	5100098	793	10	19.09	-0.12505820807634	0.12505820807634	-0.105503930857602	0.105503930857602	hypo	case		0.51373464794884	0.52	0.52	0.5	0.54199328225688	5
chr20	4446962	4447525	564	8	23.525	-0.155284636478026	0.155284636478026	-0.169607692523263	0.169607692523263	hypo	case		0.350162364761074	0.52	0.52	0.5	0.54199328225688	5
chr20	1610101	1611899	1799	29	12.8758620689655	-0.239305584766111	0.239305584766111	-0.265895449124872	0.265895449124872	hypo	case		0.302426080923467	0.52	0.52	0.5	0.54199328225688	5
chr21	19042122	19043987	1866	14	19.2535714285714	0.156431268908823	0.156431268908823	0.146769052751002	0.146769052751002	hyper	case		0.208576603219633	0.52	0.52	0.5	0.54199328225688	5
chr20	202473	202825	353	6	20.575	0.129271079234781	0.129271079234781	0.119037875586589	0.119037875586589	hyper	case		0.220991143593514	0.52	0.52	0.5	0.54199328225688	5
chr21	13298577	13300208	1632	20	21.785	0.278201807238665	0.278201807238665	0.326644608186448	0.326644608186448	hyper	case		0.527366154178412	0.52	0.527366154178412	0.5	0.54199328225688	5
chr20	41229660	41230329	670	9	20.6444444444444	-0.0961044796706562	0.0961044796706562	-0.141734963898417	0.141734963898417	hypo	case		0.306190727691824	0.52	0.52	0.5	0.54199328225688	5
chr20	31262887	31264652	1766	20	22.2	0.190767866047957	0.190767866047957	0.196532134357969	0.196532134357969	hyper	case		0.570243770802034	0.52	0.570243770802034	0.6	0.585232407482571	5
chr21	17487709	17488541	833	14	20.25	-0.337662492365255	0.337662492365255	-0.345860550280131	0.345860550280131	hypo	case		0.230551695794123	0.52	0.52	0.5	0.54199328225688	5
chr21	20886279	20887471	1193	12	18.25	-0.25247503930622	0.25247503930622	-0.324113859728008	0.324113859728008	hypo	case		0.843648975413501	0.52	0.843648975413501	2.8	0.699178745142492	5
chr20	26142608	26143293	686	8	22.48125	-0.146042115799837	0.146042115799837	-0.16822689464014	0.16822689464014	hypo	case		0.444564460207112	0.52	0.52	0.5	0.54199328225688	5
chr20	4275851	4276696	846	14	23.2142857142857	-0.218543271517875	0.218543271517875	-0.214492450734373	0.214492450734373	hypo	case		0.282656547332337	0.52	0.52	0.5	0.54199328225688	5
chr20	40075321	40075565	245	6	22.8416666666667	-0.175659773232775	0.175659773232775	-0.118800482249425	0.118800482249425	hypo	case		0.0573506004679033	0.52	0.52	0.5	0.54199328225688	5
chr21	14238029	14238701	673	8	23.48125	-0.164592347513148	0.164592347513148	-0.196449885625379	0.196449885625379	hypo	case		0.0999734254951923	0.52	0.52	0.5	0.54199328225688	5
chr21	24897202	24898601	1400	16	19.771875	-0.230549834712749	0.230549834712749	-0.250750953763121	0.250750953763121	hypo	case		0.238764668089115	0.52	0.52	0.5	0.54199328225688	5
chr20	1512080	1513846	1767	22	20.9204545454545	-0.239652323351812	0.239652323351812	-0.269753211480241	0.269753211480241	hypo	case		0.228862481129679	0.52	0.52	0.5	0.54199328225688	5
chr20	8605119	8606470	1352	14	20.8035714285714	-0.29440812699682	0.29440812699682	-0.317980227838429	0.317980227838429	hypo	case		0.722967448298346	0.52	0.722967448298346	2.8	0.699178745142492	5
chr21	18673327	18674119	793	8	20.2875	-0.20499471637081	0.20499471637081	-0.224904794290164	0.224904794290164	hypo	case		0.346613530712736	0.52	0.52	0.5	0.54199328225688	5
chr20	9976085	9976735	651	6	24.175	0.211533893286506	0.211533893286506	0.139101220193217	0.139101220193217	hyper	case		0.362748239409187	0.52	0.52	0.5	0.54199328225688	5
chr20	8082527	8082786	260	10	20.67	0.148183807155594	0.148183807155594	0.193838667646558	0.193838667646558	hyper	case		0.174379710149145	0.52	0.52	0.5	0.54199328225688	5
chr21	9914236	9914449	214	10	61.655	0.175929731181438	0.175929731181438	0.145222638493464	0.145222638493464	hyper	case		0.544966770750055	0.52	0.544966770750055	0.5	0.54199328225688	5
chr20	28801140	28801286	147	6	30.2583333333333	0.171425634156875	0.171425634156875	0.154845748689429	0.154845748689429	hyper	case		0.131907443936979	0.52	0.52	0.5	0.54199328225688	5
chr20	50927675	50927883	209	6	22.6833333333333	-0.139417201443304	0.139417201443304	-0.11366510268092	0.11366510268092	hypo	case		0.216075479725955	0.52	0.52	0.5	0.54199328225688	5
chr20	30203984	30205133	1150	42	25.2797619047619	-0.345780662073381	0.345780662073381	-0.34927951013535	0.34927951013535	hypo	case		0.785814395188846	0.52	0.785814395188846	2.8	0.699178745142492	5
chr20	29500248	29501673	1426	22	60.9204545454546	0.250623342454725	0.250623342454725	0.264649157847058	0.264649157847058	hyper	case		0.246407235647946	0.52	0.52	0.5	0.54199328225688	5
chr21	30306811	30308161	1351	26	22.6615384615385	-0.165500754070539	0.165500754070539	-0.163387048569538	0.163387048569538	hypo	case		0.358489370674764	0.52	0.52	0.5	0.54199328225688	5
chr21	27538230	27538442	213	8	22.53125	-0.174354949362429	0.174354949362429	-0.164420949519248	0.164420949519248	hypo	case		0.258026613791099	0.52	0.52	0.5	0.54199328225688	5
chr21	39070041	39070274	234	7	25.3428571428571	-0.294793560492776	0.294793560492776	-0.341923288108939	0.341923288108939	hypo	case		0.482273850133986	0.52	0.52	0.5	0.54199328225688	5
chr20	1702558	1702893	336	8	21.26875	-0.133255471688714	0.133255471688714	-0.159700697464788	0.159700697464788	hypo	case		0.144244432855803	0.52	0.52	0.5	0.54199328225688	5
chr20	56045908	56047015	1108	18	21.375	-0.322518141772692	0.322518141772692	-0.300150804035069	0.300150804035069	hypo	case		0.339320113178292	0.52	0.52	0.5	0.54199328225688	5
chr21	13466265	13466493	229	6	21.5083333333333	-0.142056285266368	0.142056285266368	-0.133865782292867	0.133865782292867	hypo	case		0.453244391862928	0.52	0.52	0.5	0.54199328225688	5
chr20	45386186	45387402	1217	18	23.8111111111111	-0.342224206571402	0.342224206571402	-0.309287027023907	0.309287027023907	hypo	case		0.0884110996176768	0.52	0.52	0.5	0.54199328225688	5
chr20	29034255	29035936	1682	74	23.7256756756757	-0.317686133901211	0.317686133901211	-0.327478230531806	0.327478230531806	hypo	case		0.246503324357974	0.52	0.52	0.5	0.54199328225688	5
chr21	35686885	35687213	329	6	23.7583333333333	-0.25275028113336	0.25275028113336	-0.159218655227448	0.159218655227448	hypo	case		0.344696261854465	0.52	0.52	0.5	0.54199328225688	5
chr20	20509650	20511380	1731	24	23.6	0.190319928609393	0.190319928609393	0.230608179113146	0.230608179113146	hyper	case		0.514437383185661	0.52	0.52	0.5	0.54199328225688	5
chr21	20612050	20612832	783	22	21.1886363636364	-0.274894004569497	0.274894004569497	-0.310590760832477	0.310590760832477	hypo	case		0.0815094381400566	0.52	0.52	0.5	0.54199328225688	5
chr20	6700128	6701780	1653	28	22.8732142857143	-0.287046862008372	0.287046862008372	-0.323699018688836	0.323699018688836	hypo	case		0.152668132038712	0.52	0.52	0.5	0.54199328225688	5
chr21	9557307	9559266	1960	32	33.3125	-0.171399050240752	0.171399050240752	-0.197105892614703	0.197105892614703	hypo	case		0.348605481412749	0.52	0.52	0.5	0.54199328225688	5
chr20	21890375	21891514	1140	20	22.2	-0.315007333923198	0.315007333923198	-0.378468556583593	0.378468556583593	hypo	case		0.710743175918928	0.52	0.710743175918928	2.8	0.699178745142492	5
chr20	11622293	11622484	192	6	20.6416666666667	-0.135194292904415	0.135194292904415	-0.122390535599147	0.122390535599147	hypo	case		0.456587207727312	0.52	0.52	0.5	0.54199328225688	5
chr20	42166634	42166717	84	8	19.61875	-0.154119855191921	0.154119855191921	-0.187866345183642	0.187866345183642	hypo	case		0.322801832469301	0.52	0.52	0.5	0.54199328225688	5
chr20	7021015	7021325	311	12	21.1458333333333	-0.231078644497536	0.231078644497536	-0.135569683320897	0.135569683320897	hypo	case		0.244095199649633	0.52	0.52	0.5	0.54199328225688	5
chr20	42645073	42645670	598	16	22.01875	-0.179576102424969	0.179576102424969	-0.194630286112625	0.194630286112625	hypo	case		0.396110406116965	0.52	0.52	0.5	0.54199328225688	5
chr21	25000612	25001550	939	14	22.1214285714286	-0.236142969128842	0.236142969128842	-0.262723033241308	0.262723033241308	hypo	case		0.174186048023767	0.52	0.52	0.5	0.54199328225688	5
chr20	55281569	55281787	219	6	22.5416666666667	-0.191066003443708	0.191066003443708	-0.12734362558425	0.12734362558425	hypo	case		0.192377503211838	0.52	0.52	0.5	0.54199328225688	5
chr20	11907679	11908154	476	12	20.5666666666667	-0.174639590191328	0.174639590191328	-0.19149943982076	0.19149943982076	hypo	case		0.613254960347224	0.52	0.613254960347224	2	0.606725593235955	5
chr21	14326631	14328535	1905	23	22.0217391304348	-0.320168236672393	0.320168236672393	-0.298218242534758	0.298218242534758	hypo	case		0.249689845341261	0.52	0.52	0.5	0.54199328225688	5
chr20	23408490	23409195	706	10	21.77	0.217880790745908	0.217880790745908	0.275349400600816	0.275349400600816	hyper	case		0.452580502960039	0.52	0.52	0.5	0.54199328225688	5
chr20	12699917	12701591	1675	44	21.0318181818182	-0.275998075043703	0.275998075043703	-0.324208412845882	0.324208412845882	hypo	case		0.180791240372847	0.52	0.52	0.5	0.54199328225688	5
chr21	39576549	39576802	254	6	22.3	-0.122338598354727	0.122338598354727	-0.142356670571332	0.142356670571332	hypo	case		0.0991922740372103	0.52	0.52	0.5	0.54199328225688	5
chr21	16403365	16404117	753	22	23.7113636363636	-0.287305808826967	0.287305808826967	-0.300676659580902	0.300676659580902	hypo	case		0.870787449553207	0.52	0.870787449553207	2.8	0.699178745142492	5
chr21	27310930	27311188	259	16	21.55625	-0.255898184959936	0.255898184959936	-0.260106572592622	0.260106572592622	hypo	case		0.24746833053748	0.52	0.52	0.5	0.54199328225688	5
chr20	61097156	61097534	379	6	23.2166666666667	-0.14640079644841	0.14640079644841	-0.113244322627885	0.113244322627885	hypo	case		0.447373076608719	0.52	0.52	0.5	0.54199328225688	5
chr20	60785910	60786875	966	40	21.8825	-0.233063725498085	0.233063725498085	-0.231213878792702	0.231213878792702	hypo	case		0.236696603257481	0.52	0.52	0.5	0.54199328225688	5
chr21	22418287	22418619	333	6	22.5166666666667	-0.100585472667171	0.100585472667171	-0.108248032310672	0.108248032310672	hypo	case		0.416253795310323	0.52	0.52	0.5	0.54199328225688	5
chr20	14295153	14295396	244	6	20.625	-0.134006945129942	0.134006945129942	-0.11826300234911	0.11826300234911	hypo	case		0.355471783980132	0.52	0.52	0.5	0.54199328225688	5
chr21	35127944	35128784	841	10	20.5	-0.117241518412327	0.117241518412327	-0.111339361811625	0.111339361811625	hypo	case		0.214536847221772	0.52	0.52	0.5	0.54199328225688	5
chr21	13216775	13217334	560	10	22.555	0.063742484607368	0.063742484607368	0.096343420690832	0.096343420690832	hyper	case		0.308739144380423	0.52	0.52	0.5	0.54199328225688	5
chr20	6425758	6426193	436	8	23.28125	-0.258738885650942	0.258738885650942	-0.212354351690868	0.212354351690868	hypo	case		0.0209359235067781	0.52	0.52	0.5	0.54199328225688	5
chr20	23766796	23768382	1587	32	21.6984375	-0.277344070311291	0.277344070311291	-0.288914475579041	0.288914475579041	hypo	case		0.211710195778	0.52	0.52	0.5	0.54199328225688	5
chr20	30180021	30180832	812	19	22.4526315789474	-0.271544645740426	0.271544645740426	-0.277257297600947	0.277257297600947	hypo	case		0.0953353149757607	0.52	0.52	0.5	0.54199328225688	5
chr21	16643722	16645672	1951	30	22.895	-0.21259360696799	0.21259360696799	-0.235481488473667	0.235481488473667	hypo	case		0.163940594796557	0.52	0.52	0.5	0.54199328225688	5
chr21	14826585	14826926	342	14	19.5035714285714	-0.248818389443805	0.248818389443805	-0.237188095133305	0.237188095133305	hypo	case		0.333486104100254	0.52	0.52	0.5	0.54199328225688	5
chr21	24794872	24796122	1251	9	19.4444444444444	0.175823741746856	0.175823741746856	0.167085812105663	0.167085812105663	hyper	case		0.117543445630995	0.52	0.52	0.5	0.54199328225688	5
chr21	32714139	32715367	1229	26	23.8019230769231	-0.252348536222877	0.252348536222877	-0.257914811504685	0.257914811504685	hypo	case		0.121590875098825	0.52	0.52	0.5	0.54199328225688	5
chr20	29647618	29648308	691	20	26.615	-0.19876537819438	0.19876537819438	-0.201737886152863	0.201737886152863	hypo	case		0.201039861529403	0.52	0.52	0.5	0.54199328225688	5
chr20	14147594	14147732	139	6	20.7166666666667	-0.187980826182594	0.187980826182594	-0.13173502235185	0.13173502235185	hypo	case		0.517010168646748	0.52	0.52	0.5	0.54199328225688	5
chr21	19975517	19976611	1095	16	22.5625	0.234463462234498	0.234463462234498	0.272799739613831	0.272799739613831	hyper	case		0.159036638743199	0.52	0.52	0.5	0.54199328225688	5
chr21	21236183	21237370	1188	16	20.165625	0.264705701296959	0.264705701296959	0.276225257001015	0.276225257001015	hyper	case		0.354664521542226	0.52	0.52	0.5	0.54199328225688	5
chr20	14454580	14455535	956	32	22.9578125	-0.311318089081489	0.311318089081489	-0.319659355104312	0.319659355104312	hypo	case		0.532888599237023	0.52	0.532888599237023	0.5	0.54199328225688	5
chr20	39808922	39810448	1527	16	22.0625	-0.221308755438495	0.221308755438495	-0.233336914400395	0.233336914400395	hypo	case		0.400311134556744	0.52	0.52	0.5	0.54199328225688	5
chr21	22824064	22824373	310	6	21.125	-0.133181278656986	0.133181278656986	-0.125189532860283	0.125189532860283	hypo	case		0.269999237593941	0.52	0.52	0.5	0.54199328225688	5
chr21	27244002	27245501	1500	20	22.18	-0.296337384114178	0.296337384114178	-0.305758108085939	0.305758108085939	hypo	case		0.361871902377499	0.52	0.52	0.5	0.54199328225688	5
chr20	14609889	14610966	1078	12	21.0291666666667	0.111199445999201	0.111199445999201	0.174915662791488	0.174915662791488	hyper	case		0.105819560817513	0.52	0.52	0.5	0.54199328225688	5
chr21	31716078	31717162	1085	16	19.5125	-0.197660353535354	0.197660353535354	-0.224961040813248	0.224961040813248	hypo	case		0.315434373914352	0.52	0.52	0.5	0.54199328225688	5
chr20	40783727	40784402	676	16	25.89375	-0.2018116052927	0.2018116052927	-0.234972345972662	0.234972345972662	hypo	case		0.451449737295996	0.52	0.52	0.5	0.54199328225688	5
chr21	27203637	27204002	366	14	20.2964285714286	-0.221462015851413	0.221462015851413	-0.26955426149456	0.26955426149456	hypo	case		0.312966381835729	0.52	0.52	0.5	0.54199328225688	5
chr21	39621544	39623115	1572	18	21.8166666666667	-0.277846878086208	0.277846878086208	-0.266861505494029	0.266861505494029	hypo	case		0.369572912462091	0.52	0.52	0.5	0.54199328225688	5
chr20	56182406	56183235	830	10	22.81	0.246916267296612	0.246916267296612	0.259749739691695	0.259749739691695	hyper	case		0.326844639636459	0.52	0.52	0.5	0.54199328225688	5
chr20	31308488	31309211	724	22	24.5045454545455	0.23896607017141	0.23896607017141	0.286540874515081	0.286540874515081	hyper	case		0.255156667720928	0.52	0.52	0.5	0.54199328225688	5
chr21	26479763	26481591	1829	32	20.83125	-0.320917898952081	0.320917898952081	-0.327707843400207	0.327707843400207	hypo	case		0.374310701864795	0.52	0.52	0.5	0.54199328225688	5
chr21	45194844	45195213	370	8	22.60625	-0.223729288121405	0.223729288121405	-0.21556014185054	0.21556014185054	hypo	case		0.174168083061093	0.52	0.52	0.5	0.54199328225688	5
chr20	75017	75959	943	10	22.505	0.160311500890587	0.160311500890587	0.22749154054648	0.22749154054648	hyper	case		0.323763147130674	0.52	0.52	0.5	0.54199328225688	5
chr21	33572581	33573488	908	20	21.4775	0.218304138960343	0.218304138960343	0.195629911860671	0.195629911860671	hyper	case		0.169265825397321	0.52	0.52	0.5	0.54199328225688	5
chr21	22650383	22652257	1875	24	22.4875	-0.302730141137045	0.302730141137045	-0.294803628103592	0.294803628103592	hypo	case		0.155187756641122	0.52	0.52	0.5	0.54199328225688	5
chr21	13660861	13661662	802	5	11.13	0.137430538211788	0.137430538211788	0.143583206515025	0.143583206515025	hyper	case		0.144005539128276	0.52	0.52	0.5	0.54199328225688	5
chr21	18101066	18101354	289	13	19.8846153846154	-0.229357360273103	0.229357360273103	-0.234187984119148	0.234187984119148	hypo	case		0.669014715113986	0.52	0.669014715113986	1	0.669834237506434	5
chr21	40657415	40659154	1740	30	20.6416666666667	-0.164146099503648	0.164146099503648	-0.164844212880863	0.164844212880863	hypo	case		0.660782063897769	0.52	0.660782063897769	2.3	0.659306801480108	5
chr20	46534048	46534761	714	18	21.6138888888889	-0.232564224332403	0.232564224332403	-0.248519543135347	0.248519543135347	hypo	case		0.384424878353518	0.52	0.52	0.5	0.54199328225688	5
chr20	29806347	29807000	654	8	23.8875	0.127577859066078	0.127577859066078	0.205243695215162	0.205243695215162	hyper	case		0.282142149304925	0.52	0.52	0.5	0.54199328225688	5
chr21	15874791	15876508	1718	40	19.09	-0.206771645110972	0.206771645110972	-0.213486898527395	0.213486898527395	hypo	case		0.829770138449153	0.52	0.829770138449153	2.8	0.699178745142492	5
chr20	53025568	53026972	1405	25	21.106	-0.284597443347124	0.284597443347124	-0.307379086225616	0.307379086225616	hypo	case		0.616102062698401	0.52	0.616102062698401	1.8	0.625305162337618	5
chr21	35436375	35437899	1525	22	21.0136363636364	-0.169176783823098	0.169176783823098	-0.211195648689453	0.211195648689453	hypo	case		0.201544970342134	0.52	0.52	0.5	0.54199328225688	5
chr20	42175342	42176415	1074	16	21.36875	-0.234649175836354	0.234649175836354	-0.274056318097318	0.274056318097318	hypo	case		0.0891911582711422	0.52	0.52	0.5	0.54199328225688	5
chr20	222886	224054	1169	10	21.555	-0.139158953583934	0.139158953583934	-0.139000913156131	0.139000913156131	hypo	case		0.183420790981673	0.52	0.52	0.5	0.54199328225688	5
chr21	37580773	37580935	163	6	23.2	-0.163397715332176	0.163397715332176	-0.138870175361667	0.138870175361667	hypo	case		0.140889209924652	0.52	0.52	0.5	0.54199328225688	5
chr20	19360849	19361123	275	28	21.8267857142857	-0.254051270282457	0.254051270282457	-0.261547891795957	0.261547891795957	hypo	case		0.46584175340829	0.52	0.52	0.5	0.54199328225688	5
chr20	32994636	32995773	1138	22	20.2409090909091	-0.22116827980372	0.22116827980372	-0.242362580720846	0.242362580720846	hypo	case		0.704939860846757	0.52	0.704939860846757	2.8	0.699178745142492	5
chr21	36814507	36815838	1332	30	22.04	-0.310671916030925	0.310671916030925	-0.305146657242643	0.305146657242643	hypo	case		0.290003004020968	0.52	0.52	0.5	0.54199328225688	5
chr20	1484618	1485449	832	14	20.9035714285714	0.146436517970944	0.146436517970944	0.0846865675617458	0.0957041830602331	hyper	case		0.99	0.52	0.99	2.8	0.699178745142492	5
chr20	23806014	23807889	1876	32	23.2671875	-0.195717310204375	0.195717310204375	-0.203415077567451	0.203415077567451	hypo	case		0.451904379148333	0.52	0.52	0.5	0.54199328225688	5
chr21	25241069	25241475	407	6	24.4083333333333	-0.135136197027957	0.135136197027957	-0.121125221702819	0.121125221702819	hypo	case		0.325462676585993	0.52	0.52	0.5	0.54199328225688	5
chr20	60044256	60045109	854	8	19.3125	0.166269748419467	0.166269748419467	0.185587235925638	0.185587235925638	hyper	case		0.341819235935476	0.52	0.52	0.5	0.54199328225688	5
chr20	10506840	10507428	589	14	21.0214285714286	-0.220202584006208	0.220202584006208	-0.274678243594212	0.274678243594212	hypo	case		0.0967025401801819	0.52	0.52	0.5	0.54199328225688	5
chr21	20072851	20073325	475	8	20.3875	-0.131438954846705	0.131438954846705	-0.122570798096259	0.122570798096259	hypo	case		0.421708849223052	0.52	0.52	0.5	0.54199328225688	5
chr20	7123637	7125247	1611	28	21.7142857142857	-0.242854477209668	0.242854477209668	-0.248057107871355	0.248057107871355	hypo	case		0.165603772645111	0.52	0.52	0.5	0.54199328225688	5
chr20	24270780	24271911	1132	10	21.92	-0.316336505191575	0.316336505191575	-0.320227136608674	0.320227136608674	hypo	case		0.208363432915865	0.52	0.52	0.5	0.54199328225688	5
chr20	19897144	19898258	1115	24	21.9604166666667	-0.196103057695974	0.196103057695974	-0.220071843855705	0.220071843855705	hypo	case		0.257975508907995	0.52	0.52	0.5	0.54199328225688	5
chr21	9897219	9898328	1110	18	63.6	0.250888213057359	0.250888213057359	0.273002274419053	0.273002274419053	hyper	case		0.848179901118699	0.52	0.848179901118699	2.8	0.699178745142492	5
chr20	8055152	8056082	931	12	21.0541666666667	-0.207377342304522	0.207377342304522	-0.254952025470825	0.254952025470825	hypo	case		0.121203948721798	0.52	0.52	0.5	0.54199328225688	5
chr20	14946825	14948018	1194	22	18.2613636363636	-0.229483736338012	0.229483736338012	-0.286475697603551	0.286475697603551	hypo	case		0.2848166052621	0.52	0.52	0.5	0.54199328225688	5
chr20	40340575	40340728	154	6	23.2333333333333	-0.0413563952501278	0.0413563952501278	0.000638134474972935	0.131893035438901	hypo	case		0.963780927932989	0.52	0.963780927932989	2.8	0.699178745142492	5
chr21	18355948	18357155	1208	16	20.91875	-0.299706776353603	0.299706776353603	-0.299473454066561	0.299473454066561	hypo	case		0.415055925356312	0.52	0.52	0.5	0.54199328225688	5
chr21	10089153	10090335	1183	14	44.3178571428571	0.160430995887956	0.160430995887956	0.20459967982541	0.20459967982541	hyper	case		0.449489198405563	0.52	0.52	0.5	0.54199328225688	5
chr21	29828916	29829624	709	14	22.6607142857143	0.28156090312058	0.28156090312058	0.290232324461562	0.290232324461562	hyper	case		0.431423213043964	0.52	0.52	0.5	0.54199328225688	5
chr21	25216239	25216785	547	8	21.0875	0.137089873799904	0.137089873799904	0.183745527518208	0.183745527518208	hyper	case		0.384164637487469	0.52	0.52	0.5	0.54199328225688	5
chr20	32613634	32614002	369	6	21.525	-0.104139909996246	0.104139909996246	-0.119715564497237	0.119715564497237	hypo	case		0.0776180521776451	0.52	0.52	0.5	0.54199328225688	5
chr20	28947130	28947624	495	12	24.7916666666667	-0.15389150974088	0.15389150974088	-0.184518211667403	0.184518211667403	hypo	case		0.565669455370366	0.52	0.565669455370366	0.6	0.585232407482571	5
chr20	19656698	19657055	358	10	19.315	0.237170889236746	0.237170889236746	0.273771038333479	0.273771038333479	hyper	case		0.357083082515987	0.52	0.52	0.5	0.54199328225688	5
chr21	5692756	5694671	1916	48	13.4770833333333	-0.33769227603859	0.33769227603859	-0.325724058302345	0.325724058302345	hypo	case		0.13380062004294	0.52	0.52	0.5	0.54199328225688	5
chr20	15187998	15188631	634	20	20.63	-0.234303116872919	0.234303116872919	-0.259100937093686	0.259100937093686	hypo	case		0.294465471062533	0.52	0.52	0.5	0.54199328225688	5
chr21	35261639	35263296	1658	22	21.3568181818182	-0.243484863269935	0.243484863269935	-0.254829303236264	0.254829303236264	hypo	case		0.374518329683627	0.52	0.52	0.5	0.54199328225688	5
chr21	28762669	28763815	1147	20	23.2575	-0.316343412789344	0.316343412789344	-0.302702275774554	0.302702275774554	hypo	case		0.322513478971703	0.52	0.52	0.5	0.54199328225688	5
chr20	16323965	16324140	176	6	24.7083333333333	0.129027582641084	0.129027582641084	0.0909307034712241	0.0909307034712241	hyper	case		0.0831940844453209	0.52	0.52	0.5	0.54199328225688	5
chr21	37247272	37249196	1925	28	20.7839285714286	0.167400578055789	0.167400578055789	0.205246903178307	0.205246903178307	hyper	case		0.13810980410318	0.52	0.52	0.5	0.54199328225688	5
chr20	7075895	7076867	973	12	21.6625	-0.385677024026282	0.385677024026282	-0.340164206134829	0.340164206134829	hypo	case		0.0827280753833541	0.52	0.52	0.5	0.54199328225688	5
chr20	16849486	16850494	1009	16	21.69375	-0.297506385841017	0.297506385841017	-0.337630272907307	0.337630272907307	hypo	case		0.631671302592049	0.52	0.631671302592049	1.3	0.631196923696201	5
chr21	23381373	23381659	287	6	21.4666666666667	0.156538724114281	0.156538724114281	0.133992018130674	0.133992018130674	hyper	case		0.381440732189296	0.52	0.52	0.5	0.54199328225688	5
chr21	30405186	30406582	1397	24	21.5895833333333	-0.212215520944887	0.212215520944887	-0.233339694048973	0.233339694048973	hypo	case		0.058799631022204	0.52	0.52	0.5	0.54199328225688	5
chr21	40748564	40749011	448	10	22.52	-0.125511270544676	0.125511270544676	-0.0963346195579071	0.0963346195579071	hypo	case		0.297112213210224	0.52	0.52	0.5	0.54199328225688	5
chr20	7417770	7418410	641	8	16.5125	-0.175427439213478	0.175427439213478	-0.248506099975895	0.248506099975895	hypo	case		0.317108334537285	0.52	0.52	0.5	0.54199328225688	5
chr20	14866740	14867877	1138	18	19.4472222222222	0.177178328512274	0.177178328512274	0.26993682627796	0.26993682627796	hyper	case		0.512076065631583	0.52	0.52	0.5	0.54199328225688	5
chr21	22703840	22705766	1927	22	22.3068181818182	-0.209795543355538	0.209795543355538	-0.213901861430804	0.213901861430804	hypo	case		0.742754412937283	0.52	0.742754412937283	2.8	0.699178745142492	5
chr20	58529788	58530192	405	12	22.425	-0.261499780083731	0.261499780083731	-0.231939687911263	0.231939687911263	hypo	case		0.0938715876772915	0.52	0.52	0.5	0.54199328225688	5
chr20	31271309	31272905	1597	18	22.6888888888889	0.203789101221977	0.203789101221977	0.28112177559102	0.28112177559102	hyper	case		0.320693686352021	0.52	0.52	0.5	0.54199328225688	5
chr21	22628649	22629803	1155	20	23.0825	-0.288845197971373	0.288845197971373	-0.29841610063033	0.29841610063033	hypo	case		0.331871360267093	0.52	0.52	0.5	0.54199328225688	5
chr21	19588014	19589971	1958	25	20.752	-0.31929180049982	0.31929180049982	-0.369815887390229	0.369815887390229	hypo	case		0.163172664228392	0.52	0.52	0.5	0.54199328225688	5
chr21	14898627	14899614	988	18	21.5083333333333	-0.251824643818593	0.251824643818593	-0.315674318503687	0.315674318503687	hypo	case		0.186731820872949	0.52	0.52	0.5	0.54199328225688	5
chr20	20113409	20114489	1081	10	20.295	-0.216920842264407	0.216920842264407	-0.283360379196526	0.283360379196526	hypo	case		0.317823888309629	0.52	0.52	0.5	0.54199328225688	5
chr20	16516169	16516895	727	14	20.3035714285714	-0.254717539456406	0.254717539456406	-0.309264494856101	0.309264494856101	hypo	case		0.134608026943579	0.52	0.52	0.5	0.54199328225688	5
chr20	18770250	18770336	87	6	20.2583333333333	-0.211092318115844	0.211092318115844	-0.141152657495795	0.141152657495795	hypo	case		0.414578729938913	0.52	0.52	0.5	0.54199328225688	5
chr20	55750818	55751543	726	10	17.595	-0.318538595819858	0.318538595819858	-0.338806684823964	0.338806684823964	hypo	case		0.566103440015623	0.52	0.566103440015623	0.6	0.585232407482571	5
chr20	40355255	40355407	153	8	23.5625	-0.241963602143182	0.241963602143182	-0.233613614588962	0.233613614588962	hypo	case		0.255350863548408	0.52	0.52	0.5	0.54199328225688	5
chr21	33646858	33648570	1713	26	24.6326923076923	-0.231468883243504	0.231468883243504	-0.273771308513065	0.273771308513065	hypo	case		0.211297536918891	0.52	0.52	0.5	0.54199328225688	5
chr21	26144822	26146694	1873	30	22.1883333333333	0.287570278372186	0.287570278372186	0.283814711561322	0.283814711561322	hyper	case		0.240247665436991	0.52	0.52	0.5	0.54199328225688	5
chr21	37712940	37713602	663	20	20.96	0.116407289439606	0.116407289439606	0.0982230951264927	0.0982230951264927	hyper	case		0.852587089563758	0.52	0.852587089563758	2.8	0.699178745142492	5
chr20	9001788	9002049	262	10	19.955	-0.181576978737755	0.181576978737755	-0.126034298960246	0.126034298960246	hypo	case		0.182492770464519	0.52	0.52	0.5	0.54199328225688	5
chr20	6624072	6624654	583	10	23.25	-0.227705556719641	0.227705556719641	-0.274519683856783	0.274519683856783	hypo	case		0.208542434772241	0.52	0.52	0.5	0.54199328225688	5
chr20	41562553	41563544	992	16	19.45625	-0.214126780704084	0.214126780704084	-0.192777597845921	0.192777597845921	hypo	case		0.391317141459767	0.52	0.52	0.5	0.54199328225688	5
chr20	14478772	14480227	1456	18	20.6555555555556	-0.304573308103979	0.304573308103979	-0.299960875279207	0.299960875279207	hypo	case		0.266679520856358	0.52	0.52	0.5	0.54199328225688	5
chr20	34389048	34389298	251	10	23.98	-0.165302414500619	0.165302414500619	-0.16654853354612	0.16654853354612	hypo	case		0.47367639398685	0.52	0.52	0.5	0.54199328225688	5
chr20	60313230	60313914	685	29	20.5844827586207	-0.292090858214663	0.292090858214663	-0.301356215382032	0.301356215382032	hypo	case		0.171978800279051	0.52	0.52	0.5	0.54199328225688	5
chr20	30240638	30241170	533	7	17.7928571428571	-0.0227903436862416	0.0227903436862416	0.0653481495296584	0.070749581030266	hypo	case		0.836230289049553	0.52	0.836230289049553	2.8	0.699178745142492	5
chr21	18672085	18672470	386	12	21.9166666666667	-0.2139034181007	0.2139034181007	-0.254678083155277	0.254678083155277	hypo	case		0.149187754891691	0.52	0.52	0.5	0.54199328225688	5
chr21	31829304	31830233	930	26	22.1615384615385	-0.287093773663952	0.287093773663952	-0.315632687706467	0.315632687706467	hypo	case		0.295148432630818	0.52	0.52	0.5	0.54199328225688	5
chr20	12483377	12483565	189	6	21.875	-0.0900879380683513	0.0900879380683513	-0.124094609190175	0.124094609190175	hypo	case		0.0735132921975017	0.52	0.52	0.5	0.54199328225688	5
chr21	21563517	21565266	1750	32	22.3265625	-0.313570000304643	0.313570000304643	-0.306113511338001	0.306113511338001	hypo	case		0.77473782282321	0.52	0.77473782282321	2.8	0.699178745142492	5
chr21	9052995	9054757	1763	20	19.7975	0.207332159154222	0.207332159154222	0.2556226611019	0.2556226611019	hyper	case		0.324280339453504	0.52	0.52	0.5	0.54199328225688	5
chr21	38370100	38371072	973	10	25.9	-0.223451779267713	0.223451779267713	-0.184319215957908	0.184319215957908	hypo	case		0.237401375369214	0.52	0.52	0.5	0.54199328225688	5
chr21	30632892	30634507	1616	34	23.7191176470588	-0.278986931652758	0.278986931652758	-0.284529411492326	0.284529411492326	hypo	case		0.58484465549449	0.52	0.58484465549449	0.6	0.585232407482571	5
chr20	13887473	13887834	362	6	22.1333333333333	-0.166431128004345	0.166431128004345	-0.160980818579721	0.160980818579721	hypo	case		0.292736965798393	0.52	0.52	0.5	0.54199328225688	5
chr20	8754090	8755057	968	11	22.4136363636364	0.164281444112227	0.164281444112227	0.226725225699577	0.226725225699577	hyper	case		0.422561172497106	0.52	0.52	0.5	0.54199328225688	5
chr20	15107530	15107939	410	6	22.825	-0.155976927263499	0.155976927263499	-0.103607961203629	0.103607961203629	hypo	case		0.262295090347592	0.52	0.52	0.5	0.54199328225688	5
chr21	37906378	37907604	1227	22	22.7227272727273	0.21254246945406	0.21254246945406	0.246117438384831	0.246117438384831	hyper	case		0.577327615924167	0.52	0.577327615924167	0.6	0.585232407482571	5
chr20	54871898	54872687	790	6	19.3666666666667	-0.167098443976377	0.167098443976377	-0.16561324489449	0.16561324489449	hypo	case		0.0345460579786151	0.52	0.52	0.5	0.54199328225688	5
chr21	9841959	9842741	783	10	69.54	-0.237316467592111	0.237316467592111	-0.251383331368487	0.251383331368487	hypo	case		0.00786556185646178	0.52	0.52	0.5	0.54199328225688	5
chr20	42132964	42133581	618	10	20.635	-0.135600263432187	0.135600263432187	-0.2079893952654	0.2079893952654	hypo	case		0.606409123973244	0.52	0.606409123973244	2	0.606725593235955	5
chr20	43871060	43871975	916	18	20.4138888888889	-0.253036441735852	0.253036441735852	-0.29446682255014	0.29446682255014	hypo	case		0.109083283355937	0.52	0.52	0.5	0.54199328225688	5
chr20	54993821	54995803	1983	37	18.877027027027	-0.228510717868303	0.228510717868303	-0.253301722085841	0.253301722085841	hypo	case		0.32066382354581	0.52	0.52	0.5	0.54199328225688	5
chr21	32747676	32749446	1771	34	25.1470588235294	0.211361355961146	0.211361355961146	0.234090689078439	0.234090689078439	hyper	case		0.344408524252252	0.52	0.52	0.5	0.54199328225688	5
chr20	34810528	34811199	672	36	20.7458333333333	-0.239665187674367	0.239665187674367	-0.271383894252213	0.271383894252213	hypo	case		0.116721662443756	0.52	0.52	0.5	0.54199328225688	5
chr21	8525962	8526729	768	10	12.485	0.166361752740387	0.166361752740387	0.203312960822368	0.203312960822368	hyper	case		0.300781933943288	0.52	0.52	0.5	0.54199328225688	5
chr20	21590476	21592358	1883	34	23.2088235294118	-0.284996362340336	0.284996362340336	-0.306628426001325	0.306628426001325	hypo	case		0.394936351048735	0.52	0.52	0.5	0.54199328225688	5
chr20	10096970	10097147	178	6	22.15	-0.0890905524472335	0.0890905524472335	-0.0930046947975488	0.0930046947975488	hypo	case		0.189428366939281	0.52	0.52	0.5	0.54199328225688	5
chr20	64324130	64325546	1417	24	22.0291666666667	-0.309150893665813	0.309150893665813	-0.3322947167125	0.3322947167125	hypo	case		0.227051607415519	0.52	0.52	0.5	0.54199328225688	5
chr21	6997254	6998248	995	48	11.9125	0.319946744873538	0.319946744873538	0.347447123561515	0.347447123561515	hyper	case		0.337818931540529	0.52	0.52	0.5	0.54199328225688	5
chr20	26145863	26146721	859	16	24.06875	0.172849706506511	0.172849706506511	0.176309726347313	0.176309726347313	hyper	case		0.238288136468653	0.52	0.52	0.5	0.54199328225688	5
chr20	40035268	40037033	1766	16	20.034375	-0.28689000755091	0.28689000755091	-0.30738225550713	0.30738225550713	hypo	case		0.178088108404275	0.52	0.52	0.5	0.54199328225688	5
chr21	38631141	38632888	1748	42	21.1559523809524	-0.31799414607767	0.31799414607767	-0.335723417366052	0.335723417366052	hypo	case		0.232369980355973	0.52	0.52	0.5	0.54199328225688	5
chr20	2883702	2885138	1437	41	22.7658536585366	0.189769975335832	0.189769975335832	0.198860176622307	0.198860176622307	hyper	case		0.244647027820688	0.52	0.52	0.5	0.54199328225688	5
chr21	16907173	16908768	1596	20	22.035	-0.199560888279702	0.199560888279702	-0.234720739363356	0.234720739363356	hypo	case		0.519364754691225	0.52	0.52	0.5	0.54199328225688	5
chr20	5505916	5506144	229	6	24.1333333333333	-0.143229210643971	0.143229210643971	-0.0779531199475422	0.0779531199475422	hypo	case		0.484546848422582	0.52	0.52	0.5	0.54199328225688	5
chr20	6531088	6531892	805	14	21.8857142857143	-0.320931083937899	0.320931083937899	-0.265418854344422	0.265418854344422	hypo	case		0.134821594299586	0.52	0.52	0.5	0.54199328225688	5
chr20	45322389	45323691	1303	60	19.2658333333333	-0.201055977778509	0.201055977778509	-0.223960946402312	0.223960946402312	hypo	case		0.296894498088582	0.52	0.52	0.5	0.54199328225688	5
chr21	9868153	9869597	1445	22	58.5909090909091	0.234425269796155	0.234425269796155	0.253264469307879	0.253264469307879	hyper	case		0.655412026027092	0.52	0.655412026027092	3	0.656090136222712	5
chr21	9941792	9943012	1221	24	63.6958333333333	0.220889871797626	0.220889871797626	0.200393014042	0.200393014042	hyper	case		0.198364528915123	0.52	0.52	0.5	0.54199328225688	5
chr21	24946361	24946899	539	14	19.8357142857143	-0.198252722331003	0.198252722331003	-0.223162058549854	0.223162058549854	hypo	case		0.265427045369904	0.52	0.52	0.5	0.54199328225688	5
chr21	34257245	34258325	1081	14	21.725	-0.219722868658843	0.219722868658843	-0.283360942283874	0.283360942283874	hypo	case		0.139281849661545	0.52	0.52	0.5	0.54199328225688	5
chr21	35331374	35333296	1923	32	22.7	-0.258554640540413	0.258554640540413	-0.276491059442673	0.276491059442673	hypo	case		0.547081610964891	0.52	0.547081610964891	0.5	0.54199328225688	5
chr21	22168824	22169030	207	8	12.175	-0.140304286679093	0.140304286679093	-0.103315130039841	0.103315130039841	hypo	case		0.325913434702046	0.52	0.52	0.5	0.54199328225688	5
chr20	57640944	57642928	1985	26	21.9788461538462	-0.248262789941336	0.248262789941336	-0.239196556487197	0.239196556487197	hypo	case		0.648307738715276	0.52	0.648307738715276	2.4	0.646189152981116	5
chr20	56317754	56319576	1823	48	21.4052083333333	-0.286756768538162	0.286756768538162	-0.290014246732768	0.290014246732768	hypo	case		0.148741642603769	0.52	0.52	0.5	0.54199328225688	5
chr21	40949960	40950814	855	16	23.434375	-0.268580471507813	0.268580471507813	-0.287267720841574	0.287267720841574	hypo	case		0.0700573400016664	0.52	0.52	0.5	0.54199328225688	5
chr21	21932793	21933616	824	16	20.821875	-0.275260408702199	0.275260408702199	-0.253230595340759	0.253230595340759	hypo	case		0.368686204846329	0.52	0.52	0.5	0.54199328225688	5
chr20	22279894	22280854	961	14	20.5571428571429	0.250611595549684	0.250611595549684	0.22776652196629	0.22776652196629	hyper	case		0.603179786247816	0.52	0.603179786247816	0.7	0.602839879609658	5
chr21	39192768	39193999	1232	12	20.1958333333333	-0.170257780430453	0.170257780430453	-0.197291972795638	0.197291972795638	hypo	case		0.763478611221512	0.52	0.763478611221512	2.8	0.699178745142492	5
chr21	16956134	16957231	1098	10	22.445	0.114827880202245	0.114827880202245	0.14695944780864	0.14695944780864	hyper	case		0.667827619872902	0.52	0.667827619872902	1	0.669834237506434	5
chr20	9212930	9213543	614	16	22.340625	-0.175747001582668	0.175747001582668	-0.249523877192413	0.249523877192413	hypo	case		0.305099923230881	0.52	0.52	0.5	0.54199328225688	5
chr21	10361522	10361729	208	6	156.458333333333	-0.105645571990815	0.105645571990815	-0.0908489481445152	0.0908489481445152	hypo	case		0.222163858823906	0.52	0.52	0.5	0.54199328225688	5
chr20	12533573	12534515	943	8	21.3625	-0.272492024519434	0.272492024519434	-0.238097250210246	0.238097250210246	hypo	case		0.492509907045757	0.52	0.52	0.5	0.54199328225688	5
chr21	29293851	29293919	69	6	22.775	-0.145120798016516	0.145120798016516	-0.150452009838982	0.150452009838982	hypo	case		0.183665834026333	0.52	0.52	0.5	0.54199328225688	5
chr20	29643498	29643790	293	6	15.8833333333333	0.164493410436957	0.164493410436957	0.12669993452499	0.12669993452499	hyper	case		0.315653834490146	0.52	0.52	0.5	0.54199328225688	5
chr21	22363493	22364943	1451	30	21.27	-0.258076221695458	0.258076221695458	-0.320085517464999	0.320085517464999	hypo	case		0.336761979838954	0.52	0.52	0.5	0.54199328225688	5
chr21	6639338	6640271	934	15	17.46	-0.194073208043151	0.194073208043151	-0.234246945714207	0.234246945714207	hypo	case		0.342100718332951	0.52	0.52	0.5	0.54199328225688	5
chr21	30751865	30752925	1061	12	21.7416666666667	-0.221983106040348	0.221983106040348	-0.263546051827601	0.263546051827601	hypo	case		0.261036903180509	0.52	0.52	0.5	0.54199328225688	5
chr21	16445917	16446108	192	6	19.5416666666667	-0.277060254961297	0.277060254961297	-0.275186455596891	0.275186455596891	hypo	case		0.736402681246616	0.52	0.736402681246616	2.8	0.699178745142492	5
chr20	11886859	11888232	1374	18	21.6333333333333	-0.251570535716079	0.251570535716079	-0.277164293576467	0.277164293576467	hypo	case		0.33620267020382	0.52	0.52	0.5	0.54199328225688	5
chr20	59731585	59732854	1270	26	21.3884615384615	-0.282955540398641	0.282955540398641	-0.250416270154661	0.250416270154661	hypo	case		0.354017604749527	0.52	0.52	0.5	0.54199328225688	5
chr20	8192321	8192448	128	6	21.5916666666667	0.0653904384150783	0.0653904384150783	0.0977353585264991	0.0977353585264991	hyper	case		0.950777484434153	0.52	0.950777484434153	2.8	0.699178745142492	5
chr21	37433545	37434236	692	18	17.8638888888889	0.251357601315318	0.251357601315318	0.24595277635732	0.24595277635732	hyper	case		0.127363724213596	0.52	0.52	0.5	0.54199328225688	5
chr20	45037326	45037945	620	8	22.80625	0.261282778670953	0.261282778670953	0.271212815318644	0.271212815318644	hyper	case		0.246781663405004	0.52	0.52	0.5	0.54199328225688	5
chr21	23340229	23340854	626	10	22.225	0.191280248728581	0.191280248728581	0.251674084506202	0.251674084506202	hyper	case		0.308306379320605	0.52	0.52	0.5	0.54199328225688	5
chr20	8885727	8886377	651	16	21.4	-0.337398954787336	0.337398954787336	-0.350736715604648	0.350736715604648	hypo	case		0.239491154968393	0.52	0.52	0.5	0.54199328225688	5
chr20	12727036	12727507	472	10	20.13	-0.181272706457254	0.181272706457254	-0.146460793448205	0.146460793448205	hypo	case		0.247391031422275	0.52	0.52	0.5	0.54199328225688	5
chr21	40971694	40972400	707	10	24.155	0.198676547927001	0.198676547927001	0.243635272643786	0.243635272643786	hyper	case		0.123138808755397	0.52	0.52	0.5	0.54199328225688	5
chr20	26597968	26599080	1113	7	12.4857142857143	-0.214583989926482	0.214583989926482	-0.311326277977472	0.311326277977472	hypo	case		0.572164116169145	0.52	0.572164116169145	0.6	0.585232407482571	5
chr20	54302876	54303354	479	18	22.7527777777778	-0.277267572703521	0.277267572703521	-0.271927133006623	0.271927133006623	hypo	case		0.113281729050629	0.52	0.52	0.5	0.54199328225688	5
chr20	12799206	12799439	234	34	19.7455882352941	-0.273961692158831	0.273961692158831	-0.313371402041078	0.313371402041078	hypo	case		0.49558014335211	0.52	0.52	0.5	0.54199328225688	5
chr21	12979562	12980490	929	12	50.2791666666667	-0.265195250996463	0.265195250996463	-0.295313525983776	0.295313525983776	hypo	case		0.202314710876147	0.52	0.52	0.5	0.54199328225688	5
chr21	18200463	18201171	709	18	22.5388888888889	-0.342101486407838	0.342101486407838	-0.333435565659982	0.333435565659982	hypo	case		0.578350552042248	0.52	0.578350552042248	0.6	0.585232407482571	5
chr21	18772011	18773641	1631	18	20.8138888888889	-0.187270163090955	0.187270163090955	-0.189444092758732	0.189444092758732	hypo	case		0.076222016067456	0.52	0.52	0.5	0.54199328225688	5
chr20	22712649	22712770	122	6	21.1666666666667	-0.204697945017081	0.204697945017081	-0.127350469138313	0.127350469138313	hypo	case		0.095815555218687	0.52	0.52	0.5	0.54199328225688	5
chr20	19063869	19064327	459	6	22.9666666666667	-0.148045075542967	0.148045075542967	-0.104617385600793	0.104617385600793	hypo	case		0.337417415385836	0.52	0.52	0.5	0.54199328225688	5
chr21	6257747	6258350	604	12	12.7666666666667	-0.196528011187776	0.196528011187776	-0.158442737703144	0.158442737703144	hypo	case		0.151380627197742	0.52	0.52	0.5	0.54199328225688	5
chr21	17052962	17054957	1996	46	24.2923913043478	-0.237723248637804	0.237723248637804	-0.253584964720074	0.253584964720074	hypo	case		0.231191715480149	0.52	0.52	0.5	0.54199328225688	5
chr20	42164520	42166055	1536	32	19.578125	-0.251571753703215	0.251571753703215	-0.259476302731614	0.259476302731614	hypo	case		0.476913234172376	0.52	0.52	0.5	0.54199328225688	5
chr21	21490602	21491379	778	18	20.5833333333333	-0.267301460199458	0.267301460199458	-0.292118981656052	0.292118981656052	hypo	case		0.415737191542758	0.52	0.52	0.5	0.54199328225688	5
chr21	17238985	17239955	971	13	13.7576923076923	-0.21336564147694	0.21336564147694	-0.157407642637434	0.157407642637434	hypo	case		0.107415526803715	0.52	0.52	0.5	0.54199328225688	5
chr20	15101720	15102220	501	8	20.4625	-0.186091831496424	0.186091831496424	-0.10828702803981	0.10828702803981	hypo	case		0.478002503330599	0.52	0.52	0.5	0.54199328225688	5
chr21	7579671	7580664	994	14	21.6285714285714	-0.219871820422425	0.219871820422425	-0.197092114626316	0.197092114626316	hypo	case		0.0638020536977677	0.52	0.52	0.5	0.54199328225688	5
chr20	15119113	15119495	383	8	21.075	-0.200647823521187	0.200647823521187	-0.192749768271826	0.192749768271826	hypo	case		0.139436011051233	0.52	0.52	0.5	0.54199328225688	5
chr20	11088286	11089008	723	10	24.86	-0.0998110356200993	0.0998110356200993	-0.104984964960665	0.104984964960665	hypo	case		0.294895716625684	0.52	0.52	0.5	0.54199328225688	5
chr20	45481459	45481813	355	8	23.5875	0.0590553133914358	0.0590553133914358	0.069869866057473	0.167004305433431	hyper	case		0.855708691906749	0.52	0.855708691906749	2.8	0.699178745142492	5
chr20	14617766	14619052	1287	22	21.2840909090909	0.187996680014297	0.187996680014297	0.18866758703567	0.215174460961735	hyper	case		0.99	0.52	0.99	2.8	0.699178745142492	5
chr20	22392710	22394631	1922	32	19.7109375	0.270425925837004	0.270425925837004	0.262900468562128	0.262900468562128	hyper	case		0.229903393521484	0.52	0.52	0.5	0.54199328225688	5
chr21	10038730	10039863	1134	32	34.3546875	-0.318006240491329	0.318006240491329	-0.332924372638096	0.332924372638096	hypo	case		0.101732397019593	0.52	0.52	0.5	0.54199328225688	5
chr20	49061195	49061975	781	52	19.2451923076923	-0.25325254508261	0.25325254508261	-0.264668249709075	0.264668249709075	hypo	case		0.309463225796929	0.52	0.52	0.5	0.54199328225688	5
chr20	40313230	40314435	1206	10	24.305	-0.225797403433222	0.225797403433222	-0.228277875722992	0.228277875722992	hypo	case		0.158640634035042	0.52	0.52	0.5	0.54199328225688	5
chr20	54713553	54713979	427	10	20.02	0.183792530116887	0.183792530116887	0.140488004859545	0.140488004859545	hyper	case		0.169556629011864	0.52	0.52	0.5	0.54199328225688	5
chr20	25350310	25350952	643	8	23.625	-0.208487793413542	0.208487793413542	-0.216275254378314	0.216275254378314	hypo	case		0.445657016948862	0.52	0.52	0.5	0.54199328225688	5
chr21	17018660	17020350	1691	20	24.93	-0.33879721239418	0.33879721239418	-0.359085088763926	0.359085088763926	hypo	case		0.344987529917945	0.52	0.52	0.5	0.54199328225688	5
chr20	7808463	7809022	560	6	23.6833333333333	-0.136509010155877	0.136509010155877	-0.143251286162867	0.143251286162867	hypo	case		0.16726600052302	0.52	0.52	0.5	0.54199328225688	5
chr20	15175743	15176605	863	14	19.3464285714286	-0.23072365674152	0.23072365674152	-0.238645930013205	0.238645930013205	hypo	case		0.433662128824046	0.52	0.52	0.5	0.54199328225688	5
chr20	1749314	1749895	582	10	20.605	0.239412430672252	0.239412430672252	0.227761863004095	0.227761863004095	hyper	case		0.27803412664728	0.52	0.52	0.5	0.54199328225688	5
chr21	18685591	18686134	544	16	20.2375	-0.176209625007302	0.176209625007302	-0.170646437826123	0.170646437826123	hypo	case		0.438577555785159	0.52	0.52	0.5	0.54199328225688	5
chr21	9986162	9987225	1064	10	57.83	0.183075365312396	0.183075365312396	0.191018589083215	0.191018589083215	hyper	case		0.351989740470039	0.52	0.52	0.5	0.54199328225688	5
chr21	13045896	13047647	1752	22	23.6704545454545	0.236371060247134	0.236371060247134	0.269400835685564	0.269400835685564	hyper	case		0.160753249598629	0.52	0.52	0.5	0.54199328225688	5
chr20	31322169	31323984	1816	32	22.4625	-0.31463022470016	0.31463022470016	-0.326290785004133	0.326290785004133	hypo	case		0.245942383150552	0.52	0.52	0.5	0.54199328225688	5
chr20	43115036	43116237	1202	24	22.29375	-0.266727696266522	0.266727696266522	-0.302084049063386	0.302084049063386	hypo	case		0.28797504435718	0.52	0.52	0.5	0.54199328225688	5
chr21	26664990	26666240	1251	18	20.6416666666667	-0.25057973012469	0.25057973012469	-0.256447685589253	0.256447685589253	hypo	case		0.247910147924607	0.52	0.52	0.5	0.54199328225688	5
chr20	8347896	8348286	391	10	21.26	0.155647071342373	0.155647071342373	0.224825769554163	0.224825769554163	hyper	case		0.230715900637215	0.52	0.52	0.5	0.54199328225688	5
chr20	59912711	59913465	755	12	21.8958333333333	-0.235378636417953	0.235378636417953	-0.290370490950526	0.290370490950526	hypo	case		0.607844957629563	0.52	0.607844957629563	2	0.606725593235955	5
chr20	32404193	32405657	1465	22	23.4886363636364	0.223832378643156	0.223832378643156	0.241975670446814	0.241975670446814	hyper	case		0.122280789817081	0.52	0.52	0.5	0.54199328225688	5
chr21	20672197	20672271	75	8	25.73125	-0.151346657108762	0.151346657108762	-0.136953358288856	0.136953358288856	hypo	case		0.41784020975163	0.52	0.52	0.5	0.54199328225688	5
chr20	8968376	8968895	520	10	25.62	-0.271325071937098	0.271325071937098	-0.268423981293198	0.268423981293198	hypo	case		0.821565198162661	0.52	0.821565198162661	2.8	0.699178745142492	5
chr20	19435007	19435713	707	8	20.3	-0.211397320688261	0.211397320688261	-0.229098286472364	0.229098286472364	hypo	case		0.360856944179076	0.52	0.52	0.5	0.54199328225688	5
chr21	10024105	10024391	287	6	54.45	0.247064501302619	0.247064501302619	0.211495549983427	0.211495549983427	hyper	case		0.701737104375391	0.52	0.701737104375391	2.8	0.699178745142492	5
chr21	20759934	20760696	763	12	21.9	-0.202623958802814	0.202623958802814	-0.21370913228767	0.21370913228767	hypo	case		0.255801543617291	0.52	0.52	0.5	0.54199328225688	5
chr21	23789298	23790170	873	10	19.795	-0.213173712936672	0.213173712936672	-0.282589142307659	0.282589142307659	hypo	case		0.217075454420272	0.52	0.52	0.5	0.54199328225688	5
chr20	38496150	38498048	1899	40	21.87875	-0.261054734084514	0.261054734084514	-0.308191193412657	0.308191193412657	hypo	case		0.502448745174612	0.52	0.52	0.5	0.54199328225688	5
chr20	39641546	39641720	175	8	21.66875	-0.175080232290144	0.175080232290144	-0.216756760433441	0.216756760433441	hypo	case		0.313340958081194	0.52	0.52	0.5	0.54199328225688	5
chr20	30721678	30722076	399	6	21.65	0.0414642914586547	0.0414642914586547	0.105336128598326	0.105336128598326	hyper	case		0.312889510561435	0.52	0.52	0.5	0.54199328225688	5
chr20	39270281	39271420	1140	30	18.9833333333333	-0.252464230633987	0.252464230633987	-0.278002762363857	0.278002762363857	hypo	case		0.136952422535862	0.52	0.52	0.5	0.54199328225688	5
chr20	23538312	23538737	426	14	21.9392857142857	-0.191719669717154	0.191719669717154	-0.226815040019445	0.226815040019445	hypo	case		0.245540290518903	0.52	0.52	0.5	0.54199328225688	5
chr20	59878235	59879058	824	12	21.5583333333333	-0.234196031922341	0.234196031922341	-0.213450605661118	0.213450605661118	hypo	case		0.317242349253338	0.52	0.52	0.5	0.54199328225688	5
chr21	33706773	33707052	280	16	20.8875	-0.308001894234257	0.308001894234257	-0.305673777212537	0.305673777212537	hypo	case		0.490572147476931	0.52	0.52	0.5	0.54199328225688	5
chr20	11341669	11342229	561	8	19.15	-0.0789837139163003	0.0789837139163003	-0.0567928220804704	0.0721724303117142	hypo	case		0.758209576220442	0.52	0.758209576220442	2.8	0.699178745142492	5
chr21	24381507	24382522	1016	18	20.4611111111111	-0.213832602035372	0.213832602035372	-0.238858576044573	0.238858576044573	hypo	case		0.440384655204517	0.52	0.52	0.5	0.54199328225688	5
chr20	56087561	56088656	1096	22	20.0659090909091	-0.234860465608064	0.234860465608064	-0.303237211509995	0.303237211509995	hypo	case		0.250985972206173	0.52	0.52	0.5	0.54199328225688	5
chr20	4514745	4515116	372	6	21.6083333333333	-0.245283004786171	0.245283004786171	-0.175690368230841	0.175690368230841	hypo	case		0.271528621753327	0.52	0.52	0.5	0.54199328225688	5
chr20	30353958	30354556	599	8	24.7	-0.17745183052254	0.17745183052254	-0.147912107953941	0.147912107953941	hypo	case		0.254218711119742	0.52	0.52	0.5	0.54199328225688	5
chr20	6131369	6133286	1918	38	22.1789473684211	-0.296484103709018	0.296484103709018	-0.287532907953056	0.287532907953056	hypo	case		0.0664898795916281	0.52	0.52	0.5	0.54199328225688	5
chr20	59346408	59348274	1867	44	20.325	0.111871220057074	0.111871220057074	0.102046107739144	0.102046107739144	hyper	case		0.99	0.52	0.99	2.8	0.699178745142492	5
chr20	41905169	41906606	1438	22	21.4590909090909	-0.237386109553559	0.237386109553559	-0.259003678079587	0.259003678079587	hypo	case		0.982159927646542	0.52	0.982159927646542	2.8	0.699178745142492	5
chr20	25883487	25883912	426	12	21.775	-0.268940743954349	0.268940743954349	-0.28272400923601	0.28272400923601	hypo	case		0.656763617897747	0.52	0.656763617897747	3	0.656090136222712	5
chr21	26291826	26293396	1571	26	19.9288461538462	0.152319645050008	0.152319645050008	0.185664488579278	0.185664488579278	hyper	case		0.5503373896801	0.52	0.5503373896801	0.5	0.54199328225688	5
chr21	24707563	24707933	371	10	22.14	-0.186963001970587	0.186963001970587	-0.217877949015083	0.217877949015083	hypo	case		0.343435068734599	0.52	0.52	0.5	0.54199328225688	5
chr20	14561749	14562219	471	12	21.7208333333333	0.171618221869457	0.171618221869457	0.186482358312238	0.186482358312238	hyper	case		0.660426158028558	0.52	0.660426158028558	2.3	0.659306801480108	5
chr20	34631485	34632657	1173	34	20.9823529411765	-0.230150130720823	0.230150130720823	-0.214824538911934	0.214824538911934	hypo	case		0.100511454626945	0.52	0.52	0.5	0.54199328225688	5
chr21	19437391	19437745	355	6	21.4	-0.0423041690669351	0.0423041690669351	-0.101888646186797	0.101888646186797	hypo	case		0.551981948914018	0.52	0.551981948914018	0.5	0.54199328225688	5
chr20	19298061	19298289	229	10	23.695	-0.338177309759181	0.338177309759181	-0.371460424362248	0.371460424362248	hypo	case		0.99	0.52	0.99	2.8	0.699178745142492	5
chr21	38141264	38142156	893	14	21.1321428571429	-0.257543115322479	0.257543115322479	-0.265563103162878	0.265563103162878	hypo	case		0.216263922847973	0.52	0.52	0.5	0.54199328225688	5
chr20	16359135	16359852	718	12	21.1166666666667	-0.2119342780235	0.2119342780235	-0.204650680504069	0.204650680504069	hypo	case		0.99	0.52	0.99	2.8	0.699178745142492	5
chr20	39778055	39779754	1700	28	22.7892857142857	0.276033958649214	0.276033958649214	0.291370997161367	0.291370997161367	hyper	case		0.373574528735764	0.52	0.52	0.5	0.54199328225688	5
chr21	19283994	19285234	1241	32	23.096875	-0.186434195612349	0.186434195612349	-0.193131589437768	0.193131589437768	hypo	case		0.0491410036731923	0.52	0.52	0.5	0.54199328225688	5
chr21	22612609	22613291	683	16	20.41875	-0.223994589202322	0.223994589202322	-0.257467768339108	0.257467768339108	hypo	case		0.368686450711794	0.52	0.52	0.5	0.54199328225688	5
chr20	11379268	11381223	1956	44	21.7511363636364	-0.211012160793587	0.211012160793587	-0.239151856551944	0.239151856551944	hypo	case		0.28710423249769	0.52	0.52	0.5	0.54199328225688	5
chr20	12965973	12966146	174	8	24.35	0.196479001849298	0.196479001849298	0.185717182099609	0.185717182099609	hyper	case		0.362810744567005	0.52	0.52	0.5	0.54199328225688	5
chr20	17014408	17014767	360	14	18.3321428571429	0.242519753416791	0.242519753416791	0.301197530081055	0.301197530081055	hyper	case		0.303291055139808	0.52	0.52	0.5	0.54199328225688	5
chr20	41682376	41682621	246	6	22.4666666666667	-0.113624154111875	0.113624154111875	-0.121417764494597	0.121417764494597	hypo	case		0.474884214229972	0.52	0.52	0.5	0.54199328225688	5
chr21	22912203	22913023	821	10	21.44	-0.16470505221535	0.16470505221535	-0.139623020179258	0.139623020179258	hypo	case		0.411984896352245	0.52	0.52	0.5	0.54199328225688	5
chr21	30747746	30748085	340	8	21.0625	-0.226769418692237	0.226769418692237	-0.201232923730734	0.201232923730734	hypo	case		0.390991992261591	0.52	0.52	0.5	0.54199328225688	5
chr21	20944819	20945232	414	12	18.7666666666667	-0.186001532859232	0.186001532859232	-0.197850557817904	0.197850557817904	hypo	case		0.738988359541267	0.52	0.738988359541267	2.8	0.699178745142492	5
chr20	60834375	60835136	762	20	22.995	-0.255180904679271	0.255180904679271	-0.305038523982261	0.305038523982261	hypo	case		0.0949813224221975	0.52	0.52	0.5	0.54199328225688	5
chr20	55980056	55980502	447	6	21.575	0.0369575786758148	0.0369575786758148	0.0527018348655346	0.0527018348655346	hyper	case		0.852529574584032	0.52	0.852529574584032	2.8	0.699178745142492	5
chr20	41252390	41253169	780	14	24.8357142857143	-0.221695511419202	0.221695511419202	-0.240433653224545	0.240433653224545	hypo	case		0.306156925048032	0.52	0.52	0.5	0.54199328225688	5
chr20	16178038	16179496	1459	21	20.5547619047619	-0.106182896951068	0.106182896951068	-0.124798491893651	0.140457420264499	hypo	case		0.902097528041985	0.52	0.902097528041985	2.8	0.699178745142492	5
chr21	24590961	24592636	1676	54	22.0037037037037	-0.223910847829309	0.223910847829309	-0.221466312065769	0.221466312065769	hypo	case		0.0754332337487174	0.52	0.52	0.5	0.54199328225688	5
chr20	38554805	38555368	564	10	18.045	-0.289750421702547	0.289750421702547	-0.31199450733654	0.31199450733654	hypo	case		0.39308332951548	0.52	0.52	0.5	0.54199328225688	5
chr21	21666587	21668244	1658	18	21.7555555555556	-0.239289077631536	0.239289077631536	-0.260789221995311	0.260789221995311	hypo	case		0.409112425805784	0.52	0.52	0.5	0.54199328225688	5
chr21	25594344	25594901	558	14	22.1178571428571	-0.226984589373201	0.226984589373201	-0.217848269546227	0.217848269546227	hypo	case		0.354677020449407	0.52	0.52	0.5	0.54199328225688	5
chr20	33170162	33170820	659	24	22.8833333333333	-0.245327816492299	0.245327816492299	-0.261472982753575	0.261472982753575	hypo	case		0.261044361628654	0.52	0.52	0.5	0.54199328225688	5
chr21	20940608	20941473	866	16	21.46875	-0.30490190227982	0.30490190227982	-0.308068900039006	0.308068900039006	hypo	case		0.0760935345699731	0.52	0.52	0.5	0.54199328225688	5
chr21	35514220	35515733	1514	20	22.675	-0.208599256199711	0.208599256199711	-0.25339937601119	0.25339937601119	hypo	case		0.204319104867596	0.52	0.52	0.5	0.54199328225688	5
chr21	21235421	21235546	126	6	20.7666666666667	-0.133582670543412	0.133582670543412	-0.106622698243854	0.106622698243854	hypo	case		0.387012173099133	0.52	0.52	0.5	0.54199328225688	5
chr21	35475571	35475984	414	10	23.105	-0.196176085168613	0.196176085168613	-0.184570436088828	0.184570436088828	hypo	case		0.466914479955533	0.52	0.52	0.5	0.54199328225688	5
chr20	9228939	9229283	345	10	20.32	-0.197722079564713	0.197722079564713	-0.207289061800664	0.207289061800664	hypo	case		0.110286779689184	0.52	0.52	0.5	0.54199328225688	5
chr21	20736546	20737164	619	14	21.6464285714286	0.226037407544478	0.226037407544478	0.193308398830333	0.193308398830333	hyper	case		0.342536022109423	0.52	0.52	0.5	0.54199328225688	5
chr20	40021521	40023453	1933	20	20.5225	0.298568060918147	0.298568060918147	0.288684911845586	0.288684911845586	hyper	case		0.426182990636276	0.52	0.52	0.5	0.54199328225688	5
chr20	41663648	41664892	1245	38	20.6789473684211	-0.277546254102872	0.277546254102872	-0.280115104319967	0.280115104319967	hypo	case		0.769520113349873	0.52	0.769520113349873	2.8	0.699178745142492	5
chr20	11402233	11402562	330	10	18.83	-0.208614730156063	0.208614730156063	-0.254482596155778	0.254482596155778	hypo	case		0.183868384149943	0.52	0.52	0.5	0.54199328225688	5
chr21	29762842	29764311	1470	18	22.0138888888889	0.244204571921571	0.244204571921571	0.257306320269665	0.257306320269665	hyper	case		0.394537299871526	0.52	0.52	0.5	0.54199328225688	5
chr21	23607785	23608981	1197	16	21.09375	0.271141269342208	0.271141269342208	0.25627313825617	0.25627313825617	hyper	case		0.576562547356534	0.52	0.576562547356534	0.6	0.585232407482571	5
chr20	52402616	52403618	1003	27	21.7185185185185	-0.259349943463287	0.259349943463287	-0.316733749819504	0.316733749819504	hypo	case		0.921185824061264	0.52	0.921185824061264	2.8	0.699178745142492	5
chr20	7392181	7393120	940	12	25.2791666666667	-0.225423648162907	0.225423648162907	-0.178820903504077	0.178820903504077	hypo	case		0.362037284008522	0.52	0.52	0.5	0.54199328225688	5
chr20	20428322	20428432	111	6	18.275	-0.0878680004181418	0.0878680004181418	-0.138300556147318	0.138300556147318	hypo	case		0.351770170062124	0.52	0.52	0.5	0.54199328225688	5
chr21	7011947	7012643	697	5	12.67	-0.203619902575495	0.203619902575495	-0.156340228277164	0.156340228277164	hypo	case		0.442327739798784	0.52	0.52	0.5	0.54199328225688	5
chr20	19626598	19628190	1593	36	22.8722222222222	-0.242072589311714	0.242072589311714	-0.258070901778228	0.258070901778228	hypo	case		0.630731801745454	0.52	0.630731801745454	1.3	0.631196923696201	5
chr21	19102699	19104686	1988	44	22.2806818181818	-0.316590818466072	0.316590818466072	-0.317594337216611	0.317594337216611	hypo	case		0.175179343317492	0.52	0.52	0.5	0.54199328225688	5
chr20	11980865	11981126	262	8	22.075	-0.17733175570969	0.17733175570969	-0.213405355989812	0.213405355989812	hypo	case		0.174641751676622	0.52	0.52	0.5	0.54199328225688	5
chr20	29481369	29482627	1259	32	18.540625	-0.283677956317742	0.283677956317742	-0.332621490743515	0.332621490743515	hypo	case		0.459116502860971	0.52	0.52	0.5	0.54199328225688	5
chr21	14433485	14435149	1665	23	12.0021739130435	-0.240646488927739	0.240646488927739	-0.277718198688542	0.277718198688542	hypo	case		0.213404842886572	0.52	0.52	0.5	0.54199328225688	5
chr21	23179900	23180879	980	20	23.065	-0.310870725139623	0.310870725139623	-0.333153963591947	0.333153963591947	hypo	case		0.117770255032289	0.52	0.52	0.5	0.54199328225688	5
chr21	13074380	13074676	297	12	22.35	-0.175572251162595	0.175572251162595	-0.187065475600025	0.187065475600025	hypo	case		0.723709041622156	0.52	0.723709041622156	2.8	0.699178745142492	5
chr21	25088282	25088398	117	6	23.8166666666667	-0.132707027985388	0.132707027985388	-0.095505387616853	0.095505387616853	hypo	case		0.16838742681073	0.52	0.52	0.5	0.54199328225688	5
chr21	6895209	6895648	440	6	15.2833333333333	0.136226490321422	0.136226490321422	0.0776022483363301	0.115598851155934	hyper	case		0.980600194483793	0.52	0.980600194483793	2.8	0.699178745142492	5
chr20	10882988	10883399	412	12	23.2083333333333	-0.163624042308087	0.163624042308087	-0.165340543265333	0.165340543265333	hypo	case		0.530546952249061	0.52	0.530546952249061	0.5	0.54199328225688	5
chr20	60854620	60855607	988	14	19.4714285714286	-0.190704213028992	0.190704213028992	-0.169971974672305	0.169971974672305	hypo	case		0.332169793403752	0.52	0.52	0.5	0.54199328225688	5
chr21	20041376	20042852	1477	18	22.5	-0.190339945087993	0.190339945087993	-0.219658397754528	0.219658397754528	hypo	case		0.570051203358912	0.52	0.570051203358912	0.6	0.585232407482571	5
chr20	39771241	39771758	518	10	23.38	-0.237981393718006	0.237981393718006	-0.279434715536375	0.279434715536375	hypo	case		0.2973632939755	0.52	0.52	0.5	0.54199328225688	5
chr20	9440985	9442848	1864	28	19.0410714285714	0.173425580653351	0.173425580653351	0.255705413243634	0.255705413243634	hyper	case		0.264844836879474	0.52	0.52	0.5	0.54199328225688	5
chr20	12624440	12626006	1567	16	21.415625	-0.173737172066053	0.173737172066053	-0.219984427466486	0.219984427466486	hypo	case		0.425945324984669	0.52	0.52	0.5	0.54199328225688	5
chr20	39263515	39264820	1306	20	19.45	0.142811093415721	0.142811093415721	0.141689619796023	0.141689619796023	hyper	case		0.132700042578237	0.52	0.52	0.5	0.54199328225688	5
chr20	7817595	7818812	1218	22	23.3931818181818	-0.321286627965231	0.321286627965231	-0.317444860513636	0.317444860513636	hypo	case		0.208242439645253	0.52	0.52	0.5	0.54199328225688	5
chr21	28841583	28842030	448	8	20.3	-0.174040331768389	0.174040331768389	-0.175565995196696	0.175565995196696	hypo	case		0.528541272988445	0.52	0.528541272988445	0.5	0.54199328225688	5
chr21	19215460	19216125	666	12	19.9333333333333	-0.306981334183292	0.306981334183292	-0.342798603328618	0.342798603328618	hypo	case		0.960872843695866	0.52	0.960872843695866	2.8	0.699178745142492	5
chr20	13332844	13334481	1638	32	21.39375	-0.199411779740394	0.199411779740394	-0.206142043293319	0.206142043293319	hypo	case		0.439646806744985	0.52	0.52	0.5	0.54199328225688	5
chr20	10208341	10208676	336	6	22.9	-0.194557994453378	0.194557994453378	-0.115505308953539	0.115505308953539	hypo	case		0.314622340819225	0.52	0.52	0.5	0.54199328225688	5
chr20	39692327	39693509	1183	14	21.9107142857143	0.221363221554609	0.221363221554609	0.27765881781857	0.27765881781857	hyper	case		0.38206445982527	0.52	0.52	0.5	0.54199328225688	5
chr20	7070680	7071705	1026	18	23.5333333333333	0.177954442875425	0.177954442875425	0.167183017765841	0.167183017765841	hyper	case		0.516577902235787	0.52	0.52	0.5	0.54199328225688	5
chr21	13007458	13007776	319	18	42.9166666666667	-0.217628020274713	0.217628020274713	-0.227871936117104	0.227871936117104	hypo	case		0.162599223938096	0.52	0.52	0.5	0.54199328225688	5
chr21	10472438	10473719	1282	18	85.1888888888889	-0.195413788697435	0.195413788697435	-0.18166442424234	0.18166442424234	hypo	case		0.602288104382312	0.52	0.602288104382312	0.7	0.602839879609658	5
chr21	6991684	6992600	917	8	12.59375	-0.264720146546341	0.264720146546341	-0.280299695655842	0.280299695655842	hypo	case		0.222380321099982	0.52	0.52	0.5	0.54199328225688	5
chr21	23162427	23162782	356	8	21.23125	0.188642306477495	0.188642306477495	0.169539525260835	0.169539525260835	hyper	case		0.636102453538805	0.52	0.636102453538805	1.9	0.633424344274593	5
chr20	14554224	14554399	176	11	20.2454545454545	-0.213653779255946	0.213653779255946	-0.279312017854627	0.279312017854627	hypo	case		0.265849003179302	0.52	0.52	0.5	0.54199328225688	5
chr21	43086607	43087956	1350	7	12.9142857142857	0.141856822758294	0.141856822758294	0.184402784401946	0.184402784401946	hyper	case		0.321577951756612	0.52	0.52	0.5	0.54199328225688	5
chr20	212858	213984	1127	40	21.125	-0.302883449843295	0.302883449843295	-0.285033420834268	0.285033420834268	hypo	case		0.177451150343302	0.52	0.52	0.5	0.54199328225688	5
chr20	11652225	11654074	1850	33	20.7212121212121	-0.284577868040133	0.284577868040133	-0.316833919450715	0.316833919450715	hypo	case		0.397782748913913	0.52	0.52	0.5	0.54199328225688	5
chr20	39698238	39699354	1117	12	20.2541666666667	-0.199593770103811	0.199593770103811	-0.18740685759598	0.18740685759598	hypo	case		0.264138117204305	0.52	0.52	0.5	0.54199328225688	5
chr21	9263353	9264770	1418	26	32.3711538461538	-0.250497408273274	0.250497408273274	-0.295448238281475	0.295448238281475	hypo	case		0.133017574510559	0.52	0.52	0.5	0.54199328225688	5
chr20	14244311	14245384	1074	32	24.3921875	-0.242778745700478	0.242778745700478	-0.241962152610529	0.241962152610529	hypo	case		0.464201336771038	0.52	0.52	0.5	0.54199328225688	5
chr21	27424562	27426406	1845	22	23.4181818181818	-0.167057156937887	0.167057156937887	-0.2124975224565	0.2124975224565	hypo	case		0.659168153183494	0.52	0.659168153183494	2.3	0.659306801480108	5
chr20	39825044	39826559	1516	18	21.3166666666667	0.177863705189224	0.177863705189224	0.203024477170485	0.203024477170485	hyper	case		0.632980000749672	0.52	0.632980000749672	1.9	0.633424344274593	5
chr21	19621185	19621707	523	6	18.8416666666667	-0.236953571392401	0.236953571392401	-0.13823699990855	0.13823699990855	hypo	case		0.512327169611106	0.52	0.52	0.5	0.54199328225688	5
chr21	32923955	32924913	959	16	21.859375	-0.272254412815637	0.272254412815637	-0.298822028194695	0.298822028194695	hypo	case		0.137301283937114	0.52	0.52	0.5	0.54199328225688	5
chr20	29399174	29399924	751	8	29.9875	-0.18697002150797	0.18697002150797	-0.154453455423143	0.154453455423143	hypo	case		0.194530620461529	0.52	0.52	0.5	0.54199328225688	5
chr20	22004742	22005886	1145	10	20.165	0.244613857603239	0.244613857603239	0.294020694292252	0.294020694292252	hyper	case		0.582202821672129	0.52	0.582202821672129	0.6	0.585232407482571	5
chr20	55365059	55366632	1574	16	21.6375	-0.293967714390088	0.293967714390088	-0.291580308897576	0.291580308897576	hypo	case		0.303821973166227	0.52	0.52	0.5	0.54199328225688	5
chr21	9540527	9541300	774	22	30.3022727272727	0.187652493779428	0.187652493779428	0.218801028110216	0.218801028110216	hyper	case		0.244377702068332	0.52	0.52	0.5	0.54199328225688	5
chr20	11987731	11988024	294	6	21.5833333333333	-0.128593671978338	0.128593671978338	-0.107029725326838	0.107029725326838	hypo	case		0.158673460209371	0.52	0.52	0.5	0.54199328225688	5
chr21	31707999	31708367	369	32	23.4390625	0.183838682782704	0.183838682782704	0.210345079801941	0.210345079801941	hyper	case		0.263527621597398	0.52	0.52	0.5	0.54199328225688	5
chr21	15941728	15942000	273	8	23.08125	-0.106520936585024	0.106520936585024	-0.120508178645801	0.120508178645801	hypo	case		0.24993665563028	0.52	0.52	0.5	0.54199328225688	5
chr21	19671158	19672504	1347	18	20.2611111111111	-0.206283647002132	0.206283647002132	-0.255012360730936	0.255012360730936	hypo	case		0.228576146290214	0.52	0.52	0.5	0.54199328225688	5
chr21	24590161	24590450	290	8	20.6125	0.183255362138784	0.183255362138784	0.222892029755353	0.222892029755353	hyper	case		0.622277895222133	0.52	0.622277895222133	1.8	0.625305162337618	5
chr20	5341921	5342415	495	10	18.065	0.191699951581387	0.191699951581387	0.147371812940824	0.147371812940824	hyper	case		0.303764263734033	0.52	0.52	0.5	0.54199328225688	5
chr20	14951462	14952471	1010	14	19.7107142857143	-0.275052563167672	0.275052563167672	-0.258295160531037	0.258295160531037	hypo	case		0.99	0.52	0.99	2.8	0.699178745142492	5
chr20	39885892	39886905	1014	26	22.6057692307692	0.218855751759912	0.218855751759912	0.305173704485897	0.305173704485897	hyper	case		0.360747059389553	0.52	0.52	0.5	0.54199328225688	5
chr20	9584398	9585794	1397	28	23.2303571428571	-0.211428328415053	0.211428328415053	-0.258022898925309	0.258022898925309	hypo	case		0.197198824861437	0.52	0.52	0.5	0.54199328225688	5
chr20	28932896	28934732	1837	18	21.3416666666667	-0.244122150812095	0.244122150812095	-0.244079562723431	0.244079562723431	hypo	case		0.452381290003613	0.52	0.52	0.5	0.54199328225688	5
chr20	24184647	24185723	1077	26	20.9346153846154	-0.286834919238978	0.286834919238978	-0.29309091838896	0.29309091838896	hypo	case		0.290368931143771	0.52	0.52	0.5	0.54199328225688	5
chr20	22084268	22084497	230	10	20.93	-0.15642762861344	0.15642762861344	-0.124492361219982	0.124492361219982	hypo	case		0.341241769247258	0.52	0.52	0.5	0.54199328225688	5
chr21	20218610	20219409	800	10	25.225	-0.207447722628591	0.207447722628591	-0.223785001151545	0.223785001151545	hypo	case		0.535350412736006	0.52	0.535350412736006	0.5	0.54199328225688	5
chr20	14539681	14540257	577	8	23.65	0.207455920487386	0.207455920487386	0.203190355824431	0.203190355824431	hyper	case		0.221883623149271	0.52	0.52	0.5	0.54199328225688	5
chr21	23061651	23063572	1922	76	23.4559210526316	-0.281718502987557	0.281718502987557	-0.289813536846446	0.289813536846446	hypo	case		0.282681882465769	0.52	0.52	0.5	0.54199328225688	5
chr20	56243090	56243359	270	6	26.4166666666667	-0.177707700080533	0.177707700080533	-0.115524963437976	0.115524963437976	hypo	case		0.379881143154504	0.52	0.52	0.5	0.54199328225688	5
chr20	39748159	39748388	230	6	21.925	0.0813560377385568	0.0813560377385568	0.0858547873384653	0.0858547873384653	hyper	case		0.180240887857466	0.52	0.52	0.5	0.54199328225688	5
chr21	16961392	16961914	523	8	20.39375	-0.0979243017449539	0.0979243017449539	-0.129162418184685	0.129162418184685	hypo	case		0.365321296582805	0.52	0.52	0.5	0.54199328225688	5
chr20	7410169	7411258	1090	23	20.1391304347826	-0.237800794746456	0.237800794746456	-0.233942342840219	0.233942342840219	hypo	case		0.439424495539412	0.52	0.52	0.5	0.54199328225688	5
chr21	30110490	30112237	1748	40	22.1425	-0.208150580716283	0.208150580716283	-0.221662976788189	0.221662976788189	hypo	case		0.485523026226373	0.52	0.52	0.5	0.54199328225688	5
chr21	27340902	27341169	268	6	19.05	-0.11530991908229	0.11530991908229	-0.0864682630478028	0.0864682630478028	hypo	case		0.271914592294868	0.52	0.52	0.5	0.54199328225688	5
chr21	21971585	21973183	1599	24	20.4333333333333	0.179679416082028	0.179679416082028	0.170215764361593	0.170215764361593	hyper	case		0.146462511459772	0.52	0.52	0.5	0.54199328225688	5
chr21	13250362	13251266	905	12	22.9583333333333	0.169100493511333	0.169100493511333	0.20384128674914	0.20384128674914	hyper	case		0.564894614791812	0.52	0.564894614791812	0.6	0.585232407482571	5
chr21	27025337	27027305	1969	50	21.055	-0.303148231502731	0.303148231502731	-0.297164692044853	0.297164692044853	hypo	case		0.779179863855466	0.52	0.779179863855466	2.8	0.699178745142492	5
chr20	16457375	16458905	1531	28	21.5553571428571	0.221216167424706	0.221216167424706	0.253465047729502	0.253465047729502	hyper	case		0.398755694407012	0.52	0.52	0.5	0.54199328225688	5
chr20	55955236	55955412	177	6	20.125	-0.144461696115026	0.144461696115026	-0.122087987922588	0.122087987922588	hypo	case		0.0752912071548532	0.52	0.52	0.5	0.54199328225688	5
chr20	29631043	29633013	1971	28	27.9803571428571	-0.217949917562545	0.217949917562545	-0.279084108412445	0.279084108412445	hypo	case		0.251562168815609	0.52	0.52	0.5	0.54199328225688	5
chr21	19490080	19490683	604	8	21.725	0.160381268534443	0.160381268534443	0.202412333398737	0.202412333398737	hyper	case		0.161085304809475	0.52	0.52	0.5	0.54199328225688	5
chr20	13967746	13968829	1084	14	22.1035714285714	0.209442203294911	0.209442203294911	0.25302866152759	0.25302866152759	hyper	case		0.201661660065866	0.52	0.52	0.5	0.54199328225688	5
chr20	53027573	53028685	1113	26	21.5096153846154	-0.245078280772965	0.245078280772965	-0.23542527005985	0.23542527005985	hypo	case		0.54943343664424	0.52	0.54943343664424	0.5	0.54199328225688	5
chr20	6792228	6794111	1884	38	22.4368421052632	-0.27858162159339	0.27858162159339	-0.283734403873681	0.283734403873681	hypo	case		0.171849857477552	0.52	0.52	0.5	0.54199328225688	5
chr20	35375367	35377010	1644	50	23.476	-0.272465494758217	0.272465494758217	-0.30782012551831	0.30782012551831	hypo	case		0.131371469651027	0.52	0.52	0.5	0.54199328225688	5
chr21	15766672	15767118	447	8	23.2875	-0.175318024270121	0.175318024270121	-0.178550302642142	0.178550302642142	hypo	case		0.319785999821588	0.52	0.52	0.5	0.54199328225688	5
chr20	33140169	33141528	1360	24	19.7458333333333	-0.272691856000255	0.272691856000255	-0.238680556645864	0.238680556645864	hypo	case		0.203337945006058	0.52	0.52	0.5	0.54199328225688	5
chr21	30315407	30316768	1362	20	19.68	-0.239467441283791	0.239467441283791	-0.299944513912147	0.299944513912147	hypo	case		0.261883574414749	0.52	0.52	0.5	0.54199328225688	5
chr20	35459016	35459074	59	6	20.0166666666667	-0.196582029454063	0.196582029454063	-0.15198423261208	0.15198423261208	hypo	case		0.0610855432605001	0.52	0.52	0.5	0.54199328225688	5
chr20	26181622	26181775	154	6	19.5666666666667	-0.16719259838224	0.16719259838224	-0.148303096338013	0.148303096338013	hypo	case		0.393322002752484	0.52	0.52	0.5	0.54199328225688	5
chr21	23190608	23192391	1784	18	22.2777777777778	-0.218838867552983	0.218838867552983	-0.253665322791352	0.253665322791352	hypo	case		0.387018148022514	0.52	0.52	0.5	0.54199328225688	5
chr20	10400532	10401160	629	32	23.475	-0.243449740729333	0.243449740729333	-0.232030449379537	0.232030449379537	hypo	case		0.628803665824464	0.52	0.628803665824464	2.6	0.628345161921348	5
chr20	19240839	19242805	1967	70	20.9985714285714	-0.241437214479813	0.241437214479813	-0.278913049795464	0.278913049795464	hypo	case		0.148559457864174	0.52	0.52	0.5	0.54199328225688	5
chr20	29524364	29525396	1033	14	27.1857142857143	-0.178943475897618	0.178943475897618	-0.165152465513648	0.165152465513648	hypo	case		0.0552624716337831	0.52	0.52	0.5	0.54199328225688	5
chr20	40303580	40305048	1469	22	20.5863636363636	0.312173786436738	0.312173786436738	0.332181015053906	0.332181015053906	hyper	case		0.231063492228145	0.52	0.52	0.5	0.54199328225688	5
chr20	45213938	45214407	470	10	22.785	-0.243857814667339	0.243857814667339	-0.319735038142144	0.319735038142144	hypo	case		0.172362465255638	0.52	0.52	0.5	0.54199328225688	5
chr20	12798295	12798514	220	8	19.2125	0.15473007083716	0.15473007083716	0.203691994269214	0.203691994269214	hyper	case		0.363106377538609	0.52	0.52	0.5	0.54199328225688	5
chr21	21779651	21781076	1426	18	22.0916666666667	0.179511286498583	0.179511286498583	0.193180067830529	0.193180067830529	hyper	case		0.542421890997585	0.52	0.542421890997585	0.5	0.54199328225688	5
chr21	13951339	13952044	706	12	20.275	-0.233735053264635	0.233735053264635	-0.213786246031833	0.213786246031833	hypo	case		0.0667998356718888	0.52	0.52	0.5	0.54199328225688	5
chr20	2410583	2410829	247	6	23.9	-0.205883805379086	0.205883805379086	-0.212117120818872	0.212117120818872	hypo	case		0.672085582549834	0.52	0.672085582549834	2.7	0.672386119003475	5
chr20	8351636	8353068	1433	10	21.345	-0.280374472106367	0.280374472106367	-0.301893002468135	0.301893002468135	hypo	case		0.321294974125012	0.52	0.52	0.5	0.54199328225688	5
chr20	6939270	6940728	1459	21	20.5333333333333	0.253303129518539	0.253303129518539	0.289264381017205	0.289264381017205	hyper	case		0.116251142156367	0.52	0.52	0.5	0.54199328225688	5
chr20	55231189	55231901	713	10	22.575	-0.151699928492939	0.151699928492939	-0.142625464772254	0.142625464772254	hypo	case		0.298374814668635	0.52	0.52	0.5	0.54199328225688	5
chr20	54107356	54109167	1812	22	22.3568181818182	0.202740555018326	0.202740555018326	0.304960339144046	0.304960339144046	hyper	case		0.129761841946744	0.52	0.52	0.5	0.54199328225688	5
chr20	13592069	13592385	317	14	20.3178571428571	-0.266362520380693	0.266362520380693	-0.305561258161527	0.305561258161527	hypo	case		0.250714617335801	0.52	0.52	0.5	0.54199328225688	5
chr20	22952353	22953520	1168	18	25.7305555555556	-0.235990015870524	0.235990015870524	-0.258608943078903	0.258608943078903	hypo	case		0.467921290636219	0.52	0.52	0.5	0.54199328225688	5
chr20	14385449	14386024	576	8	22.34375	0.104812136950989	0.104812136950989	0.129742596822045	0.129742596822045	hyper	case		0.181719438847124	0.52	0.52	0.5	0.54199328225688	5
chr21	14750874	14752037	1164	16	21.840625	-0.194279034471563	0.194279034471563	-0.203347009771443	0.203347009771443	hypo	case		0.525174017280592	0.52	0.525174017280592	0.5	0.54199328225688	5
chr21	24257865	24257978	114	5	21.46	-0.162218418399169	0.162218418399169	-0.168228456661404	0.168228456661404	hypo	case		0.232940346001406	0.52	0.52	0.5	0.54199328225688	5
chr20	14053376	14054080	705	16	19.715625	-0.239232331427172	0.239232331427172	-0.270721857326294	0.270721857326294	hypo	case		0.296609626747231	0.52	0.52	0.5	0.54199328225688	5
chr20	39660949	39661696	748	10	21.24	-0.23760189913566	0.23760189913566	-0.244197244708988	0.244197244708988	hypo	case		0.374707779349763	0.52	0.52	0.5	0.54199328225688	5
chr20	49212601	49214513	1913	56	24.3803571428571	-0.252265889838401	0.252265889838401	-0.268869973063028	0.268869973063028	hypo	case		0.485515205284811	0.52	0.52	0.5	0.54199328225688	5
chr20	9667761	9668955	1195	16	19.90625	-0.293444569229158	0.293444569229158	-0.293838071595753	0.293838071595753	hypo	case		0.286575569995532	0.52	0.52	0.5	0.54199328225688	5
chr21	5684185	5685200	1016	7	10.8214285714286	0.264827550921301	0.264827550921301	0.308005017663835	0.308005017663835	hyper	case		0.373765934146589	0.52	0.52	0.5	0.54199328225688	5
chr20	55273570	55274522	953	18	22.3361111111111	-0.26870128564967	0.26870128564967	-0.312263197270743	0.312263197270743	hypo	case		0.339051849860562	0.52	0.52	0.5	0.54199328225688	5
chr20	16926372	16927120	749	24	24.1729166666667	-0.292808558260937	0.292808558260937	-0.3108269704571	0.3108269704571	hypo	case		0.320630665796467	0.52	0.52	0.5	0.54199328225688	5
chr21	7305386	7306486	1101	16	45.978125	0.185961563849286	0.185961563849286	0.212317806089396	0.212317806089396	hyper	case		0.170252208427952	0.52	0.52	0.5	0.54199328225688	5
chr21	15449770	15450314	545	6	22.8333333333333	-0.18272532259657	0.18272532259657	-0.122398809593041	0.122398809593041	hypo	case		0.360366588008653	0.52	0.52	0.5	0.54199328225688	5
chr21	15253966	15254807	842	18	22.2416666666667	-0.237191027582131	0.237191027582131	-0.25063437785436	0.25063437785436	hypo	case		0.49746712031393	0.52	0.52	0.5	0.54199328225688	5
chr20	16583348	16583612	265	8	21.45	0.20370700506889	0.20370700506889	0.172267419249355	0.172267419249355	hyper	case		0.365922981736979	0.52	0.52	0.5	0.54199328225688	5
chr21	38058293	38058712	420	6	19.2333333333333	0.0348667799470313	0.0348667799470313	0.0819524290122152	0.0819524290122152	hyper	case		0.096038258690155	0.52	0.52	0.5	0.54199328225688	5
chr21	28445061	28446458	1398	22	23.1545454545455	-0.248200332293495	0.248200332293495	-0.305533007707249	0.305533007707249	hypo	case		0.177556608987244	0.52	0.52	0.5	0.54199328225688	5
chr21	19992255	19992404	150	6	19.55	-0.130574956626621	0.130574956626621	-0.123412717583662	0.123412717583662	hypo	case		0.553687315722084	0.52	0.553687315722084	0.5	0.54199328225688	5
chr20	24939985	24941601	1617	26	21.7192307692308	-0.231476462548558	0.231476462548558	-0.242044520502413	0.242044520502413	hypo	case		0.219396584838078	0.52	0.52	0.5	0.54199328225688	5
chr21	23103671	23104268	598	8	19.4125	-0.138271591747443	0.138271591747443	-0.167777192349777	0.167777192349777	hypo	case		0.467564456995606	0.52	0.52	0.5	0.54199328225688	5
chr20	16845980	16846699	720	10	21.915	-0.200144982521541	0.200144982521541	-0.232297355282824	0.232297355282824	hypo	case		0.59990766178003	0.52	0.59990766178003	0.9	0.600455710553614	5
chr20	15483258	15484283	1026	10	23.675	-0.269290791617355	0.269290791617355	-0.226169386540424	0.226169386540424	hypo	case		0.25403313773927	0.52	0.52	0.5	0.54199328225688	5
chr21	34550928	34551169	242	8	22.6125	-0.349039336290749	0.349039336290749	-0.366865113535254	0.366865113535254	hypo	case		0.72974419682971	0.52	0.72974419682971	2.8	0.699178745142492	5
chr20	60400276	60401094	819	10	20.75	-0.157945407842833	0.157945407842833	-0.120906505271996	0.120906505271996	hypo	case		0.177352591753858	0.52	0.52	0.5	0.54199328225688	5
chr20	4645769	4646651	883	22	19.7931818181818	-0.194464396294079	0.194464396294079	-0.230206819963345	0.230206819963345	hypo	case		0.414664691797934	0.52	0.52	0.5	0.54199328225688	5
chr21	15069076	15070276	1201	20	23.0875	-0.268782069053239	0.268782069053239	-0.273274773122544	0.273274773122544	hypo	case		0.516408925330037	0.52	0.52	0.5	0.54199328225688	5
chr21	24157244	24157662	419	6	20.2333333333333	-0.140338635310852	0.140338635310852	-0.113174373002439	0.113174373002439	hypo	case		0.346414555511274	0.52	0.52	0.5	0.54199328225688	5
chr20	60970107	60971747	1641	34	22.7544117647059	0.23712839475307	0.23712839475307	0.267272861554418	0.267272861554418	hyper	case		0.38566866534747	0.52	0.52	0.5	0.54199328225688	5
chr20	40060121	40060551	431	10	21.785	-0.182366526517708	0.182366526517708	-0.161926560113606	0.161926560113606	hypo	case		0.27218068738811	0.52	0.52	0.5	0.54199328225688	5
chr20	30475026	30475201	176	8	19.98125	-0.0973610551530516	0.0973610551530516	-0.137133517448491	0.137133517448491	hypo	case		0.694043341646963	0.52	0.694043341646963	1.4	0.694391410451815	5
chr21	15795550	15797394	1845	18	21.5277777777778	0.246684405111046	0.246684405111046	0.25771786364545	0.25771786364545	hyper	case		0.145091207417724	0.52	0.52	0.5	0.54199328225688	5
chr20	16641947	16642034	88	6	22.85	-0.145178578668492	0.145178578668492	-0.152128162227231	0.152128162227231	hypo	case		0.0642651479598083	0.52	0.52	0.5	0.54199328225688	5
chr21	9871160	9871748	589	8	64.05	0.338757340858072	0.338757340858072	0.305265060498195	0.305265060498195	hyper	case		0.653828451670051	0.52	0.653828451670051	3	0.656090136222712	5
chr21	13964461	13965239	779	6	22.3333333333333	-0.188852239249696	0.188852239249696	-0.121747759946855	0.121747759946855	hypo	case		0.567169372372756	0.52	0.567169372372756	0.6	0.585232407482571	5
chr20	55183118	55183302	185	6	19.7833333333333	-0.149015793421596	0.149015793421596	-0.137451094459373	0.137451094459373	hypo	case		0.188042863349027	0.52	0.52	0.5	0.54199328225688	5
chr21	22755698	22757054	1357	14	20.8607142857143	-0.328738118754694	0.328738118754694	-0.307429375006515	0.307429375006515	hypo	case		0.423935020517984	0.52	0.52	0.5	0.54199328225688	5
chr21	14675517	14676866	1350	26	20.3134615384615	0.254642118694474	0.254642118694474	0.271059877729143	0.271059877729143	hyper	case		0.29223726773525	0.52	0.52	0.5	0.54199328225688	5
chr21	11119547	11120493	947	16	39.025	-0.19321628263629	0.19321628263629	-0.221913212991288	0.221913212991288	hypo	case		0.198981110534035	0.52	0.52	0.5	0.54199328225688	5
chr20	19642970	19643455	486	16	20.68125	-0.154116273377954	0.154116273377954	-0.19178418218495	0.19178418218495	hypo	case		0.628802986677079	0.52	0.628802986677079	2.6	0.628345161921348	5
chr21	15415712	15417323	1612	18	21.4888888888889	-0.283214909144532	0.283214909144532	-0.300997890416337	0.300997890416337	hypo	case		0.384517591597451	0.52	0.52	0.5	0.54199328225688	5
chr21	40808859	40810584	1726	40	24.40125	-0.309975483783211	0.309975483783211	-0.329518118752608	0.329518118752608	hypo	case		0.386782182346532	0.52	0.52	0.5	0.54199328225688	5
chr21	40612134	40613076	943	14	18.7071428571429	-0.264779912943519	0.264779912943519	-0.318317532137041	0.318317532137041	hypo	case		0.380025252038305	0.52	0.52	0.5	0.54199328225688	5
chr21	26147408	26148613	1206	20	21.0575	0.278816249126446	0.278816249126446	0.309090616412041	0.309090616412041	hyper	case		0.414027747897029	0.52	0.52	0.5	0.54199328225688	5
chr21	18843284	18844144	861	10	24.465	-0.272673828926117	0.272673828926117	-0.311836136699473	0.311836136699473	hypo	case		0.309217182108118	0.52	0.52	0.5	0.54199328225688	5
chr20	33556068	33556327	260	14	19.2857142857143	0.128015730719357	0.128015730719357	0.133465731389885	0.133465731389885	hyper	case		0.264991336068107	0.52	0.52	0.5	0.54199328225688	5
chr20	8270958	8271213	256	6	20.75	0.123089570362184	0.123089570362184	0.0997687498240714	0.0997687498240714	hyper	case		0.342418967922957	0.52	0.52	0.5	0.54199328225688	5
chr20	17069330	17070935	1606	20	20.8925	-0.281677565711531	0.281677565711531	-0.291065403627796	0.291065403627796	hypo	case		0.603852614361331	0.52	0.603852614361331	0.7	0.602839879609658	5
chr20	56495115	56495748	634	16	21.85	-0.279785572101877	0.279785572101877	-0.303726301411859	0.303726301411859	hypo	case		0.243379241378528	0.52	0.52	0.5	0.54199328225688	5
chr21	16440779	16442445	1667	26	20.2519230769231	-0.23215559186399	0.23215559186399	-0.253485497138253	0.253485497138253	hypo	case		0.133261114208151	0.52	0.52	0.5	0.54199328225688	5
chr20	43050276	43050558	283	16	20.140625	-0.317900542890775	0.317900542890775	-0.339011401614789	0.339011401614789	hypo	case		0.106888383053918	0.52	0.52	0.5	0.54199328225688	5
chr20	15245728	15246121	394	10	18.265	-0.142261687542016	0.142261687542016	-0.14050864514163	0.14050864514163	hypo	case		0.196152927157178	0.52	0.52	0.5	0.54199328225688	5
chr21	14048486	14049085	600	6	22.825	-0.131063834590644	0.131063834590644	-0.105288557121368	0.105288557121368	hypo	case		0.327375322870594	0.52	0.52	0.5	0.54199328225688	5
chr21	25089233	25089629	397	6	23.325	-0.15295160213779	0.15295160213779	-0.123483655085428	0.123483655085428	hypo	case		0.248362480306346	0.52	0.52	0.5	0.54199328225688	5
chr20	26144428	26144944	517	14	23.225	-0.196961240165728	0.196961240165728	-0.286434584795483	0.286434584795483	hypo	case		0.498937782724128	0.52	0.52	0.5	0.54199328225688	5
chr20	10800025	10801133	1109	26	17.5846153846154	-0.200638916872184	0.200638916872184	-0.234740274181982	0.234740274181982	hypo	case		0.289257452817066	0.52	0.52	0.5	0.54199328225688	5
chr20	39776451	39777424	974	16	23.73125	-0.303062165520725	0.303062165520725	-0.318353454638015	0.318353454638015	hypo	case		0.127139578167008	0.52	0.52	0.5	0.54199328225688	5
chr21	18839728	18840501	774	6	20.8	0.142302127454366	0.142302127454366	0.119436430858129	0.119436430858129	hyper	case		0.393342557726935	0.52	0.52	0.5	0.54199328225688	5
chr21	25126126	25127152	1027	18	22.1888888888889	0.203750730540957	0.203750730540957	0.227283274841278	0.227283274841278	hyper	case		0.233946952327082	0.52	0.52	0.5	0.54199328225688	5
chr21	18212853	18213414	562	8	20.35625	-0.23248053265949	0.23248053265949	-0.198025916158562	0.198025916158562	hypo	case		0.178173081318513	0.52	0.52	0.5	0.54199328225688	5
chr20	54510650	54511029	380	14	24.0571428571429	-0.319899523927529	0.319899523927529	-0.344060872483333	0.344060872483333	hypo	case		0.475346783599843	0.52	0.52	0.5	0.54199328225688	5
chr20	50554426	50554756	331	8	24.36875	-0.134029517421573	0.134029517421573	-0.16133628082333	0.16133628082333	hypo	case		0.267325014910749	0.52	0.52	0.5	0.54199328225688	5
chr21	30928551	30928747	197	8	17.25625	-0.180866108874327	0.180866108874327	-0.156494237052727	0.156494237052727	hypo	case		0.0571811526474927	0.52	0.52	0.5	0.54199328225688	5
chr21	20291335	20293269	1935	42	20.7809523809524	-0.227198002213529	0.227198002213529	-0.260098991854424	0.260098991854424	hypo	case		0.391829946733178	0.52	0.52	0.5	0.54199328225688	5
chr20	40396605	40397236	632	12	21.9166666666667	-0.243078581831072	0.243078581831072	-0.305072433888355	0.305072433888355	hypo	case		0.270803433843166	0.52	0.52	0.5	0.54199328225688	5
chr20	52404663	52405643	981	12	22.6	-0.210077710050583	0.210077710050583	-0.204232621915879	0.204232621915879	hypo	case		0.854146775090036	0.52	0.854146775090036	2.8	0.699178745142492	5
chr20	8440865	8442308	1444	30	22.2316666666667	0.224550824867382	0.224550824867382	0.252683641096584	0.252683641096584	hyper	case		0.341966623106767	0.52	0.52	0.5	0.54199328225688	5
chr21	18539032	18539604	573	10	21.355	-0.264430847337841	0.264430847337841	-0.249145669820136	0.249145669820136	hypo	case		0.334810031891047	0.52	0.52	0.5	0.54199328225688	5
chr20	52570128	52571486	1359	18	20.825	-0.361392295179622	0.361392295179622	-0.393238531338086	0.393238531338086	hypo	case		0.123049320843642	0.52	0.52	0.5	0.54199328225688	5
chr20	8097094	8098586	1493	14	20.2392857142857	-0.248022931849247	0.248022931849247	-0.248111012131677	0.248111012131677	hypo	case		0.351079142714186	0.52	0.52	0.5	0.54199328225688	5
chr21	16330447	16331805	1359	28	21.8160714285714	-0.191599418832518	0.191599418832518	-0.216753990208503	0.216753990208503	hypo	case		0.480594111624121	0.52	0.52	0.5	0.54199328225688	5
chr21	9124162	9125060	899	7	14.1785714285714	-0.19280600398054	0.19280600398054	-0.206789356534937	0.206789356534937	hypo	case		0.154975587471444	0.52	0.52	0.5	0.54199328225688	5
chr21	19362561	19363098	538	6	20.95	-0.185769965292122	0.185769965292122	-0.15519552063781	0.15519552063781	hypo	case		0.511610844427742	0.52	0.52	0.5	0.54199328225688	5
chr20	32320935	32321458	524	12	19.2833333333333	-0.285213759052701	0.285213759052701	-0.315804636748224	0.315804636748224	hypo	case		0.47130672211166	0.52	0.52	0.5	0.54199328225688	5
chr20	29610040	29610887	848	12	19.6166666666667	0.210906632048102	0.210906632048102	0.238523486284558	0.238523486284558	hyper	case		0.328749805020813	0.52	0.52	0.5	0.54199328225688	5
chr21	10071337	10071505	169	8	34.65	0.174630582407751	0.174630582407751	0.166138141885965	0.166138141885965	hyper	case		0.502754145450231	0.52	0.52	0.5	0.54199328225688	5
chr21	25243825	25244874	1050	20	23.735	-0.29083486689719	0.29083486689719	-0.304783320337838	0.304783320337838	hypo	case		0.244946632686137	0.52	0.52	0.5	0.54199328225688	5
chr21	23481383	23481934	552	10	20.33	0.199205068483176	0.199205068483176	0.148820878184205	0.148820878184205	hyper	case		0.354072703041452	0.52	0.52	0.5	0.54199328225688	5
chr21	13081031	13081352	322	6	25.5	-0.2776638046687	0.2776638046687	-0.300308475625786	0.300308475625786	hypo	case		0.99	0.52	0.99	2.8	0.699178745142492	5
chr21	20486819	20487507	689	20	21.775	-0.299100455334727	0.299100455334727	-0.323877490436221	0.323877490436221	hypo	case		0.442032934819047	0.52	0.52	0.5	0.54199328225688	5
chr21	13813714	13815517	1804	24	22.39375	-0.192578565970378	0.192578565970378	-0.186777175716354	0.186777175716354	hypo	case		0.176898067366919	0.52	0.52	0.5	0.54199328225688	5
chr20	50932630	50932810	181	6	20.8	-0.208494578431607	0.208494578431607	-0.176859701898534	0.176859701898534	hypo	case		0.115741099625957	0.52	0.52	0.5	0.54199328225688	5
chr21	24754551	24755133	583	10	18.43	-0.156277903674085	0.156277903674085	-0.195173460027968	0.195173460027968	hypo	case		0.380251284951778	0.52	0.52	0.5	0.54199328225688	5
chr20	24406086	24407233	1148	22	19.3909090909091	-0.201582184834276	0.201582184834276	-0.206147101617588	0.206147101617588	hypo	case		0.621403547412904	0.52	0.621403547412904	1.8	0.625305162337618	5
chr21	27534046	27535429	1384	22	22.6522727272727	-0.210837292928516	0.210837292928516	-0.247689149841662	0.247689149841662	hypo	case		0.299886576293507	0.52	0.52	0.5	0.54199328225688	5
chr21	40746687	40747010	324	6	21.6083333333333	-0.160335444631769	0.160335444631769	-0.13862876891006	0.13862876891006	hypo	case		0.152684652657819	0.52	0.52	0.5	0.54199328225688	5
chr21	16837866	16839123	1258	16	20.98125	-0.20461626338245	0.20461626338245	-0.164521762084098	0.164521762084098	hypo	case		0.276364816883826	0.52	0.52	0.5	0.54199328225688	5
chr20	55494738	55495955	1218	22	21.0818181818182	-0.181675178278582	0.181675178278582	-0.207414322872348	0.207414322872348	hypo	case		0.585753501302448	0.52	0.585753501302448	0.6	0.585232407482571	5
chr21	22765890	22766925	1036	12	21.8916666666667	-0.276694339055365	0.276694339055365	-0.28717366631951	0.28717366631951	hypo	case		0.147494648944816	0.52	0.52	0.5	0.54199328225688	5
chr20	67857	69405	1549	26	19.6769230769231	-0.194449477219144	0.194449477219144	-0.252623318137334	0.252623318137334	hypo	case		0.316334541946361	0.52	0.52	0.5	0.54199328225688	5
chr21	45711420	45711782	363	6	21.4333333333333	-0.119033369363856	0.119033369363856	-0.0982999389088284	0.0982999389088284	hypo	case		0.284472677848386	0.52	0.52	0.5	0.54199328225688	5
chr20	24323538	24325158	1621	48	22.459375	-0.342167018124598	0.342167018124598	-0.339632293684603	0.339632293684603	hypo	case		0.120355850413581	0.52	0.52	0.5	0.54199328225688	5
chr20	14179700	14180540	841	8	22.0125	-0.271922968042319	0.271922968042319	-0.270203875660889	0.270203875660889	hypo	case		0.0828734877524851	0.52	0.52	0.5	0.54199328225688	5
chr21	8616404	8618227	1824	16	13.403125	0.191852153171308	0.191852153171308	0.235536829173363	0.235536829173363	hyper	case		0.25572087432069	0.52	0.52	0.5	0.54199328225688	5
chr21	18945455	18945776	322	6	20.5416666666667	-0.144568678126362	0.144568678126362	-0.147001461989619	0.147001461989619	hypo	case		0.287860573921008	0.52	0.52	0.5	0.54199328225688	5
chr20	56071431	56073247	1817	30	22.2616666666667	0.10630355635097	0.10630355635097	0.136363125580964	0.136363125580964	hyper	case		0.757214158107983	0.52	0.757214158107983	2.8	0.699178745142492	5
chr20	37689782	37690751	970	16	23.928125	-0.232179176622849	0.232179176622849	-0.266852396685367	0.266852396685367	hypo	case		0.127897061627116	0.52	0.52	0.5	0.54199328225688	5
chr20	55418121	55420015	1895	32	23.7109375	-0.258346711501845	0.258346711501845	-0.271338991253266	0.271338991253266	hypo	case		0.385301711565693	0.52	0.52	0.5	0.54199328225688	5
chr21	16864869	16865416	548	6	22.6	-0.161752368526135	0.161752368526135	-0.14423200599427	0.14423200599427	hypo	case		0.21209811811718	0.52	0.52	0.5	0.54199328225688	5
chr20	16312131	16312927	797	12	23.5583333333333	-0.224225026441419	0.224225026441419	-0.227299439370909	0.227299439370909	hypo	case		0.0761900109968469	0.52	0.52	0.5	0.54199328225688	5
chr20	9211938	9212114	177	8	20.93125	-0.159926984610745	0.159926984610745	-0.168875196833415	0.168875196833415	hypo	case		0.297679775408243	0.52	0.52	0.5	0.54199328225688	5
chr20	52136827	52137994	1168	26	21.4884615384615	-0.170928550785387	0.170928550785387	-0.153323655062087	0.153323655062087	hypo	case		0.294462866916522	0.52	0.52	0.5	0.54199328225688	5
chr20	39971979	39972693	715	8	17.7125	-0.273389534276876	0.273389534276876	-0.274127375806383	0.274127375806383	hypo	case		0.688936615732145	0.52	0.688936615732145	1.1	0.6923721055347	5
chr20	2375809	2376534	726	18	24.0722222222222	-0.219714226614877	0.219714226614877	-0.237141359136585	0.237141359136585	hypo	case		0.237421993605899	0.52	0.52	0.5	0.54199328225688	5
chr21	34810727	34811973	1247	32	22.0734375	-0.324543689648596	0.324543689648596	-0.342833559734065	0.342833559734065	hypo	case		0.561916865449048	0.52	0.561916865449048	0.5	0.54199328225688	5
chr20	22136279	22137743	1465	14	22.1285714285714	0.216340274843845	0.216340274843845	0.218752312534684	0.218752312534684	hyper	case		0.303443150809167	0.52	0.52	0.5	0.54199328225688	5
chr21	16501843	16503531	1689	42	21.9583333333333	-0.205021477218094	0.205021477218094	-0.206722866765839	0.206722866765839	hypo	case		0.700898068573987	0.52	0.700898068573987	2.8	0.699178745142492	5
chr20	29528352	29529665	1314	20	19.67	0.304541573389525	0.304541573389525	0.329480139832032	0.329480139832032	hyper	case		0.293867736368832	0.52	0.52	0.5	0.54199328225688	5
chr20	16444525	16445708	1184	29	20.9051724137931	-0.211747662446311	0.211747662446311	-0.178323394399014	0.178323394399014	hypo	case		0.393784708915235	0.52	0.52	0.5	0.54199328225688	5
chr21	14971135	14971407	273	6	22.4583333333333	-0.186652890293987	0.186652890293987	-0.0912932197511573	0.0912932197511573	hypo	case		0.407785434657043	0.52	0.52	0.5	0.54199328225688	5
chr20	13036904	13038481	1578	19	20.7552631578947	-0.264955245154173	0.264955245154173	-0.298787769465335	0.298787769465335	hypo	case		0.748724683246365	0.52	0.748724683246365	2.8	0.699178745142492	5
chr20	54900916	54902486	1571	20	21.4475	-0.218144468871109	0.218144468871109	-0.244807744940007	0.244807744940007	hypo	case		0.473098070955745	0.52	0.52	0.5	0.54199328225688	5
chr20	41529009	41530973	1965	38	23.5105263157895	-0.2816453547927	0.2816453547927	-0.290165348407046	0.290165348407046	hypo	case		0.170999618093833	0.52	0.52	0.5	0.54199328225688	5
chr20	3993350	3995137	1788	26	22.4807692307692	-0.267750190583713	0.267750190583713	-0.276294612925864	0.276294612925864	hypo	case		0.478598021135072	0.52	0.52	0.5	0.54199328225688	5
chr21	34287572	34287974	403	10	22.575	0.0534863110971035	0.0534863110971035	0.0747141951846871	0.171233949456492	hyper	case		0.759151896790897	0.52	0.759151896790897	2.8	0.699178745142492	5
chr20	15122230	15123984	1755	16	24.253125	-0.207177930100761	0.207177930100761	-0.259180759979095	0.259180759979095	hypo	case		0.470996071718084	0.52	0.52	0.5	0.54199328225688	5
chr20	20060651	20060985	335	12	21.2375	0.213519047192767	0.213519047192767	0.234145114443162	0.234145114443162	hyper	case		0.291866195582381	0.52	0.52	0.5	0.54199328225688	5
chr20	12079148	12080511	1364	20	20.7825	-0.287443843386967	0.287443843386967	-0.315358698987455	0.315358698987455	hypo	case		0.511038433281125	0.52	0.52	0.5	0.54199328225688	5
chr20	31508939	31510856	1918	74	24.027027027027	-0.284106120055329	0.284106120055329	-0.313006212648868	0.313006212648868	hypo	case		0.152295332670925	0.52	0.52	0.5	0.54199328225688	5
chr20	21874230	21874829	600	16	21.35625	0.148604399702091	0.148604399702091	0.204353115783285	0.204353115783285	hyper	case		0.118456154764047	0.52	0.52	0.5	0.54199328225688	5
chr20	15131074	15131558	485	8	22.95	-0.282601586603612	0.282601586603612	-0.263023699156729	0.263023699156729	hypo	case		0.736303739678133	0.52	0.736303739678133	2.8	0.699178745142492	5
chr21	23548607	23549369	763	16	22.48125	-0.312372081211705	0.312372081211705	-0.302676842448082	0.302676842448082	hypo	case		0.503900461644071	0.52	0.52	0.5	0.54199328225688	5
chr21	18784586	18785166	581	12	21.1833333333333	-0.193524982551201	0.193524982551201	-0.212546781515234	0.212546781515234	hypo	case		0.54104462805532	0.52	0.54104462805532	0.5	0.54199328225688	5
chr20	8085168	8085742	575	12	20.6958333333333	-0.298210777923294	0.298210777923294	-0.315107069256664	0.315107069256664	hypo	case		0.275253434697399	0.52	0.52	0.5	0.54199328225688	5
chr20	57996304	57996596	293	12	22.4875	0.162698342250692	0.162698342250692	0.187924590961273	0.187924590961273	hyper	case		0.233649271077943	0.52	0.52	0.5	0.54199328225688	5
chr21	38880042	38881082	1041	22	21.7931818181818	-0.263881231043959	0.263881231043959	-0.288455892803145	0.288455892803145	hypo	case		0.216000441884094	0.52	0.52	0.5	0.54199328225688	5
chr20	4535303	4535489	187	8	22.15	-0.144595245359589	0.144595245359589	-0.167128958108766	0.167128958108766	hypo	case		0.175151287797388	0.52	0.52	0.5	0.54199328225688	5
chr21	24118982	24120735	1754	30	21.8116666666667	-0.310292686184116	0.310292686184116	-0.320588876353816	0.320588876353816	hypo	case		0.260282023107617	0.52	0.52	0.5	0.54199328225688	5
chr21	38691129	38691533	405	10	22.735	-0.213010301116935	0.213010301116935	-0.31015475365613	0.31015475365613	hypo	case		0.432603146868417	0.52	0.52	0.5	0.54199328225688	5
chr21	23130842	23132289	1448	42	23.45	-0.183394152630065	0.183394152630065	-0.24555839548651	0.24555839548651	hypo	case		0.426066911454971	0.52	0.52	0.5	0.54199328225688	5
chr21	7317421	7318880	1460	20	51.135	0.232450871260248	0.232450871260248	0.238779725323771	0.238779725323771	hyper	case		0.617106317968585	0.52	0.617106317968585	1.8	0.625305162337618	5
chr21	19372212	19372422	211	10	22.075	-0.148911032325968	0.148911032325968	-0.110509322748591	0.110509322748591	hypo	case		0.262819742347048	0.52	0.52	0.5	0.54199328225688	5
chr20	13199154	13200178	1025	14	20.0535714285714	-0.264403266289456	0.264403266289456	-0.266183775038034	0.266183775038034	hypo	case		0.257997392150245	0.52	0.52	0.5	0.54199328225688	5
chr20	15112221	15112718	498	11	19.2590909090909	-0.1629085313682	0.1629085313682	-0.162553024371607	0.162553024371607	hypo	case		0.348345930472432	0.52	0.52	0.5	0.54199328225688	5
chr20	30188426	30188956	531	8	20.43125	-0.206506243287626	0.206506243287626	-0.198427598242971	0.198427598242971	hypo	case		0.214314276961316	0.52	0.52	0.5	0.54199328225688	5
chr20	40040240	40040662	423	8	21.68125	-0.126602589116859	0.126602589116859	-0.169183269450248	0.169183269450248	hypo	case		0.246139460328479	0.52	0.52	0.5	0.54199328225688	5
chr21	27977628	27979193	1566	42	22.7535714285714	-0.314690434445876	0.314690434445876	-0.305642357876826	0.305642357876826	hypo	case		0.614694943769326	0.52	0.614694943769326	2	0.606725593235955	5
chr21	13580514	13581064	551	11	22.3272727272727	-0.204504579158229	0.204504579158229	-0.253306774933729	0.253306774933729	hypo	case		0.159783241346781	0.52	0.52	0.5	0.54199328225688	5
chr20	24260311	24262270	1960	42	23.8190476190476	-0.323597955240631	0.323597955240631	-0.339441135690829	0.339441135690829	hypo	case		0.0797861961612004	0.52	0.52	0.5	0.54199328225688	5
chr21	40741667	40743541	1875	20	20.4175	-0.203231495607897	0.203231495607897	-0.226185517023004	0.226185517023004	hypo	case		0.342070506230755	0.52	0.52	0.5	0.54199328225688	5
chr20	7656773	7657126	354	8	19.28125	-0.0819981256121298	0.0819981256121298	-0.0924331619323059	0.0924331619323059	hypo	case		0.537379241696579	0.52	0.537379241696579	0.5	0.54199328225688	5
chr20	26187013	26188073	1061	22	21.5863636363636	0.34290526816042	0.34290526816042	0.340369452683762	0.340369452683762	hyper	case		0.313963864582215	0.52	0.52	0.5	0.54199328225688	5
chr21	16358893	16359493	601	8	21.46875	-0.306502940954745	0.306502940954745	-0.266720723782324	0.266720723782324	hypo	case		0.531205780693778	0.52	0.531205780693778	0.5	0.54199328225688	5
chr21	16067512	16068060	549	10	19.325	-0.253884858794083	0.253884858794083	-0.294574110908917	0.294574110908917	hypo	case		0.183603104896496	0.52	0.52	0.5	0.54199328225688	5
chr20	21886579	21887011	433	6	19.1916666666667	-0.227555498916164	0.227555498916164	-0.144538974144045	0.144538974144045	hypo	case		0.489089915825293	0.52	0.52	0.5	0.54199328225688	5
chr21	24102359	24103119	761	8	18.34375	-0.333157166523958	0.333157166523958	-0.348088292511932	0.348088292511932	hypo	case		0.239544013653443	0.52	0.52	0.5	0.54199328225688	5
chr21	5345618	5346299	682	6	13.7916666666667	-0.144352213917165	0.144352213917165	-0.141899281110621	0.141899281110621	hypo	case		0.883000864893546	0.52	0.883000864893546	2.8	0.699178745142492	5
chr20	25884467	25885282	816	18	20.3833333333333	0.169700457579118	0.169700457579118	0.150723553682337	0.150723553682337	hyper	case		0.130140003094467	0.52	0.52	0.5	0.54199328225688	5
chr20	40246230	40246733	504	14	21.9285714285714	-0.278141752434327	0.278141752434327	-0.243920833825165	0.243920833825165	hypo	case		0.565424359970787	0.52	0.565424359970787	0.6	0.585232407482571	5
chr20	6528097	6528599	503	10	21.83	-0.239729948946449	0.239729948946449	-0.332227777689099	0.332227777689099	hypo	case		0.119061086991249	0.52	0.52	0.5	0.54199328225688	5
chr20	30262153	30262323	171	8	17.04375	-0.19082691561625	0.19082691561625	-0.245772558719174	0.245772558719174	hypo	case		0.298767838756448	0.52	0.52	0.5	0.54199328225688	5
chr21	35032290	35032523	234	6	21.5666666666667	-0.167195062718479	0.167195062718479	-0.150703491059122	0.150703491059122	hypo	case		0.163975650146988	0.52	0.52	0.5	0.54199328225688	5
chr21	13443491	13443621	131	6	20.025	0.229285038850981	0.229285038850981	0.142820942809416	0.142820942809416	hyper	case		0.592370015965186	0.52	0.592370015965186	0.8	0.598084698803687	5
chr21	9888251	9888877	627	14	62.6214285714286	-0.252212703520637	0.252212703520637	-0.242628761007643	0.242628761007643	hypo	case		0.272896474105179	0.52	0.52	0.5	0.54199328225688	5
chr21	9990292	9990971	680	8	60.0375	0.226978571629672	0.226978571629672	0.234887144067653	0.234887144067653	hyper	case		0.207049539964071	0.52	0.52	0.5	0.54199328225688	5
chr21	18675697	18676368	672	16	20.23125	0.257275661110699	0.257275661110699	0.282983334912411	0.282983334912411	hyper	case		0.334250024799633	0.52	0.52	0.5	0.54199328225688	5
chr21	14584997	14585404	408	6	20.7666666666667	-0.0645740359892248	0.0645740359892248	-0.0767608055536889	0.0767608055536889	hypo	case		0.195245160270515	0.52	0.52	0.5	0.54199328225688	5
chr20	30829129	30830000	872	10	55.38	-0.128747785839883	0.128747785839883	-0.150517231822494	0.150517231822494	hypo	case		0.401701117408876	0.52	0.52	0.5	0.54199328225688	5
chr21	39145007	39146234	1228	12	21.925	-0.307962887066225	0.307962887066225	-0.338764157118674	0.338764157118674	hypo	case		0.559657294403169	0.52	0.559657294403169	0.5	0.54199328225688	5
chr20	56074424	56075993	1570	20	22.755	-0.226350755714813	0.226350755714813	-0.19514044359312	0.19514044359312	hypo	case		0.673268166748367	0.52	0.673268166748367	2.7	0.672386119003475	5
chr20	52863542	52864537	996	22	23.5568181818182	-0.228863255322296	0.228863255322296	-0.261212370460006	0.261212370460006	hypo	case		0.293235798481726	0.52	0.52	0.5	0.54199328225688	5
chr21	23853180	23853923	744	8	22.1	0.127063094179071	0.127063094179071	0.144782136059041	0.144782136059041	hyper	case		0.442457191843682	0.52	0.52	0.5	0.54199328225688	5
chr20	57865187	57865552	366	5	17.6	-0.070227133977134	0.070227133977134	-0.0975797031475425	0.0975797031475425	hypo	case		0.56308389826902	0.52	0.56308389826902	0.5	0.54199328225688	5
chr21	15638115	15638461	347	6	20.6666666666667	0.101449378737279	0.101449378737279	0.0856827692057681	0.0856827692057681	hyper	case		0.343833511620707	0.52	0.52	0.5	0.54199328225688	5
chr21	40229707	40231654	1948	32	22.478125	-0.267103601042267	0.267103601042267	-0.298844411340412	0.298844411340412	hypo	case		0.311566432060795	0.52	0.52	0.5	0.54199328225688	5
chr21	28350655	28352494	1840	30	19.12	-0.248234447441319	0.248234447441319	-0.252966742175242	0.252966742175242	hypo	case		0.439617158433186	0.52	0.52	0.5	0.54199328225688	5
chr20	20321339	20321714	376	6	17.5666666666667	-0.0471551615437195	0.0471551615437195	-0.100145260973587	0.100145260973587	hypo	case		0.658457113274823	0.52	0.658457113274823	1.5	0.657655031919379	5
chr20	23803054	23804575	1522	24	20.6916666666667	-0.310856163924082	0.310856163924082	-0.298444596879561	0.298444596879561	hypo	case		0.361652416157232	0.52	0.52	0.5	0.54199328225688	5
chr20	45126145	45126486	342	9	18.1777777777778	-0.1931696828904	0.1931696828904	-0.193936395306596	0.193936395306596	hypo	case		0.218132037206817	0.52	0.52	0.5	0.54199328225688	5
chr20	17181979	17182480	502	6	20.2333333333333	-0.152951882915833	0.152951882915833	-0.112894480913351	0.112894480913351	hypo	case		0.263393705310051	0.52	0.52	0.5	0.54199328225688	5
chr20	41785061	41786353	1293	22	25.5772727272727	-0.194096123932392	0.194096123932392	-0.255229574217185	0.255229574217185	hypo	case		0.153657606256111	0.52	0.52	0.5	0.54199328225688	5
chr21	30547649	30548334	686	10	22.635	-0.174155941876489	0.174155941876489	-0.194940813522656	0.194940813522656	hypo	case		0.144697759398065	0.52	0.52	0.5	0.54199328225688	5
chr21	5384562	5385843	1282	14	12.4928571428571	0.165882584823826	0.165882584823826	0.225816339127635	0.225816339127635	hyper	case		0.338405805247208	0.52	0.52	0.5	0.54199328225688	5
chr21	15909315	15909867	553	6	24.0833333333333	-0.165871528321137	0.165871528321137	-0.185735992646042	0.185735992646042	hypo	case		0.165731384433975	0.52	0.52	0.5	0.54199328225688	5
chr20	15970614	15970703	90	6	26.3	-0.139177969564957	0.139177969564957	-0.161791444605746	0.161791444605746	hypo	case		0.308398209474366	0.52	0.52	0.5	0.54199328225688	5
chr21	19427222	19428538	1317	20	21.4425	0.283056328648518	0.283056328648518	0.283527475937899	0.283527475937899	hyper	case		0.299778488960425	0.52	0.52	0.5	0.54199328225688	5
chr20	8755624	8755907	284	6	21.375	-0.100328941144208	0.100328941144208	-0.127546904690373	0.127546904690373	hypo	case		0.134897234155899	0.52	0.52	0.5	0.54199328225688	5
chr21	31857166	31858416	1251	54	23.0453703703704	-0.298902267865822	0.298902267865822	-0.31323438608306	0.31323438608306	hypo	case		0.420984676780905	0.52	0.52	0.5	0.54199328225688	5
chr20	25982200	25983200	1001	10	21.49	-0.245607006323884	0.245607006323884	-0.140259641861072	0.140259641861072	hypo	case		0.252495544626564	0.52	0.52	0.5	0.54199328225688	5
chr20	31304630	31304992	363	10	24.795	0.184355939491537	0.184355939491537	0.179186351669889	0.179186351669889	hyper	case		0.533195788299579	0.52	0.533195788299579	0.5	0.54199328225688	5
chr20	29512616	29513868	1253	24	45.6541666666667	0.175936172789274	0.175936172789274	0.212660791577604	0.212660791577604	hyper	case		0.626229928200741	0.52	0.626229928200741	1.8	0.625305162337618	5
chr21	15270005	15271377	1373	26	24.575	-0.230345145525415	0.230345145525415	-0.239987082926778	0.239987082926778	hypo	case		0.681719160930365	0.52	0.681719160930365	2.2	0.68079466994017	5
chr20	28789451	28789920	470	8	78.3875	-0.197198654354341	0.197198654354341	-0.184662992872717	0.184662992872717	hypo	case		0.404198543896001	0.52	0.52	0.5	0.54199328225688	5
chr21	15797915	15798387	473	8	22.7	0.0548772771584046	0.0548772771584046	0.103028939869644	0.103028939869644	hyper	case		0.41192170506829	0.52	0.52	0.5	0.54199328225688	5
chr20	20130954	20132336	1383	8	20.23125	-0.29885751061565	0.29885751061565	-0.203620558504517	0.203620558504517	hypo	case		0.188178200345415	0.52	0.52	0.5	0.54199328225688	5
chr20	46442286	46442616	331	12	20.8833333333333	-0.132370179360912	0.132370179360912	-0.124247736907051	0.124247736907051	hypo	case		0.913982003467557	0.52	0.913982003467557	2.8	0.699178745142492	5
chr20	20541012	20542491	1480	20	22.55	-0.210335948903983	0.210335948903983	-0.227838949663298	0.227838949663298	hypo	case		0.0548214036440721	0.52	0.52	0.5	0.54199328225688	5
chr20	10565073	10565491	419	16	21.028125	-0.154729114350678	0.154729114350678	-0.185324935875656	0.185324935875656	hypo	case		0.22280406122007	0.52	0.52	0.5	0.54199328225688	5
chr21	21215484	21216686	1203	22	24.9477272727273	-0.221288963529161	0.221288963529161	-0.204271198861788	0.204271198861788	hypo	case		0.713810686024262	0.52	0.713810686024262	2.8	0.699178745142492	5
chr20	8969698	8970934	1237	14	24.0464285714286	-0.211255477476633	0.211255477476633	-0.26750711954095	0.26750711954095	hypo	case		0.373674992306901	0.52	0.52	0.5	0.54199328225688	5
chr20	55852814	55853459	646	10	23.315	-0.223232459353184	0.223232459353184	-0.226491526806634	0.226491526806634	hypo	case		0.358218502280441	0.52	0.52	0.5	0.54199328225688	5
chr21	20729669	20731107	1439	30	20.69	-0.267461321732851	0.267461321732851	-0.31519721257361	0.31519721257361	hypo	case		0.210862861734554	0.52	0.52	0.5	0.54199328225688	5
chr21	21594878	21596260	1383	16	22.15625	0.104734001163988	0.104734001163988	0.11185854286856	0.137439730521296	hyper	case		0.837220471245298	0.52	0.837220471245298	2.8	0.699178745142492	5
chr20	29633529	29634391	863	18	27.6222222222222	-0.24801368689646	0.24801368689646	-0.296397551380986	0.296397551380986	hypo	case		0.135884113713248	0.52	0.52	0.5	0.54199328225688	5
chr21	19226842	19228232	1391	20	19.9875	-0.254018039306381	0.254018039306381	-0.284593117006011	0.284593117006011	hypo	case		0.290802875097741	0.52	0.52	0.5	0.54199328225688	5
chr20	22542030	22542980	951	14	23.0142857142857	-0.33510822248028	0.33510822248028	-0.364507817409901	0.364507817409901	hypo	case		0.647472645487499	0.52	0.647472645487499	2.4	0.646189152981116	5
chr21	26999055	26999994	940	28	21.1875	-0.227634119420256	0.227634119420256	-0.224694140332535	0.224694140332535	hypo	case		0.173739015354697	0.52	0.52	0.5	0.54199328225688	5
chr21	17184896	17185999	1104	14	12.8857142857143	0.211426016041922	0.211426016041922	0.211161921766394	0.211161921766394	hyper	case		0.578500480841461	0.52	0.578500480841461	0.6	0.585232407482571	5
chr21	16466151	16466718	568	14	21.8607142857143	-0.174035188407209	0.174035188407209	-0.239576408186281	0.239576408186281	hypo	case		0.0923779930437601	0.52	0.52	0.5	0.54199328225688	5
chr20	30201945	30202245	301	8	21.49375	-0.157839169173654	0.157839169173654	-0.241836927452753	0.241836927452753	hypo	case		0.405809906656138	0.52	0.52	0.5	0.54199328225688	5
chr20	10039237	10040843	1607	24	23.7166666666667	-0.209900786198835	0.209900786198835	-0.247073385258603	0.247073385258603	hypo	case		0.130887349779646	0.52	0.52	0.5	0.54199328225688	5
chr21	9608550	9609556	1007	10	44.43	0.146616998541173	0.146616998541173	0.133928671998929	0.133928671998929	hyper	case		0.122609749582627	0.52	0.52	0.5	0.54199328225688	5
chr20	54031398	54032684	1287	14	21.6214285714286	-0.227437775466062	0.227437775466062	-0.285457130640488	0.285457130640488	hypo	case		0.160827836743896	0.52	0.52	0.5	0.54199328225688	5
chr20	8730960	8731556	597	18	24.5583333333333	0.284148621702435	0.284148621702435	0.280373016328727	0.280373016328727	hyper	case		0.355897249496221	0.52	0.52	0.5	0.54199328225688	5
chr21	23717370	23718012	643	8	19.89375	-0.216641616354282	0.216641616354282	-0.152734426201972	0.152734426201972	hypo	case		0.520836860897418	0.52	0.520836860897418	0.5	0.54199328225688	5
chr21	23949713	23950510	798	12	23.4541666666667	-0.23066400317683	0.23066400317683	-0.215948861278461	0.215948861278461	hypo	case		0.22665920574673	0.52	0.52	0.5	0.54199328225688	5
chr20	29271235	29272416	1182	10	21.495	0.14080681224072	0.14080681224072	0.197550052843179	0.197550052843179	hyper	case		0.463474664529773	0.52	0.52	0.5	0.54199328225688	5
chr20	15156990	15157374	385	8	21.9	-0.213878679821954	0.213878679821954	-0.198991232670009	0.198991232670009	hypo	case		0.262117080963081	0.52	0.52	0.5	0.54199328225688	5
chr20	11751698	11752588	891	10	19.275	-0.265089644700975	0.265089644700975	-0.30890021622944	0.30890021622944	hypo	case		0.284636310467386	0.52	0.52	0.5	0.54199328225688	5
chr20	16775256	16776045	790	6	25.5333333333333	0.156039997556395	0.156039997556395	0.125890879610188	0.125890879610188	hyper	case		0.130780483273897	0.52	0.52	0.5	0.54199328225688	5
chr20	21603620	21605221	1602	34	21.6191176470588	-0.246626113151268	0.246626113151268	-0.302300601213156	0.302300601213156	hypo	case		0.397335933948962	0.52	0.52	0.5	0.54199328225688	5
chr20	31295769	31295945	177	8	23.3125	-0.147406044067499	0.147406044067499	-0.153037448423948	0.153037448423948	hypo	case		0.349975233865764	0.52	0.52	0.5	0.54199328225688	5
chr20	30702917	30704494	1578	16	20.884375	0.197738106017672	0.197738106017672	0.273318041603474	0.273318041603474	hyper	case		0.5120352822734	0.52	0.52	0.5	0.54199328225688	5
chr21	19807127	19807646	520	6	23.3166666666667	0.141544121254595	0.141544121254595	0.12226434346364	0.12226434346364	hyper	case		0.426573407886997	0.52	0.52	0.5	0.54199328225688	5
chr20	39052204	39053984	1781	70	22.2242857142857	-0.199402833192482	0.199402833192482	-0.196330065376098	0.196330065376098	hypo	case		0.99	0.52	0.99	2.8	0.699178745142492	5
chr21	29090018	29090798	781	30	22.4433333333333	0.258855513010443	0.258855513010443	0.27306213764076	0.27306213764076	hyper	case		0.586672333428866	0.52	0.586672333428866	0.6	0.585232407482571	5
chr21	27599884	27601088	1205	22	21.4840909090909	-0.297105230357224	0.297105230357224	-0.299528491979054	0.299528491979054	hypo	case		0.432110257539786	0.52	0.52	0.5	0.54199328225688	5
chr20	35649249	35649499	251	6	18.4083333333333	-0.12522725892336	0.12522725892336	-0.0993899271716761	0.0993899271716761	hypo	case		0.463470404605064	0.52	0.52	0.5	0.54199328225688	5
chr20	8198140	8200070	1931	28	21.3732142857143	-0.310530160195176	0.310530160195176	-0.288719113566418	0.288719113566418	hypo	case		0.336315835373475	0.52	0.52	0.5	0.54199328225688	5
chr21	23436511	23437350	840	16	19.8375	-0.147200636186768	0.147200636186768	-0.158666510443387	0.158666510443387	hypo	case		0.185336485361088	0.52	0.52	0.5	0.54199328225688	5
chr20	20519910	20520015	106	8	25.75	-0.0693898034364207	0.0693898034364207	-0.117111737989294	0.117111737989294	hypo	case		0.656072120038066	0.52	0.656072120038066	3	0.656090136222712	5
chr21	10563650	10564986	1337	32	43.0921875	-0.30018104666839	0.30018104666839	-0.28353283677893	0.28353283677893	hypo	case		0.20327718542346	0.52	0.52	0.5	0.54199328225688	5
chr20	10007403	10008504	1102	24	22.3291666666667	-0.299814229606109	0.299814229606109	-0.338789663966943	0.338789663966943	hypo	case		0.213164867068462	0.52	0.52	0.5	0.54199328225688	5
chr20	20260403	20261219	817	12	21.5333333333333	-0.323680301844359	0.323680301844359	-0.355307696137156	0.355307696137156	hypo	case		0.310054960981502	0.52	0.52	0.5	0.54199328225688	5
chr21	13212530	13213710	1181	10	19.085	0.229613617053214	0.229613617053214	0.297133026307712	0.297133026307712	hyper	case		0.269403817001296	0.52	0.52	0.5	0.54199328225688	5
chr21	15419421	15419882	462	6	23.0833333333333	-0.113187636485847	0.113187636485847	-0.0996532627588518	0.0996532627588518	hypo	case		0.469172737004576	0.52	0.52	0.5	0.54199328225688	5
chr21	21493091	21494229	1139	20	22.6675	0.160927731305882	0.160927731305882	0.162294063304199	0.162294063304199	hyper	case		0.669997316229408	0.52	0.669997316229408	1	0.669834237506434	5
chr20	52257874	52258495	622	34	20.0882352941177	-0.277257887916706	0.277257887916706	-0.280280745039688	0.280280745039688	hypo	case		0.13233124743043	0.52	0.52	0.5	0.54199328225688	5
chr21	15418142	15418724	583	8	21.6	-0.238949393233513	0.238949393233513	-0.223131450925976	0.223131450925976	hypo	case		0.18403244869072	0.52	0.52	0.5	0.54199328225688	5
chr20	30557538	30559040	1503	37	20.9648648648649	-0.222192151260915	0.222192151260915	-0.242444777983008	0.242444777983008	hypo	case		0.370101065104202	0.52	0.52	0.5	0.54199328225688	5
chr20	16241470	16241811	342	10	23.67	-0.154848976050576	0.154848976050576	-0.141517930198579	0.141517930198579	hypo	case		0.256177836323626	0.52	0.52	0.5	0.54199328225688	5
chr21	24108830	24110627	1798	22	21.6090909090909	-0.283151840168586	0.283151840168586	-0.329729291095847	0.329729291095847	hypo	case		0.330696021597734	0.52	0.52	0.5	0.54199328225688	5
chr20	13955418	13955914	497	8	23.65	0.164400861640936	0.164400861640936	0.19369702024648	0.19369702024648	hyper	case		0.303073676344001	0.52	0.52	0.5	0.54199328225688	5
chr21	30093271	30094529	1259	16	21.640625	-0.196049605504766	0.196049605504766	-0.240247118157886	0.240247118157886	hypo	case		0.10501489652272	0.52	0.52	0.5	0.54199328225688	5
chr20	8590048	8591980	1933	34	21.7411764705882	-0.268989088290182	0.268989088290182	-0.298502711972728	0.298502711972728	hypo	case		0.219523074784381	0.52	0.52	0.5	0.54199328225688	5
chr21	7584578	7586401	1824	34	27.3558823529412	0.262281761826313	0.262281761826313	0.255756740260215	0.255756740260215	hyper	case		0.192933721101074	0.52	0.52	0.5	0.54199328225688	5
chr20	22701422	22701626	205	10	19.56	-0.179711871409576	0.179711871409576	-0.218369222791553	0.218369222791553	hypo	case		0.103532954080595	0.52	0.52	0.5	0.54199328225688	5
chr21	14603343	14605306	1964	26	22.5076923076923	-0.324519697906682	0.324519697906682	-0.320629620759311	0.320629620759311	hypo	case		0.157615562948811	0.52	0.52	0.5	0.54199328225688	5
chr20	41667389	41667978	590	24	20.64375	-0.253748927082871	0.253748927082871	-0.290401706557059	0.290401706557059	hypo	case		0.405756332814899	0.52	0.52	0.5	0.54199328225688	5
chr20	9080766	9081206	441	8	20.40625	-0.182785966858565	0.182785966858565	-0.199431197091178	0.199431197091178	hypo	case		0.0181565812112728	0.52	0.52	0.5	0.54199328225688	5
chr20	37714981	37715713	733	22	21.1886363636364	-0.224699884212832	0.224699884212832	-0.241469355052306	0.241469355052306	hypo	case		0.233783874001788	0.52	0.52	0.5	0.54199328225688	5
chr21	36619761	36621362	1602	26	21.9884615384615	-0.235992465474574	0.235992465474574	-0.235126966523622	0.235126966523622	hypo	case		0.67939526157249	0.52	0.67939526157249	2.2	0.68079466994017	5
chr20	10723720	10725488	1769	24	22.9145833333333	-0.185483062706429	0.185483062706429	-0.183906595391225	0.183906595391225	hypo	case		0.966172240403951	0.52	0.966172240403951	2.8	0.699178745142492	5
chr21	29974094	29974280	187	8	23.75	-0.220860816283522	0.220860816283522	-0.240884761358747	0.240884761358747	hypo	case		0.53466829649533	0.52	0.53466829649533	0.5	0.54199328225688	5
chr20	7240386	7242188	1803	22	25.8	-0.286393540580903	0.286393540580903	-0.294633443682285	0.294633443682285	hypo	case		0.257565009241301	0.52	0.52	0.5	0.54199328225688	5
chr21	13060274	13060990	717	16	23.83125	0.156657315292161	0.156657315292161	0.170369217100438	0.170369217100438	hyper	case		0.364006535642829	0.52	0.52	0.5	0.54199328225688	5
chr21	23121591	23121773	183	6	22.5833333333333	-0.340134668023687	0.340134668023687	-0.314268928849363	0.314268928849363	hypo	case		0.717048638086667	0.52	0.717048638086667	2.8	0.699178745142492	5
chr21	35830843	35832595	1753	60	23.2133333333333	-0.254932195723579	0.254932195723579	-0.254875665289632	0.254875665289632	hypo	case		0.605879186732168	0.52	0.605879186732168	2	0.606725593235955	5
chr20	41079152	41081034	1883	26	22.8442307692308	0.226446002861651	0.226446002861651	0.251313872587853	0.251313872587853	hyper	case		0.34384360510792	0.52	0.52	0.5	0.54199328225688	5
chr20	21760812	21761199	388	18	22.2416666666667	-0.266898270634953	0.266898270634953	-0.234503338511683	0.234503338511683	hypo	case		0.0565341720663121	0.52	0.52	0.5	0.54199328225688	5
chr20	5584065	5584973	909	24	21.9104166666667	-0.255972461163937	0.255972461163937	-0.303234574475667	0.303234574475667	hypo	case		0.17712656702483	0.52	0.52	0.5	0.54199328225688	5
chr21	5271971	5272437	467	8	11.35	0.14553412359019	0.14553412359019	0.18084554733985	0.18084554733985	hyper	case		0.568771087358927	0.52	0.568771087358927	0.6	0.585232407482571	5
chr21	29971919	29972019	101	8	23.625	-0.192889402075897	0.192889402075897	-0.180104170842449	0.180104170842449	hypo	case		0.568274983762515	0.52	0.568274983762515	0.6	0.585232407482571	5
chr20	14223530	14225007	1478	34	20.3514705882353	-0.217167592805708	0.217167592805708	-0.223998016679684	0.223998016679684	hypo	case		0.509260578111355	0.52	0.52	0.5	0.54199328225688	5
