seqnames	start	end	width	num_sites	cov	delta_beta	delta_beta_abs	intended_delta_beta	intended_delta_beta_abs	direction	case_group	genome	background_corr_target	expected_correlation	corr_target	corr_sd_used	corr_metric_estimate	neighbor_window
chr20	47602692	47607056	4365	102	21.6004901960784	-0.272569133354015	0.272569133354015	-0.310181216237532	0.310181216237532	hypo	case		0.48575093025576	0.36	0.48575093025576	0.5	0.523027894488147	5
chr21	40732822	40735341	2520	52	21.7269230769231	-0.340645642007774	0.340645642007774	-0.393765195235622	0.393765195235622	hypo	case		0.482087893858553	0.36	0.482087893858553	0.5	0.523027894488147	5
chr21	37275050	37278618	3569	138	25.963768115942	-0.312185413584762	0.312185413584762	-0.30243847435958	0.30243847435958	hypo	case		0.60170088260157	0.36	0.60170088260157	0.7	0.596779781291671	5
chr21	19792013	19796153	4141	99	21.2222222222222	-0.355828446931719	0.355828446931719	-0.355616748539874	0.355616748539874	hypo	case		0.0598912426460048	0.36	0.36	0.3	0.360465065495751	5
chr20	43516817	43520331	3515	82	25.1219512195122	-0.362294027465673	0.362294027465673	-0.394781304236323	0.394781304236323	hypo	case		0.0667743320318868	0.36	0.36	0.3	0.360465065495751	5
chr20	13617505	13620534	3030	62	20.9274193548387	-0.383853280396973	0.383853280396973	-0.413615169963155	0.413615169963155	hypo	case		0.5211783409442	0.36	0.5211783409442	0.5	0.523027894488147	5
chr20	5879574	5882440	2867	80	22.93625	-0.271135430290063	0.271135430290063	-0.289590219635582	0.289590219635582	hypo	case		0.764322919121284	0.36	0.764322919121284	2.8	0.682213840132396	5
chr20	23204426	23208057	3632	98	22.0994897959184	0.302617257866529	0.302617257866529	0.354168687200697	0.354168687200697	hyper	case		0.313313105160117	0.36	0.36	0.3	0.360465065495751	5
chr20	19243324	19247668	4345	78	21.7826923076923	-0.325156556820402	0.325156556820402	-0.325854751761397	0.325854751761397	hypo	case		0.321052023645938	0.36	0.36	0.3	0.360465065495751	5
chr21	37404138	37408383	4246	72	21.0131944444444	-0.259343031430771	0.259343031430771	-0.260453474499476	0.260453474499476	hypo	case		0.765465863691262	0.36	0.765465863691262	2.8	0.682213840132396	5
chr20	5830148	5834177	4030	98	22.0989795918367	0.312149313806291	0.312149313806291	0.354299899271911	0.354299899271911	hyper	case		0.189011554796025	0.36	0.36	0.3	0.360465065495751	5
chr20	43865927	43870035	4109	82	19.5371951219512	-0.362343399013008	0.362343399013008	-0.383918815851872	0.383918815851872	hypo	case		0.509189884818275	0.36	0.509189884818275	0.5	0.523027894488147	5
chr21	33208028	33210600	2573	54	22.7722222222222	-0.408542257714923	0.408542257714923	-0.412343702895271	0.412343702895271	hypo	case		0.679490127901276	0.36	0.679490127901276	2.8	0.682213840132396	5
chr21	26160899	26164813	3915	88	19.7732954545455	0.32601209370399	0.32601209370399	0.327360084872967	0.327360084872967	hyper	case		0.257054538224406	0.36	0.36	0.3	0.360465065495751	5
chr21	40564010	40568877	4868	88	22.0602272727273	-0.264911879526199	0.264911879526199	-0.301115232533787	0.301115232533787	hypo	case		0.85883164472986	0.36	0.85883164472986	2.8	0.682213840132396	5
chr20	22218240	22222119	3880	66	21.5530303030303	-0.356429271710074	0.356429271710074	-0.361379341859637	0.361379341859637	hypo	case		0.642137526776024	0.36	0.642137526776024	1.7	0.640327944157213	5
chr21	5246114	5249198	3085	50	57.34	-0.301488955074627	0.301488955074627	-0.309826415839643	0.309826415839643	hypo	case		0.0945363243762323	0.36	0.36	0.3	0.360465065495751	5
chr20	49389239	49393681	4443	102	22.9671568627451	-0.361137143763051	0.361137143763051	-0.395624325216556	0.395624325216556	hypo	case		0.306162353526279	0.36	0.36	0.3	0.360465065495751	5
chr20	45556388	45559692	3305	80	23.070625	-0.325133182778877	0.325133182778877	-0.338068918202268	0.338068918202268	hypo	case		0.384340799632857	0.36	0.384340799632857	0.3	0.360465065495751	5
chr21	17792846	17797383	4538	51	21.0892156862745	0.293043561908347	0.293043561908347	0.299550599983255	0.299550599983255	hyper	case		0.467568400079761	0.36	0.467568400079761	0.4	0.432372621708254	5
chr20	41899592	41902817	3226	58	21.8094827586207	-0.400813503226691	0.400813503226691	-0.391721475054221	0.391721475054221	hypo	case		0.107320425645319	0.36	0.36	0.3	0.360465065495751	5
chr20	39902851	39905362	2512	60	18.815	-0.294041479388833	0.294041479388833	-0.302396910121226	0.302396910121226	hypo	case		0.730198387580585	0.36	0.730198387580585	2.8	0.682213840132396	5
chr20	30274873	30279754	4882	68	22.0529411764706	-0.317711001392411	0.317711001392411	-0.346360292256477	0.346360292256477	hypo	case		0.166883280062766	0.36	0.36	0.3	0.360465065495751	5
chr21	38123537	38128316	4780	92	22.016847826087	-0.303987729340831	0.303987729340831	-0.350845136631895	0.350845136631895	hypo	case		0.360749501194963	0.36	0.360749501194963	0.3	0.360465065495751	5
chr21	13899266	13903803	4538	58	21.3629310344828	-0.306800980078824	0.306800980078824	-0.298084791204976	0.298084791204976	hypo	case		0.0679179949563632	0.36	0.36	0.3	0.360465065495751	5
chr20	13788880	13792110	3231	66	22.2075757575758	-0.314542709611124	0.314542709611124	-0.324336789121554	0.324336789121554	hypo	case		0.59378421256464	0.36	0.59378421256464	0.7	0.596779781291671	5
chr21	14350644	14352901	2258	50	24.438	-0.340173337851241	0.340173337851241	-0.345713919928541	0.345713919928541	hypo	case		0.18525518321343	0.36	0.36	0.3	0.360465065495751	5
chr20	1656586	1661318	4733	73	22.9684931506849	-0.267105406533779	0.267105406533779	-0.321380808613684	0.321380808613684	hypo	case		0.261601903750281	0.36	0.36	0.3	0.360465065495751	5
chr21	30420835	30423057	2223	74	21.4608108108108	-0.242037373719415	0.242037373719415	-0.238104086661493	0.238104086661493	hypo	case		0.275861284171989	0.36	0.36	0.3	0.360465065495751	5
chr20	47096432	47100751	4320	110	23.8504545454546	-0.317780924993982	0.317780924993982	-0.315989461812443	0.315989461812443	hypo	case		0.624709431701772	0.36	0.624709431701772	2.4	0.624549067415542	5
chr20	31396332	31401052	4721	111	21.1738738738739	-0.333336352551872	0.333336352551872	-0.366617955456898	0.366617955456898	hypo	case		0.11850259557971	0.36	0.36	0.3	0.360465065495751	5
chr21	10642394	10645239	2846	60	58.3858333333333	-0.326766520754618	0.326766520754618	-0.352950057316059	0.352950057316059	hypo	case		0.28060219426384	0.36	0.36	0.3	0.360465065495751	5
chr20	38500113	38503020	2908	58	21.5137931034483	-0.299968408411663	0.299968408411663	-0.309920161926402	0.309920161926402	hypo	case		0.12628599847367	0.36	0.36	0.3	0.360465065495751	5
chr20	31712129	31715988	3860	83	23.3018072289157	0.295773570777881	0.295773570777881	0.300250980828864	0.300250980828864	hyper	case		0.119931754902608	0.36	0.36	0.3	0.360465065495751	5
chr20	21631123	21635628	4506	76	24.2763157894737	-0.302973188513032	0.302973188513032	-0.361117993576788	0.361117993576788	hypo	case		0.210389566507495	0.36	0.36	0.3	0.360465065495751	5
chr21	13455930	13458665	2736	56	21.11875	0.259907043601485	0.259907043601485	0.299390109199357	0.299390109199357	hyper	case		0.282643559485815	0.36	0.36	0.3	0.360465065495751	5
chr20	8449282	8451715	2434	54	22.7555555555556	-0.280209758418419	0.280209758418419	-0.311799881633055	0.311799881633055	hypo	case		0.186668666939969	0.36	0.36	0.3	0.360465065495751	5
chr21	40652239	40656779	4541	86	21.3308139534884	-0.30497433488888	0.30497433488888	-0.335049922365959	0.335049922365959	hypo	case		0.605404951822374	0.36	0.605404951822374	0.7	0.596779781291671	5
chr20	44893533	44898062	4530	73	21.1958904109589	-0.288452558040826	0.288452558040826	-0.26343873315491	0.26343873315491	hypo	case		0.164144506418311	0.36	0.36	0.3	0.360465065495751	5
chr21	25083715	25087069	3355	80	23.168125	-0.357454858581546	0.357454858581546	-0.380949590286901	0.380949590286901	hypo	case		0.229056102437017	0.36	0.36	0.3	0.360465065495751	5
chr20	10709378	10714077	4700	66	22.5636363636364	-0.236807085876949	0.236807085876949	-0.242675891176227	0.242675891176227	hypo	case		0.105133870377457	0.36	0.36	0.3	0.360465065495751	5
chr20	7001262	7002034	773	51	21.0539215686275	-0.375333910544992	0.375333910544992	-0.411152051715449	0.411152051715449	hypo	case		0.0537690176466282	0.36	0.36	0.3	0.360465065495751	5
chr20	55011388	55015983	4596	76	22.1875	-0.328943454791591	0.328943454791591	-0.374178953298134	0.374178953298134	hypo	case		0.294758884370506	0.36	0.36	0.3	0.360465065495751	5
chr20	52956118	52958440	2323	52	21.05	-0.243039432397993	0.243039432397993	-0.252282232040518	0.252282232040518	hypo	case		0.713674451536318	0.36	0.713674451536318	2.8	0.682213840132396	5
chr20	30880275	30883180	2906	64	25.78984375	-0.330090647415021	0.330090647415021	-0.373872426923177	0.373872426923177	hypo	case		0.318873960100675	0.36	0.36	0.3	0.360465065495751	5
chr21	23785407	23788683	3277	60	21.3741666666667	-0.357863708663368	0.357863708663368	-0.386205952094577	0.386205952094577	hypo	case		0.212187615140719	0.36	0.36	0.3	0.360465065495751	5
chr21	33739767	33742347	2581	78	25.1602564102564	-0.316812975900066	0.316812975900066	-0.322379700322201	0.322379700322201	hypo	case		0.300274706436175	0.36	0.36	0.3	0.360465065495751	5
chr20	20855044	20858434	3391	82	21.2323170731707	-0.359226168063542	0.359226168063542	-0.37739324294361	0.37739324294361	hypo	case		0.241769907606377	0.36	0.36	0.3	0.360465065495751	5
chr20	14075035	14078698	3664	104	20.35	-0.3192872142425	0.3192872142425	-0.339284757468401	0.339284757468401	hypo	case		0.422569075792553	0.36	0.422569075792553	0.4	0.432372621708254	5
chr20	45805811	45809391	3581	128	23.733984375	-0.340852890453232	0.340852890453232	-0.34106799778804	0.34106799778804	hypo	case		0.61234418060344	0.36	0.61234418060344	2.4	0.624549067415542	5
chr21	24511755	24515790	4036	60	21.2608333333333	-0.269578163759964	0.269578163759964	-0.257515842605375	0.257515842605375	hypo	case		0.188290115298747	0.36	0.36	0.3	0.360465065495751	5
chr20	2488766	2491047	2282	50	18.78	-0.33714958574404	0.33714958574404	-0.361780463428226	0.361780463428226	hypo	case		0.336534452127823	0.36	0.36	0.3	0.360465065495751	5
chr21	14280687	14282032	1346	52	21.4653846153846	0.391106357917345	0.391106357917345	0.432410474306423	0.432410474306423	hyper	case		0.0636909555615055	0.36	0.36	0.3	0.360465065495751	5
chr20	20277025	20281854	4830	113	21.3172566371681	0.192107666599046	0.192107666599046	0.20934382154588	0.20934382154588	hyper	case		0.077874085710147	0.36	0.36	0.3	0.360465065495751	5
chr20	2667282	2670624	3343	94	21.6047872340426	-0.281684136961684	0.281684136961684	-0.30970483193005	0.30970483193005	hypo	case		0.30174307350444	0.36	0.36	0.3	0.360465065495751	5
chr21	39070802	39074437	3636	62	23.7451612903226	-0.310704532441428	0.310704532441428	-0.348530999962384	0.348530999962384	hypo	case		0.221037566731227	0.36	0.36	0.3	0.360465065495751	5
chr21	22435963	22440066	4104	98	22.4408163265306	-0.291339853317483	0.291339853317483	-0.331975351068111	0.331975351068111	hypo	case		0.193842778524851	0.36	0.36	0.3	0.360465065495751	5
chr20	40290654	40295639	4986	61	20.8319672131148	-0.322030747454711	0.322030747454711	-0.354994364516674	0.354994364516674	hypo	case		0.0938846724307069	0.36	0.36	0.3	0.360465065495751	5
chr20	236238	240224	3987	96	20.3661458333333	-0.371204575758237	0.371204575758237	-0.407518101845404	0.407518101845404	hypo	case		0.339774645649602	0.36	0.36	0.3	0.360465065495751	5
chr20	60438671	60442164	3494	62	20.4709677419355	-0.366292808580823	0.366292808580823	-0.384116058811845	0.384116058811845	hypo	case		0.551005704402165	0.36	0.551005704402165	0.6	0.531925724845128	5
chr20	11877094	11879730	2637	87	22.883908045977	-0.424102603139472	0.424102603139472	-0.442789274630823	0.442789274630823	hypo	case		0.342971467677874	0.36	0.36	0.3	0.360465065495751	5
chr20	5903256	5908196	4941	84	22.0904761904762	-0.359808081150334	0.359808081150334	-0.382883260355216	0.382883260355216	hypo	case		0.483706857592499	0.36	0.483706857592499	0.5	0.523027894488147	5
chr21	17569758	17574163	4406	102	22.7142156862745	-0.402552205427418	0.402552205427418	-0.420942863241457	0.420942863241457	hypo	case		0.246156261996503	0.36	0.36	0.3	0.360465065495751	5
chr20	20626801	20631353	4553	86	22.8616279069767	-0.384867920814636	0.384867920814636	-0.389056860284365	0.389056860284365	hypo	case		0.307125485641794	0.36	0.36	0.3	0.360465065495751	5
chr21	40440426	40443490	3065	55	21.1681818181818	-0.32327689875484	0.32327689875484	-0.358332663058662	0.358332663058662	hypo	case		0.0939364011833801	0.36	0.36	0.3	0.360465065495751	5
chr21	26896506	26899762	3257	52	22.6923076923077	-0.344393879646263	0.344393879646263	-0.398371299891148	0.398371299891148	hypo	case		0.163062463513846	0.36	0.36	0.3	0.360465065495751	5
chr20	42532767	42536484	3718	98	21.4632653061225	-0.344020946446299	0.344020946446299	-0.350921829870863	0.350921829870863	hypo	case		0.189342633532701	0.36	0.36	0.3	0.360465065495751	5
chr20	40203897	40207779	3883	52	21.0365384615385	-0.273389403389865	0.273389403389865	-0.327842460134923	0.327842460134923	hypo	case		0.164761574137703	0.36	0.36	0.3	0.360465065495751	5
chr20	59851442	59853669	2228	76	22.4802631578947	-0.336393673758226	0.336393673758226	-0.351409484451838	0.351409484451838	hypo	case		0.480818703280077	0.36	0.480818703280077	0.5	0.523027894488147	5
chr20	29767430	29772016	4587	82	22.2731707317073	-0.33455866624533	0.33455866624533	-0.38694874524826	0.38694874524826	hypo	case		0.465443404074473	0.36	0.465443404074473	0.4	0.432372621708254	5
chr20	30495592	30498176	2585	128	20.025	-0.390761261016752	0.390761261016752	-0.409917970070789	0.409917970070789	hypo	case		0.532319282296168	0.36	0.532319282296168	0.6	0.531925724845128	5
chr20	29048881	29052630	3750	58	56.6905172413793	0.275866922978839	0.275866922978839	0.312866874041561	0.312866874041561	hyper	case		0.092945331360592	0.36	0.36	0.3	0.360465065495751	5
chr20	3873402	3876559	3158	72	22.2576388888889	-0.338244119618469	0.338244119618469	-0.375280250685675	0.375280250685675	hypo	case		0.392034455279317	0.36	0.392034455279317	0.3	0.360465065495751	5
chr20	63094251	63098561	4311	242	18.8206611570248	-0.309202089828293	0.309202089828293	-0.349656917592004	0.349656917592004	hypo	case		0.10162480785681	0.36	0.36	0.3	0.360465065495751	5
chr20	34743570	34748186	4617	52	19.6278846153846	-0.362198940744262	0.362198940744262	-0.416250635697787	0.416250635697787	hypo	case		0.0976852012640534	0.36	0.36	0.3	0.360465065495751	5
chr20	19691161	19694147	2987	103	23.7218446601942	-0.262186008844709	0.262186008844709	-0.279423249948724	0.279423249948724	hypo	case		0.233627881322691	0.36	0.36	0.3	0.360465065495751	5
chr20	29553009	29555844	2836	52	19.0451923076923	-0.350573878822819	0.350573878822819	-0.384603491519947	0.384603491519947	hypo	case		0.206765233633653	0.36	0.36	0.3	0.360465065495751	5
chr20	14694979	14698360	3382	50	20.049	-0.277502760955001	0.277502760955001	-0.314106734270327	0.314106734270327	hypo	case		0.169551730071735	0.36	0.36	0.3	0.360465065495751	5
chr20	23859866	23862408	2543	54	21.6777777777778	0.299813384774841	0.299813384774841	0.3393874934159	0.3393874934159	hyper	case		0.290986928821253	0.36	0.36	0.3	0.360465065495751	5
chr20	1815734	1818251	2518	60	21.2875	-0.343416193165521	0.343416193165521	-0.354580045939956	0.354580045939956	hypo	case		0.233905018104464	0.36	0.36	0.3	0.360465065495751	5
chr20	4295198	4300135	4938	94	21.7228723404255	-0.324604278166233	0.324604278166233	-0.357955805116152	0.357955805116152	hypo	case		0.0927694745363266	0.36	0.36	0.3	0.360465065495751	5
chr20	37054311	37056757	2447	78	21.9538461538462	-0.353933718991613	0.353933718991613	-0.364573041531899	0.364573041531899	hypo	case		0.231217543162764	0.36	0.36	0.3	0.360465065495751	5
chr20	17239534	17244141	4608	62	21.0717741935484	-0.289830537432325	0.289830537432325	-0.266659989324724	0.266659989324724	hypo	case		0.304760139495401	0.36	0.36	0.3	0.360465065495751	5
chr20	13821629	13825715	4087	86	23.3238372093023	-0.307807632819431	0.307807632819431	-0.340622290871878	0.340622290871878	hypo	case		0.225298339392291	0.36	0.36	0.3	0.360465065495751	5
chr20	12126107	12130445	4339	125	22.9488	-0.342060393786652	0.342060393786652	-0.363218448077622	0.363218448077622	hypo	case		0.0481169410906109	0.36	0.36	0.3	0.360465065495751	5
chr20	1379680	1384277	4598	64	22.6125	0.261023002112915	0.261023002112915	0.300470586892419	0.300470586892419	hyper	case		0.184058217086071	0.36	0.36	0.3	0.360465065495751	5
chr20	37827554	37832360	4807	103	22.6810679611651	-0.328703322612337	0.328703322612337	-0.333951244148616	0.333951244148616	hypo	case		0.373874463849384	0.36	0.373874463849384	0.3	0.360465065495751	5
chr21	22969820	22973608	3789	62	22.5596774193548	-0.347162944713061	0.347162944713061	-0.338552674509891	0.338552674509891	hypo	case		0.702713912787418	0.36	0.702713912787418	2.8	0.682213840132396	5
chr20	22940093	22943381	3289	58	24.8784482758621	-0.360605832770191	0.360605832770191	-0.370560871228368	0.370560871228368	hypo	case		0.51202980777562	0.36	0.51202980777562	0.5	0.523027894488147	5
chr20	45882615	45885130	2516	94	22.9489361702128	-0.328651778327993	0.328651778327993	-0.342880503690901	0.342880503690901	hypo	case		0.140776234354376	0.36	0.36	0.3	0.360465065495751	5
chr21	13806548	13810460	3913	88	23.4869318181818	-0.370309822660759	0.370309822660759	-0.397274159740252	0.397274159740252	hypo	case		0.142298090916555	0.36	0.36	0.3	0.360465065495751	5
chr20	50736449	50738042	1594	50	25.851	0.27522554717915	0.27522554717915	0.302406224611229	0.302406224611229	hyper	case		0.147006821713535	0.36	0.36	0.3	0.360465065495751	5
chr21	21921426	21926289	4864	71	17.7232394366197	-0.309832747172877	0.309832747172877	-0.307373290899897	0.307373290899897	hypo	case		0.65882939741144	0.36	0.65882939741144	1.5	0.657880059533191	5
chr20	37624144	37627690	3547	60	23.2283333333333	-0.209140731800739	0.209140731800739	-0.222851945756616	0.222851945756616	hypo	case		0.209108283090491	0.36	0.36	0.3	0.360465065495751	5
chr21	20556242	20560651	4410	54	21.0731481481481	-0.350845084219491	0.350845084219491	-0.386136650465678	0.386136650465678	hypo	case		0.263636304897719	0.36	0.36	0.3	0.360465065495751	5
chr21	40399522	40402539	3018	66	21.7795454545455	-0.29193633682659	0.29193633682659	-0.308992372920053	0.308992372920053	hypo	case		0.138985773394503	0.36	0.36	0.3	0.360465065495751	5
chr20	54214314	54218389	4076	102	21.6960784313725	-0.323159495787879	0.323159495787879	-0.34193894851617	0.34193894851617	hypo	case		0.307209852274967	0.36	0.36	0.3	0.360465065495751	5
chr21	31039201	31042640	3440	54	23.1203703703704	-0.34789470346914	0.34789470346914	-0.406526184873385	0.406526184873385	hypo	case		0.337647154567316	0.36	0.36	0.3	0.360465065495751	5
chr20	54757936	54762193	4258	74	21.8141891891892	-0.333625824738538	0.333625824738538	-0.331278033790895	0.331278033790895	hypo	case		0.780101174974879	0.36	0.780101174974879	2.8	0.682213840132396	5
chr20	33228111	33232685	4575	76	23.7236842105263	-0.328425610188626	0.328425610188626	-0.347286889746088	0.347286889746088	hypo	case		0.169934912496436	0.36	0.36	0.3	0.360465065495751	5
chr20	17580473	17584648	4176	98	23.3816326530612	-0.289959011074937	0.289959011074937	-0.316144295369914	0.316144295369914	hypo	case		0.51041771138703	0.36	0.51041771138703	0.5	0.523027894488147	5
chr20	38683912	38687218	3307	62	22.2475806451613	0.302782042557398	0.302782042557398	0.364747334030825	0.364747334030825	hyper	case		0.133248810726418	0.36	0.36	0.3	0.360465065495751	5
chr20	12857733	12860388	2656	80	21.62875	-0.299378009248769	0.299378009248769	-0.302881703760045	0.302881703760045	hypo	case		0.169984581336635	0.36	0.36	0.3	0.360465065495751	5
chr20	1403454	1405893	2440	58	21.5422413793103	-0.296947136081893	0.296947136081893	-0.320294972697555	0.320294972697555	hypo	case		0.666231993923611	0.36	0.666231993923611	2.3	0.666414267337476	5
chr21	14995501	14999671	4171	68	22.5845588235294	0.323627102674175	0.323627102674175	0.323036543145401	0.323036543145401	hyper	case		0.212735897303024	0.36	0.36	0.3	0.360465065495751	5
chr20	11515670	11520280	4611	70	21.7885714285714	-0.353714655851464	0.353714655851464	-0.351647840005365	0.351647840005365	hypo	case		0.311164198858948	0.36	0.36	0.3	0.360465065495751	5
chr21	14614553	14619069	4517	72	20.9465277777778	0.285069451556988	0.285069451556988	0.297947535580643	0.297947535580643	hyper	case		0.196408976305233	0.36	0.36	0.3	0.360465065495751	5
chr20	21935311	21939655	4345	56	22.1482142857143	0.26880561219263	0.26880561219263	0.312710877772948	0.312710877772948	hyper	case		0.290934347257017	0.36	0.36	0.3	0.360465065495751	5
chr21	19476493	19480738	4246	56	22.7473214285714	-0.347774724154276	0.347774724154276	-0.386059629632686	0.386059629632686	hypo	case		0.231118532140602	0.36	0.36	0.3	0.360465065495751	5
chr20	35065754	35069165	3412	67	21.5350746268657	0.291135873688876	0.291135873688876	0.271148948757092	0.271148948757092	hyper	case		0.158933585423308	0.36	0.36	0.3	0.360465065495751	5
chr20	22314875	22319397	4523	74	21.3141891891892	-0.355248587241237	0.355248587241237	-0.376463408070657	0.376463408070657	hypo	case		0.302386224375594	0.36	0.36	0.3	0.360465065495751	5
chr21	27913636	27917106	3471	50	20.955	-0.303549416102927	0.303549416102927	-0.283095614786906	0.283095614786906	hypo	case		0.211354784119758	0.36	0.36	0.3	0.360465065495751	5
chr21	18872471	18877064	4594	120	21.3233333333333	-0.366006754928216	0.366006754928216	-0.384963185523061	0.384963185523061	hypo	case		0.116910924590893	0.36	0.36	0.3	0.360465065495751	5
chr20	22091254	22095731	4478	56	24.1669642857143	-0.326019607801017	0.326019607801017	-0.348753792127497	0.348753792127497	hypo	case		0.490961100422177	0.36	0.490961100422177	0.5	0.523027894488147	5
chr21	37812615	37817196	4582	106	22.8259433962264	-0.320087084408615	0.320087084408615	-0.349715148308887	0.349715148308887	hypo	case		0.0956668074601036	0.36	0.36	0.3	0.360465065495751	5
chr21	22010334	22014698	4365	60	22.7333333333333	-0.303549001718023	0.303549001718023	-0.308712404005865	0.308712404005865	hypo	case		0.343366197900421	0.36	0.36	0.3	0.360465065495751	5
chr21	36089793	36092046	2254	64	20.80078125	-0.313561733751182	0.313561733751182	-0.321596254240021	0.321596254240021	hypo	case		0.99	0.36	0.99	2.8	0.682213840132396	5
chr20	43174464	43178088	3625	68	25.2573529411765	-0.361117962205109	0.361117962205109	-0.372101801801903	0.372101801801903	hypo	case		0.441760416182954	0.36	0.441760416182954	0.4	0.432372621708254	5
chr21	25571862	25575732	3871	52	24.9682692307692	-0.284623784450131	0.284623784450131	-0.316531072595025	0.316531072595025	hypo	case		0.359220734769483	0.36	0.36	0.3	0.360465065495751	5
chr20	11322650	11326631	3982	66	21.4454545454545	-0.287466093463655	0.287466093463655	-0.301947237132005	0.301947237132005	hypo	case		0.573399031382309	0.36	0.573399031382309	0.7	0.596779781291671	5
chr20	22103609	22106174	2566	52	23.8576923076923	-0.324964979048213	0.324964979048213	-0.366272694411566	0.366272694411566	hypo	case		0.444294942927859	0.36	0.444294942927859	0.4	0.432372621708254	5
chr20	16028266	16032343	4078	67	21.1850746268657	-0.286953400357812	0.286953400357812	-0.306508154687141	0.306508154687141	hypo	case		0.231626252942361	0.36	0.36	0.3	0.360465065495751	5
chr20	7831049	7835017	3969	106	23.463679245283	-0.366266511151268	0.366266511151268	-0.380919394719694	0.380919394719694	hypo	case		0.507936127861241	0.36	0.507936127861241	0.5	0.523027894488147	5
chr20	33552592	33555338	2747	52	20.6961538461538	-0.31909983549676	0.31909983549676	-0.372926862982718	0.372926862982718	hypo	case		0.304751826600081	0.36	0.36	0.3	0.360465065495751	5
chr21	23035947	23040404	4458	60	21.0916666666667	-0.324298092687141	0.324298092687141	-0.330131783959833	0.330131783959833	hypo	case		0.207724736023611	0.36	0.36	0.3	0.360465065495751	5
chr21	26114987	26119329	4343	88	24.1517045454546	0.333091030610214	0.333091030610214	0.324983707322636	0.324983707322636	hyper	case		0.324720182890153	0.36	0.36	0.3	0.360465065495751	5
chr20	41100164	41103225	3062	70	23.6135714285714	-0.261239574695124	0.261239574695124	-0.256689941972711	0.256689941972711	hypo	case		0.883273153224935	0.36	0.883273153224935	2.8	0.682213840132396	5
chr20	877205	882180	4976	106	22.7452830188679	-0.366318948001959	0.366318948001959	-0.40074178878584	0.40074178878584	hypo	case		0.224780229342146	0.36	0.36	0.3	0.360465065495751	5
chr20	26649020	26653669	4650	106	17.5051886792453	-0.33034122619399	0.33034122619399	-0.348495490822895	0.348495490822895	hypo	case		0.571931967290376	0.36	0.571931967290376	0.7	0.596779781291671	5
chr21	25020332	25022407	2076	62	23.3717741935484	-0.344617439918605	0.344617439918605	-0.374184985904564	0.374184985904564	hypo	case		0.0697611444406599	0.36	0.36	0.3	0.360465065495751	5
chr20	8308338	8313298	4961	89	23.4466292134831	0.225242237715968	0.225242237715968	0.215867081686842	0.215867081686842	hyper	case		0.26233367986538	0.36	0.36	0.3	0.360465065495751	5
chr20	27572638	27576232	3595	80	15.43375	-0.375982175144757	0.375982175144757	-0.377063910588317	0.377063910588317	hypo	case		0.303757382405419	0.36	0.36	0.3	0.360465065495751	5
chr20	41531597	41535104	3508	50	23.352	0.256823470684091	0.256823470684091	0.282940639789843	0.282940639789843	hyper	case		0.745905192421365	0.36	0.745905192421365	2.8	0.682213840132396	5
chr20	12131690	12133961	2272	60	24.1866666666667	-0.389462035240062	0.389462035240062	-0.407843073875342	0.407843073875342	hypo	case		0.188147745406417	0.36	0.36	0.3	0.360465065495751	5
chr20	16607153	16609814	2662	60	21.9608333333333	-0.337534223336591	0.337534223336591	-0.347678005248386	0.347678005248386	hypo	case		0.374143464520938	0.36	0.374143464520938	0.3	0.360465065495751	5
chr21	30990470	30994204	3735	56	21.0892857142857	-0.36194680808126	0.36194680808126	-0.410628574452702	0.410628574452702	hypo	case		0.20852971914106	0.36	0.36	0.3	0.360465065495751	5
chr21	25665697	25670648	4952	120	23.8558333333333	-0.347348553859672	0.347348553859672	-0.369178428888868	0.369178428888868	hypo	case		0.135720848074953	0.36	0.36	0.3	0.360465065495751	5
chr20	29034255	29035936	1682	74	23.7256756756757	-0.32683358901862	0.32683358901862	-0.364213632691134	0.364213632691134	hypo	case		0.86849049747227	0.36	0.86849049747227	2.8	0.682213840132396	5
chr21	28940218	28943934	3717	50	22.722	-0.367210173040451	0.367210173040451	-0.389102446988816	0.389102446988816	hypo	case		0.115798764435171	0.36	0.36	0.3	0.360465065495751	5
chr20	59978444	59980594	2151	60	23.5991666666667	-0.350576011583202	0.350576011583202	-0.367780974433929	0.367780974433929	hypo	case		0.397611325303535	0.36	0.397611325303535	0.4	0.432372621708254	5
chr20	34714063	34716520	2458	74	25.0925675675676	-0.330124289046232	0.330124289046232	-0.335167453955158	0.335167453955158	hypo	case		0.453850810722076	0.36	0.453850810722076	0.4	0.432372621708254	5
chr21	5695612	5699345	3734	182	17.6263736263736	-0.311526396630862	0.311526396630862	-0.353979473540144	0.353979473540144	hypo	case		0.317786513973747	0.36	0.36	0.3	0.360465065495751	5
chr21	15009999	15011730	1732	62	22.7120967741935	-0.330321961083663	0.330321961083663	-0.362590251673774	0.362590251673774	hypo	case		0.263095009100668	0.36	0.36	0.3	0.360465065495751	5
chr21	32694082	32697780	3699	82	21.8993902439024	-0.386733092901083	0.386733092901083	-0.447321887690817	0.447321887690817	hypo	case		0.174622679242351	0.36	0.36	0.3	0.360465065495751	5
chr21	13473745	13476485	2741	50	21.102	-0.292398958165597	0.292398958165597	-0.317745164596037	0.317745164596037	hypo	case		0.24130960528331	0.36	0.36	0.3	0.360465065495751	5
chr20	11194267	11197609	3343	56	20.55	-0.273003187539229	0.273003187539229	-0.290595731442559	0.290595731442559	hypo	case		0.66137772139323	0.36	0.66137772139323	1.2	0.660966753580126	5
chr20	28925394	28929151	3758	76	24.8914473684211	-0.221144833501013	0.221144833501013	-0.230216619030513	0.230216619030513	hypo	case		0.754452954940809	0.36	0.754452954940809	2.8	0.682213840132396	5
chr21	16574520	16576023	1504	62	24.0016129032258	-0.32012220738503	0.32012220738503	-0.340890316169771	0.340890316169771	hypo	case		0.354115554556628	0.36	0.36	0.3	0.360465065495751	5
chr21	7625133	7628866	3734	188	25.8827127659574	0.268307606553928	0.268307606553928	0.297738133448423	0.297738133448423	hyper	case		0.38569730001177	0.36	0.38569730001177	0.3	0.360465065495751	5
chr21	40939913	40943628	3716	60	23.0891666666667	-0.349290068167457	0.349290068167457	-0.368204833916619	0.368204833916619	hypo	case		0.11494730341485	0.36	0.36	0.3	0.360465065495751	5
chr20	17276823	17280036	3214	60	24.1791666666667	-0.249973041159335	0.249973041159335	-0.254505880605979	0.254505880605979	hypo	case		0.724106030275348	0.36	0.724106030275348	2.8	0.682213840132396	5
chr21	35761591	35764355	2765	50	20.518	-0.359532100696569	0.359532100696569	-0.400154266588331	0.400154266588331	hypo	case		0.124680166581257	0.36	0.36	0.3	0.360465065495751	5
chr20	34097930	34102699	4770	138	23.1934782608696	-0.342203104991147	0.342203104991147	-0.388936779717348	0.388936779717348	hypo	case		0.102756183497521	0.36	0.36	0.3	0.360465065495751	5
chr20	31284773	31287462	2690	76	24.1052631578947	-0.376668379363007	0.376668379363007	-0.403558933691375	0.403558933691375	hypo	case		0.196473754372101	0.36	0.36	0.3	0.360465065495751	5
chr21	9724571	9729014	4444	86	60.2976744186047	-0.331879832152212	0.331879832152212	-0.334149620712303	0.334149620712303	hypo	case		0.405036843188825	0.36	0.405036843188825	0.4	0.432372621708254	5
chr21	26243315	26246883	3569	66	23.1795454545455	-0.298597443437148	0.298597443437148	-0.309318205972431	0.309318205972431	hypo	case		0.871848310589902	0.36	0.871848310589902	2.8	0.682213840132396	5
chr20	4053550	4055966	2417	87	22.451724137931	-0.392206917441131	0.392206917441131	-0.410024604371996	0.410024604371996	hypo	case		0.538426868646308	0.36	0.538426868646308	0.6	0.531925724845128	5
chr20	13109692	13113279	3588	70	25.2507142857143	-0.341043278891254	0.341043278891254	-0.357855249068561	0.357855249068561	hypo	case		0.145194501146423	0.36	0.36	0.3	0.360465065495751	5
chr20	34833475	34837262	3788	121	20.6409090909091	-0.30733621292091	0.30733621292091	-0.323154285302449	0.323154285302449	hypo	case		0.499903318535426	0.36	0.499903318535426	0.5	0.523027894488147	5
chr21	16400078	16402516	2439	56	21.8598214285714	-0.400551830875368	0.400551830875368	-0.409323839506008	0.409323839506008	hypo	case		0.438493988623312	0.36	0.438493988623312	0.4	0.432372621708254	5
chr20	63863	67136	3274	52	19.5557692307692	-0.334717686331592	0.334717686331592	-0.377360574964172	0.377360574964172	hypo	case		0.208719161582408	0.36	0.36	0.3	0.360465065495751	5
chr20	23135235	23140042	4808	112	22.896875	-0.354699344728494	0.354699344728494	-0.383084989663522	0.383084989663522	hypo	case		0.455199988047975	0.36	0.455199988047975	0.4	0.432372621708254	5
chr21	24536773	24541260	4488	52	22.0605769230769	-0.347396130219088	0.347396130219088	-0.377589922387569	0.377589922387569	hypo	case		0.190604722055052	0.36	0.36	0.3	0.360465065495751	5
chr21	40404230	40407011	2782	54	22.337037037037	0.261907406116511	0.261907406116511	0.289217393090101	0.289217393090101	hyper	case		0.181375821031329	0.36	0.36	0.3	0.360465065495751	5
chr20	3437610	3438946	1337	66	20.9833333333333	-0.327178503306806	0.327178503306806	-0.327345654272809	0.327345654272809	hypo	case		0.444601523602823	0.36	0.444601523602823	0.4	0.432372621708254	5
chr21	37461134	37465975	4842	70	21.6457142857143	0.382514458445273	0.382514458445273	0.39303395191131	0.39303395191131	hyper	case		0.334846001185723	0.36	0.36	0.3	0.360465065495751	5
chr20	16280518	16285480	4963	126	20.5238095238095	-0.336463576912627	0.336463576912627	-0.340085813948586	0.340085813948586	hypo	case		0.319871519594157	0.36	0.36	0.3	0.360465065495751	5
chr20	52349326	52352814	3489	62	23.4306451612903	-0.298190931306858	0.298190931306858	-0.337486989720631	0.337486989720631	hypo	case		0.576654185909689	0.36	0.576654185909689	0.7	0.596779781291671	5
chr21	18411694	18415275	3582	69	22.2231884057971	-0.2638145798149	0.2638145798149	-0.26948078600899	0.26948078600899	hypo	case		0.365024203490482	0.36	0.365024203490482	0.3	0.360465065495751	5
chr21	29663981	29667082	3102	56	23.1544642857143	-0.346397051940194	0.346397051940194	-0.378809224481057	0.378809224481057	hypo	case		0.210568433522856	0.36	0.36	0.3	0.360465065495751	5
chr20	59969385	59973260	3876	86	21.4220930232558	-0.379511009142358	0.379511009142358	-0.419282991952643	0.419282991952643	hypo	case		0.35280611405763	0.36	0.36	0.3	0.360465065495751	5
chr20	18349327	18353909	4583	110	22.3577272727273	-0.393524478280998	0.393524478280998	-0.420907139753353	0.420907139753353	hypo	case		0.191970037318553	0.36	0.36	0.3	0.360465065495751	5
chr20	36106102	36110940	4839	150	22.8083333333333	-0.374381294935067	0.374381294935067	-0.382284926228057	0.382284926228057	hypo	case		0.133559849802304	0.36	0.36	0.3	0.360465065495751	5
chr20	4408359	4412762	4404	70	23.1842857142857	-0.335076294445095	0.335076294445095	-0.352738514531366	0.352738514531366	hypo	case		0.0831820984505934	0.36	0.36	0.3	0.360465065495751	5
chr20	35394959	35397752	2794	72	20.1069444444444	-0.292421206916036	0.292421206916036	-0.307489463355478	0.307489463355478	hypo	case		0.223253116486273	0.36	0.36	0.3	0.360465065495751	5
chr20	49695309	49697541	2233	58	22.5836206896552	0.272695654988822	0.272695654988822	0.274187419759067	0.274187419759067	hyper	case		0.247801678462139	0.36	0.36	0.3	0.360465065495751	5
chr20	12025541	12030004	4464	86	22.5627906976744	-0.302331048504119	0.302331048504119	-0.334257723285614	0.334257723285614	hypo	case		0.110329087620202	0.36	0.36	0.3	0.360465065495751	5
chr21	21038460	21042476	4017	62	22.7177419354839	-0.339484435238669	0.339484435238669	-0.367320355702439	0.367320355702439	hypo	case		0.500459878933044	0.36	0.500459878933044	0.5	0.523027894488147	5
chr20	17386357	17391344	4988	82	20.2359756097561	-0.330991046254389	0.330991046254389	-0.36880928811879	0.36880928811879	hypo	case		0.209887194189703	0.36	0.36	0.3	0.360465065495751	5
chr21	27924974	27929908	4935	93	20.1532258064516	-0.340845316223685	0.340845316223685	-0.36253781163675	0.36253781163675	hypo	case		0.492017437606257	0.36	0.492017437606257	0.5	0.523027894488147	5
chr21	19969793	19973273	3481	66	22.3613636363636	-0.388283804405898	0.388283804405898	-0.399795650132758	0.399795650132758	hypo	case		0.225165364529424	0.36	0.36	0.3	0.360465065495751	5
chr21	30583532	30586721	3190	56	19.6455357142857	-0.365142422925463	0.365142422925463	-0.401445853007231	0.401445853007231	hypo	case		0.336251845693251	0.36	0.36	0.3	0.360465065495751	5
chr21	24460330	24463976	3647	51	19.3205882352941	-0.311037505780948	0.311037505780948	-0.363851090440891	0.363851090440891	hypo	case		0.5230733953356	0.36	0.5230733953356	0.5	0.523027894488147	5
chr20	59535873	59538155	2283	99	22.9217171717172	-0.361749303748777	0.361749303748777	-0.357695111717531	0.357695111717531	hypo	case		0.328030830258498	0.36	0.36	0.3	0.360465065495751	5
chr20	20316708	20320003	3296	79	17.3689873417722	0.347661408637179	0.347661408637179	0.389791142153709	0.389791142153709	hyper	case		0.506211842915742	0.36	0.506211842915742	0.5	0.523027894488147	5
chr20	11163538	11167976	4439	67	21.4589552238806	-0.372155210802755	0.372155210802755	-0.387883691428223	0.387883691428223	hypo	case		0.650838307912258	0.36	0.650838307912258	0.9	0.649388492508389	5
chr20	42854892	42859882	4991	98	20.3709183673469	-0.349499559958109	0.349499559958109	-0.395616042193862	0.395616042193862	hypo	case		0.265491316881121	0.36	0.36	0.3	0.360465065495751	5
chr21	27134412	27137958	3547	66	22.6939393939394	-0.375356798964807	0.375356798964807	-0.400851636655682	0.400851636655682	hypo	case		0.141127289471007	0.36	0.36	0.3	0.360465065495751	5
chr21	13261642	13264629	2988	50	23.537	-0.284642882271941	0.284642882271941	-0.297000509482842	0.297000509482842	hypo	case		0.677790844198546	0.36	0.677790844198546	1.1	0.67423733188773	5
chr20	3776277	3780488	4212	261	19.8032567049808	0.409646725290907	0.409646725290907	0.436275691510658	0.436275691510658	hyper	case		0.191460101919893	0.36	0.36	0.3	0.360465065495751	5
chr20	26208003	26210442	2440	414	20.6485507246377	0.41105531970274	0.41105531970274	0.426219862207157	0.426219862207157	hyper	case		0.367040720076592	0.36	0.367040720076592	0.3	0.360465065495751	5
chr20	31766551	31771438	4888	156	23.1650641025641	-0.347277279487757	0.347277279487757	-0.355280955584738	0.355280955584738	hypo	case		0.876980265884956	0.36	0.876980265884956	2.8	0.682213840132396	5
chr21	40435779	40438884	3106	50	20.401	-0.301166937593169	0.301166937593169	-0.319914430443722	0.319914430443722	hypo	case		0.424390452626984	0.36	0.424390452626984	0.4	0.432372621708254	5
chr20	33517480	33521244	3765	138	21.8123188405797	-0.350531746082109	0.350531746082109	-0.387205479592504	0.387205479592504	hypo	case		0.115739427758873	0.36	0.36	0.3	0.360465065495751	5
chr20	46290413	46292734	2322	57	18.0140350877193	-0.303851450324377	0.303851450324377	-0.34514114930297	0.34514114930297	hypo	case		0.045197089144751	0.36	0.36	0.3	0.360465065495751	5
chr20	12041930	12044948	3019	50	22.009	-0.323207343156013	0.323207343156013	-0.319144340389286	0.319144340389286	hypo	case		0.49955491303813	0.36	0.49955491303813	0.5	0.523027894488147	5
chr20	22062097	22066021	3925	64	22.94765625	-0.27717495875992	0.27717495875992	-0.313921532376696	0.313921532376696	hypo	case		0.107624012313405	0.36	0.36	0.3	0.360465065495751	5
chr21	18791170	18793016	1847	50	22.499	-0.385268833098853	0.385268833098853	-0.414388636258287	0.414388636258287	hypo	case		0.145929441217831	0.36	0.36	0.3	0.360465065495751	5
chr20	29427354	29428325	972	101	22.8975247524753	0.302773832545046	0.302773832545046	0.320176353298107	0.320176353298107	hyper	case		0.49525402492833	0.36	0.49525402492833	0.5	0.523027894488147	5
chr20	14062321	14065908	3588	58	20.0879310344828	0.282411862607624	0.282411862607624	0.306732014272579	0.306732014272579	hyper	case		0.269394224497592	0.36	0.36	0.3	0.360465065495751	5
chr20	55294481	55298487	4007	52	21.5336538461538	-0.318767162306851	0.318767162306851	-0.364519022698351	0.364519022698351	hypo	case		0.348994326653432	0.36	0.36	0.3	0.360465065495751	5
chr21	14839820	14843920	4101	170	24.3714705882353	-0.340065208428843	0.340065208428843	-0.349955756283929	0.349955756283929	hypo	case		0.77003319462302	0.36	0.77003319462302	2.8	0.682213840132396	5
chr21	21541625	21545862	4238	50	24.579	-0.298458853207137	0.298458853207137	-0.346597137938519	0.346597137938519	hypo	case		0.162531853713714	0.36	0.36	0.3	0.360465065495751	5
chr21	26543163	26545937	2775	96	19.6088541666667	-0.310383768293135	0.310383768293135	-0.322092648027282	0.322092648027282	hypo	case		0.353716163923947	0.36	0.36	0.3	0.360465065495751	5
chr21	28281039	28283912	2874	57	21.7885964912281	-0.391370371605946	0.391370371605946	-0.40561144984207	0.40561144984207	hypo	case		0.427213529179308	0.36	0.427213529179308	0.4	0.432372621708254	5
chr21	23803150	23805451	2302	62	22.2612903225806	-0.354904631436549	0.354904631436549	-0.379295980557291	0.379295980557291	hypo	case		0.0451880136335325	0.36	0.36	0.3	0.360465065495751	5
chr21	33708449	33711489	3041	125	20.9092	-0.364830443591969	0.364830443591969	-0.386364201122439	0.386364201122439	hypo	case		0.444826846557258	0.36	0.444826846557258	0.4	0.432372621708254	5
chr21	34797566	34800463	2898	60	21.3416666666667	-0.38253874505018	0.38253874505018	-0.398341313021556	0.398341313021556	hypo	case		0.235234964098182	0.36	0.36	0.3	0.360465065495751	5
chr20	59369748	59373872	4125	96	24.0296875	-0.358045152050032	0.358045152050032	-0.390869695077915	0.390869695077915	hypo	case		0.197025812890157	0.36	0.36	0.3	0.360465065495751	5
chr20	46108491	46111438	2948	70	21.06	-0.379720141161579	0.379720141161579	-0.417300576524737	0.417300576524737	hypo	case		0.183855466002016	0.36	0.36	0.3	0.360465065495751	5
chr21	16036005	16039879	3875	50	22.112	-0.34237889338568	0.34237889338568	-0.358530624026186	0.358530624026186	hypo	case		0.262002862682651	0.36	0.36	0.3	0.360465065495751	5
chr20	19403609	19406214	2606	56	20.2642857142857	-0.322740915192093	0.322740915192093	-0.385503584863262	0.385503584863262	hypo	case		0.26989771604364	0.36	0.36	0.3	0.360465065495751	5
chr21	34259546	34263024	3479	56	22.5741071428571	-0.313573419243792	0.313573419243792	-0.355651760742172	0.355651760742172	hypo	case		0.339897271259718	0.36	0.36	0.3	0.360465065495751	5
chr21	9792941	9796172	3232	81	59.7012345679012	0.303310770222387	0.303310770222387	0.307777717305907	0.307777717305907	hyper	case		0.303111605227996	0.36	0.36	0.3	0.360465065495751	5
chr20	52645488	52647784	2297	54	20.6453703703704	-0.303397156382546	0.303397156382546	-0.344634849214724	0.344634849214724	hypo	case		0.283631500999538	0.36	0.36	0.3	0.360465065495751	5
chr20	5360545	5364827	4283	92	21.0554347826087	-0.277265623298458	0.277265623298458	-0.297666869621017	0.297666869621017	hypo	case		0.433994169068169	0.36	0.433994169068169	0.4	0.432372621708254	5
chr21	40478787	40482355	3569	75	23.396	-0.356407212844065	0.356407212844065	-0.39472452234475	0.39472452234475	hypo	case		0.263720691725068	0.36	0.36	0.3	0.360465065495751	5
chr20	29791834	29794501	2668	52	32.3394230769231	-0.226729510218698	0.226729510218698	-0.250738021133387	0.250738021133387	hypo	case		0.61826305481925	0.36	0.61826305481925	2.4	0.624549067415542	5
chr20	9426400	9427904	1505	52	21.4173076923077	-0.281245436777042	0.281245436777042	-0.322868467267041	0.322868467267041	hypo	case		0.385815921978624	0.36	0.385815921978624	0.3	0.360465065495751	5
chr20	6870542	6873551	3010	64	21.41640625	-0.241312295566116	0.241312295566116	-0.283442140313886	0.283442140313886	hypo	case		0.44382062335382	0.36	0.44382062335382	0.4	0.432372621708254	5
chr21	13842712	13845217	2506	54	23.7657407407407	-0.309034368302992	0.309034368302992	-0.326799083496652	0.326799083496652	hypo	case		0.318221670198481	0.36	0.36	0.3	0.360465065495751	5
chr20	24878284	24880517	2234	50	22.727	-0.338874799801653	0.338874799801653	-0.378304781962969	0.378304781962969	hypo	case		0.330240921135511	0.36	0.36	0.3	0.360465065495751	5
chr20	23235480	23239073	3594	54	21.7944444444444	-0.285966485327496	0.285966485327496	-0.277972783909584	0.277972783909584	hypo	case		0.321995333532284	0.36	0.36	0.3	0.360465065495751	5
chr21	22961296	22965620	4325	68	23.1426470588235	-0.36082197941007	0.36082197941007	-0.379465068180468	0.379465068180468	hypo	case		0.247578464345627	0.36	0.36	0.3	0.360465065495751	5
chr21	10043951	10044576	626	64	34.93515625	-0.385267375787778	0.385267375787778	-0.40109543112	0.40109543112	hypo	case		0.457435279431714	0.36	0.457435279431714	0.4	0.432372621708254	5
chr21	29697281	29702062	4782	86	23.2377906976744	-0.299385003314239	0.299385003314239	-0.299069383717468	0.299069383717468	hypo	case		0.99	0.36	0.99	2.8	0.682213840132396	5
chr20	7924885	7928742	3858	50	19.402	-0.256523491910351	0.256523491910351	-0.264789375824544	0.264789375824544	hypo	case		0.276338547393181	0.36	0.36	0.3	0.360465065495751	5
chr20	12511640	12516036	4397	82	20.4067073170732	-0.297477865434053	0.297477865434053	-0.317008534074942	0.317008534074942	hypo	case		0.405621830458057	0.36	0.405621830458057	0.4	0.432372621708254	5
chr20	53869394	53871832	2439	50	19.682	0.317589214257217	0.317589214257217	0.32682558005311	0.32682558005311	hyper	case		0.520205018470466	0.36	0.520205018470466	0.5	0.523027894488147	5
chr21	35385506	35387379	1874	58	22.5043103448276	-0.394266380112704	0.394266380112704	-0.421854904715567	0.421854904715567	hypo	case		0.101428062582552	0.36	0.36	0.3	0.360465065495751	5
chr20	2474883	2479168	4286	82	20.1932926829268	-0.340069922831726	0.340069922831726	-0.364502469938055	0.364502469938055	hypo	case		0.247304070334201	0.36	0.36	0.3	0.360465065495751	5
chr20	23063351	23066070	2720	52	23.0903846153846	-0.362481806781374	0.362481806781374	-0.40585315778302	0.40585315778302	hypo	case		0.331190421265661	0.36	0.36	0.3	0.360465065495751	5
chr21	25981846	25985411	3566	60	22.2558333333333	-0.244922933538201	0.244922933538201	-0.27191701212251	0.27191701212251	hypo	case		0.637647013892915	0.36	0.637647013892915	2.1	0.637257532292705	5
chr20	43891382	43896179	4798	94	20.3510638297872	-0.274993533764465	0.274993533764465	-0.267439873564522	0.267439873564522	hypo	case		0.330453350078958	0.36	0.36	0.3	0.360465065495751	5
chr20	8853360	8855016	1657	50	21.511	0.316340108988949	0.316340108988949	0.326504882312278	0.326504882312278	hyper	case		0.17668528264586	0.36	0.36	0.3	0.360465065495751	5
chr21	18959244	18962381	3138	50	19.939	-0.301603384105235	0.301603384105235	-0.318090624001293	0.318090624001293	hypo	case		0.389829722945626	0.36	0.389829722945626	0.3	0.360465065495751	5
chr21	5296455	5300102	3648	76	40.9921052631579	-0.23082013964147	0.23082013964147	-0.251374853838266	0.251374853838266	hypo	case		0.844500338422639	0.36	0.844500338422639	2.8	0.682213840132396	5
chr20	4580404	4584990	4587	96	24.7822916666667	-0.345089977520754	0.345089977520754	-0.37964901570027	0.37964901570027	hypo	case		0.434886661083757	0.36	0.434886661083757	0.4	0.432372621708254	5
chr21	13207171	13209376	2206	78	20.9589743589744	-0.355695239091816	0.355695239091816	-0.395253193782855	0.395253193782855	hypo	case		0.260356395837761	0.36	0.36	0.3	0.360465065495751	5
chr21	38456631	38459502	2872	86	20.7023255813954	-0.363187559188729	0.363187559188729	-0.394815533812648	0.394815533812648	hypo	case		0.1955763835309	0.36	0.36	0.3	0.360465065495751	5
chr20	28833264	28838157	4894	54	23.0638888888889	-0.298620500262263	0.298620500262263	-0.290846688769226	0.290846688769226	hypo	case		0.813613666358243	0.36	0.813613666358243	2.8	0.682213840132396	5
chr21	7285823	7290628	4806	76	63.9822368421053	0.289782531025165	0.289782531025165	0.287079967189434	0.287079967189434	hyper	case		0.43163824338721	0.36	0.43163824338721	0.4	0.432372621708254	5
chr20	21606117	21608709	2593	108	21.7902777777778	-0.330736115255112	0.330736115255112	-0.351021039255358	0.351021039255358	hypo	case		0.507318929562693	0.36	0.507318929562693	0.5	0.523027894488147	5
chr20	54383768	54386513	2746	78	21.6596153846154	-0.297311519678086	0.297311519678086	-0.297140907292952	0.297140907292952	hypo	case		0.64594652805744	0.36	0.64594652805744	2.5	0.648141514174027	5
chr20	55798191	55802690	4500	66	24.8075757575758	-0.334824420385583	0.334824420385583	-0.323622679689526	0.323622679689526	hypo	case		0.259057023006933	0.36	0.36	0.3	0.360465065495751	5
chr21	28250461	28254853	4393	78	19.9878205128205	-0.320445542692228	0.320445542692228	-0.381257684543779	0.381257684543779	hypo	case		0.427057256600829	0.36	0.427057256600829	0.4	0.432372621708254	5
chr20	227737	231246	3510	52	20.3980769230769	-0.374857161265134	0.374857161265134	-0.398016237416855	0.398016237416855	hypo	case		0.470436534274982	0.36	0.470436534274982	0.4	0.432372621708254	5
chr20	21527217	21531240	4024	98	23.3204081632653	-0.226333501074137	0.226333501074137	-0.245024345253211	0.245024345253211	hypo	case		0.173751884268889	0.36	0.36	0.3	0.360465065495751	5
chr20	23793501	23795257	1757	53	18.7028301886792	-0.292379805768112	0.292379805768112	-0.308034050149092	0.308034050149092	hypo	case		0.522800947300106	0.36	0.522800947300106	0.5	0.523027894488147	5
chr20	33208297	33212187	3891	76	22.1131578947368	-0.329817380672938	0.329817380672938	-0.386310813146776	0.386310813146776	hypo	case		0.11943139637676	0.36	0.36	0.3	0.360465065495751	5
chr20	4095408	4098276	2869	59	22.171186440678	-0.268177650230181	0.268177650230181	-0.271798680607606	0.271798680607606	hypo	case		0.743250863215524	0.36	0.743250863215524	2.8	0.682213840132396	5
chr21	21382469	21385656	3188	56	20.9125	-0.311373233184046	0.311373233184046	-0.27422167469373	0.27422167469373	hypo	case		0.209661006140745	0.36	0.36	0.3	0.360465065495751	5
chr20	5143867	5147998	4132	70	22.1564285714286	-0.293741583619944	0.293741583619944	-0.328862093259783	0.328862093259783	hypo	case		0.590153263803594	0.36	0.590153263803594	0.7	0.596779781291671	5
chr20	29514375	29517707	3333	99	54.9449494949495	-0.337787665527548	0.337787665527548	-0.332537660311852	0.332537660311852	hypo	case		0.522655848989452	0.36	0.522655848989452	0.5	0.523027894488147	5
chr21	37471313	37474771	3459	66	21.8310606060606	-0.323860892287442	0.323860892287442	-0.340016774572169	0.340016774572169	hypo	case		0.563206843594545	0.36	0.563206843594545	0.6	0.531925724845128	5
chr20	21582808	21584893	2086	55	22.5609090909091	-0.337736342840132	0.337736342840132	-0.364042767564613	0.364042767564613	hypo	case		0.205580043371008	0.36	0.36	0.3	0.360465065495751	5
chr20	21546470	21549441	2972	78	22.8198717948718	-0.239763941870573	0.239763941870573	-0.267230807684384	0.267230807684384	hypo	case		0.724617419393405	0.36	0.724617419393405	2.8	0.682213840132396	5
chr20	54940703	54942846	2144	54	25.275	-0.283219487824481	0.283219487824481	-0.312437004464725	0.312437004464725	hypo	case		0.378672505273447	0.36	0.378672505273447	0.3	0.360465065495751	5
chr21	13254783	13256724	1942	62	22.1346774193548	-0.347064606064075	0.347064606064075	-0.368288089419109	0.368288089419109	hypo	case		0.454391007214385	0.36	0.454391007214385	0.4	0.432372621708254	5
chr20	30563985	30565818	1834	94	22.9101063829787	-0.252132879018815	0.252132879018815	-0.254841490903025	0.254841490903025	hypo	case		0.99	0.36	0.99	2.8	0.682213840132396	5
chr20	2729221	2733913	4693	94	21.5659574468085	-0.273882568542942	0.273882568542942	-0.272917327911553	0.272917327911553	hypo	case		0.827080297579543	0.36	0.827080297579543	2.8	0.682213840132396	5
chr20	8964158	8967836	3679	54	22.9148148148148	-0.304987870403703	0.304987870403703	-0.331770373122618	0.331770373122618	hypo	case		0.463665847123738	0.36	0.463665847123738	0.4	0.432372621708254	5
chr20	14672256	14675579	3324	56	25.4330357142857	-0.26240942814136	0.26240942814136	-0.2901626691183	0.2901626691183	hypo	case		0.94564089436815	0.36	0.94564089436815	2.8	0.682213840132396	5
chr20	14598168	14602612	4445	66	21.4174242424242	-0.27028507311256	0.27028507311256	-0.270477190173245	0.270477190173245	hypo	case		0.60243560143382	0.36	0.60243560143382	0.7	0.596779781291671	5
chr20	872595	876681	4087	118	24.0677966101695	-0.299243258344267	0.299243258344267	-0.294524154362624	0.294524154362624	hypo	case		0.99	0.36	0.99	2.8	0.682213840132396	5
chr21	35456078	35459131	3054	72	21.7416666666667	-0.295842373158486	0.295842373158486	-0.328640788218699	0.328640788218699	hypo	case		0.0634383390395673	0.36	0.36	0.3	0.360465065495751	5
chr20	40178635	40180802	2168	66	20.9727272727273	-0.313728835075178	0.313728835075178	-0.315055957364143	0.315055957364143	hypo	case		0.356755083978569	0.36	0.36	0.3	0.360465065495751	5
chr21	31592600	31595473	2874	76	20.6697368421053	-0.31717857385936	0.31717857385936	-0.31951412694021	0.31951412694021	hypo	case		0.451311599827616	0.36	0.451311599827616	0.4	0.432372621708254	5
chr20	7962041	7964778	2738	68	23.4786764705882	-0.36575673414681	0.36575673414681	-0.380866052999774	0.380866052999774	hypo	case		0.133587190104831	0.36	0.36	0.3	0.360465065495751	5
chr21	35229231	35233000	3770	76	21.1611842105263	-0.31314005478546	0.31314005478546	-0.346187213696328	0.346187213696328	hypo	case		0.408789062071773	0.36	0.408789062071773	0.4	0.432372621708254	5
chr20	13894357	13897036	2680	62	23.0903225806452	-0.355982932810253	0.355982932810253	-0.382599621434193	0.382599621434193	hypo	case		0.468169825961709	0.36	0.468169825961709	0.4	0.432372621708254	5
chr21	37892921	37895241	2321	58	21.0991379310345	-0.2915300453773	0.2915300453773	-0.306291805707906	0.306291805707906	hypo	case		0.128130260525323	0.36	0.36	0.3	0.360465065495751	5
chr20	12259028	12263426	4399	84	23.9047619047619	-0.33507077841833	0.33507077841833	-0.375529617412846	0.375529617412846	hypo	case		0.320305891951352	0.36	0.36	0.3	0.360465065495751	5
chr20	54057816	54061891	4076	122	21.7627049180328	-0.295639546221795	0.295639546221795	-0.29870484531845	0.29870484531845	hypo	case		0.64203868168286	0.36	0.64203868168286	1.7	0.640327944157213	5
chr21	14479779	14484253	4475	96	24.1401041666667	-0.292006906470813	0.292006906470813	-0.328469108071465	0.328469108071465	hypo	case		0.490164153559786	0.36	0.490164153559786	0.5	0.523027894488147	5
chr21	32212090	32215663	3574	58	23.2172413793103	-0.299410796009745	0.299410796009745	-0.338843434634634	0.338843434634634	hypo	case		0.293932645984421	0.36	0.36	0.3	0.360465065495751	5
chr20	21158856	21163244	4389	76	23.1631578947368	-0.332549141318305	0.332549141318305	-0.372150229171924	0.372150229171924	hypo	case		0.315165626640128	0.36	0.36	0.3	0.360465065495751	5
chr21	30610435	30614084	3650	53	20.9367924528302	-0.359685324957569	0.359685324957569	-0.383512995271225	0.383512995271225	hypo	case		0.358572143627788	0.36	0.36	0.3	0.360465065495751	5
chr21	17778528	17782083	3556	66	21.030303030303	-0.340693282163958	0.340693282163958	-0.367052783799043	0.367052783799043	hypo	case		0.29441582355596	0.36	0.36	0.3	0.360465065495751	5
chr21	21326829	21329365	2537	61	21.316393442623	-0.28842915198086	0.28842915198086	-0.296721046863523	0.296721046863523	hypo	case		0.160086743654172	0.36	0.36	0.3	0.360465065495751	5
chr20	18450978	18453764	2787	70	21.6385714285714	-0.327789804479895	0.327789804479895	-0.372957588263787	0.372957588263787	hypo	case		0.237144526232096	0.36	0.36	0.3	0.360465065495751	5
chr20	35991381	35995374	3994	101	22.0054455445545	-0.298860386161716	0.298860386161716	-0.321257072416306	0.321257072416306	hypo	case		0.53637275012799	0.36	0.53637275012799	0.6	0.531925724845128	5
chr21	38608528	38612164	3637	104	20.76875	-0.346779343978192	0.346779343978192	-0.377056440663591	0.377056440663591	hypo	case		0.319234806896382	0.36	0.36	0.3	0.360465065495751	5
chr20	52420073	52423251	3179	51	22.5176470588235	-0.35640985619134	0.35640985619134	-0.368478828555098	0.368478828555098	hypo	case		0.562646092875449	0.36	0.562646092875449	0.6	0.531925724845128	5
chr20	10500262	10502612	2351	58	22.675	-0.276056013520643	0.276056013520643	-0.297171436479777	0.297171436479777	hypo	case		0.297497064136427	0.36	0.36	0.3	0.360465065495751	5
chr21	24696274	24700202	3929	91	22.6324175824176	-0.329506080589891	0.329506080589891	-0.343619065404521	0.343619065404521	hypo	case		0.05591982298843	0.36	0.36	0.3	0.360465065495751	5
chr21	33261097	33264923	3827	128	23.20703125	-0.378053583629364	0.378053583629364	-0.382575646073137	0.382575646073137	hypo	case		0.554530586490634	0.36	0.554530586490634	0.6	0.531925724845128	5
chr20	14381376	14383583	2208	76	22.8631578947368	-0.381211440836228	0.381211440836228	-0.404266123137816	0.404266123137816	hypo	case		0.130255103044675	0.36	0.36	0.3	0.360465065495751	5
chr21	31444130	31447045	2916	66	22.9719696969697	-0.331413935489835	0.331413935489835	-0.370495553194185	0.370495553194185	hypo	case		0.338985746960083	0.36	0.36	0.3	0.360465065495751	5
chr21	13217931	13219931	2001	52	24.1875	-0.405608345473718	0.405608345473718	-0.402891945779017	0.402891945779017	hypo	case		0.518212854317239	0.36	0.518212854317239	0.5	0.523027894488147	5
chr21	18561615	18563439	1825	56	17.80625	-0.285821725927602	0.285821725927602	-0.334945005605273	0.334945005605273	hypo	case		0.355366795360216	0.36	0.36	0.3	0.360465065495751	5
chr20	33154308	33157769	3462	84	22.9505952380952	-0.354860835963335	0.354860835963335	-0.39029854849802	0.39029854849802	hypo	case		0.200398237153713	0.36	0.36	0.3	0.360465065495751	5
chr20	14729276	14733012	3737	59	20.9779661016949	-0.37331250532633	0.37331250532633	-0.388832849033796	0.388832849033796	hypo	case		0.049045701658345	0.36	0.36	0.3	0.360465065495751	5
chr21	18201734	18206130	4397	74	22.1358108108108	-0.24445902075532	0.24445902075532	-0.225792204601427	0.225792204601427	hypo	case		0.149937940957743	0.36	0.36	0.3	0.360465065495751	5
chr20	3439740	3442140	2401	164	19.4310975609756	-0.337580274688489	0.337580274688489	-0.340176722657165	0.340176722657165	hypo	case		0.757269505348128	0.36	0.757269505348128	2.8	0.682213840132396	5
chr20	28619591	28622949	3359	94	46.2675531914894	-0.357848435703317	0.357848435703317	-0.386012355541276	0.386012355541276	hypo	case		0.391790457892224	0.36	0.391790457892224	0.3	0.360465065495751	5
chr21	30198158	30202056	3899	54	21.212962962963	-0.348861867732736	0.348861867732736	-0.390095833333784	0.390095833333784	hypo	case		0.166143853696374	0.36	0.36	0.3	0.360465065495751	5
chr20	60395891	60399704	3814	97	20.4979381443299	-0.264811257330357	0.264811257330357	-0.270590841468826	0.270590841468826	hypo	case		0.722303920263071	0.36	0.722303920263071	2.8	0.682213840132396	5
chr21	18686773	18690091	3319	52	18.8365384615385	-0.316810024505952	0.316810024505952	-0.356388919907831	0.356388919907831	hypo	case		0.507401034545508	0.36	0.507401034545508	0.5	0.523027894488147	5
chr20	37539389	37541773	2385	52	22.1769230769231	-0.340119036720674	0.340119036720674	-0.33027656315009	0.33027656315009	hypo	case		0.107678957979188	0.36	0.36	0.3	0.360465065495751	5
chr21	31150988	31155978	4991	180	21.6330555555556	-0.327679945454382	0.327679945454382	-0.376847875430705	0.376847875430705	hypo	case		0.187182689980924	0.36	0.36	0.3	0.360465065495751	5
chr21	20250325	20255126	4802	108	17.9694444444444	-0.362071171351382	0.362071171351382	-0.369322092252022	0.369322092252022	hypo	case		0.102266670617938	0.36	0.36	0.3	0.360465065495751	5
chr21	19126211	19129136	2926	78	20.7846153846154	-0.368797479897195	0.368797479897195	-0.377694052332376	0.377694052332376	hypo	case		0.513836548200567	0.36	0.513836548200567	0.5	0.523027894488147	5
chr20	45623365	45626153	2789	68	21.6727941176471	-0.38309030162753	0.38309030162753	-0.411199432105919	0.411199432105919	hypo	case		0.160721943638544	0.36	0.36	0.3	0.360465065495751	5
chr20	38874527	38878156	3630	83	21.3078313253012	-0.338392125738395	0.338392125738395	-0.357074443411152	0.357074443411152	hypo	case		0.293810235654681	0.36	0.36	0.3	0.360465065495751	5
chr20	42229910	42233733	3824	56	20.3883928571429	-0.319316350796244	0.319316350796244	-0.346302655925599	0.346302655925599	hypo	case		0.535474161217435	0.36	0.535474161217435	0.6	0.531925724845128	5
chr21	28095704	28099599	3896	80	22.820625	-0.353441919046796	0.353441919046796	-0.369349033764863	0.369349033764863	hypo	case		0.109620351849782	0.36	0.36	0.3	0.360465065495751	5
chr20	9357750	9362367	4618	90	24.2033333333333	0.307118980965258	0.307118980965258	0.333199712834243	0.333199712834243	hyper	case		0.123274845793856	0.36	0.36	0.3	0.360465065495751	5
chr20	24134334	24136501	2168	114	24.1114035087719	-0.329327682913351	0.329327682913351	-0.343410183124397	0.343410183124397	hypo	case		0.492687460763874	0.36	0.492687460763874	0.5	0.523027894488147	5
chr21	18243306	18247671	4366	236	20.5341101694915	0.38180950510873	0.38180950510873	0.396517080701426	0.396517080701426	hyper	case		0.0204940065250574	0.36	0.36	0.3	0.360465065495751	5
chr21	27799282	27803795	4514	102	21.4004901960784	-0.345212984458041	0.345212984458041	-0.393520030767397	0.393520030767397	hypo	case		0.192792072543618	0.36	0.36	0.3	0.360465065495751	5
chr21	39971436	39974319	2884	58	22.7568965517241	-0.272162785529609	0.272162785529609	-0.328426356021661	0.328426356021661	hypo	case		0.237638786955625	0.36	0.36	0.3	0.360465065495751	5
chr21	27621200	27625537	4338	98	18.5535714285714	-0.276307004981553	0.276307004981553	-0.277126267683927	0.277126267683927	hypo	case		0.334584435259481	0.36	0.36	0.3	0.360465065495751	5
chr21	38164443	38167580	3138	64	21.8390625	-0.330198841526115	0.330198841526115	-0.329642432417336	0.329642432417336	hypo	case		0.696916920466273	0.36	0.696916920466273	2.8	0.682213840132396	5
chr21	17090087	17095058	4972	128	23.433203125	-0.346854895187288	0.346854895187288	-0.368609315057584	0.368609315057584	hypo	case		0.124803158676607	0.36	0.36	0.3	0.360465065495751	5
chr20	41913660	41917492	3833	54	21.9472222222222	-0.336712236992536	0.336712236992536	-0.393598464451253	0.393598464451253	hypo	case		0.123195573439017	0.36	0.36	0.3	0.360465065495751	5
chr20	10919322	10923368	4047	60	22.6366666666667	-0.341359659621214	0.341359659621214	-0.339066394499075	0.339066394499075	hypo	case		0.219556474712851	0.36	0.36	0.3	0.360465065495751	5
chr20	11061697	11066685	4989	56	19.6383928571429	-0.388991612168585	0.388991612168585	-0.409732895080215	0.409732895080215	hypo	case		0.292433683037505	0.36	0.36	0.3	0.360465065495751	5
chr20	23698433	23702410	3978	52	21.1442307692308	-0.315686911899144	0.315686911899144	-0.383278813293455	0.383278813293455	hypo	case		0.223085360013721	0.36	0.36	0.3	0.360465065495751	5
chr20	25922706	25925425	2720	56	22.73125	-0.345203820093973	0.345203820093973	-0.371979841457335	0.371979841457335	hypo	case		0.15932084617118	0.36	0.36	0.3	0.360465065495751	5
chr20	11226429	11231080	4652	73	22.6191780821918	-0.343111876437004	0.343111876437004	-0.342146126715342	0.342146126715342	hypo	case		0.176922351959673	0.36	0.36	0.3	0.360465065495751	5
chr20	33589532	33592690	3159	69	19.7847826086957	0.293266975006492	0.293266975006492	0.325022939446134	0.325022939446134	hyper	case		0.294570809882192	0.36	0.36	0.3	0.360465065495751	5
chr20	44315364	44316567	1204	72	19.8902777777778	-0.336157423864492	0.336157423864492	-0.369089576375819	0.369089576375819	hypo	case		0.300224477610305	0.36	0.36	0.3	0.360465065495751	5
chr20	32708403	32710405	2003	58	20.676724137931	0.366122774131362	0.366122774131362	0.390749035905587	0.390749035905587	hyper	case		0.235611834120588	0.36	0.36	0.3	0.360465065495751	5
chr20	42049832	42053894	4063	88	21.2170454545455	0.298944766387163	0.298944766387163	0.325510034669715	0.325510034669715	hyper	case		0.140178084538095	0.36	0.36	0.3	0.360465065495751	5
chr20	59507763	59511799	4037	115	22.1834782608696	-0.324567248127157	0.324567248127157	-0.368690177987916	0.368690177987916	hypo	case		0.148959430538769	0.36	0.36	0.3	0.360465065495751	5
chr20	20442112	20445466	3355	74	21.4966216216216	-0.335884802259272	0.335884802259272	-0.331267057944239	0.331267057944239	hypo	case		0.295311269839277	0.36	0.36	0.3	0.360465065495751	5
chr20	53375374	53378319	2946	76	24.0368421052632	-0.311043682621875	0.311043682621875	-0.308470444758489	0.308470444758489	hypo	case		0.211986884040999	0.36	0.36	0.3	0.360465065495751	5
chr21	16744127	16747092	2966	50	21.669	-0.336565802068005	0.336565802068005	-0.33824260404256	0.33824260404256	hypo	case		0.225926519598929	0.36	0.36	0.3	0.360465065495751	5
chr20	54782531	54784467	1937	64	21.7703125	-0.26702038709278	0.26702038709278	-0.302676868074249	0.302676868074249	hypo	case		0.324999313889764	0.36	0.36	0.3	0.360465065495751	5
chr21	38151973	38155401	3429	76	23.8388157894737	-0.347926125508787	0.347926125508787	-0.354716801098716	0.354716801098716	hypo	case		0.578605006967268	0.36	0.578605006967268	0.7	0.596779781291671	5
chr21	9359703	9364662	4960	74	72.3986486486487	0.263527017793116	0.263527017793116	0.300189252081076	0.300189252081076	hyper	case		0.123304522976886	0.36	0.36	0.3	0.360465065495751	5
chr20	32933700	32936667	2968	68	23.2036764705882	-0.35266668560876	0.35266668560876	-0.375986422565304	0.375986422565304	hypo	case		0.132240566284113	0.36	0.36	0.3	0.360465065495751	5
chr20	28109076	28113688	4613	95	13.9773684210526	-0.355021547173755	0.355021547173755	-0.389250841064183	0.389250841064183	hypo	case		0.0981981707828712	0.36	0.36	0.3	0.360465065495751	5
chr21	5236876	5241447	4572	69	82.3282608695652	0.320332681542782	0.320332681542782	0.325549072371306	0.325549072371306	hyper	case		0.4498964038815	0.36	0.4498964038815	0.4	0.432372621708254	5
chr20	13245170	13248147	2978	74	22.6648648648649	-0.350949448450966	0.350949448450966	-0.36008883600482	0.36008883600482	hypo	case		0.302804270466238	0.36	0.36	0.3	0.360465065495751	5
chr20	29477042	29480820	3779	55	18.0209090909091	0.307426869987131	0.307426869987131	0.335030972016425	0.335030972016425	hyper	case		0.330581686631143	0.36	0.36	0.3	0.360465065495751	5
chr20	10507995	10511769	3775	102	21.0946078431373	-0.349032271111887	0.349032271111887	-0.371803779866674	0.371803779866674	hypo	case		0.297358246680066	0.36	0.36	0.3	0.360465065495751	5
chr20	37757284	37760551	3268	66	22.7159090909091	-0.353558801187238	0.353558801187238	-0.379007273642861	0.379007273642861	hypo	case		0.50469449657921	0.36	0.50469449657921	0.5	0.523027894488147	5
chr20	5163114	5167279	4166	95	21.5789473684211	0.267048451588766	0.267048451588766	0.27297792303795	0.27297792303795	hyper	case		0.180211588756771	0.36	0.36	0.3	0.360465065495751	5
chr20	5213455	5218299	4845	90	20.9061111111111	-0.348775756747475	0.348775756747475	-0.378541310943051	0.378541310943051	hypo	case		0.419305096360272	0.36	0.419305096360272	0.4	0.432372621708254	5
chr21	23466764	23470046	3283	68	18.4691176470588	-0.270441706035174	0.270441706035174	-0.328680814092829	0.328680814092829	hypo	case		0.38565088094248	0.36	0.38565088094248	0.3	0.360465065495751	5
chr21	29667807	29672219	4413	66	24.3833333333333	-0.315717127797861	0.315717127797861	-0.330994115914114	0.330994115914114	hypo	case		0.169414407398162	0.36	0.36	0.3	0.360465065495751	5
chr20	5547623	5550149	2527	50	21.726	0.204983681584617	0.204983681584617	0.232616269494205	0.232616269494205	hyper	case		0.642194073016368	0.36	0.642194073016368	1.7	0.640327944157213	5
chr20	15538985	15543316	4332	80	22.345625	-0.358230355009866	0.358230355009866	-0.3706280260326	0.3706280260326	hypo	case		0.211695429241457	0.36	0.36	0.3	0.360465065495751	5
chr20	10388726	10393566	4841	104	21.75625	-0.372224951826518	0.372224951826518	-0.384893574652144	0.384893574652144	hypo	case		0.401083290116989	0.36	0.401083290116989	0.4	0.432372621708254	5
chr20	14578341	14583043	4703	96	19.371875	-0.322507645120505	0.322507645120505	-0.343394109051087	0.343394109051087	hypo	case		0.182048275340726	0.36	0.36	0.3	0.360465065495751	5
chr20	28025300	28029193	3894	52	11.8480769230769	-0.342327156671407	0.342327156671407	-0.388794492041181	0.388794492041181	hypo	case		0.135428681571323	0.36	0.36	0.3	0.360465065495751	5
chr21	20538421	20541215	2795	72	20.63125	-0.350848086453425	0.350848086453425	-0.381537576412006	0.381537576412006	hypo	case		0.362570661113157	0.36	0.362570661113157	0.3	0.360465065495751	5
chr21	25383267	25386283	3017	82	21.344512195122	-0.325023107131792	0.325023107131792	-0.39955433908202	0.39955433908202	hypo	case		0.110566700358073	0.36	0.36	0.3	0.360465065495751	5
chr21	20415275	20418712	3438	50	24.67	-0.311774033724926	0.311774033724926	-0.349130567623449	0.349130567623449	hypo	case		0.2336445603087	0.36	0.36	0.3	0.360465065495751	5
chr20	24707147	24710887	3741	72	21.9618055555556	-0.256211585805059	0.256211585805059	-0.277559794037117	0.277559794037117	hypo	case		0.049928363985116	0.36	0.36	0.3	0.360465065495751	5
chr20	39318296	39321967	3672	58	24.176724137931	-0.364354547640319	0.364354547640319	-0.420805440224377	0.420805440224377	hypo	case		0.233421009436561	0.36	0.36	0.3	0.360465065495751	5
chr20	4492533	4496432	3900	66	21.7462121212121	-0.26099748094177	0.26099748094177	-0.261826960616467	0.261826960616467	hypo	case		0.619879555496136	0.36	0.619879555496136	2.4	0.624549067415542	5
chr20	15682748	15685875	3128	51	24.0196078431373	-0.32485428459222	0.32485428459222	-0.338932388124328	0.338932388124328	hypo	case		0.659279967232263	0.36	0.659279967232263	1.5	0.657880059533191	5
chr21	23673284	23674223	940	54	21.825	-0.313632246456404	0.313632246456404	-0.364348951155948	0.364348951155948	hypo	case		0.755361735128463	0.36	0.755361735128463	2.8	0.682213840132396	5
chr20	16225498	16230286	4789	285	21.8778947368421	-0.383494174818453	0.383494174818453	-0.40090789764309	0.40090789764309	hypo	case		0.300887420638437	0.36	0.36	0.3	0.360465065495751	5
chr21	9915287	9917553	2267	56	60.4508928571429	-0.246614043179254	0.246614043179254	-0.249867882101375	0.249867882101375	hypo	case		0.170382014870795	0.36	0.36	0.3	0.360465065495751	5
chr21	25587727	25590458	2732	66	21.4863636363636	-0.2855578263153	0.2855578263153	-0.329216957387355	0.329216957387355	hypo	case		0.608088879928227	0.36	0.608088879928227	0.7	0.596779781291671	5
chr21	40108327	40110764	2438	70	23.5535714285714	-0.451621054295197	0.451621054295197	-0.456557560453417	0.456557560453417	hypo	case		0.342010764980319	0.36	0.36	0.3	0.360465065495751	5
chr20	56153952	56158749	4798	104	24.4524038461539	-0.380285028463569	0.380285028463569	-0.389170547743159	0.389170547743159	hypo	case		0.402391517340941	0.36	0.402391517340941	0.4	0.432372621708254	5
chr20	18546171	18551021	4851	101	20.769801980198	-0.361195186512502	0.361195186512502	-0.370562601987241	0.370562601987241	hypo	case		0.215398379659959	0.36	0.36	0.3	0.360465065495751	5
chr21	39654116	39658325	4210	112	22.0602678571429	-0.342002637731351	0.342002637731351	-0.37480762088612	0.37480762088612	hypo	case		0.497746460598247	0.36	0.497746460598247	0.5	0.523027894488147	5
chr20	52855802	52860599	4798	98	22.3494897959184	-0.302708450941119	0.302708450941119	-0.305574110299369	0.305574110299369	hypo	case		0.691229509532079	0.36	0.691229509532079	2.8	0.682213840132396	5
chr21	31063349	31068236	4888	88	21.9727272727273	-0.302176332345887	0.302176332345887	-0.313012789695086	0.313012789695086	hypo	case		0.208891004029463	0.36	0.36	0.3	0.360465065495751	5
chr20	9313545	9318353	4809	104	22.6009615384615	-0.368751829379103	0.368751829379103	-0.374017683239753	0.374017683239753	hypo	case		0.309195763585942	0.36	0.36	0.3	0.360465065495751	5
chr20	22869102	22873172	4071	72	23.1388888888889	-0.319410243590644	0.319410243590644	-0.371682704944334	0.371682704944334	hypo	case		0.314198751936398	0.36	0.36	0.3	0.360465065495751	5
chr21	38619680	38624655	4976	118	20.7495762711864	-0.318591771413223	0.318591771413223	-0.352539988374407	0.352539988374407	hypo	case		0.122691701724828	0.36	0.36	0.3	0.360465065495751	5
chr21	13014332	13017483	3152	54	42.6083333333333	-0.237524677599027	0.237524677599027	-0.271397102147829	0.271397102147829	hypo	case		0.259053790347745	0.36	0.36	0.3	0.360465065495751	5
chr21	17657100	17661927	4828	78	11.05	0.211078450643402	0.211078450643402	0.244233422841391	0.244233422841391	hyper	case		0.384549706155957	0.36	0.384549706155957	0.3	0.360465065495751	5
chr21	30302278	30306305	4028	78	23.4384615384615	-0.318426463064113	0.318426463064113	-0.358892676696191	0.358892676696191	hypo	case		0.401354863255829	0.36	0.401354863255829	0.4	0.432372621708254	5
chr20	8757917	8760173	2257	54	22.1342592592593	-0.249882418127597	0.249882418127597	-0.261384789164157	0.261384789164157	hypo	case		0.887766206052088	0.36	0.887766206052088	2.8	0.682213840132396	5
chr21	30438812	30442420	3609	87	21.2235632183908	-0.298054893876967	0.298054893876967	-0.281685046420624	0.281685046420624	hypo	case		0.34209894346679	0.36	0.36	0.3	0.360465065495751	5
chr21	28787056	28791249	4194	62	21.891935483871	-0.385603722903328	0.385603722903328	-0.405805617994232	0.405805617994232	hypo	case		0.208970965509972	0.36	0.36	0.3	0.360465065495751	5
chr21	12655648	12659435	3788	91	16.7785714285714	-0.307354364866162	0.307354364866162	-0.363909753982708	0.363909753982708	hypo	case		0.26337717111614	0.36	0.36	0.3	0.360465065495751	5
chr21	29132548	29135344	2797	80	25.169375	-0.341500995888166	0.341500995888166	-0.365006284975977	0.365006284975977	hypo	case		0.511847384035669	0.36	0.511847384035669	0.5	0.523027894488147	5
chr21	37428850	37431750	2901	55	18.5681818181818	-0.339342580633821	0.339342580633821	-0.384297838588103	0.384297838588103	hypo	case		0.410660374428729	0.36	0.410660374428729	0.4	0.432372621708254	5
chr21	13019341	13020458	1118	56	42.4678571428571	-0.328017057423693	0.328017057423693	-0.338484710187758	0.338484710187758	hypo	case		0.108322433479904	0.36	0.36	0.3	0.360465065495751	5
chr20	14986348	14991221	4874	106	22.0622641509434	-0.32154492015585	0.32154492015585	-0.362461429731199	0.362461429731199	hypo	case		0.153200144454635	0.36	0.36	0.3	0.360465065495751	5
chr21	16659945	16663578	3634	78	22.1871794871795	-0.333132144067634	0.333132144067634	-0.313677079167021	0.313677079167021	hypo	case		0.405216156914781	0.36	0.405216156914781	0.4	0.432372621708254	5
chr20	44360795	44363305	2511	60	20.42	0.252481211972395	0.252481211972395	0.283900806735788	0.283900806735788	hyper	case		0.240429432210684	0.36	0.36	0.3	0.360465065495751	5
chr21	22066057	22070601	4545	54	22.3685185185185	-0.330397059586165	0.330397059586165	-0.356246925460949	0.356246925460949	hypo	case		0.146200690252528	0.36	0.36	0.3	0.360465065495751	5
chr20	45056679	45059599	2921	50	21.512	-0.24426787738312	0.24426787738312	-0.256711962508653	0.256711962508653	hypo	case		0.961220659716068	0.36	0.961220659716068	2.8	0.682213840132396	5
chr20	5884333	5889099	4767	120	23.30375	-0.346597888106421	0.346597888106421	-0.371307801058228	0.371307801058228	hypo	case		0.45672772178575	0.36	0.45672772178575	0.4	0.432372621708254	5
chr20	1475857	1479069	3213	76	21.8289473684211	-0.356074002452032	0.356074002452032	-0.368466073820087	0.368466073820087	hypo	case		0.672956628810346	0.36	0.672956628810346	1.1	0.67423733188773	5
chr20	35241271	35243736	2466	56	19.0758928571429	-0.335793596608444	0.335793596608444	-0.375607434367016	0.375607434367016	hypo	case		0.237040395008791	0.36	0.36	0.3	0.360465065495751	5
chr20	8847550	8851491	3942	82	21.2987804878049	-0.360024430463005	0.360024430463005	-0.388615282537995	0.388615282537995	hypo	case		0.418717232349378	0.36	0.418717232349378	0.4	0.432372621708254	5
chr20	34717176	34719869	2694	62	23.4064516129032	-0.272330683999776	0.272330683999776	-0.318383319439439	0.318383319439439	hypo	case		0.190120327835161	0.36	0.36	0.3	0.360465065495751	5
chr20	5288324	5291703	3380	65	20.0192307692308	-0.34103362409864	0.34103362409864	-0.360539723658004	0.360539723658004	hypo	case		0.170543471877462	0.36	0.36	0.3	0.360465065495751	5
chr21	37510686	37513669	2984	60	24.8933333333333	-0.315831759794548	0.315831759794548	-0.331342529936321	0.331342529936321	hypo	case		0.11386679029469	0.36	0.36	0.3	0.360465065495751	5
chr20	20516543	20519114	2572	50	23.197	0.357672814074885	0.357672814074885	0.383628230540934	0.383628230540934	hyper	case		0.430218812261515	0.36	0.430218812261515	0.4	0.432372621708254	5
chr20	49698043	49700805	2763	70	21.1107142857143	-0.220551693739876	0.220551693739876	-0.235460051643332	0.235460051643332	hypo	case		0.516871113382369	0.36	0.516871113382369	0.5	0.523027894488147	5
chr21	40177688	40179898	2211	79	21.1474683544304	-0.252957017987351	0.252957017987351	-0.322184059058339	0.322184059058339	hypo	case		0.387166050374503	0.36	0.387166050374503	0.3	0.360465065495751	5
chr20	25669752	25673824	4073	76	21.025	-0.25985113443268	0.25985113443268	-0.263222386252973	0.263222386252973	hypo	case		0.847544785433682	0.36	0.847544785433682	2.8	0.682213840132396	5
chr20	17295206	17298055	2850	54	19.6703703703704	0.392090629619089	0.392090629619089	0.416374098413012	0.416374098413012	hyper	case		0.13892168175229	0.36	0.36	0.3	0.360465065495751	5
chr20	41047004	41051082	4079	56	19.8642857142857	0.262643840445941	0.262643840445941	0.31572358163071	0.31572358163071	hyper	case		0.394140072700943	0.36	0.394140072700943	0.3	0.360465065495751	5
chr21	28745038	28748093	3056	68	23.8669117647059	0.227101792911289	0.227101792911289	0.255433849738165	0.255433849738165	hyper	case		0.228189272842983	0.36	0.36	0.3	0.360465065495751	5
chr20	46062013	46065870	3858	109	20.0761467889908	-0.347373430214488	0.347373430214488	-0.389153058283075	0.389153058283075	hypo	case		0.261921478264512	0.36	0.36	0.3	0.360465065495751	5
chr20	18487673	18491166	3494	74	23.0777027027027	-0.349575633020006	0.349575633020006	-0.365816878567534	0.365816878567534	hypo	case		0.405687094114749	0.36	0.405687094114749	0.4	0.432372621708254	5
chr20	13950219	13951999	1781	64	19.29375	-0.328684380191125	0.328684380191125	-0.349961597354743	0.349961597354743	hypo	case		0.739233406604292	0.36	0.739233406604292	2.8	0.682213840132396	5
chr21	30595700	30598876	3177	81	21.2425925925926	-0.329171455378941	0.329171455378941	-0.363346208748735	0.363346208748735	hypo	case		0.576078832197668	0.36	0.576078832197668	0.7	0.596779781291671	5
chr20	54397588	54402172	4585	80	22.15125	-0.318504963311747	0.318504963311747	-0.362849269862796	0.362849269862796	hypo	case		0.22138425323181	0.36	0.36	0.3	0.360465065495751	5
chr21	19352706	19356260	3555	65	19.8707692307692	-0.320693536279257	0.320693536279257	-0.345673876669539	0.345673876669539	hypo	case		0.0596481408505793	0.36	0.36	0.3	0.360465065495751	5
chr20	10232042	10235488	3447	52	23.4721153846154	-0.314072051764101	0.314072051764101	-0.332833989755629	0.332833989755629	hypo	case		0.195126708152121	0.36	0.36	0.3	0.360465065495751	5
chr20	38111528	38115646	4119	115	22.1747826086957	-0.37970225576312	0.37970225576312	-0.405774891545146	0.405774891545146	hypo	case		0.118251790977365	0.36	0.36	0.3	0.360465065495751	5
chr20	23466786	23469563	2778	52	20.2192307692308	-0.304752784366402	0.304752784366402	-0.306379309837547	0.306379309837547	hypo	case		0.642467261570823	0.36	0.642467261570823	1.7	0.640327944157213	5
chr20	53070433	53072183	1751	52	21.7673076923077	-0.279673437418453	0.279673437418453	-0.281268414363338	0.281268414363338	hypo	case		0.245130889958002	0.36	0.36	0.3	0.360465065495751	5
chr20	23409770	23413199	3430	60	21.5008333333333	-0.309862779585362	0.309862779585362	-0.311621374649128	0.311621374649128	hypo	case		0.222424133161887	0.36	0.36	0.3	0.360465065495751	5
chr21	40620738	40623186	2449	50	21.699	0.215986669324651	0.215986669324651	0.189633929216471	0.189633929216471	hyper	case		0.402191538009087	0.36	0.402191538009087	0.4	0.432372621708254	5
chr21	36348135	36351721	3587	82	23.3268292682927	-0.331560491131202	0.331560491131202	-0.355408370395266	0.355408370395266	hypo	case		0.145960912704712	0.36	0.36	0.3	0.360465065495751	5
chr21	38414710	38417869	3160	82	19.834756097561	-0.343898371331236	0.343898371331236	-0.371660893958079	0.371660893958079	hypo	case		0.240322350003602	0.36	0.36	0.3	0.360465065495751	5
chr21	18595355	18600115	4761	58	23.0620689655172	-0.371481445925916	0.371481445925916	-0.387132239451392	0.387132239451392	hypo	case		0.205786899170369	0.36	0.36	0.3	0.360465065495751	5
chr20	50555383	50558115	2733	70	23.8421428571429	0.282617677230037	0.282617677230037	0.330720730824286	0.330720730824286	hyper	case		0.551342112010932	0.36	0.551342112010932	0.6	0.531925724845128	5
chr20	45487344	45489947	2604	129	23.9069767441861	-0.342649167997465	0.342649167997465	-0.391121655102494	0.391121655102494	hypo	case		0.323278625155108	0.36	0.36	0.3	0.360465065495751	5
chr20	22483410	22486895	3486	70	23.025	-0.281966127495186	0.281966127495186	-0.273223895774539	0.273223895774539	hypo	case		0.195316991773526	0.36	0.36	0.3	0.360465065495751	5
chr20	2967847	2969927	2081	58	24.35	-0.310529433174919	0.310529433174919	-0.340604544879473	0.340604544879473	hypo	case		0.342532309296597	0.36	0.36	0.3	0.360465065495751	5
chr21	10623932	10628337	4406	140	53.3842857142857	-0.318804545566651	0.318804545566651	-0.332172703089904	0.332172703089904	hypo	case		0.118677288846358	0.36	0.36	0.3	0.360465065495751	5
chr20	26161597	26165419	3823	56	23.0678571428571	-0.280759433812095	0.280759433812095	-0.340116390254935	0.340116390254935	hypo	case		0.0885168619832297	0.36	0.36	0.3	0.360465065495751	5
chr21	13009330	13013728	4399	92	45.0233695652174	-0.386960364885479	0.386960364885479	-0.38960362320456	0.38960362320456	hypo	case		0.323790283432009	0.36	0.36	0.3	0.360465065495751	5
chr21	21828959	21831337	2379	60	21.4225	-0.259561044868098	0.259561044868098	-0.273761264196246	0.273761264196246	hypo	case		0.643162613962046	0.36	0.643162613962046	1.7	0.640327944157213	5
chr20	3151525	3154472	2948	66	24.3878787878788	-0.313737774034292	0.313737774034292	-0.34521301597171	0.34521301597171	hypo	case		0.197321443566271	0.36	0.36	0.3	0.360465065495751	5
chr20	39134893	39137119	2227	75	20.6066666666667	-0.317219192262098	0.317219192262098	-0.329551597454016	0.329551597454016	hypo	case		0.229071217529128	0.36	0.36	0.3	0.360465065495751	5
chr20	35730152	35733996	3845	97	18.8051546391753	0.305121918231295	0.305121918231295	0.325726115277758	0.325726115277758	hyper	case		0.907420282830209	0.36	0.907420282830209	2.8	0.682213840132396	5
chr20	25152148	25156986	4839	144	21.7131944444444	-0.322457323977327	0.322457323977327	-0.346355935594152	0.346355935594152	hypo	case		0.2031143299297	0.36	0.36	0.3	0.360465065495751	5
chr20	10298903	10302536	3634	70	22.8792857142857	-0.266120012926802	0.266120012926802	-0.293897550581863	0.293897550581863	hypo	case		0.586395626378561	0.36	0.586395626378561	0.7	0.596779781291671	5
chr21	16332336	16334566	2231	56	23.4366071428571	-0.356293461688452	0.356293461688452	-0.358324733132836	0.358324733132836	hypo	case		0.451076582565647	0.36	0.451076582565647	0.4	0.432372621708254	5
chr21	35830843	35832595	1753	60	23.2133333333333	-0.295121265145362	0.295121265145362	-0.334548674260923	0.334548674260923	hypo	case		0.704948787805131	0.36	0.704948787805131	2.8	0.682213840132396	5
chr20	49064431	49068594	4164	104	22.2745192307692	-0.313742805727926	0.313742805727926	-0.338459628231317	0.338459628231317	hypo	case		0.0656756624327935	0.36	0.36	0.3	0.360465065495751	5
chr20	49431249	49436005	4757	108	22.362962962963	-0.349817338160188	0.349817338160188	-0.392817176591572	0.392817176591572	hypo	case		0.216919176079934	0.36	0.36	0.3	0.360465065495751	5
chr20	41451676	41454148	2473	96	24.4979166666667	-0.347624323842922	0.347624323842922	-0.369946174250234	0.369946174250234	hypo	case		0.31080588204531	0.36	0.36	0.3	0.360465065495751	5
chr20	56147081	56149168	2088	50	21.225	-0.346120177656753	0.346120177656753	-0.375395409869298	0.375395409869298	hypo	case		0.496661357388382	0.36	0.496661357388382	0.5	0.523027894488147	5
chr21	31663959	31667525	3567	89	23.9443820224719	-0.272018892186674	0.272018892186674	-0.299656899013017	0.299656899013017	hypo	case		0.582711201380234	0.36	0.582711201380234	0.7	0.596779781291671	5
chr20	20159334	20164156	4823	78	23.248717948718	-0.286964934876183	0.286964934876183	-0.301188741565473	0.301188741565473	hypo	case		0.482130092979614	0.36	0.482130092979614	0.5	0.523027894488147	5
chr21	9714906	9716685	1780	58	40.7534482758621	-0.386294920333292	0.386294920333292	-0.397633103836601	0.397633103836601	hypo	case		0.177643509891393	0.36	0.36	0.3	0.360465065495751	5
chr20	26211442	26215224	3783	54	20.4046296296296	-0.23405228681684	0.23405228681684	-0.285375387253282	0.285375387253282	hypo	case		0.110553913482884	0.36	0.36	0.3	0.360465065495751	5
chr20	60902541	60904683	2143	60	21.7358333333333	0.301758792017373	0.301758792017373	0.299209971927562	0.299209971927562	hyper	case		0.211180528343808	0.36	0.36	0.3	0.360465065495751	5
chr20	9209380	9211239	1860	60	21.7641666666667	-0.382819121948817	0.382819121948817	-0.399014366107878	0.399014366107878	hypo	case		0.240165932393613	0.36	0.36	0.3	0.360465065495751	5
chr20	38107778	38110902	3125	70	22.3928571428571	-0.276167792751674	0.276167792751674	-0.287072976830926	0.287072976830926	hypo	case		0.437991905205178	0.36	0.437991905205178	0.4	0.432372621708254	5
chr21	10486219	10490173	3955	71	36.2359154929577	-0.218055297096649	0.218055297096649	-0.219337067874447	0.219337067874447	hypo	case		0.99	0.36	0.99	2.8	0.682213840132396	5
chr20	10409180	10411935	2756	66	20.7727272727273	-0.383721561481275	0.383721561481275	-0.403917923070841	0.403917923070841	hypo	case		0.190336747095359	0.36	0.36	0.3	0.360465065495751	5
chr21	23987788	23992695	4908	100	24.0085	-0.345300602912866	0.345300602912866	-0.351910439619887	0.351910439619887	hypo	case		0.696295097560264	0.36	0.696295097560264	2.8	0.682213840132396	5
chr20	17338219	17341666	3448	74	22.4689189189189	0.27130581219413	0.27130581219413	0.27394807218338	0.27394807218338	hyper	case		0.351966271070414	0.36	0.36	0.3	0.360465065495751	5
chr21	31573499	31576719	3221	152	23.1292763157895	-0.353936757784237	0.353936757784237	-0.372063017830173	0.372063017830173	hypo	case		0.102427211259987	0.36	0.36	0.3	0.360465065495751	5
chr20	39191172	39194709	3538	84	20.5857142857143	-0.333559041937302	0.333559041937302	-0.372508316687595	0.372508316687595	hypo	case		0.244466283806748	0.36	0.36	0.3	0.360465065495751	5
chr20	9745185	9748375	3191	50	22.411	-0.330543422166801	0.330543422166801	-0.351112569067448	0.351112569067448	hypo	case		0.202634049508838	0.36	0.36	0.3	0.360465065495751	5
chr21	26149527	26153963	4437	102	20.0480392156863	0.253567083329295	0.253567083329295	0.270864712690196	0.270864712690196	hyper	case		0.129589256290983	0.36	0.36	0.3	0.360465065495751	5
chr20	42311697	42314484	2788	52	21.5548076923077	-0.271960301429653	0.271960301429653	-0.267840314684431	0.267840314684431	hypo	case		0.278398109492082	0.36	0.36	0.3	0.360465065495751	5
chr21	15228693	15230705	2013	56	25.09375	-0.362545533868284	0.362545533868284	-0.398240146182052	0.398240146182052	hypo	case		0.320728486282482	0.36	0.36	0.3	0.360465065495751	5
chr21	29561616	29565982	4367	140	22.4860714285714	-0.3187728679153	0.3187728679153	-0.336628963931945	0.336628963931945	hypo	case		0.483290348837733	0.36	0.483290348837733	0.5	0.523027894488147	5
chr21	14917566	14921752	4187	96	19.55625	-0.232301774735642	0.232301774735642	-0.250247032470004	0.250247032470004	hypo	case		0.623594547643399	0.36	0.623594547643399	2.4	0.624549067415542	5
chr20	29841177	29844857	3681	56	22.8357142857143	-0.287387048047248	0.287387048047248	-0.297332301585049	0.297332301585049	hypo	case		0.431011948947651	0.36	0.431011948947651	0.4	0.432372621708254	5
chr20	19576477	19580967	4491	102	23.5759803921569	-0.292973355310185	0.292973355310185	-0.311281448700192	0.311281448700192	hypo	case		0.257367478038092	0.36	0.36	0.3	0.360465065495751	5
chr21	23064122	23065715	1594	56	22.6401785714286	-0.387974814872552	0.387974814872552	-0.425090371472549	0.425090371472549	hypo	case		0.235161286287527	0.36	0.36	0.3	0.360465065495751	5
chr20	15080326	15084364	4039	50	21.4	-0.319770107693827	0.319770107693827	-0.327032709671796	0.327032709671796	hypo	case		0.107817160030423	0.36	0.36	0.3	0.360465065495751	5
chr20	10422255	10425292	3038	74	23.6040540540541	-0.280568563220867	0.280568563220867	-0.290936273076079	0.290936273076079	hypo	case		0.558081754559309	0.36	0.558081754559309	0.6	0.531925724845128	5
chr20	60516401	60519676	3276	63	21.1571428571429	-0.360505527886344	0.360505527886344	-0.379805596620438	0.379805596620438	hypo	case		0.584877330489666	0.36	0.584877330489666	0.7	0.596779781291671	5
chr20	4468366	4471450	3085	55	21.1045454545455	0.293132432260722	0.293132432260722	0.345150072392582	0.345150072392582	hyper	case		0.0988577324675399	0.36	0.36	0.3	0.360465065495751	5
chr21	21916048	21920352	4305	68	18.5654411764706	-0.333662651847866	0.333662651847866	-0.381510691454096	0.381510691454096	hypo	case		0.130105784990932	0.36	0.36	0.3	0.360465065495751	5
chr20	55832688	55835643	2956	50	20.247	-0.262430367537818	0.262430367537818	-0.275370328648613	0.275370328648613	hypo	case		0.63342553554442	0.36	0.63342553554442	1.6	0.634986191344257	5
chr21	13582968	13585268	2301	50	23.108	-0.259718464536741	0.259718464536741	-0.278476069813209	0.278476069813209	hypo	case		0.99	0.36	0.99	2.8	0.682213840132396	5
chr21	21525237	21529981	4745	50	23.524	-0.266605882347246	0.266605882347246	-0.267836705086661	0.267836705086661	hypo	case		0.743578214543021	0.36	0.743578214543021	2.8	0.682213840132396	5
chr21	10031396	10035213	3818	60	40.1025	-0.347457606355177	0.347457606355177	-0.371370379857864	0.371370379857864	hypo	case		0.338284809261348	0.36	0.36	0.3	0.360465065495751	5
chr20	19947678	19950244	2567	77	20.6032467532468	-0.374192923134806	0.374192923134806	-0.373434664818047	0.373434664818047	hypo	case		0.394548592357903	0.36	0.394548592357903	0.3	0.360465065495751	5
chr20	6574166	6577608	3443	51	21.7039215686275	0.315475674860703	0.315475674860703	0.35159520567705	0.35159520567705	hyper	case		0.577877976180906	0.36	0.577877976180906	0.7	0.596779781291671	5
chr20	22106769	22109926	3158	56	22.4321428571429	-0.282941156363908	0.282941156363908	-0.328442965093953	0.328442965093953	hypo	case		0.273643072258844	0.36	0.36	0.3	0.360465065495751	5
chr20	36474311	36479167	4857	134	22.0764925373134	0.318437729494544	0.318437729494544	0.352944960505575	0.352944960505575	hyper	case		0.391555092932898	0.36	0.391555092932898	0.3	0.360465065495751	5
chr21	10618886	10623189	4304	77	54.7084415584416	-0.357821653261042	0.357821653261042	-0.378467263015939	0.378467263015939	hypo	case		0.31019014647881	0.36	0.36	0.3	0.360465065495751	5
chr20	42101443	42105381	3939	109	19.6160550458716	-0.329656407136686	0.329656407136686	-0.350100325228439	0.350100325228439	hypo	case		0.254963330279573	0.36	0.36	0.3	0.360465065495751	5
chr21	20770124	20774199	4076	92	21.7059782608696	-0.356984295499403	0.356984295499403	-0.385748936049096	0.385748936049096	hypo	case		0.186366098236927	0.36	0.36	0.3	0.360465065495751	5
chr21	17850968	17854135	3168	52	19.8221153846154	-0.31318892399891	0.31318892399891	-0.341502248208898	0.341502248208898	hypo	case		0.43843449171059	0.36	0.43843449171059	0.4	0.432372621708254	5
chr20	31436981	31438477	1497	60	20.9775	-0.345088901302877	0.345088901302877	-0.378174524415028	0.378174524415028	hypo	case		0.259065587321933	0.36	0.36	0.3	0.360465065495751	5
chr21	25647732	25651059	3328	54	22.337037037037	-0.311041000879246	0.311041000879246	-0.332197138234068	0.332197138234068	hypo	case		0.40401479553703	0.36	0.40401479553703	0.4	0.432372621708254	5
chr20	4263253	4267649	4397	76	23.7822368421053	-0.341618314692572	0.341618314692572	-0.372670279627985	0.372670279627985	hypo	case		0.181013801952321	0.36	0.36	0.3	0.360465065495751	5
chr20	37501350	37504185	2836	62	24.3491935483871	-0.304779288119761	0.304779288119761	-0.333980682883962	0.333980682883962	hypo	case		0.145615521828802	0.36	0.36	0.3	0.360465065495751	5
chr20	13728592	13733462	4871	142	23.443661971831	-0.347930243193933	0.347930243193933	-0.380594893737077	0.380594893737077	hypo	case		0.506193916580801	0.36	0.506193916580801	0.5	0.523027894488147	5
chr20	52759935	52764663	4729	76	23.2572368421053	-0.356444039281205	0.356444039281205	-0.369128682648742	0.369128682648742	hypo	case		0.329928327930103	0.36	0.36	0.3	0.360465065495751	5
chr21	40100527	40103094	2568	53	23.5028301886792	-0.287869307345815	0.287869307345815	-0.315459717776016	0.315459717776016	hypo	case		0.4891602317611	0.36	0.4891602317611	0.5	0.523027894488147	5
chr20	15328316	15331293	2978	50	19.658	-0.345655614053926	0.345655614053926	-0.373292600854878	0.373292600854878	hypo	case		0.0490548698263259	0.36	0.36	0.3	0.360465065495751	5
chr20	9405919	9409553	3635	80	22.413125	0.257487071877952	0.257487071877952	0.264584988424871	0.264584988424871	hyper	case		0.326587344566306	0.36	0.36	0.3	0.360465065495751	5
chr21	38773166	38776693	3528	98	22.2051020408163	-0.328941830664667	0.328941830664667	-0.352796480870512	0.352796480870512	hypo	case		0.601292466568565	0.36	0.601292466568565	0.7	0.596779781291671	5
chr20	58666379	58668425	2047	60	22.2025	0.260744004864788	0.260744004864788	0.293866120565883	0.293866120565883	hyper	case		0.105561672655295	0.36	0.36	0.3	0.360465065495751	5
chr20	2446514	2448150	1637	52	22.3971153846154	-0.345464833913223	0.345464833913223	-0.359974420957201	0.359974420957201	hypo	case		0.413703497359309	0.36	0.413703497359309	0.4	0.432372621708254	5
chr21	10573857	10575611	1755	52	56.15	-0.358978832658729	0.358978832658729	-0.363045795381612	0.363045795381612	hypo	case		0.146144444733459	0.36	0.36	0.3	0.360465065495751	5
chr20	48850207	48852546	2340	64	22.0859375	-0.373355803175278	0.373355803175278	-0.411656407666359	0.411656407666359	hypo	case		0.432134171121802	0.36	0.432134171121802	0.4	0.432372621708254	5
chr21	21022810	21025440	2631	76	20.5552631578947	-0.340122751680866	0.340122751680866	-0.356532286388412	0.356532286388412	hypo	case		0.271753035151229	0.36	0.36	0.3	0.360465065495751	5
chr20	52906742	52910387	3646	72	19.4861111111111	-0.404847186329202	0.404847186329202	-0.425803623099288	0.425803623099288	hypo	case		0.424433915805995	0.36	0.424433915805995	0.4	0.432372621708254	5
chr20	28740007	28744980	4974	58	26.9112068965517	-0.273508219376512	0.273508219376512	-0.275460621066472	0.275460621066472	hypo	case		0.661779754422803	0.36	0.661779754422803	1.2	0.660966753580126	5
chr21	28868447	28873151	4705	84	21.3785714285714	-0.300440520900006	0.300440520900006	-0.314927576441133	0.314927576441133	hypo	case		0.0531032055346137	0.36	0.36	0.3	0.360465065495751	5
chr20	41119721	41124106	4386	90	20.6527777777778	-0.373635376262919	0.373635376262919	-0.403598227212294	0.403598227212294	hypo	case		0.260748289992714	0.36	0.36	0.3	0.360465065495751	5
chr20	14721909	14726733	4825	52	19.9817307692308	-0.30276125659647	0.30276125659647	-0.32783387802325	0.32783387802325	hypo	case		0.209632253398859	0.36	0.36	0.3	0.360465065495751	5
chr21	10566694	10569764	3071	54	50.4027777777778	0.206352674949215	0.206352674949215	0.215660462900032	0.215660462900032	hyper	case		0.400104508834984	0.36	0.400104508834984	0.4	0.432372621708254	5
chr21	23451947	23454495	2549	57	19.1605263157895	-0.263663631236306	0.263663631236306	-0.306873976073042	0.306873976073042	hypo	case		0.150220362450472	0.36	0.36	0.3	0.360465065495751	5
chr20	1319767	1322110	2344	76	22.6164473684211	-0.367857169471931	0.367857169471931	-0.41906645499344	0.41906645499344	hypo	case		0.128924790307503	0.36	0.36	0.3	0.360465065495751	5
chr21	23525732	23530425	4694	65	21.02	-0.255321800811773	0.255321800811773	-0.274740676439179	0.274740676439179	hypo	case		0.801432647591692	0.36	0.801432647591692	2.8	0.682213840132396	5
chr20	56053398	56058101	4704	76	21.7453947368421	-0.289219065390421	0.289219065390421	-0.305196916921446	0.305196916921446	hypo	case		0.11322893782291	0.36	0.36	0.3	0.360465065495751	5
chr20	46467306	46469826	2521	84	21.1708333333333	-0.359197655972768	0.359197655972768	-0.38517582334503	0.38517582334503	hypo	case		0.371137749651555	0.36	0.371137749651555	0.3	0.360465065495751	5
chr21	21279122	21281038	1917	53	19.1877358490566	-0.312133640577577	0.312133640577577	-0.348238165157523	0.348238165157523	hypo	case		0.226627879844695	0.36	0.36	0.3	0.360465065495751	5
chr20	28805589	28809703	4115	80	61.19875	-0.339716287151471	0.339716287151471	-0.347662496478228	0.347662496478228	hypo	case		0.381124202651783	0.36	0.381124202651783	0.3	0.360465065495751	5
chr20	41156193	41158961	2769	52	23.8480769230769	-0.304369970865111	0.304369970865111	-0.345110165677007	0.345110165677007	hypo	case		0.283967294766409	0.36	0.36	0.3	0.360465065495751	5
chr21	15546244	15550671	4428	50	20.772	-0.336412099982717	0.336412099982717	-0.370485633943822	0.370485633943822	hypo	case		0.311791178518929	0.36	0.36	0.3	0.360465065495751	5
chr20	11352522	11356820	4299	59	21.8593220338983	-0.369970742681126	0.369970742681126	-0.397581492334725	0.397581492334725	hypo	case		0.274888500836599	0.36	0.36	0.3	0.360465065495751	5
chr21	34210009	34213952	3944	55	20.8145454545455	-0.368117464031223	0.368117464031223	-0.39984708025902	0.39984708025902	hypo	case		0.728333749253155	0.36	0.728333749253155	2.8	0.682213840132396	5
chr20	31325950	31328174	2225	64	22.60234375	-0.294231652602472	0.294231652602472	-0.323625087451307	0.323625087451307	hypo	case		0.32519227801483	0.36	0.36	0.3	0.360465065495751	5
chr20	11445243	11448724	3482	52	24.8759615384615	-0.297500940030359	0.297500940030359	-0.333699653587927	0.333699653587927	hypo	case		0.53047056340446	0.36	0.53047056340446	0.6	0.531925724845128	5
chr20	31381480	31384741	3262	80	22.7725	-0.337333017252937	0.337333017252937	-0.337947831050032	0.337947831050032	hypo	case		0.749641294452874	0.36	0.749641294452874	2.8	0.682213840132396	5
chr20	30348130	30352491	4362	72	23.1569444444444	-0.35392239578785	0.35392239578785	-0.364127495712889	0.364127495712889	hypo	case		0.324112200467476	0.36	0.36	0.3	0.360465065495751	5
chr20	34039838	34042838	3001	84	23.5357142857143	0.229268022917569	0.229268022917569	0.273086986483865	0.273086986483865	hyper	case		0.473266412257058	0.36	0.473266412257058	0.4	0.432372621708254	5
chr21	28152668	28156912	4245	59	22.214406779661	-0.34229519064775	0.34229519064775	-0.315946638500625	0.315946638500625	hypo	case		0.0630528379793096	0.36	0.36	0.3	0.360465065495751	5
chr20	1421380	1425030	3651	66	23.8522727272727	-0.300738762835078	0.300738762835078	-0.31303847135619	0.31303847135619	hypo	case		0.545510579965249	0.36	0.545510579965249	0.6	0.531925724845128	5
chr20	39528096	39531877	3782	50	21.168	-0.279706203283977	0.279706203283977	-0.286966773602886	0.286966773602886	hypo	case		0.573650243420199	0.36	0.573650243420199	0.7	0.596779781291671	5
chr21	22992713	22995832	3120	72	22.4048611111111	-0.401444344309888	0.401444344309888	-0.409685676657737	0.409685676657737	hypo	case		0.314211166118971	0.36	0.36	0.3	0.360465065495751	5
chr20	9997496	10001206	3711	72	20.8861111111111	-0.290094657951372	0.290094657951372	-0.31476894695258	0.31476894695258	hypo	case		0.127497559690741	0.36	0.36	0.3	0.360465065495751	5
chr20	20536646	20539721	3076	50	22.228	-0.307778284768635	0.307778284768635	-0.345915045251329	0.345915045251329	hypo	case		0.421987442723718	0.36	0.421987442723718	0.4	0.432372621708254	5
chr20	34801542	34805978	4437	118	21.7898305084746	-0.35583229513722	0.35583229513722	-0.391249941006619	0.391249941006619	hypo	case		0.119457087182559	0.36	0.36	0.3	0.360465065495751	5
chr21	25173524	25176271	2748	54	21.1851851851852	-0.341757658236013	0.341757658236013	-0.378561867642542	0.378561867642542	hypo	case		0.434595008356413	0.36	0.434595008356413	0.4	0.432372621708254	5
chr20	33850145	33854400	4256	136	21.2316176470588	-0.351489362163052	0.351489362163052	-0.363474104263428	0.363474104263428	hypo	case		0.218544941117519	0.36	0.36	0.3	0.360465065495751	5
chr21	9796825	9801493	4669	86	51.1093023255814	0.306719989459014	0.306719989459014	0.318071651237921	0.318071651237921	hyper	case		0.462816990879315	0.36	0.462816990879315	0.4	0.432372621708254	5
chr21	30002058	30005071	3014	52	20.6769230769231	-0.261686002973739	0.261686002973739	-0.319198766774131	0.319198766774131	hypo	case		0.468690176360037	0.36	0.468690176360037	0.4	0.432372621708254	5
chr20	52424034	52426133	2100	57	21.6447368421053	-0.294557010579271	0.294557010579271	-0.332869155768993	0.332869155768993	hypo	case		0.596150067766373	0.36	0.596150067766373	0.7	0.596779781291671	5
chr20	38528424	38532867	4444	122	24.705737704918	-0.325739686029505	0.325739686029505	-0.347622665028901	0.347622665028901	hypo	case		0.460249840015795	0.36	0.460249840015795	0.4	0.432372621708254	5
chr21	40359814	40362984	3171	82	22.5609756097561	-0.347499547032988	0.347499547032988	-0.34986876030025	0.34986876030025	hypo	case		0.036536550718786	0.36	0.36	0.3	0.360465065495751	5
chr20	22434498	22437412	2915	54	23.1675925925926	-0.317715682139244	0.317715682139244	-0.312809201628399	0.312809201628399	hypo	case		0.354637646059359	0.36	0.36	0.3	0.360465065495751	5
chr20	35679223	35681604	2382	72	21.9104166666667	-0.267549600154107	0.267549600154107	-0.329772045861244	0.329772045861244	hypo	case		0.298201272966475	0.36	0.36	0.3	0.360465065495751	5
chr21	10588525	10592534	4010	64	61.77890625	0.351483131034949	0.351483131034949	0.371578487368279	0.371578487368279	hyper	case		0.199345721025984	0.36	0.36	0.3	0.360465065495751	5
chr20	5096742	5098471	1730	58	21.1086206896552	-0.334104472897495	0.334104472897495	-0.394546952657619	0.394546952657619	hypo	case		0.367997884989093	0.36	0.367997884989093	0.3	0.360465065495751	5
chr21	32783417	32784972	1556	62	15.433064516129	-0.325486270709257	0.325486270709257	-0.345933798260322	0.345933798260322	hypo	case		0.44494215555121	0.36	0.44494215555121	0.4	0.432372621708254	5
chr20	6170929	6174356	3428	50	20.702	-0.287654116665256	0.287654116665256	-0.314290552236228	0.314290552236228	hypo	case		0.597280065549956	0.36	0.597280065549956	0.7	0.596779781291671	5
chr20	19651577	19656153	4577	140	22.1442857142857	-0.361007461102719	0.361007461102719	-0.369902456584023	0.369902456584023	hypo	case		0.48739381527412	0.36	0.48739381527412	0.5	0.523027894488147	5
chr20	38811710	38815174	3465	56	23.83125	-0.342492430961616	0.342492430961616	-0.358963026426991	0.358963026426991	hypo	case		0.579069570917399	0.36	0.579069570917399	0.7	0.596779781291671	5
chr20	56993730	56998708	4979	132	24.3265151515152	-0.350621869019824	0.350621869019824	-0.381786704575521	0.381786704575521	hypo	case		0.28714451983556	0.36	0.36	0.3	0.360465065495751	5
chr21	24579209	24583353	4145	70	22.9528571428571	-0.374288054408908	0.374288054408908	-0.389193818566514	0.389193818566514	hypo	case		0.485384932289728	0.36	0.485384932289728	0.5	0.523027894488147	5
chr20	39478194	39482224	4031	54	20.5916666666667	-0.367625452269093	0.367625452269093	-0.376463606038497	0.376463606038497	hypo	case		0.247566615701682	0.36	0.36	0.3	0.360465065495751	5
chr20	32236208	32239734	3527	76	24.2572368421053	-0.359575932912676	0.359575932912676	-0.340713334516716	0.340713334516716	hypo	case		0.173431623817546	0.36	0.36	0.3	0.360465065495751	5
chr20	25089700	25093206	3507	98	20.9357142857143	-0.269830844710577	0.269830844710577	-0.317144384780234	0.317144384780234	hypo	case		0.434149878286604	0.36	0.434149878286604	0.4	0.432372621708254	5
chr20	43474850	43478003	3154	104	21.8014423076923	-0.336624828457247	0.336624828457247	-0.350677895523989	0.350677895523989	hypo	case		0.528524103095	0.36	0.528524103095	0.6	0.531925724845128	5
chr21	27329368	27333752	4385	76	21.2493421052632	-0.365619608724067	0.365619608724067	-0.401061003566381	0.401061003566381	hypo	case		0.373632525566067	0.36	0.373632525566067	0.3	0.360465065495751	5
chr20	11710667	11714367	3701	77	24.4084415584416	-0.306770867171695	0.306770867171695	-0.337009833881931	0.337009833881931	hypo	case		0.444055757576696	0.36	0.444055757576696	0.4	0.432372621708254	5
chr21	35399026	35402066	3041	60	21.5583333333333	0.287052119934464	0.287052119934464	0.296343727505599	0.296343727505599	hyper	case		0.200654437183657	0.36	0.36	0.3	0.360465065495751	5
chr20	17095058	17099400	4343	52	20.9307692307692	-0.352654520493996	0.352654520493996	-0.3864507600534	0.3864507600534	hypo	case		0.069263412739585	0.36	0.36	0.3	0.360465065495751	5
chr21	37805257	37809808	4552	82	20.840243902439	-0.338423357150365	0.338423357150365	-0.352091941904019	0.352091941904019	hypo	case		0.32860912562917	0.36	0.36	0.3	0.360465065495751	5
chr20	17022760	17025279	2520	54	22.6009259259259	-0.284360844002596	0.284360844002596	-0.305620592041828	0.305620592041828	hypo	case		0.0873859619360062	0.36	0.36	0.3	0.360465065495751	5
chr20	58935417	58938284	2868	60	20.8075	-0.334439714822876	0.334439714822876	-0.362179336013911	0.362179336013911	hypo	case		0.13251226526499	0.36	0.36	0.3	0.360465065495751	5
chr21	37375594	37379288	3695	118	24.3652542372881	0.281287714355015	0.281287714355015	0.288438535540483	0.288438535540483	hyper	case		0.77540490190307	0.36	0.77540490190307	2.8	0.682213840132396	5
chr20	39020373	39022806	2434	62	21.3306451612903	-0.371082123995524	0.371082123995524	-0.372100996449145	0.372100996449145	hypo	case		0.608774289547793	0.36	0.608774289547793	0.7	0.596779781291671	5
chr20	29414634	29417204	2571	50	29.754	-0.289035858436988	0.289035858436988	-0.307325378116478	0.307325378116478	hypo	case		0.234032092271408	0.36	0.36	0.3	0.360465065495751	5
chr21	40093075	40096663	3589	66	21.6030303030303	-0.352571605231949	0.352571605231949	-0.347239029898145	0.347239029898145	hypo	case		0.99	0.36	0.99	2.8	0.682213840132396	5
chr20	9781426	9783871	2446	50	20.712	-0.363270634040299	0.363270634040299	-0.391729528765381	0.391729528765381	hypo	case		0.0716198324444499	0.36	0.36	0.3	0.360465065495751	5
chr20	12815934	12820159	4226	51	21.728431372549	-0.369552449737336	0.369552449737336	-0.392557966018897	0.392557966018897	hypo	case		0.329914031845316	0.36	0.36	0.3	0.360465065495751	5
chr21	32961538	32964570	3033	61	21.0385245901639	-0.2976012076321	0.2976012076321	-0.288353115092048	0.288353115092048	hypo	case		0.923666940917235	0.36	0.923666940917235	2.8	0.682213840132396	5
chr21	40292773	40294794	2022	54	23.5398148148148	-0.309896562083081	0.309896562083081	-0.305582799667772	0.305582799667772	hypo	case		0.167552658343367	0.36	0.36	0.3	0.360465065495751	5
chr20	54265114	54268781	3668	62	22.8104838709677	-0.373329179650607	0.373329179650607	-0.377939681724082	0.377939681724082	hypo	case		0.125718377486494	0.36	0.36	0.3	0.360465065495751	5
chr20	55722247	55725358	3112	90	21.2844444444444	-0.382031856027507	0.382031856027507	-0.414147539250901	0.414147539250901	hypo	case		0.234792610206091	0.36	0.36	0.3	0.360465065495751	5
chr21	30535241	30538644	3404	70	20.3621428571429	-0.296430498998728	0.296430498998728	-0.32575334087282	0.32575334087282	hypo	case		0.0473885987035366	0.36	0.36	0.3	0.360465065495751	5
chr20	11555801	11560538	4738	74	23.3391891891892	-0.377217251337049	0.377217251337049	-0.387483859060973	0.387483859060973	hypo	case		0.561820349648616	0.36	0.561820349648616	0.6	0.531925724845128	5
chr21	10019404	10023301	3898	72	49.7479166666667	-0.359178492372066	0.359178492372066	-0.381487087992551	0.381487087992551	hypo	case		0.276640104767426	0.36	0.36	0.3	0.360465065495751	5
chr20	45852020	45853221	1202	58	21.5120689655172	-0.286572305345769	0.286572305345769	-0.315569486804588	0.315569486804588	hypo	case		0.415177069112995	0.36	0.415177069112995	0.4	0.432372621708254	5
chr20	60907316	60909588	2273	68	23.4970588235294	-0.381867252338124	0.381867252338124	-0.412316633086479	0.412316633086479	hypo	case		0.392734970926235	0.36	0.392734970926235	0.3	0.360465065495751	5
chr20	49269159	49272474	3316	100	23.735	-0.356559205382095	0.356559205382095	-0.387236742979807	0.387236742979807	hypo	case		0.465995836436007	0.36	0.465995836436007	0.4	0.432372621708254	5
chr21	39884154	39886311	2158	72	23.7548611111111	0.373264652229499	0.373264652229499	0.393085337029794	0.393085337029794	hyper	case		0.283814468115174	0.36	0.36	0.3	0.360465065495751	5
chr20	43919577	43924296	4720	93	21.3795698924731	-0.319287057942008	0.319287057942008	-0.368653193851255	0.368653193851255	hypo	case		0.166328282089683	0.36	0.36	0.3	0.360465065495751	5
chr20	51207882	51212256	4375	60	21.6258333333333	-0.286761743273098	0.286761743273098	-0.332781918162527	0.332781918162527	hypo	case		0.360908021933084	0.36	0.360908021933084	0.3	0.360465065495751	5
chr21	9697678	9702190	4513	77	14.361038961039	-0.276868039908976	0.276868039908976	-0.304235019131111	0.304235019131111	hypo	case		0.241880922755889	0.36	0.36	0.3	0.360465065495751	5
chr21	30649966	30652800	2835	50	20.404	-0.276493841960185	0.276493841960185	-0.301841634606534	0.301841634606534	hypo	case		0.787000812486625	0.36	0.787000812486625	2.8	0.682213840132396	5
chr20	58437093	58441637	4545	86	20.5470930232558	0.248525648357941	0.248525648357941	0.280653667317854	0.280653667317854	hyper	case		0.411005273881219	0.36	0.411005273881219	0.4	0.432372621708254	5
chr21	24331004	24335953	4950	100	22.2675	-0.330375570366184	0.330375570366184	-0.348791871821043	0.348791871821043	hypo	case		0.708607021777478	0.36	0.708607021777478	2.8	0.682213840132396	5
chr21	15633663	15636988	3326	56	20.8830357142857	-0.33656503235483	0.33656503235483	-0.373671525279736	0.373671525279736	hypo	case		0.605453383204877	0.36	0.605453383204877	0.7	0.596779781291671	5
chr20	33242256	33246977	4722	84	21.6761904761905	-0.337589185587662	0.337589185587662	-0.357745368565348	0.357745368565348	hypo	case		0.434918070972532	0.36	0.434918070972532	0.4	0.432372621708254	5
chr20	16042160	16045829	3670	56	22.6982142857143	-0.30189011622171	0.30189011622171	-0.322498001373651	0.322498001373651	hypo	case		0.236599786164206	0.36	0.36	0.3	0.360465065495751	5
chr20	2911782	2913538	1757	57	20.3140350877193	-0.365976368314124	0.365976368314124	-0.39147004264927	0.39147004264927	hypo	case		0.288384035659061	0.36	0.36	0.3	0.360465065495751	5
chr20	18827106	18830860	3755	138	23.1532608695652	-0.317688277665662	0.317688277665662	-0.333545277629796	0.333545277629796	hypo	case		0.303724408541474	0.36	0.36	0.3	0.360465065495751	5
chr20	18996591	19000573	3983	90	22.185	-0.364435207074216	0.364435207074216	-0.400846500246882	0.400846500246882	hypo	case		0.213160130320404	0.36	0.36	0.3	0.360465065495751	5
chr20	4089909	4094868	4960	136	21.6106617647059	-0.312575179056274	0.312575179056274	-0.322925230273921	0.322925230273921	hypo	case		0.636905399875734	0.36	0.636905399875734	2.1	0.637257532292705	5
chr20	41576298	41579601	3304	90	23.475	-0.253272058799179	0.253272058799179	-0.268041733034946	0.268041733034946	hypo	case		0.0597999705286661	0.36	0.36	0.3	0.360465065495751	5
chr20	26658616	26663204	4589	137	29.2467153284672	-0.300206594090671	0.300206594090671	-0.331096991367837	0.331096991367837	hypo	case		0.0717445897891579	0.36	0.36	0.3	0.360465065495751	5
chr21	23583975	23586595	2621	56	20.2973214285714	-0.350390389970591	0.350390389970591	-0.378588586290274	0.378588586290274	hypo	case		0.0853557315298449	0.36	0.36	0.3	0.360465065495751	5
chr21	21908774	21911383	2610	67	22.0149253731343	-0.38937596822202	0.38937596822202	-0.423342040795958	0.423342040795958	hypo	case		0.258933457486286	0.36	0.36	0.3	0.360465065495751	5
chr20	56018368	56021551	3184	66	23.3537878787879	-0.389787178446856	0.389787178446856	-0.408375765401641	0.408375765401641	hypo	case		0.137866112327739	0.36	0.36	0.3	0.360465065495751	5
chr21	38296024	38300589	4566	114	22.6425438596491	-0.34955867506639	0.34955867506639	-0.349397244216388	0.349397244216388	hypo	case		0.194334150859944	0.36	0.36	0.3	0.360465065495751	5
chr20	11051067	11054823	3757	54	21.1509259259259	-0.356618226470741	0.356618226470741	-0.342402906076185	0.342402906076185	hypo	case		0.0786134594093825	0.36	0.36	0.3	0.360465065495751	5
chr20	11698636	11701932	3297	60	21.015	-0.332371833141575	0.332371833141575	-0.351100005413317	0.351100005413317	hypo	case		0.302651829940217	0.36	0.36	0.3	0.360465065495751	5
chr20	26382719	26386201	3483	115	15.0286956521739	-0.353119131255741	0.353119131255741	-0.392018737094809	0.392018737094809	hypo	case		0.0790071546596334	0.36	0.36	0.3	0.360465065495751	5
chr21	38036941	38040797	3857	64	21.328125	-0.319672307683981	0.319672307683981	-0.361310115577514	0.361310115577514	hypo	case		0.466755453123844	0.36	0.466755453123844	0.4	0.432372621708254	5
chr21	26070214	26073574	3361	60	23.42	-0.188437922690117	0.188437922690117	-0.201037935734881	0.201037935734881	hypo	case		0.299190584910384	0.36	0.36	0.3	0.360465065495751	5
chr20	56259836	56264444	4609	82	21.4134146341463	-0.270959975895216	0.270959975895216	-0.279505948291979	0.279505948291979	hypo	case		0.083478238064887	0.36	0.36	0.3	0.360465065495751	5
chr21	46683308	46687225	3918	71	27.0908450704225	-0.277654099504406	0.277654099504406	-0.287792188963495	0.287792188963495	hypo	case		0.522659916350589	0.36	0.522659916350589	0.5	0.523027894488147	5
chr21	34321740	34323551	1812	54	22.8740740740741	-0.361372287381403	0.361372287381403	-0.347372046627999	0.347372046627999	hypo	case		0.83980101562397	0.36	0.83980101562397	2.8	0.682213840132396	5
chr21	17058246	17061478	3233	52	22.4548076923077	-0.293030771586435	0.293030771586435	-0.337301466587412	0.337301466587412	hypo	case		0.534728541421842	0.36	0.534728541421842	0.6	0.531925724845128	5
chr21	9729568	9732834	3267	50	61.719	0.287764448618089	0.287764448618089	0.316436218999963	0.316436218999963	hyper	case		0.301917224282057	0.36	0.36	0.3	0.360465065495751	5
chr20	58053010	58057484	4475	137	22.1211678832117	-0.339863619168947	0.339863619168947	-0.343360559411204	0.343360559411204	hypo	case		0.529668748480076	0.36	0.529668748480076	0.6	0.531925724845128	5
chr20	48917275	48920381	3107	61	23.3811475409836	-0.318385576405044	0.318385576405044	-0.321384391749651	0.321384391749651	hypo	case		0.544782417862934	0.36	0.544782417862934	0.6	0.531925724845128	5
chr20	60575518	60579104	3587	68	23.4051470588235	-0.317506818637489	0.317506818637489	-0.337971208797794	0.337971208797794	hypo	case		0.245865529085626	0.36	0.36	0.3	0.360465065495751	5
chr20	55464699	55467935	3237	50	23.673	-0.350011263273402	0.350011263273402	-0.367531650385981	0.367531650385981	hypo	case		0.342798126919759	0.36	0.36	0.3	0.360465065495751	5
chr20	29077995	29082540	4546	244	96.0120901639344	0.272030132030081	0.272030132030081	0.273004745918691	0.273004745918691	hyper	case		0.99	0.36	0.99	2.8	0.682213840132396	5
chr20	6954009	6958177	4169	50	21.399	-0.322166624300155	0.322166624300155	-0.354093548212574	0.354093548212574	hypo	case		0.155572898016724	0.36	0.36	0.3	0.360465065495751	5
chr21	13220620	13223568	2949	50	24.48	0.263612039057421	0.263612039057421	0.253502308606074	0.253502308606074	hyper	case		0.642656981393915	0.36	0.642656981393915	1.7	0.640327944157213	5
chr20	23619824	23621721	1898	52	21.8625	-0.334629863160344	0.334629863160344	-0.329742140900228	0.329742140900228	hypo	case		0.298961504040084	0.36	0.36	0.3	0.360465065495751	5
chr20	53022249	53025021	2773	56	21.1508928571429	-0.230818666002997	0.230818666002997	-0.260243974210357	0.260243974210357	hypo	case		0.291584554865269	0.36	0.36	0.3	0.360465065495751	5
chr20	22496727	22500924	4198	84	22.1636904761905	-0.269574326003754	0.269574326003754	-0.281354851739275	0.281354851739275	hypo	case		0.27528792408076	0.36	0.36	0.3	0.360465065495751	5
chr20	31247300	31249447	2148	78	23.1102564102564	0.264322269695773	0.264322269695773	0.27355106008008	0.27355106008008	hyper	case		0.215260045304243	0.36	0.36	0.3	0.360465065495751	5
chr21	15369640	15373577	3938	54	21.4194444444444	0.235116709810871	0.235116709810871	0.285278411062164	0.285278411062164	hyper	case		0.416473599150354	0.36	0.416473599150354	0.4	0.432372621708254	5
chr20	42558259	42563180	4922	82	22.4957317073171	-0.316017760896393	0.316017760896393	-0.367202699570389	0.367202699570389	hypo	case		0.13032832364772	0.36	0.36	0.3	0.360465065495751	5
chr20	25439410	25441872	2463	58	20.9836206896552	-0.382942071539294	0.382942071539294	-0.410378724514511	0.410378724514511	hypo	case		0.213369250768929	0.36	0.36	0.3	0.360465065495751	5
chr21	16017172	16019848	2677	57	17.8578947368421	-0.235637450054246	0.235637450054246	-0.232185356873698	0.232185356873698	hypo	case		0.77047887588478	0.36	0.77047887588478	2.8	0.682213840132396	5
chr20	19784699	19787478	2780	59	20.021186440678	0.306864862093701	0.306864862093701	0.334960981013286	0.334960981013286	hyper	case		0.156748289510031	0.36	0.36	0.3	0.360465065495751	5
chr20	23281295	23284235	2941	54	22.2611111111111	-0.354434715714907	0.354434715714907	-0.364650957414993	0.364650957414993	hypo	case		0.0649658653188622	0.36	0.36	0.3	0.360465065495751	5
chr21	17679702	17683650	3949	53	12.5745283018868	-0.337254867595425	0.337254867595425	-0.373184008067084	0.373184008067084	hypo	case		0.172851677433172	0.36	0.36	0.3	0.360465065495751	5
chr20	39941414	39944807	3394	93	21.1537634408602	-0.383315049388898	0.383315049388898	-0.403681955663476	0.403681955663476	hypo	case		0.205123869340855	0.36	0.36	0.3	0.360465065495751	5
chr20	47619419	47622789	3371	86	19.7994186046512	-0.255543941560956	0.255543941560956	-0.262741466464455	0.262741466464455	hypo	case		0.99	0.36	0.99	2.8	0.682213840132396	5
chr20	36250123	36253338	3216	84	22.6142857142857	-0.303744736572313	0.303744736572313	-0.341948768942507	0.341948768942507	hypo	case		0.332288906273729	0.36	0.36	0.3	0.360465065495751	5
chr21	27858253	27862187	3935	76	22.6269736842105	-0.35467239493903	0.35467239493903	-0.389891215785197	0.389891215785197	hypo	case		0.347800358104469	0.36	0.36	0.3	0.360465065495751	5
chr21	22361249	22362360	1112	52	22.5375	-0.32305900990238	0.32305900990238	-0.318402034600709	0.318402034600709	hypo	case		0.360692700214949	0.36	0.360692700214949	0.3	0.360465065495751	5
chr21	31525031	31527515	2485	92	22.8929347826087	-0.328851404511342	0.328851404511342	-0.371947023984167	0.371947023984167	hypo	case		0.437501192256354	0.36	0.437501192256354	0.4	0.432372621708254	5
chr20	35995924	35998852	2929	66	22.969696969697	-0.278149035276871	0.278149035276871	-0.293263218870285	0.293263218870285	hypo	case		0.0749427878761713	0.36	0.36	0.3	0.360465065495751	5
chr20	23390384	23395276	4893	87	21.6977011494253	-0.339921483393481	0.339921483393481	-0.345843253795261	0.345843253795261	hypo	case		0.17452894687263	0.36	0.36	0.3	0.360465065495751	5
chr20	10572816	10577034	4219	64	22.18828125	-0.289969916612534	0.289969916612534	-0.352119966274802	0.352119966274802	hypo	case		0.2318650735143	0.36	0.36	0.3	0.360465065495751	5
chr20	21859200	21863370	4171	104	22.7951923076923	-0.306331159956502	0.306331159956502	-0.333279759741504	0.333279759741504	hypo	case		0.221925833808284	0.36	0.36	0.3	0.360465065495751	5
chr20	8341358	8346088	4731	66	20.794696969697	-0.32633796254634	0.32633796254634	-0.378736236254191	0.378736236254191	hypo	case		0.429606993000916	0.36	0.429606993000916	0.4	0.432372621708254	5
chr21	35373315	35376778	3464	56	18.7241071428571	-0.312140952538062	0.312140952538062	-0.330747412485459	0.330747412485459	hypo	case		0.0960391200004841	0.36	0.36	0.3	0.360465065495751	5
chr21	33759691	33764406	4716	106	24.6683962264151	-0.343495825304359	0.343495825304359	-0.370932552160899	0.370932552160899	hypo	case		0.248554809170185	0.36	0.36	0.3	0.360465065495751	5
chr20	21042996	21045186	2191	53	21.9509433962264	-0.344739949372986	0.344739949372986	-0.366509094690408	0.366509094690408	hypo	case		0.108929972331666	0.36	0.36	0.3	0.360465065495751	5
chr20	40524121	40528441	4321	58	20.523275862069	-0.2892247630559	0.2892247630559	-0.326532307522547	0.326532307522547	hypo	case		0.584681455013491	0.36	0.584681455013491	0.7	0.596779781291671	5
chr20	52007011	52011410	4400	147	22.4843537414966	-0.329879891455327	0.329879891455327	-0.346708753940471	0.346708753940471	hypo	case		0.19708978665849	0.36	0.36	0.3	0.360465065495751	5
chr21	23238760	23241742	2983	58	20.8336206896552	-0.361395181312111	0.361395181312111	-0.377145303051925	0.377145303051925	hypo	case		0.577215577552037	0.36	0.577215577552037	0.7	0.596779781291671	5
chr20	16465414	16470208	4795	70	22.635	-0.305894120078438	0.305894120078438	-0.328228414371195	0.328228414371195	hypo	case		0.0528997753744824	0.36	0.36	0.3	0.360465065495751	5
chr20	12095995	12098616	2622	50	20.332	-0.300737635717767	0.300737635717767	-0.326858769529644	0.326858769529644	hypo	case		0.227437177942438	0.36	0.36	0.3	0.360465065495751	5
chr20	55121144	55125650	4507	100	21.1825	-0.38535005856093	0.38535005856093	-0.409434074246896	0.409434074246896	hypo	case		0.441295953142441	0.36	0.441295953142441	0.4	0.432372621708254	5
chr21	21823294	21827146	3853	64	20.90859375	-0.345095727837509	0.345095727837509	-0.369695588742727	0.369695588742727	hypo	case		0.293983749150819	0.36	0.36	0.3	0.360465065495751	5
chr21	21195160	21197743	2584	50	23.539	-0.306874013040847	0.306874013040847	-0.305346763096492	0.305346763096492	hypo	case		0.752673930940342	0.36	0.752673930940342	2.8	0.682213840132396	5
chr20	32937199	32939965	2767	58	22.8836206896552	-0.275699474994401	0.275699474994401	-0.302277014073121	0.302277014073121	hypo	case		0.350427723012045	0.36	0.36	0.3	0.360465065495751	5
chr20	8997794	9000802	3009	62	22.2766129032258	-0.255862522922659	0.255862522922659	-0.280177087788657	0.280177087788657	hypo	case		0.628607156311216	0.36	0.628607156311216	2	0.628070511372922	5
chr21	16765924	16770168	4245	54	22.1296296296296	-0.337713257000367	0.337713257000367	-0.333964526761041	0.333964526761041	hypo	case		0.256075778952889	0.36	0.36	0.3	0.360465065495751	5
chr21	28006942	28010981	4040	53	20.4575471698113	-0.306495606027546	0.306495606027546	-0.325118261359951	0.325118261359951	hypo	case		0.308628694525622	0.36	0.36	0.3	0.360465065495751	5
chr21	30568191	30570767	2577	60	20.4391666666667	-0.360746902083934	0.360746902083934	-0.374920150468446	0.374920150468446	hypo	case		0.58358946069584	0.36	0.58358946069584	0.7	0.596779781291671	5
chr21	39547454	39550545	3092	52	23.5067307692308	-0.303688714624418	0.303688714624418	-0.314362424195226	0.314362424195226	hypo	case		0.0418975124716511	0.36	0.36	0.3	0.360465065495751	5
chr20	9922813	9924883	2071	62	20.6798387096774	-0.335862239175481	0.335862239175481	-0.383045698893707	0.383045698893707	hypo	case		0.246073437911471	0.36	0.36	0.3	0.360465065495751	5
chr21	40766775	40768979	2205	54	23.4388888888889	-0.323715908017013	0.323715908017013	-0.33589724779455	0.33589724779455	hypo	case		0.894759432137345	0.36	0.894759432137345	2.8	0.682213840132396	5
chr21	40946295	40948946	2652	56	24.0169642857143	-0.368096121421189	0.368096121421189	-0.378154554427612	0.378154554427612	hypo	case		0.435853761082606	0.36	0.435853761082606	0.4	0.432372621708254	5
chr20	25542633	25545374	2742	70	22.38	-0.252970244287941	0.252970244287941	-0.267686002194193	0.267686002194193	hypo	case		0.627465523260668	0.36	0.627465523260668	2	0.628070511372922	5
chr20	29318140	29323063	4924	272	35.6051470588235	-0.32622327916318	0.32622327916318	-0.338285444645676	0.338285444645676	hypo	case		0.271120142989422	0.36	0.36	0.3	0.360465065495751	5
chr21	22270146	22275120	4975	88	14.1869318181818	-0.339380065525576	0.339380065525576	-0.380376834366776	0.380376834366776	hypo	case		0.328035635535565	0.36	0.36	0.3	0.360465065495751	5
chr21	14508675	14512221	3547	94	22.0718085106383	-0.335075268853042	0.335075268853042	-0.346578022417385	0.346578022417385	hypo	case		0.70662733703287	0.36	0.70662733703287	2.8	0.682213840132396	5
chr20	6420326	6425024	4699	68	23.1808823529412	-0.366768548161609	0.366768548161609	-0.394003689240078	0.394003689240078	hypo	case		0.158364933762682	0.36	0.36	0.3	0.360465065495751	5
chr21	7208747	7212242	3496	56	25.8017857142857	-0.24013919664109	0.24013919664109	-0.235595226581736	0.235595226581736	hypo	case		0.637483044879153	0.36	0.637483044879153	2.1	0.637257532292705	5
chr20	8719130	8723091	3962	84	23.8482142857143	0.308749765611598	0.308749765611598	0.32318920065791	0.32318920065791	hyper	case		0.450110074511421	0.36	0.450110074511421	0.4	0.432372621708254	5
chr20	2419970	2423404	3435	104	22.0278846153846	-0.326969862483384	0.326969862483384	-0.345780081153481	0.345780081153481	hypo	case		0.491597134073051	0.36	0.491597134073051	0.5	0.523027894488147	5
chr20	39761693	39764347	2655	58	19.6586206896552	0.278730608692557	0.278730608692557	0.368134782697363	0.368134782697363	hyper	case		0.494691706326342	0.36	0.494691706326342	0.5	0.523027894488147	5
chr21	5230525	5233801	3277	96	106.7296875	-0.279169863280705	0.279169863280705	-0.28608413414136	0.28608413414136	hypo	case		0.477457476891566	0.36	0.477457476891566	0.4	0.432372621708254	5
chr21	24957683	24961087	3405	70	22.4914285714286	-0.33869546732988	0.33869546732988	-0.355455169533927	0.355455169533927	hypo	case		0.276619910734563	0.36	0.36	0.3	0.360465065495751	5
chr20	25747760	25752037	4278	121	24.3425619834711	-0.298390475228006	0.298390475228006	-0.315260840957409	0.315260840957409	hypo	case		0.509043265341868	0.36	0.509043265341868	0.5	0.523027894488147	5
chr21	20798463	20803205	4743	113	22.9964601769912	-0.353593095575816	0.353593095575816	-0.34985027544325	0.34985027544325	hypo	case		0.244293815203092	0.36	0.36	0.3	0.360465065495751	5
chr21	29254879	29259834	4956	82	21.5390243902439	-0.325452245015906	0.325452245015906	-0.326640891526423	0.326640891526423	hypo	case		0.225671195469315	0.36	0.36	0.3	0.360465065495751	5
chr21	27025337	27027305	1969	50	21.055	-0.415278217224949	0.415278217224949	-0.402902391774192	0.402902391774192	hypo	case		0.145935143289657	0.36	0.36	0.3	0.360465065495751	5
chr21	13265419	13267938	2520	62	23.9395161290323	-0.26248933632058	0.26248933632058	-0.28401704872594	0.28401704872594	hypo	case		0.257505534136513	0.36	0.36	0.3	0.360465065495751	5
chr21	32707482	32710637	3156	80	23.205625	-0.361064838753333	0.361064838753333	-0.380159298907593	0.380159298907593	hypo	case		0.241055067435063	0.36	0.36	0.3	0.360465065495751	5
chr20	39749745	39753210	3466	60	20.4233333333333	-0.359461077537636	0.359461077537636	-0.371039705943951	0.371039705943951	hypo	case		0.189188371396841	0.36	0.36	0.3	0.360465065495751	5
chr20	8266069	8268653	2585	56	21.2580357142857	-0.386179156609846	0.386179156609846	-0.411292822351002	0.411292822351002	hypo	case		0.273236171102398	0.36	0.36	0.3	0.360465065495751	5
chr21	41020829	41025476	4648	84	22.6940476190476	0.315169868719504	0.315169868719504	0.317806257764589	0.317806257764589	hyper	case		0.269640314570005	0.36	0.36	0.3	0.360465065495751	5
chr21	15444025	15447347	3323	56	23.0616071428571	-0.321878756928984	0.321878756928984	-0.364190465692507	0.364190465692507	hypo	case		0.0716396944651464	0.36	0.36	0.3	0.360465065495751	5
chr21	16279678	16284173	4496	66	20.6030303030303	-0.310371968799692	0.310371968799692	-0.306897600083104	0.306897600083104	hypo	case		0.0874543822169858	0.36	0.36	0.3	0.360465065495751	5
chr21	30355877	30358676	2800	68	23.7463235294118	-0.376999509839537	0.376999509839537	-0.398805015202495	0.398805015202495	hypo	case		0.146407188440412	0.36	0.36	0.3	0.360465065495751	5
chr20	10680501	10684587	4087	66	22.7454545454546	-0.343317395799927	0.343317395799927	-0.356412165927771	0.356412165927771	hypo	case		0.165039524806371	0.36	0.36	0.3	0.360465065495751	5
chr21	23068188	23071709	3522	74	23.9067567567568	-0.320246483427958	0.320246483427958	-0.341724342227102	0.341724342227102	hypo	case		0.177793808054756	0.36	0.36	0.3	0.360465065495751	5
chr20	10975598	10980372	4775	80	19.133125	-0.295920966657792	0.295920966657792	-0.332918362605857	0.332918362605857	hypo	case		0.383796031755617	0.36	0.383796031755617	0.3	0.360465065495751	5
chr21	30341428	30345215	3788	68	22.2830882352941	-0.29377821658009	0.29377821658009	-0.327904904849189	0.327904904849189	hypo	case		0.302910866791793	0.36	0.36	0.3	0.360465065495751	5
chr20	9043222	9047503	4282	96	22.103125	-0.343864277478372	0.343864277478372	-0.376758175513222	0.376758175513222	hypo	case		0.115825536205537	0.36	0.36	0.3	0.360465065495751	5
chr20	11666443	11668790	2348	58	23.2172413793103	-0.355530602031107	0.355530602031107	-0.350265716275291	0.350265716275291	hypo	case		0.856481242935826	0.36	0.856481242935826	2.8	0.682213840132396	5
chr20	39249667	39252710	3044	84	21.9178571428571	-0.296842088744472	0.296842088744472	-0.318051743539774	0.318051743539774	hypo	case		0.575301977552566	0.36	0.575301977552566	0.7	0.596779781291671	5
chr20	26267185	26272066	4882	89	21.3747191011236	-0.327301539508213	0.327301539508213	-0.341760997326239	0.341760997326239	hypo	case		0.693536476335356	0.36	0.693536476335356	2.8	0.682213840132396	5
chr20	14057524	14060939	3416	61	20.0532786885246	0.283278636621028	0.283278636621028	0.326283802489033	0.326283802489033	hyper	case		0.116797935984109	0.36	0.36	0.3	0.360465065495751	5
chr20	60536509	60538133	1625	52	22.6663461538462	-0.3133160872272	0.3133160872272	-0.3390326861343	0.3390326861343	hypo	case		0.56466648487819	0.36	0.56466648487819	0.7	0.596779781291671	5
chr20	52722180	52726802	4623	80	22.65	-0.304404843443664	0.304404843443664	-0.333683954502796	0.333683954502796	hypo	case		0.570242072021315	0.36	0.570242072021315	0.7	0.596779781291671	5
chr20	55468442	55471918	3477	60	22.7125	-0.360667547861361	0.360667547861361	-0.381587805777744	0.381587805777744	hypo	case		0.24465569506134	0.36	0.36	0.3	0.360465065495751	5
chr20	52321420	52326205	4786	84	23.1738095238095	-0.307591211881975	0.307591211881975	-0.317894114691732	0.317894114691732	hypo	case		0.860699788775855	0.36	0.860699788775855	2.8	0.682213840132396	5
chr20	24391437	24396433	4997	116	20.0780172413793	-0.346263671678158	0.346263671678158	-0.359344873872698	0.359344873872698	hypo	case		0.120958137761388	0.36	0.36	0.3	0.360465065495751	5
chr21	46465333	46468958	3626	110	20.8745454545455	-0.358951601127239	0.358951601127239	-0.381403883992605	0.381403883992605	hypo	case		0.57807833397361	0.36	0.57807833397361	0.7	0.596779781291671	5
chr20	16995234	17000052	4819	57	18.4535087719298	-0.272721225412015	0.272721225412015	-0.310543859330529	0.310543859330529	hypo	case		0.983575539175816	0.36	0.983575539175816	2.8	0.682213840132396	5
chr20	45697410	45700256	2847	80	21.290625	-0.336610412741016	0.336610412741016	-0.354283010966289	0.354283010966289	hypo	case		0.321201269111697	0.36	0.36	0.3	0.360465065495751	5
chr21	19162298	19164165	1868	60	23.6166666666667	-0.369944578801912	0.369944578801912	-0.39501637563492	0.39501637563492	hypo	case		0.26911867876149	0.36	0.36	0.3	0.360465065495751	5
chr21	9996941	9998036	1096	60	32.095	-0.342684671457592	0.342684671457592	-0.372444328803051	0.372444328803051	hypo	case		0.288831452601702	0.36	0.36	0.3	0.360465065495751	5
chr20	18534169	18536679	2511	60	24.76	-0.30369755546928	0.30369755546928	-0.339580813729375	0.339580813729375	hypo	case		0.732018291169957	0.36	0.732018291169957	2.8	0.682213840132396	5
chr20	15054853	15058110	3258	68	22.5514705882353	-0.333793444343093	0.333793444343093	-0.35772328577941	0.35772328577941	hypo	case		0.0865535128852946	0.36	0.36	0.3	0.360465065495751	5
chr21	21688275	21691920	3646	67	21.9462686567164	-0.319634627068838	0.319634627068838	-0.362591573326278	0.362591573326278	hypo	case		0.373534113429925	0.36	0.373534113429925	0.3	0.360465065495751	5
chr20	11234844	11239569	4726	80	22.623125	-0.379674742683945	0.379674742683945	-0.426046484151245	0.426046484151245	hypo	case		0.131084145882941	0.36	0.36	0.3	0.360465065495751	5
chr20	35629496	35633046	3551	104	21.1884615384615	-0.319531847500179	0.319531847500179	-0.347260138305066	0.347260138305066	hypo	case		0.235940365248101	0.36	0.36	0.3	0.360465065495751	5
chr21	31291554	31293930	2377	78	22.1397435897436	-0.342021395370634	0.342021395370634	-0.364251548508419	0.364251548508419	hypo	case		0.28215425441909	0.36	0.36	0.3	0.360465065495751	5
chr20	20252702	20256021	3320	76	21.2809210526316	-0.243367559225136	0.243367559225136	-0.242194906930183	0.242194906930183	hypo	case		0.716501641008955	0.36	0.716501641008955	2.8	0.682213840132396	5
chr20	19298810	19302272	3463	59	24.5525423728814	-0.381233567967408	0.381233567967408	-0.407702725265576	0.407702725265576	hypo	case		0.335445234468793	0.36	0.36	0.3	0.360465065495751	5
chr21	43120358	43124910	4553	83	13.6355421686747	-0.372952724358974	0.372952724358974	-0.420289294783133	0.420289294783133	hypo	case		0.234904188146275	0.36	0.36	0.3	0.360465065495751	5
chr21	14525377	14528164	2788	54	23.0611111111111	-0.31177191363331	0.31177191363331	-0.342138387521255	0.342138387521255	hypo	case		0.227395025808357	0.36	0.36	0.3	0.360465065495751	5
chr20	23965490	23969410	3921	80	20.59375	-0.30039049388378	0.30039049388378	-0.335469286217262	0.335469286217262	hypo	case		0.163011660728016	0.36	0.36	0.3	0.360465065495751	5
chr21	22726917	22730811	3895	66	24.3522727272727	-0.361450233231732	0.361450233231732	-0.367320710362317	0.367320710362317	hypo	case		0.335972757036926	0.36	0.36	0.3	0.360465065495751	5
chr20	29102088	29106656	4569	72	50.7986111111111	-0.332307600894525	0.332307600894525	-0.353789338686124	0.353789338686124	hypo	case		0.128476852885554	0.36	0.36	0.3	0.360465065495751	5
chr20	11903039	11907077	4039	72	24.1361111111111	0.330999888145548	0.330999888145548	0.337560632303108	0.337560632303108	hyper	case		0.266185213367794	0.36	0.36	0.3	0.360465065495751	5
chr20	13259964	13264061	4098	86	23.7813953488372	-0.303456028319317	0.303456028319317	-0.333403901632067	0.333403901632067	hypo	case		0.173833921755867	0.36	0.36	0.3	0.360465065495751	5
chr20	35183867	35188156	4290	112	21.0977678571429	-0.326465360125035	0.326465360125035	-0.352317526715923	0.352317526715923	hypo	case		0.7244072028433	0.36	0.7244072028433	2.8	0.682213840132396	5
chr20	20602707	20606501	3795	74	20.7878378378378	-0.281194612523934	0.281194612523934	-0.290043628153097	0.290043628153097	hypo	case		0.154913317793289	0.36	0.36	0.3	0.360465065495751	5
chr20	6228561	6232659	4099	62	24.5975806451613	-0.356812718029698	0.356812718029698	-0.394977015651216	0.394977015651216	hypo	case		0.279223607271488	0.36	0.36	0.3	0.360465065495751	5
chr21	45649954	45653037	3084	52	23.2221153846154	-0.302006535966781	0.302006535966781	-0.332654092806481	0.332654092806481	hypo	case		0.126235887978217	0.36	0.36	0.3	0.360465065495751	5
chr20	26149120	26152889	3770	76	22.2960526315789	-0.273712333906507	0.273712333906507	-0.289256079860397	0.289256079860397	hypo	case		0.502093636395279	0.36	0.502093636395279	0.5	0.523027894488147	5
chr21	30816770	30819809	3040	50	21.427	-0.331235023675754	0.331235023675754	-0.366814223910536	0.366814223910536	hypo	case		0.388094063636151	0.36	0.388094063636151	0.3	0.360465065495751	5
chr20	14525647	14527639	1993	50	24.679	-0.396792247646997	0.396792247646997	-0.413264722499467	0.413264722499467	hypo	case		0.475120488674499	0.36	0.475120488674499	0.4	0.432372621708254	5
chr21	8392475	8397375	4901	841	21.0922116527943	0.383999425303305	0.383999425303305	0.402627949669161	0.402627949669161	hyper	case		0.318836044578011	0.36	0.36	0.3	0.360465065495751	5
chr20	52414592	52419375	4784	100	22.8635	-0.314109635812921	0.314109635812921	-0.324958567423179	0.324958567423179	hypo	case		0.129626134085917	0.36	0.36	0.3	0.360465065495751	5
chr20	11007126	11011434	4309	90	24.515	-0.316198821996951	0.316198821996951	-0.345818266644991	0.345818266644991	hypo	case		0.120168844922646	0.36	0.36	0.3	0.360465065495751	5
chr20	33573303	33576079	2777	78	19.3467948717949	-0.23249549613389	0.23249549613389	-0.269281742045037	0.269281742045037	hypo	case		0.123648386445202	0.36	0.36	0.3	0.360465065495751	5
chr21	10768993	10771714	2722	78	73.3891025641026	-0.273825663334671	0.273825663334671	-0.297525361981596	0.297525361981596	hypo	case		0.600295983041933	0.36	0.600295983041933	0.7	0.596779781291671	5
chr20	5301143	5303245	2103	88	22.2698863636364	-0.299815959133632	0.299815959133632	-0.312603615922857	0.312603615922857	hypo	case		0.99	0.36	0.99	2.8	0.682213840132396	5
chr20	22114223	22117597	3375	51	21.5401960784314	-0.333887307581193	0.333887307581193	-0.354057956684777	0.354057956684777	hypo	case		0.167617484665213	0.36	0.36	0.3	0.360465065495751	5
chr21	33537970	33540500	2531	74	23.1439189189189	-0.347166437189432	0.347166437189432	-0.378210922997198	0.378210922997198	hypo	case		0.24682688376826	0.36	0.36	0.3	0.360465065495751	5
chr21	36829047	36832485	3439	80	22.248125	-0.328370108891089	0.328370108891089	-0.346664588585381	0.346664588585381	hypo	case		0.458048937580977	0.36	0.458048937580977	0.4	0.432372621708254	5
chr21	45676543	45681497	4955	96	22.384375	-0.329644768354523	0.329644768354523	-0.357197094758102	0.357197094758102	hypo	case		0.375196579441616	0.36	0.375196579441616	0.3	0.360465065495751	5
chr20	23816790	23820729	3940	58	21.3181034482759	-0.308866093152146	0.308866093152146	-0.339552146946322	0.339552146946322	hypo	case		0.55042041871141	0.36	0.55042041871141	0.6	0.531925724845128	5
chr21	32721404	32724437	3034	71	22.8183098591549	-0.324192164975372	0.324192164975372	-0.324996650133316	0.324996650133316	hypo	case		0.99	0.36	0.99	2.8	0.682213840132396	5
chr21	20299348	20303568	4221	53	22.4424528301887	-0.356130803138516	0.356130803138516	-0.378955885898608	0.378955885898608	hypo	case		0.332323506290838	0.36	0.36	0.3	0.360465065495751	5
chr20	9387724	9391103	3380	50	21.493	-0.260740346774112	0.260740346774112	-0.259182910574074	0.259182910574074	hypo	case		0.545995452691377	0.36	0.545995452691377	0.6	0.531925724845128	5
chr20	58451179	58454223	3045	56	22.8455357142857	-0.261967211594732	0.261967211594732	-0.308458722147367	0.308458722147367	hypo	case		0.716688943793743	0.36	0.716688943793743	2.8	0.682213840132396	5
chr21	27822506	27825322	2817	52	20.9673076923077	-0.346254338233491	0.346254338233491	-0.390330588092842	0.390330588092842	hypo	case		0.166952050185355	0.36	0.36	0.3	0.360465065495751	5
chr20	10295012	10297859	2848	60	21.885	-0.324232171526889	0.324232171526889	-0.371910975708673	0.371910975708673	hypo	case		0.256487426835345	0.36	0.36	0.3	0.360465065495751	5
chr21	9548849	9552413	3565	112	28.6875	-0.319517058271483	0.319517058271483	-0.343373062666582	0.343373062666582	hypo	case		0.436422921226359	0.36	0.436422921226359	0.4	0.432372621708254	5
chr20	42199205	42202759	3555	64	22.91953125	-0.355618294620165	0.355618294620165	-0.370534855741862	0.370534855741862	hypo	case		0.576627419092444	0.36	0.576627419092444	0.7	0.596779781291671	5
chr20	56269048	56272273	3226	52	19.5028846153846	-0.303888587154181	0.303888587154181	-0.343838517081293	0.343838517081293	hypo	case		0.189448247956483	0.36	0.36	0.3	0.360465065495751	5
chr20	10313811	10316825	3015	56	23.4205357142857	-0.348874539803057	0.348874539803057	-0.378714186081948	0.378714186081948	hypo	case		0.281093995346629	0.36	0.36	0.3	0.360465065495751	5
chr20	31716523	31719449	2927	58	22.4793103448276	0.209490640986318	0.209490640986318	0.231346610113109	0.231346610113109	hyper	case		0.968518046145869	0.36	0.968518046145869	2.8	0.682213840132396	5
chr20	45021625	45024192	2568	56	21.95	-0.287181163144266	0.287181163144266	-0.275882745510154	0.275882745510154	hypo	case		0.224878891371803	0.36	0.36	0.3	0.360465065495751	5
chr20	15400821	15403866	3046	77	21.9201298701299	-0.32476809465568	0.32476809465568	-0.322267087173965	0.322267087173965	hypo	case		0.438506714147564	0.36	0.438506714147564	0.4	0.432372621708254	5
chr21	28490046	28494196	4151	60	21.8633333333333	-0.293625754258473	0.293625754258473	-0.307920934674072	0.307920934674072	hypo	case		0.718904881747369	0.36	0.718904881747369	2.8	0.682213840132396	5
chr20	40835009	40837932	2924	52	21.0173076923077	-0.315063056074472	0.315063056074472	-0.380681756927588	0.380681756927588	hypo	case		0.22126561250463	0.36	0.36	0.3	0.360465065495751	5
chr21	42483922	42487341	3420	81	22.1327160493827	0.264340936076733	0.264340936076733	0.283203595152735	0.283203595152735	hyper	case		0.819553008092656	0.36	0.819553008092656	2.8	0.682213840132396	5
chr20	21370148	21373921	3774	52	23.2942307692308	-0.315751214949182	0.315751214949182	-0.331487345110816	0.331487345110816	hypo	case		0.216281092022105	0.36	0.36	0.3	0.360465065495751	5
chr20	45632099	45635999	3901	52	23.8278846153846	-0.306590485897941	0.306590485897941	-0.299987517156677	0.299987517156677	hypo	case		0.533511629024006	0.36	0.533511629024006	0.6	0.531925724845128	5
chr21	15711111	15713437	2327	50	20.704	-0.272131995499576	0.272131995499576	-0.318505181293841	0.318505181293841	hypo	case		0.128163236047907	0.36	0.36	0.3	0.360465065495751	5
chr20	33610902	33614110	3209	61	23.6098360655738	-0.223177430162455	0.223177430162455	-0.245984165191437	0.245984165191437	hypo	case		0.285238461629266	0.36	0.36	0.3	0.360465065495751	5
chr20	14336851	14338954	2104	62	21.3379032258065	0.276770092716359	0.276770092716359	0.298487703050851	0.298487703050851	hyper	case		0.260862321849854	0.36	0.36	0.3	0.360465065495751	5
chr21	13493857	13497855	3999	56	23.1723214285714	0.233391100550371	0.233391100550371	0.26020501669508	0.26020501669508	hyper	case		0.305364116028457	0.36	0.36	0.3	0.360465065495751	5
chr20	34377041	34378459	1419	58	20.6560344827586	-0.304299779152583	0.304299779152583	-0.323381922474903	0.323381922474903	hypo	case		0.650456505598298	0.36	0.650456505598298	0.9	0.649388492508389	5
chr20	16713508	16716800	3293	90	23.9622222222222	-0.326156532022625	0.326156532022625	-0.351669984020679	0.351669984020679	hypo	case		0.327082170063813	0.36	0.36	0.3	0.360465065495751	5
chr20	17430275	17433561	3287	90	20.5622222222222	0.364407458782375	0.364407458782375	0.398356832432191	0.398356832432191	hyper	case		0.354862606730861	0.36	0.36	0.3	0.360465065495751	5
chr20	4384946	4389524	4579	96	21.9359375	-0.352395421892039	0.352395421892039	-0.354671196429613	0.354671196429613	hypo	case		0.492780604197461	0.36	0.492780604197461	0.5	0.523027894488147	5
chr21	13873681	13876958	3278	55	27.6581818181818	-0.32817051629798	0.32817051629798	-0.34590399894824	0.34590399894824	hypo	case		0.319614061401688	0.36	0.36	0.3	0.360465065495751	5
chr20	9089973	9093913	3941	54	18.6851851851852	0.324231114140112	0.324231114140112	0.334061675705775	0.334061675705775	hyper	case		0.188218863830343	0.36	0.36	0.3	0.360465065495751	5
chr20	21532354	21536872	4519	90	23.725	0.318629485195397	0.318629485195397	0.353731709332265	0.353731709332265	hyper	case		0.0993048872248735	0.36	0.36	0.3	0.360465065495751	5
chr20	42843912	42848001	4090	82	22.019512195122	-0.330332933610424	0.330332933610424	-0.372506092755125	0.372506092755125	hypo	case		0.359769677807098	0.36	0.36	0.3	0.360465065495751	5
chr20	8150409	8155237	4829	52	23.0769230769231	-0.26576322047358	0.26576322047358	-0.314938117184034	0.314938117184034	hypo	case		0.3445551705599	0.36	0.36	0.3	0.360465065495751	5
chr21	27153786	27157791	4006	56	20.4571428571429	-0.30245010254773	0.30245010254773	-0.321790388919812	0.321790388919812	hypo	case		0.421192371139266	0.36	0.421192371139266	0.4	0.432372621708254	5
chr21	19650919	19654996	4078	70	19.9764285714286	-0.280849612468502	0.280849612468502	-0.289919176548311	0.289919176548311	hypo	case		0.684422322832564	0.36	0.684422322832564	2.8	0.682213840132396	5
chr20	55192633	55195263	2631	63	20.784126984127	-0.371510177441441	0.371510177441441	-0.415899802637081	0.415899802637081	hypo	case		0.12084693746659	0.36	0.36	0.3	0.360465065495751	5
chr20	18887944	18890476	2533	52	21.0442307692308	-0.326417598740334	0.326417598740334	-0.35712670111656	0.35712670111656	hypo	case		0.337391948322256	0.36	0.36	0.3	0.360465065495751	5
chr21	26564047	26566988	2942	60	19.6783333333333	-0.338739031634686	0.338739031634686	-0.363083220538767	0.363083220538767	hypo	case		0.446970580018411	0.36	0.446970580018411	0.4	0.432372621708254	5
chr20	33528403	33533022	4620	137	22.9386861313869	-0.332591933994132	0.332591933994132	-0.350250723230655	0.350250723230655	hypo	case		0.574751016037362	0.36	0.574751016037362	0.7	0.596779781291671	5
chr21	10749894	10754548	4655	80	115.98875	-0.192129155194535	0.192129155194535	-0.189227609307483	0.190079845472886	hypo	case		0.683083146431235	0.36	0.683083146431235	2.8	0.682213840132396	5
chr20	2363853	2367676	3824	84	24.5232142857143	-0.356458417376384	0.356458417376384	-0.37561984658156	0.37561984658156	hypo	case		0.567166143381169	0.36	0.567166143381169	0.7	0.596779781291671	5
chr21	24687500	24690928	3429	70	20.5614285714286	-0.407307167632356	0.407307167632356	-0.407249176270309	0.407249176270309	hypo	case		0.211931643913586	0.36	0.36	0.3	0.360465065495751	5
chr21	13469815	13473074	3260	50	21.747	-0.310593222808795	0.310593222808795	-0.33720181190859	0.33720181190859	hypo	case		0.420332984715827	0.36	0.420332984715827	0.4	0.432372621708254	5
chr21	22426859	22428327	1469	58	23.0456896551724	-0.303500316592727	0.303500316592727	-0.295641204859895	0.295641204859895	hypo	case		0.138664765550914	0.36	0.36	0.3	0.360465065495751	5
chr20	57778234	57781226	2993	68	21.8220588235294	-0.335059936756099	0.335059936756099	-0.3650288185156	0.3650288185156	hypo	case		0.214050828608488	0.36	0.36	0.3	0.360465065495751	5
chr21	20821096	20825837	4742	74	19.8912162162162	-0.285905950052953	0.285905950052953	-0.328712020683895	0.328712020683895	hypo	case		0.191355114448911	0.36	0.36	0.3	0.360465065495751	5
chr21	20334482	20338444	3963	50	19.658	-0.305043160792029	0.305043160792029	-0.339443783496907	0.339443783496907	hypo	case		0.127987791727965	0.36	0.36	0.3	0.360465065495751	5
chr20	30876331	30879602	3272	60	37.0466666666667	-0.33338239184676	0.33338239184676	-0.365462745778182	0.365462745778182	hypo	case		0.171556417017701	0.36	0.36	0.3	0.360465065495751	5
chr21	19877441	19881091	3651	78	23.1685897435897	-0.352076690321807	0.352076690321807	-0.363054559108459	0.363054559108459	hypo	case		0.389515024004743	0.36	0.389515024004743	0.3	0.360465065495751	5
chr20	51388752	51391664	2913	90	21.2277777777778	-0.32866951846198	0.32866951846198	-0.342480420274927	0.342480420274927	hypo	case		0.398935997242312	0.36	0.398935997242312	0.4	0.432372621708254	5
chr21	21003530	21006735	3206	52	21.2913461538462	-0.361612186817955	0.361612186817955	-0.381959239598762	0.381959239598762	hypo	case		0.551741291235644	0.36	0.551741291235644	0.6	0.531925724845128	5
chr21	37838014	37841249	3236	58	20.8129310344828	-0.303618064291647	0.303618064291647	-0.329120326247398	0.329120326247398	hypo	case		0.558094063895609	0.36	0.558094063895609	0.6	0.531925724845128	5
chr20	42984908	42988824	3917	110	21.3895454545455	-0.290766223935687	0.290766223935687	-0.32526589607855	0.32526589607855	hypo	case		0.774872325742423	0.36	0.774872325742423	2.8	0.682213840132396	5
chr21	28460538	28464091	3554	56	23.1142857142857	-0.374598385417455	0.374598385417455	-0.408246486629967	0.408246486629967	hypo	case		0.0894080959830827	0.36	0.36	0.3	0.360465065495751	5
chr20	23492824	23497655	4832	75	22.0646666666667	-0.298797462093178	0.298797462093178	-0.320194856912916	0.320194856912916	hypo	case		0.426237098075486	0.36	0.426237098075486	0.4	0.432372621708254	5
chr21	39262209	39264652	2444	50	22.926	-0.334138300822444	0.334138300822444	-0.353019606290089	0.353019606290089	hypo	case		0.330977227739012	0.36	0.36	0.3	0.360465065495751	5
chr21	26944712	26948905	4194	80	19.88625	-0.246250376138198	0.246250376138198	-0.25105735403769	0.25105735403769	hypo	case		0.921421745972871	0.36	0.921421745972871	2.8	0.682213840132396	5
chr20	18537182	18540789	3608	114	23.7271929824561	-0.373928336397813	0.373928336397813	-0.390133178994452	0.390133178994452	hypo	case		0.254607315320526	0.36	0.36	0.3	0.360465065495751	5
chr21	13358501	13362759	4259	128	21.21015625	-0.353682326820255	0.353682326820255	-0.397915733929291	0.397915733929291	hypo	case		0.282621835802543	0.36	0.36	0.3	0.360465065495751	5
chr20	50558752	50563370	4619	134	24.5623134328358	-0.346884211260745	0.346884211260745	-0.379511820216868	0.379511820216868	hypo	case		0.277501195859849	0.36	0.36	0.3	0.360465065495751	5
chr21	30539190	30542232	3043	56	22.1053571428571	-0.37366623617617	0.37366623617617	-0.405828956414604	0.405828956414604	hypo	case		0.43030468045184	0.36	0.43030468045184	0.4	0.432372621708254	5
chr21	44790396	44793670	3275	74	20.2972972972973	-0.31561162811985	0.31561162811985	-0.347174673480384	0.347174673480384	hypo	case		0.343101708867905	0.36	0.36	0.3	0.360465065495751	5
chr21	20098579	20101467	2889	88	23.43125	-0.386931158558317	0.386931158558317	-0.401938068131311	0.401938068131311	hypo	case		0.310758713644377	0.36	0.36	0.3	0.360465065495751	5
chr20	22789103	22793566	4464	62	19.983064516129	-0.333236939928643	0.333236939928643	-0.315199419107735	0.315199419107735	hypo	case		0.261149966087843	0.36	0.36	0.3	0.360465065495751	5
chr20	24415031	24418222	3192	86	21.5697674418605	-0.337886622242853	0.337886622242853	-0.379016512698979	0.379016512698979	hypo	case		0.407464995779672	0.36	0.407464995779672	0.4	0.432372621708254	5
chr21	18663687	18665841	2155	54	21.9472222222222	-0.355575527666987	0.355575527666987	-0.397128179489066	0.397128179489066	hypo	case		0.133021953189819	0.36	0.36	0.3	0.360465065495751	5
chr20	45650395	45653711	3317	74	23.4736486486487	-0.374347375151651	0.374347375151651	-0.408067843142848	0.408067843142848	hypo	case		0.143782175258836	0.36	0.36	0.3	0.360465065495751	5
chr21	14891896	14896032	4137	64	20.88125	-0.354086668736375	0.354086668736375	-0.396227891800204	0.396227891800204	hypo	case		0.453897691082376	0.36	0.453897691082376	0.4	0.432372621708254	5
chr20	37580381	37585027	4647	116	23.4978448275862	-0.369763362164074	0.369763362164074	-0.408792120460701	0.408792120460701	hypo	case		0.535265001316049	0.36	0.535265001316049	0.6	0.531925724845128	5
chr21	13802010	13805839	3830	52	19.9807692307692	0.259740512936952	0.259740512936952	0.292527614107632	0.292527614107632	hyper	case		0.496018125756755	0.36	0.496018125756755	0.5	0.523027894488147	5
chr21	23683621	23687177	3557	58	23.4275862068966	-0.379998497556108	0.379998497556108	-0.417242842105416	0.417242842105416	hypo	case		0.347757684444737	0.36	0.36	0.3	0.360465065495751	5
chr21	30217054	30218526	1473	52	20.7173076923077	-0.357957615217422	0.357957615217422	-0.394473561184818	0.394473561184818	hypo	case		0.309863670518019	0.36	0.36	0.3	0.360465065495751	5
chr21	17099559	17100522	964	50	22.803	-0.365455664156328	0.365455664156328	-0.39909897758316	0.39909897758316	hypo	case		0.176475027127972	0.36	0.36	0.3	0.360465065495751	5
chr20	40189845	40193535	3691	87	18.6804597701149	-0.264466975039269	0.264466975039269	-0.283020456343156	0.283020456343156	hypo	case		0.423066231416016	0.36	0.423066231416016	0.4	0.432372621708254	5
chr20	29799256	29803564	4309	100	24.977	-0.3505596105605	0.3505596105605	-0.366081731261475	0.366081731261475	hypo	case		0.264121829730209	0.36	0.36	0.3	0.360465065495751	5
chr20	22927199	22931202	4004	92	22.0755434782609	-0.335086792423941	0.335086792423941	-0.369405479357903	0.369405479357903	hypo	case		0.255777461612614	0.36	0.36	0.3	0.360465065495751	5
chr20	2515799	2519606	3808	76	24.0407894736842	-0.33589863276324	0.33589863276324	-0.342613045229877	0.342613045229877	hypo	case		0.536468418458215	0.36	0.536468418458215	0.6	0.531925724845128	5
chr20	10251745	10256443	4699	76	23.1802631578947	-0.306477260579243	0.306477260579243	-0.359941893655507	0.359941893655507	hypo	case		0.146286510896746	0.36	0.36	0.3	0.360465065495751	5
chr21	13022378	13025315	2938	54	40.1259259259259	-0.339929170916894	0.339929170916894	-0.35738429204055	0.35738429204055	hypo	case		0.663578556595798	0.36	0.663578556595798	1.3	0.662728703476138	5
chr21	22595578	22600343	4766	141	22.4010638297872	-0.361578983788231	0.361578983788231	-0.381025987295783	0.381025987295783	hypo	case		0.743539235330315	0.36	0.743539235330315	2.8	0.682213840132396	5
chr21	7828153	7832046	3894	216	15.1956018518519	-0.257413537621105	0.257413537621105	-0.293512466917035	0.293512466917035	hypo	case		0.396656916573769	0.36	0.396656916573769	0.4	0.432372621708254	5
chr20	23948925	23952204	3280	56	23.6589285714286	-0.330360392272555	0.330360392272555	-0.332664398338622	0.332664398338622	hypo	case		0.658088699609911	0.36	0.658088699609911	1.5	0.657880059533191	5
chr21	26822707	26827115	4409	106	21.6952830188679	-0.301960409795767	0.301960409795767	-0.305708396143113	0.305708396143113	hypo	case		0.99	0.36	0.99	2.8	0.682213840132396	5
chr21	36610566	36614211	3646	110	23.8563636363636	-0.328940438338715	0.328940438338715	-0.348890839396159	0.348890839396159	hypo	case		0.0852909013446338	0.36	0.36	0.3	0.360465065495751	5
chr21	17502829	17504942	2114	54	23.037037037037	-0.400853146425193	0.400853146425193	-0.398215591746103	0.398215591746103	hypo	case		0.548592257194674	0.36	0.548592257194674	0.6	0.531925724845128	5
chr21	19728166	19730997	2832	60	22.2316666666667	-0.352810627351068	0.352810627351068	-0.381456546864115	0.381456546864115	hypo	case		0.277243907370643	0.36	0.36	0.3	0.360465065495751	5
chr20	52944166	52948563	4398	50	22.189	-0.331939486248714	0.331939486248714	-0.365757989556368	0.365757989556368	hypo	case		0.408260599272832	0.36	0.408260599272832	0.4	0.432372621708254	5
chr20	38314515	38319167	4653	58	21.8836206896552	-0.335833696558335	0.335833696558335	-0.356331983758758	0.356331983758758	hypo	case		0.336865615489217	0.36	0.36	0.3	0.360465065495751	5
chr21	35593156	35596666	3511	68	19.8183823529412	-0.360900827733511	0.360900827733511	-0.394539795715088	0.394539795715088	hypo	case		0.323271389954415	0.36	0.36	0.3	0.360465065495751	5
chr20	14922096	14925122	3027	53	19.9716981132076	-0.387634101759477	0.387634101759477	-0.413791708865866	0.413791708865866	hypo	case		0.291337829916216	0.36	0.36	0.3	0.360465065495751	5
chr21	46475673	46478504	2832	110	22.765	-0.32288684339716	0.32288684339716	-0.35621207271318	0.35621207271318	hypo	case		0.343990898262109	0.36	0.36	0.3	0.360465065495751	5
chr21	24345979	24350118	4140	87	22.2390804597701	-0.348171240144849	0.348171240144849	-0.367623848936689	0.367623848936689	hypo	case		0.38633174526018	0.36	0.38633174526018	0.3	0.360465065495751	5
chr20	26244580	26248745	4166	76	25.3032894736842	-0.281304880819768	0.281304880819768	-0.270620884736639	0.270620884736639	hypo	case		0.670079490100652	0.36	0.670079490100652	2.9	0.666693585000217	5
chr21	37885601	37889498	3898	57	20.6122807017544	-0.247080915987714	0.247080915987714	-0.255024856867939	0.255024856867939	hypo	case		0.193067741970925	0.36	0.36	0.3	0.360465065495751	5
chr20	52967246	52971259	4014	75	22.842	-0.336525207382435	0.336525207382435	-0.352259691479138	0.352259691479138	hypo	case		0.469548431608853	0.36	0.469548431608853	0.4	0.432372621708254	5
chr21	19853098	19854965	1868	84	22.8297619047619	-0.384485629680369	0.384485629680369	-0.406823063253983	0.406823063253983	hypo	case		0.151820051899373	0.36	0.36	0.3	0.360465065495751	5
chr20	12500772	12504944	4173	62	22.6379032258065	-0.310455053659478	0.310455053659478	-0.362723264437153	0.362723264437153	hypo	case		0.106350137083256	0.36	0.36	0.3	0.360465065495751	5
chr20	47104660	47107386	2727	62	22.8314516129032	-0.232658104791576	0.232658104791576	-0.25518944444172	0.25518944444172	hypo	case		0.681996221858626	0.36	0.681996221858626	2.8	0.682213840132396	5
chr21	5156226	5161175	4950	203	11.7581280788177	-0.369398328279907	0.369398328279907	-0.401809798889819	0.401809798889819	hypo	case		0.182278875363561	0.36	0.36	0.3	0.360465065495751	5
chr21	31166894	31170261	3368	82	21.1390243902439	-0.404142626747375	0.404142626747375	-0.424234873764012	0.424234873764012	hypo	case		0.576018538695118	0.36	0.576018538695118	0.7	0.596779781291671	5
chr20	29309444	29312086	2643	189	32.4312169312169	-0.371626316625163	0.371626316625163	-0.377590749235214	0.377590749235214	hypo	case		0.350804761731977	0.36	0.36	0.3	0.360465065495751	5
chr20	14573461	14576636	3176	74	21.4824324324324	-0.287348903014253	0.287348903014253	-0.285826509997822	0.285826509997822	hypo	case		0.928731105348391	0.36	0.928731105348391	2.8	0.682213840132396	5
chr20	4531126	4534702	3577	56	21.0598214285714	-0.318155237522861	0.318155237522861	-0.339784421438749	0.339784421438749	hypo	case		0.0453799010678982	0.36	0.36	0.3	0.360465065495751	5
chr20	15629112	15632902	3791	72	22.3819444444444	-0.40704087188027	0.40704087188027	-0.422334702085847	0.422334702085847	hypo	case		0.479059772490482	0.36	0.479059772490482	0.5	0.523027894488147	5
chr20	45244074	45248310	4237	70	22.88	0.280019471128771	0.280019471128771	0.298784477057891	0.298784477057891	hyper	case		0.142705219326038	0.36	0.36	0.3	0.360465065495751	5
chr21	23265427	23269744	4318	74	20.55	-0.253575304924043	0.253575304924043	-0.265298549188412	0.265298549188412	hypo	case		0.416394576261881	0.36	0.416394576261881	0.4	0.432372621708254	5
chr21	22613988	22616305	2318	52	21.4701923076923	-0.379247646844463	0.379247646844463	-0.403432402964386	0.403432402964386	hypo	case		0.166939945998325	0.36	0.36	0.3	0.360465065495751	5
chr20	1128824	1132565	3742	94	22.5670212765957	-0.292739294974231	0.292739294974231	-0.294369742529842	0.294369742529842	hypo	case		0.391945271083932	0.36	0.391945271083932	0.3	0.360465065495751	5
chr20	16618271	16619763	1493	76	21.9125	-0.325602116169343	0.325602116169343	-0.354392956269918	0.354392956269918	hypo	case		0.304662564518769	0.36	0.36	0.3	0.360465065495751	5
chr20	20446447	20451065	4619	66	21.9378787878788	0.367525068334085	0.367525068334085	0.402776880650108	0.402776880650108	hyper	case		0.200787214449121	0.36	0.36	0.3	0.360465065495751	5
chr20	52803761	52807392	3632	64	20.73515625	-0.25526296736466	0.25526296736466	-0.241726792500121	0.241726792500121	hypo	case		0.164238294240877	0.36	0.36	0.3	0.360465065495751	5
chr20	45639295	45641384	2090	132	24.2609848484849	-0.298045635364413	0.298045635364413	-0.296635209728344	0.296635209728344	hypo	case		0.232672462279825	0.36	0.36	0.3	0.360465065495751	5
chr21	39590595	39593435	2841	50	22.335	-0.387564664650575	0.387564664650575	-0.418316887583456	0.418316887583456	hypo	case		0.296337503977676	0.36	0.36	0.3	0.360465065495751	5
chr21	23343837	23345957	2121	72	21.7909722222222	-0.35239617510206	0.35239617510206	-0.364274126367303	0.364274126367303	hypo	case		0.161423223949379	0.36	0.36	0.3	0.360465065495751	5
chr21	25705038	25707311	2274	60	24.3683333333333	-0.309825525358534	0.309825525358534	-0.317411111939284	0.317411111939284	hypo	case		0.99	0.36	0.99	2.8	0.682213840132396	5
chr21	13877482	13881849	4368	71	28.4246478873239	-0.293951318146128	0.293951318146128	-0.30023824819289	0.30023824819289	hypo	case		0.263223353883668	0.36	0.36	0.3	0.360465065495751	5
chr20	41075102	41078310	3209	76	22.9480263157895	-0.241853231628108	0.241853231628108	-0.25238760031325	0.25238760031325	hypo	case		0.467085036068128	0.36	0.467085036068128	0.4	0.432372621708254	5
chr21	42436348	42440901	4554	176	21.8159090909091	-0.380676376319624	0.380676376319624	-0.39742067767157	0.39742067767157	hypo	case		0.158528154340138	0.36	0.36	0.3	0.360465065495751	5
chr21	24878526	24880409	1884	62	22.2387096774194	-0.33911009531347	0.33911009531347	-0.36063192430137	0.36063192430137	hypo	case		0.0934574527963278	0.36	0.36	0.3	0.360465065495751	5
chr21	22267651	22269580	1930	51	14.9107843137255	-0.373843597472434	0.373843597472434	-0.385432222825138	0.385432222825138	hypo	case		0.17561088577913	0.36	0.36	0.3	0.360465065495751	5
chr20	30370164	30373195	3032	52	32.9009615384615	-0.357697582065938	0.357697582065938	-0.376043045332026	0.376043045332026	hypo	case		0.390897141383882	0.36	0.390897141383882	0.3	0.360465065495751	5
chr20	60633706	60638135	4430	148	19.3510135135135	-0.339616709210425	0.339616709210425	-0.368797428586835	0.368797428586835	hypo	case		0.186489936520176	0.36	0.36	0.3	0.360465065495751	5
chr21	30290361	30293910	3550	60	21.755	-0.331817859694728	0.331817859694728	-0.380462193530571	0.380462193530571	hypo	case		0.0987219452659897	0.36	0.36	0.3	0.360465065495751	5
chr21	16739362	16743393	4032	70	21.6835714285714	-0.324289570974394	0.324289570974394	-0.363090381978996	0.363090381978996	hypo	case		0.165631641531517	0.36	0.36	0.3	0.360465065495751	5
chr21	28521749	28525279	3531	58	20.6077586206897	-0.28838544795181	0.28838544795181	-0.315048113881911	0.315048113881911	hypo	case		0.595000776912924	0.36	0.595000776912924	0.7	0.596779781291671	5
chr20	37652002	37654193	2192	54	22.5111111111111	-0.399782468635576	0.399782468635576	-0.432563759018513	0.432563759018513	hypo	case		0.279364045283535	0.36	0.36	0.3	0.360465065495751	5
chr20	509076	511273	2198	52	24.0298076923077	-0.310316564486521	0.310316564486521	-0.355697518666404	0.355697518666404	hypo	case		0.542856229267413	0.36	0.542856229267413	0.6	0.531925724845128	5
chr20	37476906	37480962	4057	92	19.4157608695652	-0.323053676973182	0.323053676973182	-0.355898929667285	0.355898929667285	hypo	case		0.139930834167441	0.36	0.36	0.3	0.360465065495751	5
chr21	9535204	9537964	2761	60	26.015	-0.336053794695604	0.336053794695604	-0.383595168122485	0.383595168122485	hypo	case		0.416735193895897	0.36	0.416735193895897	0.4	0.432372621708254	5
chr20	9399995	9403255	3261	54	23.3888888888889	-0.329996374558535	0.329996374558535	-0.369721880525085	0.369721880525085	hypo	case		0.566424406482272	0.36	0.566424406482272	0.7	0.596779781291671	5
chr20	20350354	20353700	3347	68	24.6889705882353	-0.319364294677149	0.319364294677149	-0.363331331998553	0.363331331998553	hypo	case		0.286409442077431	0.36	0.36	0.3	0.360465065495751	5
chr20	53147873	53150114	2242	50	21.124	-0.270190139101648	0.270190139101648	-0.264621144377439	0.264621144377439	hypo	case		0.54960084563086	0.36	0.54960084563086	0.6	0.531925724845128	5
chr20	22933335	22936960	3626	64	23.7046875	-0.365189868784278	0.365189868784278	-0.352807648488629	0.352807648488629	hypo	case		0.427477734761586	0.36	0.427477734761586	0.4	0.432372621708254	5
chr20	34167934	34170138	2205	119	22.4298319327731	-0.329801252000695	0.329801252000695	-0.342124766655122	0.342124766655122	hypo	case		0.0913452576854637	0.36	0.36	0.3	0.360465065495751	5
chr21	23821733	23824334	2602	63	19.6285714285714	-0.24216137609032	0.24216137609032	-0.246990219456647	0.246990219456647	hypo	case		0.662404898049278	0.36	0.662404898049278	1.3	0.662728703476138	5
chr20	6813373	6816720	3348	52	22.0605769230769	-0.344639881182573	0.344639881182573	-0.345622557882744	0.345622557882744	hypo	case		0.535700242962671	0.36	0.535700242962671	0.6	0.531925724845128	5
chr21	20052720	20056471	3752	54	20.6046296296296	-0.320983665652538	0.320983665652538	-0.340681356628794	0.340681356628794	hypo	case		0.845160234620578	0.36	0.845160234620578	2.8	0.682213840132396	5
chr20	33817054	33820165	3112	70	20.6807142857143	-0.322961616071428	0.322961616071428	-0.309021192940403	0.309021192940403	hypo	case		0.243417612913794	0.36	0.36	0.3	0.360465065495751	5
chr20	12902994	12907099	4106	106	24.85	-0.342714738357566	0.342714738357566	-0.36314662142707	0.36314662142707	hypo	case		0.282399830461293	0.36	0.36	0.3	0.360465065495751	5
chr21	35068707	35071898	3192	60	22.8366666666667	-0.315453448263763	0.315453448263763	-0.331292582380604	0.331292582380604	hypo	case		0.404541703301681	0.36	0.404541703301681	0.4	0.432372621708254	5
chr20	24831578	24834729	3152	88	19.8642045454545	-0.351526267271157	0.351526267271157	-0.349133267488881	0.349133267488881	hypo	case		0.817342362252393	0.36	0.817342362252393	2.8	0.682213840132396	5
chr20	20120751	20124814	4064	54	21.4981481481481	-0.344771690537381	0.344771690537381	-0.366902994201472	0.366902994201472	hypo	case		0.541115398775004	0.36	0.541115398775004	0.6	0.531925724845128	5
chr21	26848891	26853269	4379	60	21.5658333333333	-0.182384613295736	0.182384613295736	-0.260975292184397	0.260975292184397	hypo	case		0.409883397943161	0.36	0.409883397943161	0.4	0.432372621708254	5
chr21	33701210	33703186	1977	76	20.7480263157895	-0.323158190764418	0.323158190764418	-0.335478855151819	0.335478855151819	hypo	case		0.525429924821176	0.36	0.525429924821176	0.5	0.523027894488147	5
chr21	25957469	25959428	1960	58	21.1491379310345	-0.342466901792837	0.342466901792837	-0.374291164515237	0.374291164515237	hypo	case		0.568068205659108	0.36	0.568068205659108	0.7	0.596779781291671	5
chr21	22075662	22080414	4753	62	19.9991935483871	-0.367892166831501	0.367892166831501	-0.408234411605551	0.408234411605551	hypo	case		0.448624532379353	0.36	0.448624532379353	0.4	0.432372621708254	5
chr20	40447656	40448859	1204	56	22.71875	-0.381494222951757	0.381494222951757	-0.384192142025588	0.384192142025588	hypo	case		0.213475030363308	0.36	0.36	0.3	0.360465065495751	5
chr20	40397904	40398992	1089	54	21.6287037037037	-0.396674247982215	0.396674247982215	-0.404377667452021	0.404377667452021	hypo	case		0.509623442548737	0.36	0.509623442548737	0.5	0.523027894488147	5
chr20	28810478	28813549	3072	58	63.8293103448276	-0.256937039197374	0.256937039197374	-0.263666805626333	0.263666805626333	hypo	case		0.160264322757991	0.36	0.36	0.3	0.360465065495751	5
chr21	32297490	32301931	4442	242	20.4537190082645	-0.40456645792475	0.40456645792475	-0.430284378826371	0.430284378826371	hypo	case		0.364495558778771	0.36	0.364495558778771	0.3	0.360465065495751	5
chr20	30951363	30956009	4647	70	21.1471428571429	-0.245372457749891	0.245372457749891	-0.276653810570845	0.276653810570845	hypo	case		0.706487728147659	0.36	0.706487728147659	2.8	0.682213840132396	5
chr21	31030860	31033342	2483	72	22.7555555555556	-0.309215367559458	0.309215367559458	-0.325485932098727	0.325485932098727	hypo	case		0.99	0.36	0.99	2.8	0.682213840132396	5
chr21	27930933	27933256	2324	57	21.0184210526316	-0.350348542775454	0.350348542775454	-0.366370290569672	0.366370290569672	hypo	case		0.472796026132601	0.36	0.472796026132601	0.4	0.432372621708254	5
chr21	29989042	29993739	4698	66	21.9242424242424	-0.33626813365015	0.33626813365015	-0.362671511250341	0.362671511250341	hypo	case		0.353385198371825	0.36	0.36	0.3	0.360465065495751	5
chr20	6029244	6034127	4884	100	21.6335	-0.337762206511121	0.337762206511121	-0.348586524528703	0.348586524528703	hypo	case		0.115871903634693	0.36	0.36	0.3	0.360465065495751	5
chr20	15757686	15761749	4064	98	20.9117346938776	-0.365648824717377	0.365648824717377	-0.391829240814924	0.391829240814924	hypo	case		0.0743262479282479	0.36	0.36	0.3	0.360465065495751	5
chr20	21045856	21049584	3729	91	21.0181318681319	-0.301148187897414	0.301148187897414	-0.322121906865862	0.322121906865862	hypo	case		0.0989983412569054	0.36	0.36	0.3	0.360465065495751	5
chr21	19521515	19525821	4307	52	22.2653846153846	-0.319219034817622	0.319219034817622	-0.349125955677134	0.349125955677134	hypo	case		0.182033186737557	0.36	0.36	0.3	0.360465065495751	5
chr21	34043447	34045551	2105	52	22.1307692307692	-0.304028686621698	0.304028686621698	-0.309864071454804	0.309864071454804	hypo	case		0.99	0.36	0.99	2.8	0.682213840132396	5
chr20	32392239	32396544	4306	120	24.9916666666667	-0.395347980801418	0.395347980801418	-0.413382613086244	0.413382613086244	hypo	case		0.371834542191636	0.36	0.371834542191636	0.3	0.360465065495751	5
chr21	19532228	19534009	1782	56	24.275	-0.351172959158077	0.351172959158077	-0.367994187607461	0.367994187607461	hypo	case		0.310401884718958	0.36	0.36	0.3	0.360465065495751	5
chr21	34133637	34137347	3711	88	22.8375	-0.377290796009472	0.377290796009472	-0.395169243391641	0.395169243391641	hypo	case		0.302781335460553	0.36	0.36	0.3	0.360465065495751	5
chr21	18461102	18464439	3338	57	19.3394736842105	-0.30234540094035	0.30234540094035	-0.327344767071762	0.327344767071762	hypo	case		0.289059567745829	0.36	0.36	0.3	0.360465065495751	5
chr21	40171868	40176395	4528	92	22.4005434782609	-0.362107608805643	0.362107608805643	-0.391492715085864	0.391492715085864	hypo	case		0.17486059256022	0.36	0.36	0.3	0.360465065495751	5
chr20	19429448	19434415	4968	88	19.8431818181818	-0.271161708141173	0.271161708141173	-0.304742671084092	0.304742671084092	hypo	case		0.386743777177776	0.36	0.386743777177776	0.3	0.360465065495751	5
chr21	21569682	21572876	3195	52	20.2567307692308	-0.322549264369623	0.322549264369623	-0.348612649464953	0.348612649464953	hypo	case		0.175989562072251	0.36	0.36	0.3	0.360465065495751	5
chr21	13932997	13937848	4852	270	22.6264814814815	-0.394998918292681	0.394998918292681	-0.41382948141964	0.41382948141964	hypo	case		0.266296965132961	0.36	0.36	0.3	0.360465065495751	5
chr20	20296712	20301695	4984	127	20.5385826771654	-0.344093561271765	0.344093561271765	-0.369738274316116	0.369738274316116	hypo	case		0.241570880307754	0.36	0.36	0.3	0.360465065495751	5
chr20	4378237	4383148	4912	70	22.6535714285714	-0.3008057899524	0.3008057899524	-0.329917801938108	0.329917801938108	hypo	case		0.032329257338325	0.36	0.36	0.3	0.360465065495751	5
chr21	13993554	13996237	2684	54	22.9898148148148	-0.323046261049858	0.323046261049858	-0.345836329705625	0.345836329705625	hypo	case		0.426750694686938	0.36	0.426750694686938	0.4	0.432372621708254	5
chr21	26740822	26744035	3214	76	21.5973684210526	-0.363514469862467	0.363514469862467	-0.393490185080517	0.393490185080517	hypo	case		0.480128963390127	0.36	0.480128963390127	0.5	0.523027894488147	5
chr20	30109701	30113324	3624	52	19.8	-0.293318187058642	0.293318187058642	-0.306956586561717	0.306956586561717	hypo	case		0.676592142641226	0.36	0.676592142641226	1.1	0.67423733188773	5
chr21	29370698	29374164	3467	88	22.9943181818182	-0.330109576510791	0.330109576510791	-0.363962915280694	0.363962915280694	hypo	case		0.090068310429193	0.36	0.36	0.3	0.360465065495751	5
chr21	9353094	9354959	1866	86	69.8709302325581	-0.392304359176864	0.392304359176864	-0.416957239334485	0.416957239334485	hypo	case		0.360170700420851	0.36	0.360170700420851	0.3	0.360465065495751	5
chr21	19231046	19234178	3133	52	19.2173076923077	-0.225954083624036	0.225954083624036	-0.234861525885096	0.234861525885096	hypo	case		0.316149738722686	0.36	0.36	0.3	0.360465065495751	5
chr21	30625569	30629249	3681	62	22.9451612903226	-0.384697867769733	0.384697867769733	-0.406923535641121	0.406923535641121	hypo	case		0.460716458391585	0.36	0.460716458391585	0.4	0.432372621708254	5
chr20	15653006	15656688	3683	68	19.6227941176471	-0.340825036484328	0.340825036484328	-0.384154979618667	0.384154979618667	hypo	case		0.514105221348205	0.36	0.514105221348205	0.5	0.523027894488147	5
chr20	7847486	7851380	3895	70	22.9914285714286	-0.277758271835752	0.277758271835752	-0.307660818427512	0.307660818427512	hypo	case		0.276770058435882	0.36	0.36	0.3	0.360465065495751	5
chr21	38204799	38207675	2877	70	24.285	-0.338912682385252	0.338912682385252	-0.366443808660222	0.366443808660222	hypo	case		0.578444147936909	0.36	0.578444147936909	0.7	0.596779781291671	5
chr21	33093725	33096021	2297	68	22.0772058823529	-0.355422874733945	0.355422874733945	-0.392224486774401	0.392224486774401	hypo	case		0.103522874240242	0.36	0.36	0.3	0.360465065495751	5
chr20	30456152	30459079	2928	78	21.2980769230769	-0.379782191913204	0.379782191913204	-0.401917676238852	0.401917676238852	hypo	case		0.0668024185619562	0.36	0.36	0.3	0.360465065495751	5
chr20	58488731	58491072	2342	58	23.9629310344828	-0.402781680897807	0.402781680897807	-0.434553705769976	0.434553705769976	hypo	case		0.19650458326217	0.36	0.36	0.3	0.360465065495751	5
chr21	15541283	15545261	3979	57	20.6605263157895	-0.377424246544752	0.377424246544752	-0.393917326405886	0.393917326405886	hypo	case		0.435022218894403	0.36	0.435022218894403	0.4	0.432372621708254	5
chr20	4346438	4349182	2745	52	22.1269230769231	-0.326754374831449	0.326754374831449	-0.331972327549475	0.331972327549475	hypo	case		0.661284087444839	0.36	0.661284087444839	1.2	0.660966753580126	5
chr20	8481838	8484639	2802	63	22.4373015873016	-0.301749717013609	0.301749717013609	-0.321165432026602	0.321165432026602	hypo	case		0.151346391736718	0.36	0.36	0.3	0.360465065495751	5
chr20	1173221	1175806	2586	58	23.3034482758621	-0.273450009408335	0.273450009408335	-0.334163464882827	0.334163464882827	hypo	case		0.52162835406809	0.36	0.52162835406809	0.5	0.523027894488147	5
chr20	19225131	19227501	2371	52	19.5673076923077	-0.281641074460796	0.281641074460796	-0.310086621261618	0.310086621261618	hypo	case		0.108806805385139	0.36	0.36	0.3	0.360465065495751	5
chr20	29329933	29333418	3486	80	63.235	-0.317193338686563	0.317193338686563	-0.348648154478806	0.348648154478806	hypo	case		0.155531087858065	0.36	0.36	0.3	0.360465065495751	5
chr21	7213913	7218686	4774	68	29.0470588235294	-0.240918449009478	0.240918449009478	-0.259979891077547	0.259979891077547	hypo	case		0.123124191527459	0.36	0.36	0.3	0.360465065495751	5
chr20	19381346	19385558	4213	71	22.7316901408451	-0.344534306105345	0.344534306105345	-0.360556970824613	0.360556970824613	hypo	case		0.589292328778701	0.36	0.589292328778701	0.7	0.596779781291671	5
chr21	17079910	17083721	3812	64	22.50625	-0.334834842778657	0.334834842778657	-0.365068145277411	0.365068145277411	hypo	case		0.0860926449757202	0.36	0.36	0.3	0.360465065495751	5
chr21	30994748	30998573	3826	82	21.5036585365854	-0.257278562419867	0.257278562419867	-0.287390608098438	0.287390608098438	hypo	case		0.185416206007758	0.36	0.36	0.3	0.360465065495751	5
chr21	26769032	26771506	2475	85	20.6747058823529	-0.315625086727708	0.315625086727708	-0.323555961481103	0.323555961481103	hypo	case		0.854370826184915	0.36	0.854370826184915	2.8	0.682213840132396	5
chr21	13501514	13505044	3531	80	22.408125	-0.270897116938631	0.270897116938631	-0.276014988556065	0.276014988556065	hypo	case		0.363806494460768	0.36	0.363806494460768	0.3	0.360465065495751	5
chr20	43068214	43072163	3950	100	20.469	-0.273729235630583	0.273729235630583	-0.292889370059474	0.292889370059474	hypo	case		0.186558273237627	0.36	0.36	0.3	0.360465065495751	5
chr20	16729402	16731405	2004	139	21.8971223021583	0.36624257894195	0.36624257894195	0.378265367095303	0.378265367095303	hyper	case		0.329738136441109	0.36	0.36	0.3	0.360465065495751	5
chr21	32764942	32768098	3157	50	26.575	-0.284630478888673	0.284630478888673	-0.320084181015064	0.320084181015064	hypo	case		0.276835749631088	0.36	0.36	0.3	0.360465065495751	5
chr20	17348521	17350972	2452	56	24.0508928571429	-0.196801422449576	0.196801422449576	-0.197647683539775	0.197647683539775	hypo	case		0.619925949968168	0.36	0.619925949968168	2.4	0.624549067415542	5
chr21	21852853	21856705	3853	86	23.5325581395349	-0.40155284077694	0.40155284077694	-0.423923876466328	0.423923876466328	hypo	case		0.316228102151124	0.36	0.36	0.3	0.360465065495751	5
chr21	11318644	11322061	3418	56	10.95	-0.288963874496963	0.288963874496963	-0.330904909758996	0.330904909758996	hypo	case		0.606518489857376	0.36	0.606518489857376	0.7	0.596779781291671	5
chr21	27173653	27176605	2953	58	22.0491379310345	-0.352526367812838	0.352526367812838	-0.381967256991321	0.381967256991321	hypo	case		0.243890454622294	0.36	0.36	0.3	0.360465065495751	5
chr20	1109940	1113160	3221	76	24.3526315789474	-0.29061975805434	0.29061975805434	-0.335590358630573	0.335590358630573	hypo	case		0.222315304905594	0.36	0.36	0.3	0.360465065495751	5
chr21	21071010	21072913	1904	52	20.3432692307692	-0.328693175068688	0.328693175068688	-0.357327534434577	0.357327534434577	hypo	case		0.165768443499777	0.36	0.36	0.3	0.360465065495751	5
chr20	32287253	32291051	3799	92	20.9625	0.337326022860216	0.337326022860216	0.36664274468112	0.36664274468112	hyper	case		0.0677012136506591	0.36	0.36	0.3	0.360465065495751	5
chr20	17372161	17376381	4221	80	23.378125	-0.279323098038571	0.279323098038571	-0.269517248356206	0.269517248356206	hypo	case		0.293783712787217	0.36	0.36	0.3	0.360465065495751	5
chr20	28955712	28957564	1853	68	24.2125	-0.306449997647927	0.306449997647927	-0.311008055985668	0.311008055985668	hypo	case		0.451300447880097	0.36	0.451300447880097	0.4	0.432372621708254	5
chr20	31385738	31390551	4814	113	20.9632743362832	-0.342666800278317	0.342666800278317	-0.361069299748865	0.361069299748865	hypo	case		0.23620179342532	0.36	0.36	0.3	0.360465065495751	5
chr21	36352269	36355990	3722	96	24.8276041666667	-0.296156074011989	0.296156074011989	-0.295540972134146	0.295540972134146	hypo	case		0.705813787074118	0.36	0.705813787074118	2.8	0.682213840132396	5
chr20	1623295	1625171	1877	52	22.9759615384615	-0.362556179278298	0.362556179278298	-0.378240537970324	0.378240537970324	hypo	case		0.440539905294648	0.36	0.440539905294648	0.4	0.432372621708254	5
chr20	5668638	5673082	4445	188	20.938829787234	-0.36465536812664	0.36465536812664	-0.393378768739345	0.393378768739345	hypo	case		0.373322164033194	0.36	0.373322164033194	0.3	0.360465065495751	5
chr20	1843326	1846612	3287	72	24.0618055555556	-0.323245194235141	0.323245194235141	-0.321362254390403	0.321362254390403	hypo	case		0.63098719638762	0.36	0.63098719638762	1.8	0.631586921300592	5
chr20	40237609	40239778	2170	50	21.187	-0.327672008097121	0.327672008097121	-0.353148685680933	0.353148685680933	hypo	case		0.235817332940554	0.36	0.36	0.3	0.360465065495751	5
chr21	33933818	33936564	2747	64	21.7578125	-0.303173710669176	0.303173710669176	-0.338730566041962	0.338730566041962	hypo	case		0.243846929699789	0.36	0.36	0.3	0.360465065495751	5
chr20	12551381	12556151	4771	70	21.3957142857143	-0.235796792324774	0.235796792324774	-0.223807449398861	0.223807449398861	hypo	case		0.66060213544289	0.36	0.66060213544289	1.2	0.660966753580126	5
chr20	11794711	11796816	2106	50	21.606	-0.334342483689512	0.334342483689512	-0.364627238308944	0.364627238308944	hypo	case		0.278833861063979	0.36	0.36	0.3	0.360465065495751	5
chr20	7988533	7990250	1718	56	24.3732142857143	-0.28910340202419	0.28910340202419	-0.293081410541916	0.293081410541916	hypo	case		0.217957189923082	0.36	0.36	0.3	0.360465065495751	5
chr21	20640165	20641615	1451	52	23.5759615384615	-0.43299715386019	0.43299715386019	-0.445934305180148	0.445934305180148	hypo	case		0.235577444721472	0.36	0.36	0.3	0.360465065495751	5
chr20	56309347	56312956	3610	56	19.575	-0.348776336865488	0.348776336865488	-0.364161848660362	0.364161848660362	hypo	case		0.228646289313228	0.36	0.36	0.3	0.360465065495751	5
chr21	39495806	39496502	697	50	22.593	-0.343543015657338	0.343543015657338	-0.31664792510174	0.31664792510174	hypo	case		0.319914533493315	0.36	0.36	0.3	0.360465065495751	5
chr20	8761010	8765931	4922	148	22.3763513513514	-0.32326115685052	0.32326115685052	-0.328625693212716	0.328625693212716	hypo	case		0.575193255941793	0.36	0.575193255941793	0.7	0.596779781291671	5
chr21	24163668	24168321	4654	94	17.643085106383	-0.259374134740015	0.259374134740015	-0.282272409628639	0.282272409628639	hypo	case		0.553167484921072	0.36	0.553167484921072	0.6	0.531925724845128	5
chr20	4074007	4078536	4530	96	24.9177083333333	-0.355216172632382	0.355216172632382	-0.385410759730166	0.385410759730166	hypo	case		0.0570890561707656	0.36	0.36	0.3	0.360465065495751	5
chr21	13066473	13067905	1433	50	24.657	-0.342541683821381	0.342541683821381	-0.383429053251343	0.383429053251343	hypo	case		0.135676891429187	0.36	0.36	0.3	0.360465065495751	5
chr20	42798705	42801325	2621	59	22.3661016949153	-0.322092192268995	0.322092192268995	-0.338362756561803	0.338362756561803	hypo	case		0.306975452026666	0.36	0.36	0.3	0.360465065495751	5
chr21	16560980	16564759	3780	80	20.39875	-0.263691921606597	0.263691921606597	-0.256933341093095	0.256933341093095	hypo	case		0.917013144276123	0.36	0.917013144276123	2.8	0.682213840132396	5
chr21	37544338	37547668	3331	164	22.9582317073171	-0.357611630977655	0.357611630977655	-0.390912091563492	0.390912091563492	hypo	case		0.232935787818932	0.36	0.36	0.3	0.360465065495751	5
chr21	37174070	37176079	2010	73	20.036301369863	-0.332961392028273	0.332961392028273	-0.340915218768659	0.340915218768659	hypo	case		0.409115122330632	0.36	0.409115122330632	0.4	0.432372621708254	5
chr20	43407879	43411741	3863	60	20.3125	-0.246422603644841	0.246422603644841	-0.25014643709132	0.25014643709132	hypo	case		0.298826679494623	0.36	0.36	0.3	0.360465065495751	5
chr20	9203608	9205974	2367	57	21.3254385964912	-0.324312207640832	0.324312207640832	-0.318317595508019	0.318317595508019	hypo	case		0.627320940443864	0.36	0.627320940443864	2	0.628070511372922	5
chr21	15618093	15622433	4341	72	22.8673611111111	-0.404385044305362	0.404385044305362	-0.433564289359029	0.433564289359029	hypo	case		0.080945995876808	0.36	0.36	0.3	0.360465065495751	5
chr20	60935906	60940118	4213	133	21.5364661654135	-0.315002685677743	0.315002685677743	-0.347011305695899	0.347011305695899	hypo	case		0.151084609286586	0.36	0.36	0.3	0.360465065495751	5
chr21	27143148	27148143	4996	189	21.2719576719577	-0.336293622614056	0.336293622614056	-0.337598070252181	0.337598070252181	hypo	case		0.178089917780085	0.36	0.36	0.3	0.360465065495751	5
chr21	9128571	9131811	3241	162	21.587037037037	-0.286746396928403	0.286746396928403	-0.304607431639451	0.304607431639451	hypo	case		0.745415464310296	0.36	0.745415464310296	2.8	0.682213840132396	5
chr21	13363313	13366605	3293	78	23.1410256410256	-0.237728720981111	0.237728720981111	-0.24487314038819	0.24487314038819	hypo	case		0.83418783927445	0.36	0.83418783927445	2.8	0.682213840132396	5
chr21	21198396	21203206	4811	67	24.0738805970149	-0.354091412467738	0.354091412467738	-0.399118788061726	0.399118788061726	hypo	case		0.361666229581975	0.36	0.361666229581975	0.3	0.360465065495751	5
chr20	40785450	40788730	3281	68	24.1580882352941	-0.352380304355755	0.352380304355755	-0.361577052492248	0.361577052492248	hypo	case		0.550274998096309	0.36	0.550274998096309	0.6	0.531925724845128	5
chr21	28884547	28889425	4879	211	21.1229857819905	0.265255080102216	0.265255080102216	0.280072098265048	0.280072098265048	hyper	case		0.501329698050902	0.36	0.501329698050902	0.5	0.523027894488147	5
chr20	20459009	20463439	4431	72	20.8423611111111	-0.317148425635248	0.317148425635248	-0.335674836162761	0.335674836162761	hypo	case		0.367249109102044	0.36	0.367249109102044	0.3	0.360465065495751	5
chr21	38625398	38628980	3583	54	20.8518518518519	-0.354543030052652	0.354543030052652	-0.367271963173043	0.367271963173043	hypo	case		0.262922944611274	0.36	0.36	0.3	0.360465065495751	5
chr20	52850981	52855245	4265	96	21.4182291666667	-0.336314058557766	0.336314058557766	-0.372732380157724	0.372732380157724	hypo	case		0.487793753822467	0.36	0.487793753822467	0.5	0.523027894488147	5
chr21	26694306	26697962	3657	50	22.072	-0.309504143517256	0.309504143517256	-0.331674222367309	0.331674222367309	hypo	case		0.337781512841355	0.36	0.36	0.3	0.360465065495751	5
chr20	48169295	48172481	3187	100	22.1395	-0.338872356826445	0.338872356826445	-0.373651902288952	0.373651902288952	hypo	case		0.368646903013804	0.36	0.368646903013804	0.3	0.360465065495751	5
chr20	55693243	55695464	2222	76	23.3296052631579	-0.376738921065449	0.376738921065449	-0.413502394198677	0.413502394198677	hypo	case		0.255305715334932	0.36	0.36	0.3	0.360465065495751	5
chr20	38691740	38694728	2989	54	22.8981481481482	0.295603192745055	0.295603192745055	0.32833248402839	0.32833248402839	hyper	case		0.382463433904102	0.36	0.382463433904102	0.3	0.360465065495751	5
chr20	19738440	19740789	2350	75	20.9173333333333	-0.352908176255557	0.352908176255557	-0.377055543269455	0.377055543269455	hypo	case		0.384466323825563	0.36	0.384466323825563	0.3	0.360465065495751	5
chr20	21439620	21443174	3555	70	20.9064285714286	-0.331128516604451	0.331128516604451	-0.345245908736359	0.345245908736359	hypo	case		0.142014968338441	0.36	0.36	0.3	0.360465065495751	5
chr20	42159623	42163938	4316	86	20.9517441860465	-0.327977377330644	0.327977377330644	-0.369711684263176	0.369711684263176	hypo	case		0.443279357392875	0.36	0.443279357392875	0.4	0.432372621708254	5
chr21	27465361	27469200	3840	111	21.6445945945946	-0.311562570883223	0.311562570883223	-0.324752225275633	0.324752225275633	hypo	case		0.215445052906204	0.36	0.36	0.3	0.360465065495751	5
chr20	38391462	38395961	4500	90	22.1566666666667	-0.357267681506696	0.357267681506696	-0.405555435704316	0.405555435704316	hypo	case		0.191194639789817	0.36	0.36	0.3	0.360465065495751	5
chr21	31311706	31314069	2364	50	20.443	-0.336869621471162	0.336869621471162	-0.326807809184397	0.326807809184397	hypo	case		0.548137655610694	0.36	0.548137655610694	0.6	0.531925724845128	5
chr20	939386	943580	4195	135	23.1885185185185	-0.365321359724007	0.365321359724007	-0.378959558149924	0.378959558149924	hypo	case		0.295559186822694	0.36	0.36	0.3	0.360465065495751	5
chr21	34647787	34650217	2431	51	21.8578431372549	-0.275744367576938	0.275744367576938	-0.296223770244184	0.296223770244184	hypo	case		0.99	0.36	0.99	2.8	0.682213840132396	5
chr21	9671638	9673677	2040	52	39.6057692307692	0.234247879842087	0.234247879842087	0.249693186399999	0.249693186399999	hyper	case		0.503962003438306	0.36	0.503962003438306	0.5	0.523027894488147	5
chr21	25953152	25956846	3695	76	20.9934210526316	-0.370989095957829	0.370989095957829	-0.404810536213913	0.404810536213913	hypo	case		0.31802957645664	0.36	0.36	0.3	0.360465065495751	5
chr21	37943005	37945675	2671	70	23.8728571428571	-0.329892550372328	0.329892550372328	-0.356470975874908	0.356470975874908	hypo	case		0.539348133878094	0.36	0.539348133878094	0.6	0.531925724845128	5
chr21	29691108	29694710	3603	94	22.9398936170213	-0.307050761922293	0.307050761922293	-0.314547596509776	0.314547596509776	hypo	case		0.294116472653041	0.36	0.36	0.3	0.360465065495751	5
chr20	19105412	19109734	4323	80	22.513125	-0.293055970348713	0.293055970348713	-0.301968700894927	0.301968700894927	hypo	case		0.88855841635685	0.36	0.88855841635685	2.8	0.682213840132396	5
chr21	28168285	28170950	2666	52	22.7432692307692	-0.352849875661801	0.352849875661801	-0.38598932542837	0.38598932542837	hypo	case		0.354419080954503	0.36	0.36	0.3	0.360465065495751	5
chr20	3654069	3655921	1853	54	21.5740740740741	0.326719159625435	0.326719159625435	0.353436395540857	0.353436395540857	hyper	case		0.24596316546425	0.36	0.36	0.3	0.360465065495751	5
chr20	46419565	46423903	4339	76	22.75	-0.365471544422491	0.365471544422491	-0.388818403693024	0.388818403693024	hypo	case		0.345779669305313	0.36	0.36	0.3	0.360465065495751	5
chr20	41922227	41926555	4329	60	21.3191666666667	-0.235185086020112	0.235185086020112	-0.282313855478967	0.282313855478967	hypo	case		0.910320142492281	0.36	0.910320142492281	2.8	0.682213840132396	5
chr20	54980704	54985464	4761	94	20.3659574468085	-0.380996255958524	0.380996255958524	-0.425540017629342	0.425540017629342	hypo	case		0.29422347587917	0.36	0.36	0.3	0.360465065495751	5
chr21	9355509	9358153	2645	66	78.9787878787879	-0.327033106723168	0.327033106723168	-0.342566688978629	0.342566688978629	hypo	case		0.199117209190766	0.36	0.36	0.3	0.360465065495751	5
chr21	30824352	30828971	4620	103	21.8597087378641	-0.33419808614781	0.33419808614781	-0.359716842835662	0.359716842835662	hypo	case		0.113005897843195	0.36	0.36	0.3	0.360465065495751	5
chr20	23418269	23421950	3682	275	21.3143636363636	0.379658723639979	0.379658723639979	0.39107118362428	0.39107118362428	hyper	case		0.633718561290956	0.36	0.633718561290956	1.6	0.634986191344257	5
chr20	14371461	14375764	4304	56	21.9803571428571	-0.346852099793391	0.346852099793391	-0.398077390993013	0.398077390993013	hypo	case		0.168213815909588	0.36	0.36	0.3	0.360465065495751	5
chr21	13776084	13778164	2081	65	15.3161538461538	-0.259221023922683	0.259221023922683	-0.259195841125249	0.259195841125249	hypo	case		0.282738974338381	0.36	0.36	0.3	0.360465065495751	5
chr20	18714559	18717516	2958	50	21.782	-0.366786634509021	0.366786634509021	-0.409856273442844	0.409856273442844	hypo	case		0.108284116277908	0.36	0.36	0.3	0.360465065495751	5
chr21	35347810	35351112	3303	68	21.7676470588235	-0.273217627715089	0.273217627715089	-0.301861411874689	0.301861411874689	hypo	case		0.254030448151532	0.36	0.36	0.3	0.360465065495751	5
chr20	37081909	37086536	4628	150	21.3886666666667	-0.375078110973248	0.375078110973248	-0.401808389444672	0.401808389444672	hypo	case		0.0392058107580172	0.36	0.36	0.3	0.360465065495751	5
chr21	26220855	26223155	2301	58	22.0172413793103	-0.226210696478482	0.226210696478482	-0.238617458877647	0.238617458877647	hypo	case		0.100223527220168	0.36	0.36	0.3	0.360465065495751	5
chr21	29720051	29722910	2860	56	22.8875	-0.357962831894251	0.357962831894251	-0.389194764402026	0.389194764402026	hypo	case		0.235585704235873	0.36	0.36	0.3	0.360465065495751	5
chr20	54081314	54083153	1840	66	22.1636363636364	-0.285066616592036	0.285066616592036	-0.325677962152846	0.325677962152846	hypo	case		0.214858734081076	0.36	0.36	0.3	0.360465065495751	5
chr20	35238145	35240484	2340	66	22.3106060606061	-0.373451841899342	0.373451841899342	-0.411187133062557	0.411187133062557	hypo	case		0.120450138158372	0.36	0.36	0.3	0.360465065495751	5
chr20	19052985	19057290	4306	68	24.3080882352941	-0.332627973790031	0.332627973790031	-0.350271943942576	0.350271943942576	hypo	case		0.278006199907679	0.36	0.36	0.3	0.360465065495751	5
chr20	60527619	60530436	2818	67	20.0276119402985	-0.321032022040087	0.321032022040087	-0.344105581628498	0.344105581628498	hypo	case		0.132790202531149	0.36	0.36	0.3	0.360465065495751	5
chr20	55436465	55440819	4355	104	21.0495192307692	-0.350471643860068	0.350471643860068	-0.371425931247269	0.371425931247269	hypo	case		0.262484706778764	0.36	0.36	0.3	0.360465065495751	5
chr20	45476966	45480958	3993	106	23.7995283018868	-0.286661663634068	0.286661663634068	-0.299408962466553	0.299408962466553	hypo	case		0.650656553002331	0.36	0.650656553002331	0.9	0.649388492508389	5
chr21	34167439	34170417	2979	52	21.1923076923077	-0.34494924809667	0.34494924809667	-0.351569960768551	0.351569960768551	hypo	case		0.66888891848504	0.36	0.66888891848504	2.9	0.666693585000217	5
chr20	18804357	18809008	4652	84	22.7458333333333	-0.357123623493966	0.357123623493966	-0.381347097262702	0.381347097262702	hypo	case		0.253532165780841	0.36	0.36	0.3	0.360465065495751	5
chr20	41773895	41777230	3336	78	21.9198717948718	-0.343912328804402	0.343912328804402	-0.361798221674999	0.361798221674999	hypo	case		0.473395143351887	0.36	0.473395143351887	0.4	0.432372621708254	5
chr20	38482488	38484942	2455	60	20.6433333333333	-0.333095130638829	0.333095130638829	-0.374661745144079	0.374661745144079	hypo	case		0.530363516110904	0.36	0.530363516110904	0.6	0.531925724845128	5
chr21	28026460	28030723	4264	54	24.4861111111111	-0.38753932960247	0.38753932960247	-0.414375409591713	0.414375409591713	hypo	case		0.140148076521699	0.36	0.36	0.3	0.360465065495751	5
chr20	37822141	37826293	4153	115	22.8952173913044	-0.384616676533035	0.384616676533035	-0.401592731107129	0.401592731107129	hypo	case		0.412502636704745	0.36	0.412502636704745	0.4	0.432372621708254	5
chr20	13078852	13082302	3451	54	24.1083333333333	-0.32488788765802	0.32488788765802	-0.343895818984092	0.343895818984092	hypo	case		0.744422131445141	0.36	0.744422131445141	2.8	0.682213840132396	5
chr21	35705513	35709230	3718	69	21.7688405797101	-0.336734654471158	0.336734654471158	-0.376128075925999	0.376128075925999	hypo	case		0.448073172492807	0.36	0.448073172492807	0.4	0.432372621708254	5
chr20	55843576	55847445	3870	54	19.9296296296296	-0.356134862647458	0.356134862647458	-0.366152517532764	0.366152517532764	hypo	case		0.230779702609703	0.36	0.36	0.3	0.360465065495751	5
chr20	1576644	1580147	3504	79	14.0240506329114	-0.351739186665102	0.351739186665102	-0.382536325765052	0.382536325765052	hypo	case		0.131243709557982	0.36	0.36	0.3	0.360465065495751	5
chr20	41274053	41276707	2655	58	20.6215517241379	-0.267694658149223	0.267694658149223	-0.288760327137765	0.288760327137765	hypo	case		0.158013460946771	0.36	0.36	0.3	0.360465065495751	5
chr20	31674217	31677630	3414	78	22.7583333333333	-0.247296276321122	0.247296276321122	-0.294172299624804	0.294172299624804	hypo	case		0.489656821462475	0.36	0.489656821462475	0.5	0.523027894488147	5
